Player,Team,Pos,Gls_p90,Ast_p90,G+A_p90,PosGroup,Is_Attacker,Is_Defender,TeamSheet,FM_Mevki,FM_Rol,FM_Rol_Base,FM_Rol_Gorev,MevkiGroup,top_calma_p90,kayarak_mudahale_p90,uzaklastirma_p90,ikili_mucadele_kazanma_yuzde,hava_topu_kazanma_yuzde,orta_sayisi_p90,sut_p90,asist_p90_sentetik,xA_p90_sentetik,dribbling_p90,kilit_pas_p90,ara_pas_p90,uzun_pas_p90,sahipsiz_top_kazanma_p90,hava_topu_mucadele_p90,xG_p90_sentetik,pas_isabet_yuzde,kaleci_sut_karsilama_yuzde,kaleci_kurtaris_sayisi_p90,kaleci_pas_isabet_yuzde,kaleci_sahipsiz_top_kazanma_p90,kaleci_yenilen_gol_p90,xG_p90_common,xA_p90_common,League,Age,Rk,Nation,Squad,Comp,Born,MP,Starts,Min,90s,Gls,Ast,G+A,G-PK,PK,PKatt,CrdY,CrdR,xG,npxG,xAG,npxG+xAG,PrgC,PrgP,PrgR,G+A-PK,xG+xAG,Rk_stats_shooting,Nation_stats_shooting,Pos_stats_shooting,Comp_stats_shooting,Age_stats_shooting,Born_stats_shooting,90s_stats_shooting,Gls_stats_shooting,Sh,SoT,SoT%,Sh/90,SoT/90,G/Sh,G/SoT,Dist,FK,PK_stats_shooting,PKatt_stats_shooting,xG_stats_shooting,npxG_stats_shooting,npxG/Sh,G-xG,np:G-xG,Rk_stats_passing,Nation_stats_passing,Pos_stats_passing,Comp_stats_passing,Age_stats_passing,Born_stats_passing,90s_stats_passing,Cmp,Att,Cmp%,TotDist,PrgDist,Ast_stats_passing,xAG_stats_passing,xA,A-xAG,KP,1/3,PPA,CrsPA,PrgP_stats_passing,Rk_stats_passing_types,Nation_stats_passing_types,Pos_stats_passing_types,Comp_stats_passing_types,Age_stats_passing_types,Born_stats_passing_types,90s_stats_passing_types,Att_stats_passing_types,Live,Dead,FK_stats_passing_types,TB,Sw,Crs,TI,CK,In,Out,Str,Cmp_stats_passing_types,Off,Blocks,Rk_stats_gca,Nation_stats_gca,Pos_stats_gca,Comp_stats_gca,Age_stats_gca,Born_stats_gca,90s_stats_gca,SCA,SCA90,PassLive,PassDead,TO,Sh_stats_gca,Fld,Def,GCA,GCA90,Rk_stats_defense,Nation_stats_defense,Pos_stats_defense,Comp_stats_defense,Age_stats_defense,Born_stats_defense,90s_stats_defense,Tkl,TklW,Def 3rd,Mid 3rd,Att 3rd,Att_stats_defense,Tkl%,Lost,Blocks_stats_defense,Sh_stats_defense,Pass,Int,Tkl+Int,Clr,Err,Rk_stats_possession,Nation_stats_possession,Pos_stats_possession,Comp_stats_possession,Age_stats_possession,Born_stats_possession,90s_stats_possession,Touches,Def Pen,Def 3rd_stats_possession,Mid 3rd_stats_possession,Att 3rd_stats_possession,Att Pen,Live_stats_possession,Att_stats_possession,Succ,Succ%,Tkld,Tkld%,Carries,TotDist_stats_possession,PrgDist_stats_possession,PrgC_stats_possession,1/3_stats_possession,CPA,Mis,Dis,Rec,PrgR_stats_possession,Rk_stats_playing_time,Nation_stats_playing_time,Pos_stats_playing_time,Comp_stats_playing_time,Age_stats_playing_time,Born_stats_playing_time,MP_stats_playing_time,Min_stats_playing_time,Mn/MP,Min%,90s_stats_playing_time,Starts_stats_playing_time,Mn/Start,Compl,Subs,Mn/Sub,unSub,PPM,onG,onGA,+/-,+/-90,On-Off,onxG,onxGA,xG+/-,xG+/-90,Rk_stats_misc,Nation_stats_misc,Pos_stats_misc,Comp_stats_misc,Age_stats_misc,Born_stats_misc,90s_stats_misc,CrdY_stats_misc,CrdR_stats_misc,2CrdY,Fls,Fld_stats_misc,Off_stats_misc,Crs_stats_misc,Int_stats_misc,TklW_stats_misc,PKwon,PKcon,OG,Recov,Won,Lost_stats_misc,Won%,Rk_stats_keeper,Nation_stats_keeper,Pos_stats_keeper,Comp_stats_keeper,Age_stats_keeper,Born_stats_keeper,MP_stats_keeper,Starts_stats_keeper,Min_stats_keeper,90s_stats_keeper,GA,GA90,SoTA,Saves,Save%,W,D,L,CS,CS%,PKatt_stats_keeper,PKA,PKsv,PKm,Rk_stats_keeper_adv,Nation_stats_keeper_adv,Pos_stats_keeper_adv,Comp_stats_keeper_adv,Age_stats_keeper_adv,Born_stats_keeper_adv,90s_stats_keeper_adv,GA_stats_keeper_adv,PKA_stats_keeper_adv,FK_stats_keeper_adv,CK_stats_keeper_adv,OG_stats_keeper_adv,PSxG,PSxG/SoT,PSxG+/-,/90,Cmp_stats_keeper_adv,Att_stats_keeper_adv,Cmp%_stats_keeper_adv,Att (GK),Thr,Launch%,AvgLen,Opp,Stp,Stp%,#OPA,#OPA/90,AvgDist,Defans_Skoru,Fizik_Skoru,Pas_Skoru,Teknik_Skoru,Hucum_Skoru,Kaleci_Skoru,Overall_Skoru,OyunKurucu_Skoru
Nuno Lima,Alanya,DF,0.0,0.0,0.0,DF,False,True,Alanya,Stoper,Pas Dağıtan Stoper (Savunma),Pas Dağıtan Stoper,Savunma,CB,1.7466751042077973,1.1646826516096702,4.237822591684085,51.21636548281538,56.76732135299197,0.0,0.0,,,0.0,0.0,0.0,4.882440885574228,0.0,,,80.91035993730397,70.0,2.5,60.0,0.0,1.5,0.0,0.0,Süper Lig,0.0,,,,,,,,,,,,,,,,,,,,,,,,,,,,,,,,,,,,,,,,,,,,,,,,,,,,,,,,,,,,,,,,,,,,,,,,,,,,,,,,,,,,,,,,,,,,,,,,,,,,,,,,,,,,,,,,,,,,,,,,,,,,,,,,,,,,,,,,,,,,,,,,,,,,,,,,,,,,,,,,,,,,,,,,,,,,,,,,,,,,,,,,,,,,,,,,,,,,,,,,,,,,,,,,,,,,,,,,,,,,,,,,,,,,,,,,,,,,,,,,,,,,,,,,,,,,,,,,,,,,,,,,,4.377815153751877,7.442799910400564,7.717983047393895,0.0,0.0,0.0,6.271842635139755,3.8589915236969476
Ertuğrul Taşkıran,Alanya,GK,0.0,0.0,0.0,GK,False,False,Alanya,Kaleci,Kaleci (Savunma),Kaleci,Savunma,GK,0.0,,0.0,50.0,50.0,0.0,0.0,,,0.0,0.0,0.0,0.0,0.0,,,75.0,62.49080237694725,2.913841307520112,60.61055353690677,0.3372788992949735,0.9272607415662014,0.0,0.0,Süper Lig,0.0,,,,,,,,,,,,,,,,,,,,,,,,,,,,,,,,,,,,,,,,,,,,,,,,,,,,,,,,,,,,,,,,,,,,,,,,,,,,,,,,,,,,,,,,,,,,,,,,,,,,,,,,,,,,,,,,,,,,,,,,,,,,,,,,,,,,,,,,,,,,,,,,,,,,,,,,,,,,,,,,,,,,,,,,,,,,,,,,,,,,,,,,,,,,,,,,,,,,,,,,,,,,,,,,,,,,,,,,,,,,,,,,,,,,,,,,,,,,,,,,,,,,,,,,,,,,,,,,,,,,,,,,,0.0,6.904761904761905,4.891304347826086,0.0,0.0,6.323196496834127,6.323196496834127,2.445652173913043
Gaius Makouta,Alanya,MF,0.0,0.0,0.0,MF,True,True,Alanya,Merkez Orta Saha,İki Yönlü Orta Saha,İki Yönlü Orta Saha,,MID,2.714643186041126,,0.0,50.0,50.0,0.0,0.5537114399137317,0.193658445159447,0.2890923744478286,2.8074722919873407,2.4769764400035457,0.6874406310667,4.393799362072765,4.05832191903734,,,75.0,70.0,2.5,60.0,0.0,1.5,0.0,0.2890923744478286,Süper Lig,0.0,,,,,,,,,,,,,,,,,,,,,,,,,,,,,,,,,,,,,,,,,,,,,,,,,,,,,,,,,,,,,,,,,,,,,,,,,,,,,,,,,,,,,,,,,,,,,,,,,,,,,,,,,,,,,,,,,,,,,,,,,,,,,,,,,,,,,,,,,,,,,,,,,,,,,,,,,,,,,,,,,,,,,,,,,,,,,,,,,,,,,,,,,,,,,,,,,,,,,,,,,,,,,,,,,,,,,,,,,,,,,,,,,,,,,,,,,,,,,,,,,,,,,,,,,,,,,,,,,,,,,,,,,3.427596645129225,6.904761904761905,7.088204028862469,4.807687124460345,1.6498301192886622,0.0,5.557062425803486,5.947945576661407
Ümit Akdag,Alanya,DF,0.09,0.0,0.09,DF,False,True,Alanya,,Merkez Orta Saha,Merkez Orta Saha,,MID,0.0,,0.0,50.0,50.0,0.0,1.6672420461008937,0.1609760633852826,0.0352231174832366,1.234051719330432,1.85282227878255,0.7273926122001491,3.538979158403728,5.990206636436879,,,82.25909593052413,70.0,2.5,60.0,0.0,1.5,0.09,0.0352231174832366,Süper Lig,0.0,,,,,,,,,,,,,,,,,,,,,,,,,,,,,,,,,,,,,,,,,,,,,,,,,,,,,,,,,,,,,,,,,,,,,,,,,,,,,,,,,,,,,,,,,,,,,,,,,,,,,,,,,,,,,,,,,,,,,,,,,,,,,,,,,,,,,,,,,,,,,,,,,,,,,,,,,,,,,,,,,,,,,,,,,,,,,,,,,,,,,,,,,,,,,,,,,,,,,,,,,,,,,,,,,,,,,,,,,,,,,,,,,,,,,,,,,,,,,,,,,,,,,,,,,,,,,,,,,,,,,,,,,1.4975516591092197,6.904761904761905,7.134213226844741,3.3761073224546467,1.9892723245989463,0.0,4.728158528292628,5.255160274649694
Fidan Aliti,Alanya,DF,0.0,0.0,0.0,DF,False,True,Alanya,Stoper,Standart Stoper (Sıkı Defans),Standart Stoper,Sıkı Defans,CB,1.6862055356117984,1.4100195254978845,7.724784145059681,51.15006605054382,68.86828540339653,0.0,0.0,,,0.0,0.0,0.0,2.0387682031757746,0.0,,,85.6623278918101,70.0,2.5,60.0,0.0,1.5,0.0,0.0,Süper Lig,0.0,,,,,,,,,,,,,,,,,,,,,,,,,,,,,,,,,,,,,,,,,,,,,,,,,,,,,,,,,,,,,,,,,,,,,,,,,,,,,,,,,,,,,,,,,,,,,,,,,,,,,,,,,,,,,,,,,,,,,,,,,,,,,,,,,,,,,,,,,,,,,,,,,,,,,,,,,,,,,,,,,,,,,,,,,,,,,,,,,,,,,,,,,,,,,,,,,,,,,,,,,,,,,,,,,,,,,,,,,,,,,,,,,,,,,,,,,,,,,,,,,,,,,,,,,,,,,,,,,,,,,,,,,5.498849364988265,8.244795173360517,6.606057659749416,0.0,0.0,0.0,6.818669347289396,3.303028829874708
Yusuf Özdemir,Alanya,MF,0.1,0.1,0.2,MF,True,True,Alanya,Sol Bek,Standart Bek (Hücum),Standart Bek,Hücum,FB,1.9348481554857464,,0.0,54.671027950521975,50.0,3.4969519836559684,0.0,,,0.0,0.0,0.0,0.0,0.0,,,82.20721764823516,70.0,2.5,60.0,0.0,1.5,0.1,0.1,Süper Lig,0.0,,,,,,,,,,,,,,,,,,,,,,,,,,,,,,,,,,,,,,,,,,,,,,,,,,,,,,,,,,,,,,,,,,,,,,,,,,,,,,,,,,,,,,,,,,,,,,,,,,,,,,,,,,,,,,,,,,,,,,,,,,,,,,,,,,,,,,,,,,,,,,,,,,,,,,,,,,,,,,,,,,,,,,,,,,,,,,,,,,,,,,,,,,,,,,,,,,,,,,,,,,,,,,,,,,,,,,,,,,,,,,,,,,,,,,,,,,,,,,,,,,,,,,,,,,,,,,,,,,,,,,,,,1.7198650270984415,7.238406758370617,5.36134028140664,2.1987807934623875,0.7013888888888888,0.0,2.5702133429427647,3.780060537434514
Maestro,Alanya,MF,0.11,0.11,0.21,MF,True,True,Alanya,,Merkez Orta Saha,Merkez Orta Saha,,MID,0.0,,0.0,50.0,50.0,0.0,1.803246876965534,0.1325755333122895,0.0839559394645806,3.0085109651214683,1.4014850889990793,1.8138246252755847,6.5689422193662965,5.513552697027287,,,78.62387222373249,70.0,2.5,60.0,0.0,1.5,0.11,0.0839559394645806,Süper Lig,0.0,,,,,,,,,,,,,,,,,,,,,,,,,,,,,,,,,,,,,,,,,,,,,,,,,,,,,,,,,,,,,,,,,,,,,,,,,,,,,,,,,,,,,,,,,,,,,,,,,,,,,,,,,,,,,,,,,,,,,,,,,,,,,,,,,,,,,,,,,,,,,,,,,,,,,,,,,,,,,,,,,,,,,,,,,,,,,,,,,,,,,,,,,,,,,,,,,,,,,,,,,,,,,,,,,,,,,,,,,,,,,,,,,,,,,,,,,,,,,,,,,,,,,,,,,,,,,,,,,,,,,,,,,1.3783881742568218,6.904761904761905,8.412114950361353,3.710147150524375,3.0772263167676384,0.0,5.101353044976113,6.061131050442864
Uchenna Ogundu,Alanya,FW,0.26,0.13,0.39,FW,True,False,Alanya,Santrafor,Yaratıcı Forvet,Yaratıcı Forvet,,FWD,0.0,,0.0,50.0,50.0,0.0,2.962126340720595,,,0.0,0.0,0.0,0.0,0.0,4.0016712112465616,0.3007641571034866,75.0,70.0,2.5,60.0,0.0,1.5,0.3007641571034866,0.13,Süper Lig,0.0,,,,,,,,,,,,,,,,,,,,,,,,,,,,,,,,,,,,,,,,,,,,,,,,,,,,,,,,,,,,,,,,,,,,,,,,,,,,,,,,,,,,,,,,,,,,,,,,,,,,,,,,,,,,,,,,,,,,,,,,,,,,,,,,,,,,,,,,,,,,,,,,,,,,,,,,,,,,,,,,,,,,,,,,,,,,,,,,,,,,,,,,,,,,,,,,,,,,,,,,,,,,,,,,,,,,,,,,,,,,,,,,,,,,,,,,,,,,,,,,,,,,,,,,,,,,,,,,,,,,,,,,,0.0,6.904761904761905,4.891304347826086,1.04,3.2674996979353264,0.0,4.135928390189767,2.965652173913043
İbrahim Kaya,Alanya,FW,0.28,0.0,0.28,MF,True,True,Alanya,On Numara,Ofansif Orta Saha (Destek),Ofansif Orta Saha,Destek,AM,0.0,,0.0,50.0,50.0,0.0,1.7009297266201906,0.0140238381945519,0.0496901964163478,3.046762280485903,2.88867309067521,1.3086418291040132,6.76407508501253,8.4890754064086,,,78.38092518447587,70.0,2.5,60.0,0.0,1.5,0.28,0.0496901964163478,Süper Lig,0.0,,,,,,,,,,,,,,,,,,,,,,,,,,,,,,,,,,,,,,,,,,,,,,,,,,,,,,,,,,,,,,,,,,,,,,,,,,,,,,,,,,,,,,,,,,,,,,,,,,,,,,,,,,,,,,,,,,,,,,,,,,,,,,,,,,,,,,,,,,,,,,,,,,,,,,,,,,,,,,,,,,,,,,,,,,,,,,,,,,,,,,,,,,,,,,,,,,,,,,,,,,,,,,,,,,,,,,,,,,,,,,,,,,,,,,,,,,,,,,,,,,,,,,,,,,,,,,,,,,,,,,,,,2.0,6.904761904761905,8.493837011059039,4.124542846115531,4.243238796518592,0.0,5.034010464225151,6.309189928587285
Hwang Ui-jo,Alanya,FW,0.14,0.14,0.28,MF,True,True,Alanya,,Merkez Orta Saha,Merkez Orta Saha,,MID,0.0,,0.0,50.0,50.0,0.0,1.373337491981202,0.2421221943985959,0.1217794940537583,2.170162881154258,1.1629961044687116,0.9237086395550056,3.633712710150204,5.174363394699799,,,83.08002172983836,70.0,2.5,60.0,0.0,1.5,0.14,0.1217794940537583,Süper Lig,0.0,,,,,,,,,,,,,,,,,,,,,,,,,,,,,,,,,,,,,,,,,,,,,,,,,,,,,,,,,,,,,,,,,,,,,,,,,,,,,,,,,,,,,,,,,,,,,,,,,,,,,,,,,,,,,,,,,,,,,,,,,,,,,,,,,,,,,,,,,,,,,,,,,,,,,,,,,,,,,,,,,,,,,,,,,,,,,,,,,,,,,,,,,,,,,,,,,,,,,,,,,,,,,,,,,,,,,,,,,,,,,,,,,,,,,,,,,,,,,,,,,,,,,,,,,,,,,,,,,,,,,,,,,1.29359084867495,6.904761904761905,7.235118641803691,3.822448712527508,2.6773981036798853,0.0,4.813980026942014,5.5287836771656
Ianis Hagi,Alanya,FW,0.34,0.17,0.51,MF,True,True,Alanya,On Numara,Oyun Kurucu (Hücum),Oyun Kurucu,Hücum,AM,0.0,,0.0,50.0,50.0,0.0,1.1975501383763827,0.1996785479136436,0.1576228426168944,0.926837998108643,3.2459357023786,1.137842278156541,3.772124743965274,6.4835301016682605,,,79.01478453716686,70.0,2.5,60.0,0.0,1.5,0.34,0.1576228426168944,Süper Lig,0.0,,,,,,,,,,,,,,,,,,,,,,,,,,,,,,,,,,,,,,,,,,,,,,,,,,,,,,,,,,,,,,,,,,,,,,,,,,,,,,,,,,,,,,,,,,,,,,,,,,,,,,,,,,,,,,,,,,,,,,,,,,,,,,,,,,,,,,,,,,,,,,,,,,,,,,,,,,,,,,,,,,,,,,,,,,,,,,,,,,,,,,,,,,,,,,,,,,,,,,,,,,,,,,,,,,,,,,,,,,,,,,,,,,,,,,,,,,,,,,,,,,,,,,,,,,,,,,,,,,,,,,,,,1.6208825254170653,6.904761904761905,7.03920049397178,5.310491370467578,3.3803857272216025,0.0,5.077201502194626,6.174845932219679
Ruan,Alanya,MF,0.0,0.0,0.0,MF,True,True,Alanya,,Merkez Orta Saha,Merkez Orta Saha,,MID,0.0,,0.0,50.0,50.0,0.0,2.213000664100833,0.0732055091752411,0.2620892179371572,1.5750029595722643,1.95276038578335,0.5834547459142635,4.528170767109794,6.793585727517183,,,85.28216346648168,70.0,2.5,60.0,0.0,1.5,0.0,0.2620892179371572,Süper Lig,0.0,,,,,,,,,,,,,,,,,,,,,,,,,,,,,,,,,,,,,,,,,,,,,,,,,,,,,,,,,,,,,,,,,,,,,,,,,,,,,,,,,,,,,,,,,,,,,,,,,,,,,,,,,,,,,,,,,,,,,,,,,,,,,,,,,,,,,,,,,,,,,,,,,,,,,,,,,,,,,,,,,,,,,,,,,,,,,,,,,,,,,,,,,,,,,,,,,,,,,,,,,,,,,,,,,,,,,,,,,,,,,,,,,,,,,,,,,,,,,,,,,,,,,,,,,,,,,,,,,,,,,,,,,1.6983964318792957,6.904761904761905,7.825965609629789,4.35019712893753,1.7710573304976136,0.0,5.19483026880213,6.0880813692836595
Florent Hadergjonaj,Alanya,MF,0.21,0.21,0.42,MF,True,True,Alanya,Sağ Bek,Ofansif Bek (Destek),Ofansif Bek,Destek,FB,1.092943781042771,,0.0,58.63598685460825,50.0,4.527843928582583,0.0,,,1.5436991984969803,0.0,0.0,0.0,0.0,,,79.66479629360553,70.0,2.5,60.0,0.0,1.5,0.21,0.21,Süper Lig,0.0,,,,,,,,,,,,,,,,,,,,,,,,,,,,,,,,,,,,,,,,,,,,,,,,,,,,,,,,,,,,,,,,,,,,,,,,,,,,,,,,,,,,,,,,,,,,,,,,,,,,,,,,,,,,,,,,,,,,,,,,,,,,,,,,,,,,,,,,,,,,,,,,,,,,,,,,,,,,,,,,,,,,,,,,,,,,,,,,,,,,,,,,,,,,,,,,,,,,,,,,,,,,,,,,,,,,,,,,,,,,,,,,,,,,,,,,,,,,,,,,,,,,,,,,,,,,,,,,,,,,,,,,,0.9715055831491298,7.521618108662493,5.195530193061231,3.491137571433034,2.244766265915157,0.0,3.038053468665532,4.343333882247133
Enes Keskin,Alanya,MF,0.0,0.25,0.25,MF,True,True,Alanya,,Merkez Orta Saha,Merkez Orta Saha,,MID,0.0,,0.0,50.0,50.0,0.0,1.490071748786058,0.2449925823397126,0.2279016547085859,2.465702679614504,1.1272268465434114,0.6918002018336263,6.705604062668368,3.1135117261813545,,,88.5716760676759,70.0,2.5,60.0,0.0,1.5,0.0,0.2279016547085859,Süper Lig,0.0,,,,,,,,,,,,,,,,,,,,,,,,,,,,,,,,,,,,,,,,,,,,,,,,,,,,,,,,,,,,,,,,,,,,,,,,,,,,,,,,,,,,,,,,,,,,,,,,,,,,,,,,,,,,,,,,,,,,,,,,,,,,,,,,,,,,,,,,,,,,,,,,,,,,,,,,,,,,,,,,,,,,,,,,,,,,,,,,,,,,,,,,,,,,,,,,,,,,,,,,,,,,,,,,,,,,,,,,,,,,,,,,,,,,,,,,,,,,,,,,,,,,,,,,,,,,,,,,,,,,,,,,,0.7783779315453387,6.904761904761905,9.129215687921743,4.663091183196618,1.8951054503788334,0.0,5.368861676856401,6.896153435559181
Nicolas Janvier,Alanya,MF,0.0,0.0,0.0,MF,True,True,Alanya,Merkez Orta Saha,Standart Orta Saha (Destek),Standart Orta Saha,Destek,MID,0.0,,0.0,50.0,50.0,0.0,1.4062819430224351,0.1504703974090805,0.2173249986174509,3.449202680674044,2.533387417711689,1.6483201257737914,6.3815971657115576,6.981224232100264,,,88.59497779822466,70.0,2.5,60.0,0.0,1.5,0.0,0.2173249986174509,Süper Lig,0.0,,,,,,,,,,,,,,,,,,,,,,,,,,,,,,,,,,,,,,,,,,,,,,,,,,,,,,,,,,,,,,,,,,,,,,,,,,,,,,,,,,,,,,,,,,,,,,,,,,,,,,,,,,,,,,,,,,,,,,,,,,,,,,,,,,,,,,,,,,,,,,,,,,,,,,,,,,,,,,,,,,,,,,,,,,,,,,,,,,,,,,,,,,,,,,,,,,,,,,,,,,,,,,,,,,,,,,,,,,,,,,,,,,,,,,,,,,,,,,,,,,,,,,,,,,,,,,,,,,,,,,,,,1.7453060580250663,6.904761904761905,8.968731917522605,4.5582249396109304,2.349615537235882,0.0,5.544256204980127,6.763478428566768
Güven Yalçın,Alanya,MF,0.45,0.0,0.45,MF,True,True,Alanya,Santrafor,Yardımcı Forvet (Hücum),Yardımcı Forvet,Hücum,FWD,0.0,,0.0,50.0,50.0,0.0,4.6893127695543,,,0.0,0.0,0.0,0.0,0.0,1.4163645154251003,0.9664112710987464,75.0,70.0,2.5,60.0,0.0,1.5,0.9664112710987464,0.0,Süper Lig,0.0,,,,,,,,,,,,,,,,,,,,,,,,,,,,,,,,,,,,,,,,,,,,,,,,,,,,,,,,,,,,,,,,,,,,,,,,,,,,,,,,,,,,,,,,,,,,,,,,,,,,,,,,,,,,,,,,,,,,,,,,,,,,,,,,,,,,,,,,,,,,,,,,,,,,,,,,,,,,,,,,,,,,,,,,,,,,,,,,,,,,,,,,,,,,,,,,,,,,,,,,,,,,,,,,,,,,,,,,,,,,,,,,,,,,,,,,,,,,,,,,,,,,,,,,,,,,,,,,,,,,,,,,,0.0,6.904761904761905,4.891304347826086,0.0,6.25,0.0,5.821428571428571,2.445652173913043
Bruno Viana,Alanya,DF,0.0,0.0,0.0,DF,False,True,Alanya,Stoper,Standart Stoper (Durdurucu),Standart Stoper,Durdurucu,CB,3.294336567705979,0.8948217473477538,8.341157077660613,51.018220057974254,76.3241604058116,0.0,0.0,,,0.0,0.0,0.0,3.2845318951524165,0.0,,,80.75407628587163,70.0,2.5,60.0,0.0,1.5,0.0,0.0,Süper Lig,0.0,,,,,,,,,,,,,,,,,,,,,,,,,,,,,,,,,,,,,,,,,,,,,,,,,,,,,,,,,,,,,,,,,,,,,,,,,,,,,,,,,,,,,,,,,,,,,,,,,,,,,,,,,,,,,,,,,,,,,,,,,,,,,,,,,,,,,,,,,,,,,,,,,,,,,,,,,,,,,,,,,,,,,,,,,,,,,,,,,,,,,,,,,,,,,,,,,,,,,,,,,,,,,,,,,,,,,,,,,,,,,,,,,,,,,,,,,,,,,,,,,,,,,,,,,,,,,,,,,,,,,,,,,6.928299171294203,8.64415857556959,6.908836140133054,0.0,0.0,0.0,7.610750326772128,3.454418070066527
Andraž Šporar,Alanya,FW,0.0,0.0,0.0,FW,True,False,Alanya,,Merkez Orta Saha,Merkez Orta Saha,,MID,0.0,,0.0,50.0,50.0,0.0,0.5420451568519457,0.1456056645518116,0.123331231313379,2.5058965229450045,1.1405557255828094,0.5834547459142635,2.512839812917949,4.068215801218509,,,85.90854492158678,70.0,2.5,60.0,0.0,1.5,0.0,0.123331231313379,Süper Lig,0.0,,,,,,,,,,,,,,,,,,,,,,,,,,,,,,,,,,,,,,,,,,,,,,,,,,,,,,,,,,,,,,,,,,,,,,,,,,,,,,,,,,,,,,,,,,,,,,,,,,,,,,,,,,,,,,,,,,,,,,,,,,,,,,,,,,,,,,,,,,,,,,,,,,,,,,,,,,,,,,,,,,,,,,,,,,,,,,,,,,,,,,,,,,,,,,,,,,,,,,,,,,,,,,,,,,,,,,,,,,,,,,,,,,,,,,,,,,,,,,,,,,,,,,,,,,,,,,,,,,,,,,,,,1.0170539503046272,6.904761904761905,6.859151096997243,3.253695408975389,1.493857220073367,0.0,4.508665590259791,5.056423252986316
Meschak Elia,Alanya,MF,0.0,0.0,0.0,MF,True,True,Alanya,,Merkez Orta Saha,Merkez Orta Saha,,MID,0.0,,0.0,50.0,50.0,0.0,1.1166204380149285,0.187018294857383,0.2945066435796659,1.5014696688732316,1.8285086734626983,1.1248487427234384,3.963653716357081,8.667274854121318,,,80.53478197767517,70.0,2.5,60.0,0.0,1.5,0.0,0.2945066435796659,Süper Lig,0.0,,,,,,,,,,,,,,,,,,,,,,,,,,,,,,,,,,,,,,,,,,,,,,,,,,,,,,,,,,,,,,,,,,,,,,,,,,,,,,,,,,,,,,,,,,,,,,,,,,,,,,,,,,,,,,,,,,,,,,,,,,,,,,,,,,,,,,,,,,,,,,,,,,,,,,,,,,,,,,,,,,,,,,,,,,,,,,,,,,,,,,,,,,,,,,,,,,,,,,,,,,,,,,,,,,,,,,,,,,,,,,,,,,,,,,,,,,,,,,,,,,,,,,,,,,,,,,,,,,,,,,,,,2.0,6.904761904761905,7.234095248026921,4.397032356627129,1.247010584665473,0.0,5.133972377353989,5.815563802327025
Steve Mounié,Alanya,FW,0.0,0.0,0.0,FW,True,False,Alanya,Santrafor,Pivot Santrafor (Hücum),Pivot Santrafor,Hücum,FWD,0.0,,0.0,50.0,50.0,0.0,4.6893127695543,,,0.0,0.0,0.0,0.0,3.2604163319787904,8.740608136685365,0.7390711186160037,75.0,70.0,2.5,60.0,0.0,1.5,0.7390711186160037,0.0,Süper Lig,0.0,,,,,,,,,,,,,,,,,,,,,,,,,,,,,,,,,,,,,,,,,,,,,,,,,,,,,,,,,,,,,,,,,,,,,,,,,,,,,,,,,,,,,,,,,,,,,,,,,,,,,,,,,,,,,,,,,,,,,,,,,,,,,,,,,,,,,,,,,,,,,,,,,,,,,,,,,,,,,,,,,,,,,,,,,,,,,,,,,,,,,,,,,,,,,,,,,,,,,,,,,,,,,,,,,,,,,,,,,,,,,,,,,,,,,,,,,,,,,,,,,,,,,,,,,,,,,,,,,,,,,,,,,0.8151040829946976,6.904761904761905,4.891304347826086,0.0,4.309597245675012,0.0,4.657186918833579,2.445652173913043
İzzet Çelik,Alanya,MF,0.0,0.0,0.0,MF,True,True,Alanya,Merkez Orta Saha,Standart Orta Saha (Destek),Standart Orta Saha,Destek,MID,0.0,,0.0,50.0,50.0,0.0,1.1984107994503,0.2029424470225344,0.1649505085893576,2.51181539836895,3.1209294623671484,1.2837652716283827,4.766855948748859,3.8919763665186777,,,88.35596197630646,70.0,2.5,60.0,0.0,1.5,0.0,0.1649505085893576,Süper Lig,0.0,,,,,,,,,,,,,,,,,,,,,,,,,,,,,,,,,,,,,,,,,,,,,,,,,,,,,,,,,,,,,,,,,,,,,,,,,,,,,,,,,,,,,,,,,,,,,,,,,,,,,,,,,,,,,,,,,,,,,,,,,,,,,,,,,,,,,,,,,,,,,,,,,,,,,,,,,,,,,,,,,,,,,,,,,,,,,,,,,,,,,,,,,,,,,,,,,,,,,,,,,,,,,,,,,,,,,,,,,,,,,,,,,,,,,,,,,,,,,,,,,,,,,,,,,,,,,,,,,,,,,,,,,0.9729940916296695,6.904761904761905,8.145773320655286,4.659802034357431,1.788534721162386,0.0,5.170832837851073,6.402787677506359
Efecan Karaca,Alanya,MF,0.0,0.0,0.0,FW,True,False,Alanya,On Numara,Serbest Oyuncu (Trequartista),Serbest Oyuncu,Trequartista,AM,0.0,,0.0,50.0,50.0,0.0,1.2375278398834912,0.1641196518328756,0.3420414376440454,2.25796052523281,1.1880688648655977,0.5834547459142635,4.5156623627577,5.487744742362143,,,88.6331212237585,70.0,2.5,60.0,0.0,1.5,0.0,0.3420414376440454,Süper Lig,0.0,,,,,,,,,,,,,,,,,,,,,,,,,,,,,,,,,,,,,,,,,,,,,,,,,,,,,,,,,,,,,,,,,,,,,,,,,,,,,,,,,,,,,,,,,,,,,,,,,,,,,,,,,,,,,,,,,,,,,,,,,,,,,,,,,,,,,,,,,,,,,,,,,,,,,,,,,,,,,,,,,,,,,,,,,,,,,,,,,,,,,,,,,,,,,,,,,,,,,,,,,,,,,,,,,,,,,,,,,,,,,,,,,,,,,,,,,,,,,,,,,,,,,,,,,,,,,,,,,,,,,,,,,1.3719361855905357,6.904761904761905,8.038252130754403,4.16021166048658,1.6789926358979568,0.0,4.191454047163558,6.099231895620491
Fatih Aksoy,Alanya,MF,0.0,0.0,0.0,DF,False,True,Alanya,Stoper,Standart Stoper (Savunma),Standart Stoper,Savunma,CB,3.294336567705979,1.7345044427882057,6.292330017026275,71.18804073074607,72.05213131411656,0.0,0.0,,,0.0,0.0,0.0,2.854654189948783,0.0,,,81.92338501948788,70.0,2.5,60.0,0.0,1.5,0.0,0.0,Süper Lig,0.0,,,,,,,,,,,,,,,,,,,,,,,,,,,,,,,,,,,,,,,,,,,,,,,,,,,,,,,,,,,,,,,,,,,,,,,,,,,,,,,,,,,,,,,,,,,,,,,,,,,,,,,,,,,,,,,,,,,,,,,,,,,,,,,,,,,,,,,,,,,,,,,,,,,,,,,,,,,,,,,,,,,,,,,,,,,,,,,,,,,,,,,,,,,,,,,,,,,,,,,,,,,,,,,,,,,,,,,,,,,,,,,,,,,,,,,,,,,,,,,,,,,,,,,,,,,,,,,,,,,,,,,,,6.928299171294203,9.803475420941105,6.770156552767079,0.0,0.0,0.0,8.04674114744754,3.3850782763835396
Mert Furkan Bayram,Alanya,GK,0.0,0.0,0.0,GK,False,False,Alanya,Kaleci,Kaleci (Savunma),Kaleci,Savunma,GK,0.0,,0.0,50.0,50.0,0.0,0.0,,,0.0,0.0,0.0,0.0,0.0,,,75.0,74.01428612819832,2.2930163420191514,76.30922856909669,0.2630546733937066,0.5602878686370939,0.0,0.0,Süper Lig,0.0,,,,,,,,,,,,,,,,,,,,,,,,,,,,,,,,,,,,,,,,,,,,,,,,,,,,,,,,,,,,,,,,,,,,,,,,,,,,,,,,,,,,,,,,,,,,,,,,,,,,,,,,,,,,,,,,,,,,,,,,,,,,,,,,,,,,,,,,,,,,,,,,,,,,,,,,,,,,,,,,,,,,,,,,,,,,,,,,,,,,,,,,,,,,,,,,,,,,,,,,,,,,,,,,,,,,,,,,,,,,,,,,,,,,,,,,,,,,,,,,,,,,,,,,,,,,,,,,,,,,,,,,,0.0,6.904761904761905,4.891304347826086,0.0,0.0,7.408900618322617,7.408900618322617,2.445652173913043
Rony Lopes,Alanya,MF,0.0,0.0,0.0,FW,True,False,Alanya,,Merkez Orta Saha,Merkez Orta Saha,,MID,0.0,,0.0,50.0,50.0,0.0,1.6183619753773977,0.03202393659155,0.2219497484035078,2.9055825669080875,3.518015477068007,1.9276198799136048,2.969315339684464,3.512098008471863,,,80.3598430194355,70.0,2.5,60.0,0.0,1.5,0.0,0.2219497484035078,Süper Lig,0.0,,,,,,,,,,,,,,,,,,,,,,,,,,,,,,,,,,,,,,,,,,,,,,,,,,,,,,,,,,,,,,,,,,,,,,,,,,,,,,,,,,,,,,,,,,,,,,,,,,,,,,,,,,,,,,,,,,,,,,,,,,,,,,,,,,,,,,,,,,,,,,,,,,,,,,,,,,,,,,,,,,,,,,,,,,,,,,,,,,,,,,,,,,,,,,,,,,,,,,,,,,,,,,,,,,,,,,,,,,,,,,,,,,,,,,,,,,,,,,,,,,,,,,,,,,,,,,,,,,,,,,,,,0.8780245021179658,6.904761904761905,6.725516997196721,4.887798993614031,2.1720632725106648,0.0,4.849025599422656,5.806657995405375
Baran Mogultay,Alanya,DF,0.0,0.0,0.0,DF,False,True,Alanya,,Merkez Orta Saha,Merkez Orta Saha,,MID,0.0,,0.0,50.0,50.0,0.0,1.520565348126445,0.0845668764986246,0.0441926595475759,1.0888477248327877,1.1272268465434114,0.839187996874508,6.294083855840773,8.667274854121318,,,86.84911302924813,70.0,2.5,60.0,0.0,1.5,0.0,0.0441926595475759,Süper Lig,0.0,,,,,,,,,,,,,,,,,,,,,,,,,,,,,,,,,,,,,,,,,,,,,,,,,,,,,,,,,,,,,,,,,,,,,,,,,,,,,,,,,,,,,,,,,,,,,,,,,,,,,,,,,,,,,,,,,,,,,,,,,,,,,,,,,,,,,,,,,,,,,,,,,,,,,,,,,,,,,,,,,,,,,,,,,,,,,,,,,,,,,,,,,,,,,,,,,,,,,,,,,,,,,,,,,,,,,,,,,,,,,,,,,,,,,,,,,,,,,,,,,,,,,,,,,,,,,,,,,,,,,,,,,2.0,6.904761904761905,8.811114516784395,2.9282552025525774,1.220230683805925,0.0,5.161032906024719,5.869684859668486
Bedirhan Özyurt,Alanya,DF,0.0,0.0,0.0,DF,False,True,Alanya,,Merkez Orta Saha,Merkez Orta Saha,,MID,0.0,,0.0,50.0,50.0,0.0,1.676600694866234,0.2320209100815124,0.2366621467264018,2.854775336755476,1.7404716076057067,0.9562980794544214,5.384703914984186,6.013170061987456,,,81.43823458712548,70.0,2.5,60.0,0.0,1.5,0.0,0.2366621467264018,Süper Lig,0.0,,,,,,,,,,,,,,,,,,,,,,,,,,,,,,,,,,,,,,,,,,,,,,,,,,,,,,,,,,,,,,,,,,,,,,,,,,,,,,,,,,,,,,,,,,,,,,,,,,,,,,,,,,,,,,,,,,,,,,,,,,,,,,,,,,,,,,,,,,,,,,,,,,,,,,,,,,,,,,,,,,,,,,,,,,,,,,,,,,,,,,,,,,,,,,,,,,,,,,,,,,,,,,,,,,,,,,,,,,,,,,,,,,,,,,,,,,,,,,,,,,,,,,,,,,,,,,,,,,,,,,,,,1.503292515496864,6.904761904761905,8.003541169695929,4.106962991976078,2.1725435327627314,0.0,5.129639645482694,6.055252080836004
Arda Usluoğlu,Alanya,FW,0.0,0.0,0.0,FW,True,False,Alanya,,Merkez Orta Saha,Merkez Orta Saha,,MID,0.0,,0.0,50.0,50.0,0.0,2.006254849238469,0.0561539029609629,0.1137864054010946,2.261419762425498,3.2227121684562143,0.9559137683825408,6.189541874259018,6.572310103920263,,,87.63168374823516,70.0,2.5,60.0,0.0,1.5,0.0,0.1137864054010946,Süper Lig,0.0,,,,,,,,,,,,,,,,,,,,,,,,,,,,,,,,,,,,,,,,,,,,,,,,,,,,,,,,,,,,,,,,,,,,,,,,,,,,,,,,,,,,,,,,,,,,,,,,,,,,,,,,,,,,,,,,,,,,,,,,,,,,,,,,,,,,,,,,,,,,,,,,,,,,,,,,,,,,,,,,,,,,,,,,,,,,,,,,,,,,,,,,,,,,,,,,,,,,,,,,,,,,,,,,,,,,,,,,,,,,,,,,,,,,,,,,,,,,,,,,,,,,,,,,,,,,,,,,,,,,,,,,,1.6430775259800658,6.904761904761905,8.80988074679702,4.4551456216043785,2.0223787030965132,0.0,5.453216449785843,6.6325131842006995
Paulo Victor Vidotti,Alanya,GK,0.0,0.0,0.0,GK,False,False,Alanya,,Merkez Orta Saha,Merkez Orta Saha,,MID,0.0,,0.0,50.0,50.0,0.0,2.1072700513037965,0.0930417559593783,0.2402145188401341,3.400078410419286,1.9488104491879203,0.8456249931760249,6.293821396747361,3.4024588643305647,,,89.14603468984694,70.0,2.5,60.0,0.0,1.5,0.0,0.2402145188401341,Süper Lig,0.0,,,,,,,,,,,,,,,,,,,,,,,,,,,,,,,,,,,,,,,,,,,,,,,,,,,,,,,,,,,,,,,,,,,,,,,,,,,,,,,,,,,,,,,,,,,,,,,,,,,,,,,,,,,,,,,,,,,,,,,,,,,,,,,,,,,,,,,,,,,,,,,,,,,,,,,,,,,,,,,,,,,,,,,,,,,,,,,,,,,,,,,,,,,,,,,,,,,,,,,,,,,,,,,,,,,,,,,,,,,,,,,,,,,,,,,,,,,,,,,,,,,,,,,,,,,,,,,,,,,,,,,,,0.8506147160826412,6.904761904761905,8.960782525972395,4.2600650414858166,2.636603672455775,0.0,5.24405604707569,6.6104237837291056
Opponent Total,Alanya,NAN,0.525,0.4025,0.9275,NAN,False,False,Alanya,,Merkez Orta Saha,Merkez Orta Saha,,MID,0.0,,0.0,50.0,50.0,0.0,1.9080584600756385,0.108019220736049,0.024374401856842,1.7230548483044523,1.3056771641980407,0.5834547459142635,5.741779268328699,7.499762822395066,,,78.36031206395272,70.0,2.5,60.0,0.0,1.5,0.525,0.024374401856842,Süper Lig,0.0,,,,,,,,,,,,,,,,,,,,,,,,,,,,,,,,,,,,,,,,,,,,,,,,,,,,,,,,,,,,,,,,,,,,,,,,,,,,,,,,,,,,,,,,,,,,,,,,,,,,,,,,,,,,,,,,,,,,,,,,,,,,,,,,,,,,,,,,,,,,,,,,,,,,,,,,,,,,,,,,,,,,,,,,,,,,,,,,,,,,,,,,,,,,,,,,,,,,,,,,,,,,,,,,,,,,,,,,,,,,,,,,,,,,,,,,,,,,,,,,,,,,,,,,,,,,,,,,,,,,,,,,,1.8749407055987666,6.904761904761905,7.981344768769962,4.577949050226062,5.391845073074732,0.0,5.334749107339174,6.2796469094980125
Kenneth Paal,Antalya,DF,0.0,0.0,0.0,DF,False,True,Antalya,Sol Bek,Standart Bek (Destek),Standart Bek,Destek,FB,1.1268913319747402,,0.0,50.79148865574199,50.0,1.5613464325277038,0.0,,,0.0,0.0,0.0,0.0,0.0,,,81.08244150438253,70.0,2.5,60.0,0.0,1.5,0.0,0.0,Süper Lig,0.0,,,,,,,,,,,,,,,,,,,,,,,,,,,,,,,,,,,,,,,,,,,,,,,,,,,,,,,,,,,,,,,,,,,,,,,,,,,,,,,,,,,,,,,,,,,,,,,,,,,,,,,,,,,,,,,,,,,,,,,,,,,,,,,,,,,,,,,,,,,,,,,,,,,,,,,,,,,,,,,,,,,,,,,,,,,,,,,,,,,,,,,,,,,,,,,,,,,,,,,,,,,,,,,,,,,,,,,,,,,,,,,,,,,,,,,,,,,,,,,,,,,,,,,,,,,,,,,,,,,,,,,,,1.001681183977547,6.961296808743476,5.287985315503208,0.6245385730110815,0.0,0.0,1.7597781967735133,2.956261944257145
Georgi Dzhikiya,Antalya,DF,0.18,0.0,0.18,DF,False,True,Antalya,,Merkez Orta Saha,Merkez Orta Saha,,MID,0.0,,0.0,50.0,50.0,0.0,2.4065997615053627,0.109851247423613,0.0612085030115857,2.50807911146166,2.080701756401284,1.5940171911319945,4.196053006248587,4.259433558573514,,,88.76839038949119,70.0,2.5,60.0,0.0,1.5,0.18,0.0612085030115857,Süper Lig,0.0,,,,,,,,,,,,,,,,,,,,,,,,,,,,,,,,,,,,,,,,,,,,,,,,,,,,,,,,,,,,,,,,,,,,,,,,,,,,,,,,,,,,,,,,,,,,,,,,,,,,,,,,,,,,,,,,,,,,,,,,,,,,,,,,,,,,,,,,,,,,,,,,,,,,,,,,,,,,,,,,,,,,,,,,,,,,,,,,,,,,,,,,,,,,,,,,,,,,,,,,,,,,,,,,,,,,,,,,,,,,,,,,,,,,,,,,,,,,,,,,,,,,,,,,,,,,,,,,,,,,,,,,,1.0648583896433785,6.904761904761905,7.887269354612849,3.6319685163138655,3.5861394497332135,0.0,4.872214541332999,5.759618935463357
Abdülkadir Ömür,Antalya,MF,0.0,0.11,0.11,MF,True,True,Antalya,On Numara,Serbest Oyuncu (Trequartista),Serbest Oyuncu,Trequartista,AM,0.0,,0.0,50.0,50.0,0.0,0.5420451568519457,0.1532348956236313,0.2995080406170252,3.316475884877048,1.8111798591535768,1.9276198799136048,5.052733775077122,8.388325736644283,,,85.4715664031839,70.0,2.5,60.0,0.0,1.5,0.0,0.2995080406170252,Süper Lig,0.0,,,,,,,,,,,,,,,,,,,,,,,,,,,,,,,,,,,,,,,,,,,,,,,,,,,,,,,,,,,,,,,,,,,,,,,,,,,,,,,,,,,,,,,,,,,,,,,,,,,,,,,,,,,,,,,,,,,,,,,,,,,,,,,,,,,,,,,,,,,,,,,,,,,,,,,,,,,,,,,,,,,,,,,,,,,,,,,,,,,,,,,,,,,,,,,,,,,,,,,,,,,,,,,,,,,,,,,,,,,,,,,,,,,,,,,,,,,,,,,,,,,,,,,,,,,,,,,,,,,,,,,,,2.0,6.904761904761905,8.100599479050555,4.845485401903819,1.8991469010393889,0.0,4.6126066670738375,6.473042440477187
Bünyamin Balcı,Antalya,DF,0.0,0.2,0.2,DF,False,True,Antalya,Sağ Bek,Ofansif Bek (Hücum),Ofansif Bek,Hücum,FB,0.9491279076858888,,0.0,43.189507569889095,50.0,7.089016333343576,0.0,,,1.1994888021003325,0.0,0.0,0.0,0.0,,,86.40360703057041,70.0,2.5,60.0,0.0,1.5,0.0,0.2,Süper Lig,0.0,,,,,,,,,,,,,,,,,,,,,,,,,,,,,,,,,,,,,,,,,,,,,,,,,,,,,,,,,,,,,,,,,,,,,,,,,,,,,,,,,,,,,,,,,,,,,,,,,,,,,,,,,,,,,,,,,,,,,,,,,,,,,,,,,,,,,,,,,,,,,,,,,,,,,,,,,,,,,,,,,,,,,,,,,,,,,,,,,,,,,,,,,,,,,,,,,,,,,,,,,,,,,,,,,,,,,,,,,,,,,,,,,,,,,,,,,,,,,,,,,,,,,,,,,,,,,,,,,,,,,,,,,0.8436692512763456,6.418298159753983,5.6350178498198105,3.6000000000000005,0.5997444010501662,0.0,2.8196206554840724,4.617508924909906
Sander van de Streek,Antalya,FW,0.0,0.25,0.25,MF,True,True,Antalya,On Numara,Ofansif Orta Saha (Hücum),Ofansif Orta Saha,Hücum,AM,0.0,,0.0,50.0,50.0,0.0,0.8111337699354468,0.2357689594361769,0.0795128449582302,1.076776265574834,3.528135706481665,0.8364402249275675,2.801827030598716,4.230837842892044,,,89.14603468984694,70.0,2.5,60.0,0.0,1.5,0.0,0.0795128449582302,Süper Lig,0.0,,,,,,,,,,,,,,,,,,,,,,,,,,,,,,,,,,,,,,,,,,,,,,,,,,,,,,,,,,,,,,,,,,,,,,,,,,,,,,,,,,,,,,,,,,,,,,,,,,,,,,,,,,,,,,,,,,,,,,,,,,,,,,,,,,,,,,,,,,,,,,,,,,,,,,,,,,,,,,,,,,,,,,,,,,,,,,,,,,,,,,,,,,,,,,,,,,,,,,,,,,,,,,,,,,,,,,,,,,,,,,,,,,,,,,,,,,,,,,,,,,,,,,,,,,,,,,,,,,,,,,,,,1.057709460723011,6.904761904761905,7.214785342898072,5.318051379832921,0.8988920305365046,0.0,4.371650367657026,6.2664183613654965
Lautaro Gianetti,Antalya,DF,0.0,0.11,0.11,DF,False,True,Antalya,Stoper,Standart Stoper (Sıkı Defans),Standart Stoper,Sıkı Defans,CB,2.766202914546536,1.749321434702846,8.726666084552086,67.5914464845006,74.10442791154546,0.0,0.0,,,0.0,0.0,0.0,2.0387682031757746,0.0,,,82.65323557883079,70.0,2.5,60.0,0.0,1.5,0.0,0.11,Süper Lig,0.0,,,,,,,,,,,,,,,,,,,,,,,,,,,,,,,,,,,,,,,,,,,,,,,,,,,,,,,,,,,,,,,,,,,,,,,,,,,,,,,,,,,,,,,,,,,,,,,,,,,,,,,,,,,,,,,,,,,,,,,,,,,,,,,,,,,,,,,,,,,,,,,,,,,,,,,,,,,,,,,,,,,,,,,,,,,,,,,,,,,,,,,,,,,,,,,,,,,,,,,,,,,,,,,,,,,,,,,,,,,,,,,,,,,,,,,,,,,,,,,,,,,,,,,,,,,,,,,,,,,,,,,,,6.458847035152477,9.768255657281644,6.409812508902939,0.8800000000000001,0.0,0.0,7.772803578754236,3.6449062544514694
Soner Dikmen,Antalya,MF,0.25,0.0,0.25,MF,True,True,Antalya,Merkez Orta Saha,İki Yönlü Orta Saha,İki Yönlü Orta Saha,,MID,2.9620666454298483,,0.0,50.0,50.0,0.0,0.5420451568519457,0.0601731779581262,0.292964393835029,3.3305169155384187,2.7318370876993936,1.8368506681804848,4.053524819336015,4.144126323981999,,,75.0,70.0,2.5,60.0,0.0,1.5,0.25,0.292964393835029,Süper Lig,0.0,,,,,,,,,,,,,,,,,,,,,,,,,,,,,,,,,,,,,,,,,,,,,,,,,,,,,,,,,,,,,,,,,,,,,,,,,,,,,,,,,,,,,,,,,,,,,,,,,,,,,,,,,,,,,,,,,,,,,,,,,,,,,,,,,,,,,,,,,,,,,,,,,,,,,,,,,,,,,,,,,,,,,,,,,,,,,,,,,,,,,,,,,,,,,,,,,,,,,,,,,,,,,,,,,,,,,,,,,,,,,,,,,,,,,,,,,,,,,,,,,,,,,,,,,,,,,,,,,,,,,,,,,3.668979710266477,6.904761904761905,6.918066757494095,4.993082300473045,3.6596396385922962,0.0,5.621222668248881,5.95557452898357
Nikola Storm,Antalya,FW,0.25,0.13,0.38,MF,True,True,Antalya,Sol Kanat,Kanat Oyuncusu (Hücum),Kanat Oyuncusu,Hücum,WING,0.0,,0.0,50.0,50.0,2.0756775854463743,1.504610967299555,0.1063713802528475,0.3420414376440454,3.10619348223032,0.0,0.0,0.0,0.0,,,75.0,70.0,2.5,60.0,0.0,1.5,0.25,0.3420414376440454,Süper Lig,0.0,,,,,,,,,,,,,,,,,,,,,,,,,,,,,,,,,,,,,,,,,,,,,,,,,,,,,,,,,,,,,,,,,,,,,,,,,,,,,,,,,,,,,,,,,,,,,,,,,,,,,,,,,,,,,,,,,,,,,,,,,,,,,,,,,,,,,,,,,,,,,,,,,,,,,,,,,,,,,,,,,,,,,,,,,,,,,,,,,,,,,,,,,,,,,,,,,,,,,,,,,,,,,,,,,,,,,,,,,,,,,,,,,,,,,,,,,,,,,,,,,,,,,,,,,,,,,,,,,,,,,,,,,0.0,6.904761904761905,4.891304347826086,2.7184367847547315,3.975284948803851,0.0,3.7654933787800084,3.8048705662904085
Jesper Ceesay,Antalya,DF,0.0,0.0,0.0,MF,True,True,Antalya,Ön Libero,Defansif Orta Saha (Destek),Defansif Orta Saha,Destek,DM,0.0,,0.0,50.0,50.0,0.0,1.7596968997246665,0.0303753440752295,0.0977466309590436,2.6572914502121963,1.9400437527554293,1.4945707877051335,5.368227087374539,3.219298007088569,,,83.58011421031713,70.0,2.5,60.0,0.0,1.5,0.0,0.0977466309590436,Süper Lig,0.0,,,,,,,,,,,,,,,,,,,,,,,,,,,,,,,,,,,,,,,,,,,,,,,,,,,,,,,,,,,,,,,,,,,,,,,,,,,,,,,,,,,,,,,,,,,,,,,,,,,,,,,,,,,,,,,,,,,,,,,,,,,,,,,,,,,,,,,,,,,,,,,,,,,,,,,,,,,,,,,,,,,,,,,,,,,,,,,,,,,,,,,,,,,,,,,,,,,,,,,,,,,,,,,,,,,,,,,,,,,,,,,,,,,,,,,,,,,,,,,,,,,,,,,,,,,,,,,,,,,,,,,,,0.8048245017721423,6.904761904761905,8.134990557403603,3.684349025673127,2.110733236094839,0.0,4.83385553935851,5.909669791538365
Julián Cuesta,Antalya,GK,0.0,0.0,0.0,GK,False,False,Antalya,Kaleci,Kaleci (Savunma),Kaleci,Savunma,GK,0.0,,0.0,50.0,50.0,0.0,0.0,,,0.0,0.0,0.0,0.0,0.0,,,75.0,69.6398788362281,4.05269907953647,74.13714687695234,0.3738508717482608,1.4143465009698453,0.0,0.0,Süper Lig,0.0,,,,,,,,,,,,,,,,,,,,,,,,,,,,,,,,,,,,,,,,,,,,,,,,,,,,,,,,,,,,,,,,,,,,,,,,,,,,,,,,,,,,,,,,,,,,,,,,,,,,,,,,,,,,,,,,,,,,,,,,,,,,,,,,,,,,,,,,,,,,,,,,,,,,,,,,,,,,,,,,,,,,,,,,,,,,,,,,,,,,,,,,,,,,,,,,,,,,,,,,,,,,,,,,,,,,,,,,,,,,,,,,,,,,,,,,,,,,,,,,,,,,,,,,,,,,,,,,,,,,,,,,,0.0,6.904761904761905,4.891304347826086,0.0,0.0,6.116901925348669,6.116901925348669,2.445652173913043
Abdullah Yiğiter,Antalya,GK,0.0,0.0,0.0,GK,False,False,Antalya,Kaleci,Kaleci (Savunma),Kaleci,Savunma,GK,0.0,,0.0,50.0,50.0,0.0,0.0,,,0.0,0.0,0.0,0.0,0.0,,,75.0,66.97316968394074,3.320457481218804,74.58014336081975,0.2967327723524027,1.2540185348432922,0.0,0.0,Süper Lig,0.0,,,,,,,,,,,,,,,,,,,,,,,,,,,,,,,,,,,,,,,,,,,,,,,,,,,,,,,,,,,,,,,,,,,,,,,,,,,,,,,,,,,,,,,,,,,,,,,,,,,,,,,,,,,,,,,,,,,,,,,,,,,,,,,,,,,,,,,,,,,,,,,,,,,,,,,,,,,,,,,,,,,,,,,,,,,,,,,,,,,,,,,,,,,,,,,,,,,,,,,,,,,,,,,,,,,,,,,,,,,,,,,,,,,,,,,,,,,,,,,,,,,,,,,,,,,,,,,,,,,,,,,,,0.0,6.904761904761905,4.891304347826086,0.0,0.0,6.010676242850128,6.010676242850128,2.445652173913043
Tomáš Čvančara,Antalya,FW,0.17,0.0,0.17,FW,True,False,Antalya,Santrafor,Pivot Santrafor (Hücum),Pivot Santrafor,Hücum,FWD,0.0,,0.0,50.0,50.0,0.0,4.6893127695543,,,0.0,0.0,0.0,0.0,3.6185782646969935,8.740608136685365,0.8775097795431623,75.0,70.0,2.5,60.0,0.0,1.5,0.8775097795431623,0.0,Süper Lig,0.0,,,,,,,,,,,,,,,,,,,,,,,,,,,,,,,,,,,,,,,,,,,,,,,,,,,,,,,,,,,,,,,,,,,,,,,,,,,,,,,,,,,,,,,,,,,,,,,,,,,,,,,,,,,,,,,,,,,,,,,,,,,,,,,,,,,,,,,,,,,,,,,,,,,,,,,,,,,,,,,,,,,,,,,,,,,,,,,,,,,,,,,,,,,,,,,,,,,,,,,,,,,,,,,,,,,,,,,,,,,,,,,,,,,,,,,,,,,,,,,,,,,,,,,,,,,,,,,,,,,,,,,,,0.9046445661742485,6.904761904761905,4.891304347826086,0.0,5.161111111111111,0.0,5.168095238095239,2.445652173913043
Ramzi Safouri,Antalya,MF,0.0,0.19,0.19,MF,True,True,Antalya,,Merkez Orta Saha,Merkez Orta Saha,,MID,0.0,,0.0,50.0,50.0,0.0,2.285864152794973,0.0493676224649843,0.2250086685205476,0.9831600595839642,3.366797415328022,1.6128444904380728,2.8962662786964035,5.832401670659996,,,88.16865516685648,70.0,2.5,60.0,0.0,1.5,0.0,0.2250086685205476,Süper Lig,0.0,,,,,,,,,,,,,,,,,,,,,,,,,,,,,,,,,,,,,,,,,,,,,,,,,,,,,,,,,,,,,,,,,,,,,,,,,,,,,,,,,,,,,,,,,,,,,,,,,,,,,,,,,,,,,,,,,,,,,,,,,,,,,,,,,,,,,,,,,,,,,,,,,,,,,,,,,,,,,,,,,,,,,,,,,,,,,,,,,,,,,,,,,,,,,,,,,,,,,,,,,,,,,,,,,,,,,,,,,,,,,,,,,,,,,,,,,,,,,,,,,,,,,,,,,,,,,,,,,,,,,,,,,1.458100417664999,6.904761904761905,7.19826282414319,5.6600346740821905,1.5075196532564146,0.0,5.305289955163071,6.42914874911269
Yohan Boli,Antalya,FW,0.52,0.26,0.6179999999999995,FW,True,False,Antalya,Santrafor,Yaratıcı Forvet,Yaratıcı Forvet,,FWD,0.0,,0.0,50.0,50.0,0.0,4.6893127695543,,,0.0,0.0,0.0,0.0,0.0,3.04575142861335,0.4594635018812144,75.0,70.0,2.5,60.0,0.0,1.5,0.4594635018812144,0.26,Süper Lig,0.0,,,,,,,,,,,,,,,,,,,,,,,,,,,,,,,,,,,,,,,,,,,,,,,,,,,,,,,,,,,,,,,,,,,,,,,,,,,,,,,,,,,,,,,,,,,,,,,,,,,,,,,,,,,,,,,,,,,,,,,,,,,,,,,,,,,,,,,,,,,,,,,,,,,,,,,,,,,,,,,,,,,,,,,,,,,,,,,,,,,,,,,,,,,,,,,,,,,,,,,,,,,,,,,,,,,,,,,,,,,,,,,,,,,,,,,,,,,,,,,,,,,,,,,,,,,,,,,,,,,,,,,,,0.0,6.904761904761905,4.891304347826086,2.08,5.458045665601016,0.0,5.554255970789182,3.485652173913043
Dario Šarić,Antalya,MF,0.0,0.0,0.0,MF,True,True,Antalya,Merkez Orta Saha,Savaşçı Orta Saha (Destek),Savaşçı Orta Saha,Destek,MID,3.294336567705979,1.0788611876672574,0.0,50.0,50.0,0.0,0.9113128228102284,0.2217312250523173,0.2429527007284408,1.612601630756404,0.0,0.0,0.0,8.224451672303651,,,75.0,70.0,2.5,60.0,0.0,1.5,0.0,0.2429527007284408,Süper Lig,0.0,,,,,,,,,,,,,,,,,,,,,,,,,,,,,,,,,,,,,,,,,,,,,,,,,,,,,,,,,,,,,,,,,,,,,,,,,,,,,,,,,,,,,,,,,,,,,,,,,,,,,,,,,,,,,,,,,,,,,,,,,,,,,,,,,,,,,,,,,,,,,,,,,,,,,,,,,,,,,,,,,,,,,,,,,,,,,,,,,,,,,,,,,,,,,,,,,,,,,,,,,,,,,,,,,,,,,,,,,,,,,,,,,,,,,,,,,,,,,,,,,,,,,,,,,,,,,,,,,,,,,,,,,4.928299171294204,6.904761904761905,4.891304347826086,0.9718108029137633,1.2113287366271925,0.0,4.42404405669899,2.931557575369925
Güray Vural,Antalya,FW,0.525,0.0,0.6179999999999995,MF,True,True,Antalya,,Merkez Orta Saha,Merkez Orta Saha,,MID,0.0,,0.0,50.0,50.0,0.0,2.346772544072244,0.1614527031638015,0.1794291636007685,2.7120646393422607,3.675616434432204,1.772638068635787,5.469747952550784,3.394251836570114,,,78.74872882317932,70.0,2.5,60.0,0.0,1.5,0.525,0.1794291636007685,Süper Lig,0.0,,,,,,,,,,,,,,,,,,,,,,,,,,,,,,,,,,,,,,,,,,,,,,,,,,,,,,,,,,,,,,,,,,,,,,,,,,,,,,,,,,,,,,,,,,,,,,,,,,,,,,,,,,,,,,,,,,,,,,,,,,,,,,,,,,,,,,,,,,,,,,,,,,,,,,,,,,,,,,,,,,,,,,,,,,,,,,,,,,,,,,,,,,,,,,,,,,,,,,,,,,,,,,,,,,,,,,,,,,,,,,,,,,,,,,,,,,,,,,,,,,,,,,,,,,,,,,,,,,,,,,,,,0.8485629591425287,6.904761904761905,7.870660638656652,4.717716654403074,6.081334005925461,0.0,5.08542553924104,6.294188646529863
Veysel Sarı,Antalya,DF,0.0,0.38,0.38,DF,False,True,Antalya,Stoper,Çakılı Stoper,Çakılı Stoper,,CB,2.1780595820974016,1.7063508292424934,4.244001999512395,61.85434572718313,58.4610371771392,0.0,0.0,,,0.0,0.0,0.0,2.0387682031757746,0.0,,,79.99995171244551,70.0,2.5,60.0,0.0,1.5,0.0,0.38,Süper Lig,0.0,,,,,,,,,,,,,,,,,,,,,,,,,,,,,,,,,,,,,,,,,,,,,,,,,,,,,,,,,,,,,,,,,,,,,,,,,,,,,,,,,,,,,,,,,,,,,,,,,,,,,,,,,,,,,,,,,,,,,,,,,,,,,,,,,,,,,,,,,,,,,,,,,,,,,,,,,,,,,,,,,,,,,,,,,,,,,,,,,,,,,,,,,,,,,,,,,,,,,,,,,,,,,,,,,,,,,,,,,,,,,,,,,,,,,,,,,,,,,,,,,,,,,,,,,,,,,,,,,,,,,,,,,4.7653876282059535,8.315570030417598,6.236772256747376,3.0400000000000005,0.0,0.0,6.479737514798895,4.638386128373688
Hasan İlçin,Antalya,MF,0.0,0.0,0.0,MF,True,True,Antalya,,Merkez Orta Saha,Merkez Orta Saha,,MID,0.0,,0.0,50.0,50.0,0.0,0.5420451568519457,0.07147669730979,0.1068587368438559,0.9818466239656836,2.3014522587295887,1.1339437955204137,3.147990803769843,7.653165700170064,,,82.02334860093956,70.0,2.5,60.0,0.0,1.5,0.0,0.1068587368438559,Süper Lig,0.0,,,,,,,,,,,,,,,,,,,,,,,,,,,,,,,,,,,,,,,,,,,,,,,,,,,,,,,,,,,,,,,,,,,,,,,,,,,,,,,,,,,,,,,,,,,,,,,,,,,,,,,,,,,,,,,,,,,,,,,,,,,,,,,,,,,,,,,,,,,,,,,,,,,,,,,,,,,,,,,,,,,,,,,,,,,,,,,,,,,,,,,,,,,,,,,,,,,,,,,,,,,,,,,,,,,,,,,,,,,,,,,,,,,,,,,,,,,,,,,,,,,,,,,,,,,,,,,,,,,,,,,,,1.913291425042516,6.904761904761905,6.923344223685328,3.961736453195149,0.7318322705837066,0.0,4.925783501671225,5.442540338440239
Jakub Kałuziński,Antalya,MF,0.0,0.0,0.0,MF,True,True,Antalya,,Merkez Orta Saha,Merkez Orta Saha,,MID,0.0,,0.0,50.0,50.0,0.0,2.36231565629158,0.2039867347421543,0.0744255317298836,2.371860242475938,3.729829431563176,0.954396358460644,2.5877565007511,5.7197330084881655,,,78.80419845301452,70.0,2.5,60.0,0.0,1.5,0.0,0.0744255317298836,Süper Lig,0.0,,,,,,,,,,,,,,,,,,,,,,,,,,,,,,,,,,,,,,,,,,,,,,,,,,,,,,,,,,,,,,,,,,,,,,,,,,,,,,,,,,,,,,,,,,,,,,,,,,,,,,,,,,,,,,,,,,,,,,,,,,,,,,,,,,,,,,,,,,,,,,,,,,,,,,,,,,,,,,,,,,,,,,,,,,,,,,,,,,,,,,,,,,,,,,,,,,,,,,,,,,,,,,,,,,,,,,,,,,,,,,,,,,,,,,,,,,,,,,,,,,,,,,,,,,,,,,,,,,,,,,,,,1.4299332521220416,6.904761904761905,6.4332824973112785,4.297702126919535,2.2358481907008936,0.0,4.76641994527869,5.365492312115407
Samuel Ballet,Antalya,MF,0.0,0.0,0.0,MF,True,True,Antalya,Sağ Kanat,Kanat Oyuncusu (Hücum),Kanat Oyuncusu,Hücum,WING,0.0,,0.0,50.0,50.0,7.78585751934025,3.637990647035422,0.2459098104948692,0.2720993312518511,3.904956368342,0.0,0.0,0.0,0.0,,,75.0,70.0,2.5,60.0,0.0,1.5,0.0,0.2720993312518511,Süper Lig,0.0,,,,,,,,,,,,,,,,,,,,,,,,,,,,,,,,,,,,,,,,,,,,,,,,,,,,,,,,,,,,,,,,,,,,,,,,,,,,,,,,,,,,,,,,,,,,,,,,,,,,,,,,,,,,,,,,,,,,,,,,,,,,,,,,,,,,,,,,,,,,,,,,,,,,,,,,,,,,,,,,,,,,,,,,,,,,,,,,,,,,,,,,,,,,,,,,,,,,,,,,,,,,,,,,,,,,,,,,,,,,,,,,,,,,,,,,,,,,,,,,,,,,,,,,,,,,,,,,,,,,,,,,,0.0,6.904761904761905,4.891304347826086,3.0883973250074046,3.5693629161867433,0.0,3.7105165785725243,3.9898508364167453
Samet Karakoç,Antalya,DF,0.0,0.0,0.0,DF,False,True,Antalya,,Merkez Orta Saha,Merkez Orta Saha,,MID,0.0,,0.0,50.0,50.0,0.0,1.1384076432032324,0.215342499090859,0.0166754062591058,1.7338842537729833,2.1319541618895785,0.9879427010345468,2.826422450714788,6.14634161596548,,,89.14603468984694,70.0,2.5,60.0,0.0,1.5,0.0,0.0166754062591058,Süper Lig,0.0,,,,,,,,,,,,,,,,,,,,,,,,,,,,,,,,,,,,,,,,,,,,,,,,,,,,,,,,,,,,,,,,,,,,,,,,,,,,,,,,,,,,,,,,,,,,,,,,,,,,,,,,,,,,,,,,,,,,,,,,,,,,,,,,,,,,,,,,,,,,,,,,,,,,,,,,,,,,,,,,,,,,,,,,,,,,,,,,,,,,,,,,,,,,,,,,,,,,,,,,,,,,,,,,,,,,,,,,,,,,,,,,,,,,,,,,,,,,,,,,,,,,,,,,,,,,,,,,,,,,,,,,,1.5365854039913702,6.904761904761905,7.227083052956107,3.488004399629476,1.3729010794212617,0.0,4.789108690334714,5.357543726292792
Doğukan Sınık,Antalya,MF,0.0,0.0,0.0,MF,True,True,Antalya,,Merkez Orta Saha,Merkez Orta Saha,,MID,0.0,,0.0,50.0,50.0,0.0,0.6129837397433547,0.2116285846725695,0.1063812404342533,2.4764718979721883,3.880849047213319,1.5689319996477693,2.0387682031757746,5.644576481629369,,,87.80368688726205,70.0,2.5,60.0,0.0,1.5,0.0,0.1063812404342533,Süper Lig,0.0,,,,,,,,,,,,,,,,,,,,,,,,,,,,,,,,,,,,,,,,,,,,,,,,,,,,,,,,,,,,,,,,,,,,,,,,,,,,,,,,,,,,,,,,,,,,,,,,,,,,,,,,,,,,,,,,,,,,,,,,,,,,,,,,,,,,,,,,,,,,,,,,,,,,,,,,,,,,,,,,,,,,,,,,,,,,,,,,,,,,,,,,,,,,,,,,,,,,,,,,,,,,,,,,,,,,,,,,,,,,,,,,,,,,,,,,,,,,,,,,,,,,,,,,,,,,,,,,,,,,,,,,,1.4111441204073425,6.904761904761905,6.745711507278891,4.425524961737014,1.5106731666498074,0.0,4.871785623546288,5.585618234507953
Bachir Gueye,Antalya,FW,0.525,0.0,0.6179999999999995,FW,True,False,Antalya,,Merkez Orta Saha,Merkez Orta Saha,,MID,0.0,,0.0,50.0,50.0,0.0,1.420330694291284,0.2297316334098886,0.228606976685949,0.926837998108643,1.2678685735767188,1.725169199758454,5.593698089267651,5.404578365251956,,,88.23056905495164,70.0,2.5,60.0,0.0,1.5,0.525,0.228606976685949,Süper Lig,0.0,,,,,,,,,,,,,,,,,,,,,,,,,,,,,,,,,,,,,,,,,,,,,,,,,,,,,,,,,,,,,,,,,,,,,,,,,,,,,,,,,,,,,,,,,,,,,,,,,,,,,,,,,,,,,,,,,,,,,,,,,,,,,,,,,,,,,,,,,,,,,,,,,,,,,,,,,,,,,,,,,,,,,,,,,,,,,,,,,,,,,,,,,,,,,,,,,,,,,,,,,,,,,,,,,,,,,,,,,,,,,,,,,,,,,,,,,,,,,,,,,,,,,,,,,,,,,,,,,,,,,,,,,1.3511445913129891,6.904761904761905,8.55101659169589,3.7596736224616083,4.77696875207267,0.0,5.141649177558098,6.155345107078749
Bahadır Öztürk,Antalya,DF,0.0,0.0,0.0,DF,False,True,Antalya,Stoper,Standart Stoper (Savunma),Standart Stoper,Savunma,CB,2.198419149225322,1.1071745702809888,4.298785509993715,52.44585401627504,55.32318631339169,0.0,0.0,,,0.0,0.0,0.0,3.10290739437736,0.0,,,81.9031388809247,70.0,2.5,60.0,0.0,1.5,0.0,0.0,Süper Lig,0.0,,,,,,,,,,,,,,,,,,,,,,,,,,,,,,,,,,,,,,,,,,,,,,,,,,,,,,,,,,,,,,,,,,,,,,,,,,,,,,,,,,,,,,,,,,,,,,,,,,,,,,,,,,,,,,,,,,,,,,,,,,,,,,,,,,,,,,,,,,,,,,,,,,,,,,,,,,,,,,,,,,,,,,,,,,,,,,,,,,,,,,,,,,,,,,,,,,,,,,,,,,,,,,,,,,,,,,,,,,,,,,,,,,,,,,,,,,,,,,,,,,,,,,,,,,,,,,,,,,,,,,,,,4.820007361529431,7.434344850626711,6.8929627546402905,0.0,0.0,0.0,6.2803334357905145,3.4464813773201453
Engin Yıldırım,Antalya,FW,0.0,0.0,0.0,FW,True,False,Antalya,,Merkez Orta Saha,Merkez Orta Saha,,MID,0.0,,0.0,50.0,50.0,0.0,0.9392307922130668,0.0630602550433404,0.3284066864569689,3.153149376611416,3.061057799509728,0.772420951634904,5.662005245291896,6.357841987849307,,,89.14603468984694,70.0,2.5,60.0,0.0,1.5,0.0,0.3284066864569689,Süper Lig,0.0,,,,,,,,,,,,,,,,,,,,,,,,,,,,,,,,,,,,,,,,,,,,,,,,,,,,,,,,,,,,,,,,,,,,,,,,,,,,,,,,,,,,,,,,,,,,,,,,,,,,,,,,,,,,,,,,,,,,,,,,,,,,,,,,,,,,,,,,,,,,,,,,,,,,,,,,,,,,,,,,,,,,,,,,,,,,,,,,,,,,,,,,,,,,,,,,,,,,,,,,,,,,,,,,,,,,,,,,,,,,,,,,,,,,,,,,,,,,,,,,,,,,,,,,,,,,,,,,,,,,,,,,,1.589460496962327,6.904761904761905,8.64487445024466,5.313626745827876,1.99401059595596,0.0,5.613180899449192,6.979250598036268
Hüseyin Türkmen,Antalya,DF,0.0,0.0,0.0,DF,False,True,Antalya,Stoper,Standart Stoper (Savunma),Standart Stoper,Savunma,CB,2.951911357740479,0.719139945400875,10.580804485277266,62.29039687792081,72.51844254922575,0.0,0.0,,,0.0,0.0,0.0,2.0387682031757746,0.0,,,81.4274574311541,70.0,2.5,60.0,0.0,1.5,0.0,0.0,Süper Lig,0.0,,,,,,,,,,,,,,,,,,,,,,,,,,,,,,,,,,,,,,,,,,,,,,,,,,,,,,,,,,,,,,,,,,,,,,,,,,,,,,,,,,,,,,,,,,,,,,,,,,,,,,,,,,,,,,,,,,,,,,,,,,,,,,,,,,,,,,,,,,,,,,,,,,,,,,,,,,,,,,,,,,,,,,,,,,,,,,,,,,,,,,,,,,,,,,,,,,,,,,,,,,,,,,,,,,,,,,,,,,,,,,,,,,,,,,,,,,,,,,,,,,,,,,,,,,,,,,,,,,,,,,,,,6.623921206880425,9.28387689932368,6.329870455793589,0.0,0.0,0.0,7.62909333364036,3.1649352278967946
Mert Yilmaz,Antalya,MF,0.0,0.0,0.0,DF,False,True,Antalya,,Merkez Orta Saha,Merkez Orta Saha,,MID,0.0,,0.0,50.0,50.0,0.0,0.998233094120038,0.1887604821865695,0.3049215687920681,3.428420216778972,2.481442121370786,1.0564115122366478,4.574666749566298,3.931441475584275,,,79.02124183343743,70.0,2.5,60.0,0.0,1.5,0.0,0.3049215687920681,Süper Lig,0.0,,,,,,,,,,,,,,,,,,,,,,,,,,,,,,,,,,,,,,,,,,,,,,,,,,,,,,,,,,,,,,,,,,,,,,,,,,,,,,,,,,,,,,,,,,,,,,,,,,,,,,,,,,,,,,,,,,,,,,,,,,,,,,,,,,,,,,,,,,,,,,,,,,,,,,,,,,,,,,,,,,,,,,,,,,,,,,,,,,,,,,,,,,,,,,,,,,,,,,,,,,,,,,,,,,,,,,,,,,,,,,,,,,,,,,,,,,,,,,,,,,,,,,,,,,,,,,,,,,,,,,,,,0.9828603688960689,6.904761904761905,7.440892624789938,4.873981022748797,2.157869261331725,0.0,5.050623980299178,6.157436823769368
Kerem Kayaarası,Antalya,FW,0.0,0.0,0.0,FW,True,False,Antalya,,Merkez Orta Saha,Merkez Orta Saha,,MID,0.0,,0.0,50.0,50.0,0.0,1.0453089263452018,0.115134874318535,0.2681226717873559,3.415970209271367,2.162946416366941,1.852910295123725,2.8068140052769186,4.091568782971627,,,82.62717111016,70.0,2.5,60.0,0.0,1.5,0.0,0.2681226717873559,Süper Lig,0.0,,,,,,,,,,,,,,,,,,,,,,,,,,,,,,,,,,,,,,,,,,,,,,,,,,,,,,,,,,,,,,,,,,,,,,,,,,,,,,,,,,,,,,,,,,,,,,,,,,,,,,,,,,,,,,,,,,,,,,,,,,,,,,,,,,,,,,,,,,,,,,,,,,,,,,,,,,,,,,,,,,,,,,,,,,,,,,,,,,,,,,,,,,,,,,,,,,,,,,,,,,,,,,,,,,,,,,,,,,,,,,,,,,,,,,,,,,,,,,,,,,,,,,,,,,,,,,,,,,,,,,,,,1.0228921957429067,6.904761904761905,6.792135553301067,4.514454964727385,2.1725668496779957,0.0,4.808561154633316,5.653295259014226
Ali Demirbilek,Antalya,FW,0.0,0.0,0.0,FW,True,False,Antalya,,Merkez Orta Saha,Merkez Orta Saha,,MID,0.0,,0.0,50.0,50.0,0.0,2.086354385448593,0.2104996382225153,0.2759565701386545,2.824059945705897,2.8981356362458026,1.7100402795421088,2.417771687553449,8.170713726081104,,,78.85241866852803,70.0,2.5,60.0,0.0,1.5,0.0,0.2759565701386545,Süper Lig,0.0,,,,,,,,,,,,,,,,,,,,,,,,,,,,,,,,,,,,,,,,,,,,,,,,,,,,,,,,,,,,,,,,,,,,,,,,,,,,,,,,,,,,,,,,,,,,,,,,,,,,,,,,,,,,,,,,,,,,,,,,,,,,,,,,,,,,,,,,,,,,,,,,,,,,,,,,,,,,,,,,,,,,,,,,,,,,,,,,,,,,,,,,,,,,,,,,,,,,,,,,,,,,,,,,,,,,,,,,,,,,,,,,,,,,,,,,,,,,,,,,,,,,,,,,,,,,,,,,,,,,,,,,,2.0,6.904761904761905,6.351434887376378,5.035916704718487,2.3392985886078788,0.0,5.073028374214193,5.693675796047433
Alp Abay,Antalya,NAN,0.0,0.0,0.0,NAN,False,False,Antalya,,Merkez Orta Saha,Merkez Orta Saha,,MID,0.0,,0.0,50.0,50.0,0.0,1.5322386810180344,0.1821226692904033,0.2327447162165983,1.1512328483527063,3.1115712749029933,1.9276198799136048,2.095644832186435,8.667274854121318,,,80.52951721860035,70.0,2.5,60.0,0.0,1.5,0.0,0.2327447162165983,Süper Lig,0.0,,,,,,,,,,,,,,,,,,,,,,,,,,,,,,,,,,,,,,,,,,,,,,,,,,,,,,,,,,,,,,,,,,,,,,,,,,,,,,,,,,,,,,,,,,,,,,,,,,,,,,,,,,,,,,,,,,,,,,,,,,,,,,,,,,,,,,,,,,,,,,,,,,,,,,,,,,,,,,,,,,,,,,,,,,,,,,,,,,,,,,,,,,,,,,,,,,,,,,,,,,,,,,,,,,,,,,,,,,,,,,,,,,,,,,,,,,,,,,,,,,,,,,,,,,,,,,,,,,,,,,,,,2.0,6.904761904761905,6.2997474520888925,4.930978864866393,1.2566113935177017,0.0,5.033872055429297,5.615363158477643
Kagan Arican,Antalya,GK,0.0,0.0,0.0,GK,False,False,Antalya,,Merkez Orta Saha,Merkez Orta Saha,,MID,0.0,,0.0,50.0,50.0,0.0,1.0537461682276077,0.1941118616249311,0.091100400148101,2.847310629008361,1.1272268465434114,1.6313723895231211,2.828740884826104,5.239855897678518,,,80.75238932445207,70.0,2.5,60.0,0.0,1.5,0.0,0.091100400148101,Süper Lig,0.0,,,,,,,,,,,,,,,,,,,,,,,,,,,,,,,,,,,,,,,,,,,,,,,,,,,,,,,,,,,,,,,,,,,,,,,,,,,,,,,,,,,,,,,,,,,,,,,,,,,,,,,,,,,,,,,,,,,,,,,,,,,,,,,,,,,,,,,,,,,,,,,,,,,,,,,,,,,,,,,,,,,,,,,,,,,,,,,,,,,,,,,,,,,,,,,,,,,,,,,,,,,,,,,,,,,,,,,,,,,,,,,,,,,,,,,,,,,,,,,,,,,,,,,,,,,,,,,,,,,,,,,,,1.3099639744196296,6.904761904761905,6.680830615746882,3.115886164954678,1.8919869448275617,0.0,4.502860664970774,4.89835839035078
Mehmet Dadakdeniz,Antalya,GK,0.0,0.0,0.0,GK,False,False,Antalya,,Merkez Orta Saha,Merkez Orta Saha,,MID,0.0,,0.0,50.0,50.0,0.0,1.6817009449529283,0.1640404594202678,0.3175182607470404,0.926837998108643,1.500859266241596,1.0897928015418834,6.454277674915733,4.624468038861322,,,83.62928653257094,70.0,2.5,60.0,0.0,1.5,0.0,0.3175182607470404,Süper Lig,0.0,,,,,,,,,,,,,,,,,,,,,,,,,,,,,,,,,,,,,,,,,,,,,,,,,,,,,,,,,,,,,,,,,,,,,,,,,,,,,,,,,,,,,,,,,,,,,,,,,,,,,,,,,,,,,,,,,,,,,,,,,,,,,,,,,,,,,,,,,,,,,,,,,,,,,,,,,,,,,,,,,,,,,,,,,,,,,,,,,,,,,,,,,,,,,,,,,,,,,,,,,,,,,,,,,,,,,,,,,,,,,,,,,,,,,,,,,,,,,,,,,,,,,,,,,,,,,,,,,,,,,,,,,1.1561170097153306,6.904761904761905,8.681222741755972,4.270645887149226,1.210841641255623,0.0,5.253186885845609,6.4759343144526
Ege Izmirli,Antalya,DF,0.0,0.0,0.0,DF,False,True,Antalya,,Merkez Orta Saha,Merkez Orta Saha,,MID,0.0,,0.0,50.0,50.0,0.0,1.9039164158687067,0.0443571923674267,0.2347563091670419,0.926837998108643,3.139138151902956,1.3859567509919566,3.2076842085084087,6.863997259434095,,,81.22274600944371,70.0,2.5,60.0,0.0,1.5,0.0,0.2347563091670419,Süper Lig,0.0,,,,,,,,,,,,,,,,,,,,,,,,,,,,,,,,,,,,,,,,,,,,,,,,,,,,,,,,,,,,,,,,,,,,,,,,,,,,,,,,,,,,,,,,,,,,,,,,,,,,,,,,,,,,,,,,,,,,,,,,,,,,,,,,,,,,,,,,,,,,,,,,,,,,,,,,,,,,,,,,,,,,,,,,,,,,,,,,,,,,,,,,,,,,,,,,,,,,,,,,,,,,,,,,,,,,,,,,,,,,,,,,,,,,,,,,,,,,,,,,,,,,,,,,,,,,,,,,,,,,,,,,,1.715999314858524,6.904761904761905,6.90097771356575,4.939025236668168,1.3096040727737468,0.0,5.115191042463586,5.920001475116958
Berkay Topdemir,Antalya,FW,0.0,0.0,0.0,FW,True,False,Antalya,,Merkez Orta Saha,Merkez Orta Saha,,MID,0.0,,0.0,50.0,50.0,0.0,0.972510401540421,0.1362567297242345,0.1961542208431539,1.6737475917037614,2.9991562407346195,1.4915213813709804,3.7713566360860784,5.452405026588578,,,79.21173728181313,70.0,2.5,60.0,0.0,1.5,0.0,0.1961542208431539,Süper Lig,0.0,,,,,,,,,,,,,,,,,,,,,,,,,,,,,,,,,,,,,,,,,,,,,,,,,,,,,,,,,,,,,,,,,,,,,,,,,,,,,,,,,,,,,,,,,,,,,,,,,,,,,,,,,,,,,,,,,,,,,,,,,,,,,,,,,,,,,,,,,,,,,,,,,,,,,,,,,,,,,,,,,,,,,,,,,,,,,,,,,,,,,,,,,,,,,,,,,,,,,,,,,,,,,,,,,,,,,,,,,,,,,,,,,,,,,,,,,,,,,,,,,,,,,,,,,,,,,,,,,,,,,,,,,1.3631012566471445,6.904761904761905,7.0516611842482435,4.784054377195695,1.2691006409809569,0.0,5.025894680713247,5.917857780721969
Opponent Total,Antalya,NAN,0.0,0.0,0.0,NAN,False,False,Antalya,,Merkez Orta Saha,Merkez Orta Saha,,MID,0.0,,0.0,50.0,50.0,0.0,1.2684531132032384,0.2459098104948692,0.0388463142247183,2.1193366140925978,3.880849047213319,0.6176837244756859,2.526727422406666,3.152318133962069,,,80.00989306912929,70.0,2.5,60.0,0.0,1.5,0.0,0.0388463142247183,Süper Lig,0.0,,,,,,,,,,,,,,,,,,,,,,,,,,,,,,,,,,,,,,,,,,,,,,,,,,,,,,,,,,,,,,,,,,,,,,,,,,,,,,,,,,,,,,,,,,,,,,,,,,,,,,,,,,,,,,,,,,,,,,,,,,,,,,,,,,,,,,,,,,,,,,,,,,,,,,,,,,,,,,,,,,,,,,,,,,,,,,,,,,,,,,,,,,,,,,,,,,,,,,,,,,,,,,,,,,,,,,,,,,,,,,,,,,,,,,,,,,,,,,,,,,,,,,,,,,,,,,,,,,,,,,,,,0.7880795334905173,6.904761904761905,6.481400215711766,4.155385256898874,1.6234252462477383,0.0,4.582406727715766,5.31839273630532
Eldor Shomurodov,Başakşehir,MF,0.525,0.09,0.6179999999999995,FW,True,False,Başakşehir,Santrafor,Yaratıcı Forvet,Yaratıcı Forvet,,FWD,0.0,,0.0,50.0,50.0,0.0,3.5879686488298965,,,0.0,0.0,0.0,0.0,0.0,6.503608399466084,0.7411869996164835,75.0,70.0,2.5,60.0,0.0,1.5,0.7411869996164835,0.09,Süper Lig,0.0,,,,,,,,,,,,,,,,,,,,,,,,,,,,,,,,,,,,,,,,,,,,,,,,,,,,,,,,,,,,,,,,,,,,,,,,,,,,,,,,,,,,,,,,,,,,,,,,,,,,,,,,,,,,,,,,,,,,,,,,,,,,,,,,,,,,,,,,,,,,,,,,,,,,,,,,,,,,,,,,,,,,,,,,,,,,,,,,,,,,,,,,,,,,,,,,,,,,,,,,,,,,,,,,,,,,,,,,,,,,,,,,,,,,,,,,,,,,,,,,,,,,,,,,,,,,,,,,,,,,,,,,,0.0,6.904761904761905,4.891304347826086,0.72,5.952528773281465,0.0,5.71494583539745,2.805652173913043
Jerome Opoku,Başakşehir,DF,0.0,0.0,0.0,DF,False,True,Başakşehir,Stoper,Standart Stoper (Durdurucu),Standart Stoper,Durdurucu,CB,3.294220519905154,1.721150418846498,6.881525131290103,61.836794269514144,74.20504217801792,0.0,0.0,,,0.0,0.0,0.0,3.4655801778710686,0.0,,,84.91273811540088,70.0,2.5,60.0,0.0,1.5,0.0,0.0,Süper Lig,0.0,,,,,,,,,,,,,,,,,,,,,,,,,,,,,,,,,,,,,,,,,,,,,,,,,,,,,,,,,,,,,,,,,,,,,,,,,,,,,,,,,,,,,,,,,,,,,,,,,,,,,,,,,,,,,,,,,,,,,,,,,,,,,,,,,,,,,,,,,,,,,,,,,,,,,,,,,,,,,,,,,,,,,,,,,,,,,,,,,,,,,,,,,,,,,,,,,,,,,,,,,,,,,,,,,,,,,,,,,,,,,,,,,,,,,,,,,,,,,,,,,,,,,,,,,,,,,,,,,,,,,,,,,6.928196017693471,9.363916688261728,7.270577357331244,0.0,0.0,0.0,7.970960553848329,3.635288678665622
Muhammed Şengezer,Başakşehir,GK,0.0,0.0,0.0,GK,False,False,Başakşehir,Kaleci,Kaleci (Savunma),Kaleci,Savunma,GK,0.0,,0.0,50.0,50.0,0.0,0.0,,,0.0,0.0,0.0,0.0,0.0,,,75.0,58.12037280884873,2.3661147045343363,75.42540693371892,0.757818591405544,0.5772181268749841,0.0,0.0,Süper Lig,0.0,,,,,,,,,,,,,,,,,,,,,,,,,,,,,,,,,,,,,,,,,,,,,,,,,,,,,,,,,,,,,,,,,,,,,,,,,,,,,,,,,,,,,,,,,,,,,,,,,,,,,,,,,,,,,,,,,,,,,,,,,,,,,,,,,,,,,,,,,,,,,,,,,,,,,,,,,,,,,,,,,,,,,,,,,,,,,,,,,,,,,,,,,,,,,,,,,,,,,,,,,,,,,,,,,,,,,,,,,,,,,,,,,,,,,,,,,,,,,,,,,,,,,,,,,,,,,,,,,,,,,,,,,0.0,6.904761904761905,4.891304347826086,0.0,0.0,6.629190840393958,6.629190840393958,2.445652173913043
Crespo,Başakşehir,FW,0.0,0.4025,0.43,MF,True,True,Başakşehir,,Merkez Orta Saha,Merkez Orta Saha,,MID,0.0,,0.0,50.0,50.0,0.0,0.6559607960075899,0.2343470166242797,0.1564694403322488,2.880100028081042,3.283113370752349,1.3167454386557975,3.111806523740851,3.936915584197142,,,79.7673067626251,70.0,2.5,60.0,0.0,1.5,0.0,0.1564694403322488,Süper Lig,0.0,,,,,,,,,,,,,,,,,,,,,,,,,,,,,,,,,,,,,,,,,,,,,,,,,,,,,,,,,,,,,,,,,,,,,,,,,,,,,,,,,,,,,,,,,,,,,,,,,,,,,,,,,,,,,,,,,,,,,,,,,,,,,,,,,,,,,,,,,,,,,,,,,,,,,,,,,,,,,,,,,,,,,,,,,,,,,,,,,,,,,,,,,,,,,,,,,,,,,,,,,,,,,,,,,,,,,,,,,,,,,,,,,,,,,,,,,,,,,,,,,,,,,,,,,,,,,,,,,,,,,,,,,0.9842288960492857,6.904761904761905,6.758118920302497,6.235877761328997,1.73158814559945,0.0,5.220746870610672,6.496998340815747
Christopher Operi,Başakşehir,MF,0.0,0.0,0.0,DF,False,True,Başakşehir,Sol Bek,Standart Bek (Hücum),Standart Bek,Hücum,FB,1.0871896072226797,,0.0,47.09439764496811,50.0,4.7593284944539,0.0,,,0.0,0.0,0.0,0.0,0.0,,,82.56035929608507,70.0,2.5,60.0,0.0,1.5,0.0,0.0,Süper Lig,0.0,,,,,,,,,,,,,,,,,,,,,,,,,,,,,,,,,,,,,,,,,,,,,,,,,,,,,,,,,,,,,,,,,,,,,,,,,,,,,,,,,,,,,,,,,,,,,,,,,,,,,,,,,,,,,,,,,,,,,,,,,,,,,,,,,,,,,,,,,,,,,,,,,,,,,,,,,,,,,,,,,,,,,,,,,,,,,,,,,,,,,,,,,,,,,,,,,,,,,,,,,,,,,,,,,,,,,,,,,,,,,,,,,,,,,,,,,,,,,,,,,,,,,,,,,,,,,,,,,,,,,,,,,0.9663907619757153,6.6972188794024845,5.38437125844033,1.9037313977815602,0.0,0.0,2.1588099244384793,3.6440513281109452
Berat Özdemir,Başakşehir,DF,0.0,0.0,0.0,MF,True,True,Başakşehir,Ön Libero,Gizli Libero,Gizli Libero,,DM,0.0,,0.0,50.0,50.0,0.0,0.7804136340228287,0.0140238381945519,0.1611253949206741,2.644897516837564,3.852318123194014,1.5639812427089144,4.596122853901026,7.295833373084385,,,89.14603468984694,70.0,2.5,60.0,0.0,1.5,0.0,0.1611253949206741,Süper Lig,0.0,,,,,,,,,,,,,,,,,,,,,,,,,,,,,,,,,,,,,,,,,,,,,,,,,,,,,,,,,,,,,,,,,,,,,,,,,,,,,,,,,,,,,,,,,,,,,,,,,,,,,,,,,,,,,,,,,,,,,,,,,,,,,,,,,,,,,,,,,,,,,,,,,,,,,,,,,,,,,,,,,,,,,,,,,,,,,,,,,,,,,,,,,,,,,,,,,,,,,,,,,,,,,,,,,,,,,,,,,,,,,,,,,,,,,,,,,,,,,,,,,,,,,,,,,,,,,,,,,,,,,,,,,1.8239583432710962,6.904761904761905,8.111933254549227,4.6445015796826965,1.6692992624289282,0.0,5.2345918851017785,6.378217417115962
Yusuf Sari,Başakşehir,MF,0.0,0.14,0.14,MF,True,True,Başakşehir,,Merkez Orta Saha,Merkez Orta Saha,,MID,0.0,,0.0,50.0,50.0,0.0,1.830347493326464,0.0412037039323592,0.3025972633329344,2.0039373072172206,3.107621504604421,0.7509819560015906,5.038763415478263,6.953543651460908,,,87.11151008302168,70.0,2.5,60.0,0.0,1.5,0.0,0.3025972633329344,Süper Lig,0.0,,,,,,,,,,,,,,,,,,,,,,,,,,,,,,,,,,,,,,,,,,,,,,,,,,,,,,,,,,,,,,,,,,,,,,,,,,,,,,,,,,,,,,,,,,,,,,,,,,,,,,,,,,,,,,,,,,,,,,,,,,,,,,,,,,,,,,,,,,,,,,,,,,,,,,,,,,,,,,,,,,,,,,,,,,,,,,,,,,,,,,,,,,,,,,,,,,,,,,,,,,,,,,,,,,,,,,,,,,,,,,,,,,,,,,,,,,,,,,,,,,,,,,,,,,,,,,,,,,,,,,,,,1.738385912865227,6.904761904761905,8.200567147936198,5.770389053331738,1.8154564284203722,0.0,5.6535260047237665,6.9854781006339675
Festy Ebosele,Başakşehir,DF,0.0,0.0,0.0,DF,False,True,Başakşehir,Sağ Bek,Ofansif Bek (Hücum),Ofansif Bek,Hücum,FB,1.2736035763543296,,0.0,49.07705740996588,50.0,7.561367159338119,0.0,,,3.223361947870177,0.0,0.0,0.0,0.0,,,80.10178639649426,70.0,2.5,60.0,0.0,1.5,0.0,0.0,Süper Lig,0.0,,,,,,,,,,,,,,,,,,,,,,,,,,,,,,,,,,,,,,,,,,,,,,,,,,,,,,,,,,,,,,,,,,,,,,,,,,,,,,,,,,,,,,,,,,,,,,,,,,,,,,,,,,,,,,,,,,,,,,,,,,,,,,,,,,,,,,,,,,,,,,,,,,,,,,,,,,,,,,,,,,,,,,,,,,,,,,,,,,,,,,,,,,,,,,,,,,,,,,,,,,,,,,,,,,,,,,,,,,,,,,,,,,,,,,,,,,,,,,,,,,,,,,,,,,,,,,,,,,,,,,,,,1.1320920678705155,6.838837434045182,5.224029547597452,2.0,1.6116809739350888,0.0,2.5113665986540097,3.612014773798726
Léo Duarte,Başakşehir,DF,0.0,0.0,0.0,DF,False,True,Başakşehir,Stoper,Standart Stoper (Sıkı Defans),Standart Stoper,Sıkı Defans,CB,3.2741728485302346,1.1710025631490455,5.016484101215078,54.33004674775038,78.00959065461953,0.0,0.0,,,0.0,0.0,0.0,3.1187266814694885,0.0,,,78.18728507646034,70.0,2.5,60.0,0.0,1.5,0.0,0.0,Süper Lig,0.0,,,,,,,,,,,,,,,,,,,,,,,,,,,,,,,,,,,,,,,,,,,,,,,,,,,,,,,,,,,,,,,,,,,,,,,,,,,,,,,,,,,,,,,,,,,,,,,,,,,,,,,,,,,,,,,,,,,,,,,,,,,,,,,,,,,,,,,,,,,,,,,,,,,,,,,,,,,,,,,,,,,,,,,,,,,,,,,,,,,,,,,,,,,,,,,,,,,,,,,,,,,,,,,,,,,,,,,,,,,,,,,,,,,,,,,,,,,,,,,,,,,,,,,,,,,,,,,,,,,,,,,,,6.254698599503595,8.880717624839313,6.658534106590853,0.0,0.0,0.0,7.385873311055334,3.3292670532954265
Olivier Kemen,Başakşehir,MF,0.0,0.17,0.17,MF,True,True,Başakşehir,Merkez Orta Saha,Savaşçı Orta Saha (Destek),Savaşçı Orta Saha,Destek,MID,3.210956818209212,1.1372053986904564,0.0,50.0,50.0,0.0,0.7810205301608166,0.0329321933636404,0.1913268770657259,1.538791998960498,0.0,0.0,0.0,6.504698588794842,,,75.0,70.0,2.5,60.0,0.0,1.5,0.0,0.1913268770657259,Süper Lig,0.0,,,,,,,,,,,,,,,,,,,,,,,,,,,,,,,,,,,,,,,,,,,,,,,,,,,,,,,,,,,,,,,,,,,,,,,,,,,,,,,,,,,,,,,,,,,,,,,,,,,,,,,,,,,,,,,,,,,,,,,,,,,,,,,,,,,,,,,,,,,,,,,,,,,,,,,,,,,,,,,,,,,,,,,,,,,,,,,,,,,,,,,,,,,,,,,,,,,,,,,,,,,,,,,,,,,,,,,,,,,,,,,,,,,,,,,,,,,,,,,,,,,,,,,,,,,,,,,,,,,,,,,,,4.4803584856068985,6.904761904761905,4.891304347826086,1.4453075082629034,1.1165162351072786,0.0,4.4304330616144485,3.1683059280444947
Nuno da Costa,Başakşehir,FW,0.34,0.0,0.34,MF,True,True,Başakşehir,,Merkez Orta Saha,Merkez Orta Saha,,MID,0.0,,0.0,50.0,50.0,0.0,1.5028431057008262,0.1814949774963238,0.1331401921396433,3.4922361504258204,1.894156625918329,1.6709475761383357,3.226761570831055,4.331832971597697,,,89.14603468984694,70.0,2.5,60.0,0.0,1.5,0.34,0.1331401921396433,Süper Lig,0.0,,,,,,,,,,,,,,,,,,,,,,,,,,,,,,,,,,,,,,,,,,,,,,,,,,,,,,,,,,,,,,,,,,,,,,,,,,,,,,,,,,,,,,,,,,,,,,,,,,,,,,,,,,,,,,,,,,,,,,,,,,,,,,,,,,,,,,,,,,,,,,,,,,,,,,,,,,,,,,,,,,,,,,,,,,,,,,,,,,,,,,,,,,,,,,,,,,,,,,,,,,,,,,,,,,,,,,,,,,,,,,,,,,,,,,,,,,,,,,,,,,,,,,,,,,,,,,,,,,,,,,,,,1.0829582428994242,6.904761904761905,7.427252613014241,3.795331852504126,4.7987705666355,0.0,4.802576153294924,5.611292232759183
Ousseynou Ba,Başakşehir,DF,0.0,0.0,0.0,DF,False,True,Başakşehir,Stoper,Çakılı Stoper,Çakılı Stoper,,CB,3.059751091715248,1.7633203009480365,8.177946080438435,60.846291230949326,62.37853030734279,0.0,0.0,,,0.0,0.0,0.0,2.0387682031757746,0.0,,,78.18728507646034,70.0,2.5,60.0,0.0,1.5,0.0,0.0,Süper Lig,0.0,,,,,,,,,,,,,,,,,,,,,,,,,,,,,,,,,,,,,,,,,,,,,,,,,,,,,,,,,,,,,,,,,,,,,,,,,,,,,,,,,,,,,,,,,,,,,,,,,,,,,,,,,,,,,,,,,,,,,,,,,,,,,,,,,,,,,,,,,,,,,,,,,,,,,,,,,,,,,,,,,,,,,,,,,,,,,,,,,,,,,,,,,,,,,,,,,,,,,,,,,,,,,,,,,,,,,,,,,,,,,,,,,,,,,,,,,,,,,,,,,,,,,,,,,,,,,,,,,,,,,,,,,6.719778748191332,8.504732346509709,6.118554867443997,0.0,0.0,0.0,7.313515411369216,3.0592774337219986
Umut Güneş,Başakşehir,MF,0.0,0.0,0.0,MF,True,True,Başakşehir,Merkez Orta Saha,Standart Orta Saha (Destek),Standart Orta Saha,Destek,MID,0.0,,0.0,50.0,50.0,0.0,1.8889971496171087,0.2044463324642362,0.3418801149787308,1.9506895160371271,1.3160947667525695,1.3756591707711674,2.288660796125586,4.386448779528428,,,83.2768858380949,70.0,2.5,60.0,0.0,1.5,0.0,0.3418801149787308,Süper Lig,0.0,,,,,,,,,,,,,,,,,,,,,,,,,,,,,,,,,,,,,,,,,,,,,,,,,,,,,,,,,,,,,,,,,,,,,,,,,,,,,,,,,,,,,,,,,,,,,,,,,,,,,,,,,,,,,,,,,,,,,,,,,,,,,,,,,,,,,,,,,,,,,,,,,,,,,,,,,,,,,,,,,,,,,,,,,,,,,,,,,,,,,,,,,,,,,,,,,,,,,,,,,,,,,,,,,,,,,,,,,,,,,,,,,,,,,,,,,,,,,,,,,,,,,,,,,,,,,,,,,,,,,,,,,1.096612194882107,6.904761904761905,6.57543164837333,4.244916971083303,1.814899046737279,0.0,4.705430679775161,5.410174309728316
Deniz Turuc,Başakşehir,MF,0.0,0.19,0.19,MF,True,True,Başakşehir,,Merkez Orta Saha,Merkez Orta Saha,,MID,0.0,,0.0,50.0,50.0,0.0,0.6244415384989621,0.0533778415776679,0.0387522076642104,2.018744965690124,3.3454715900348067,1.9276198799136048,3.955164345636993,7.03135646159237,,,81.34042177995188,70.0,2.5,60.0,0.0,1.5,0.0,0.0387522076642104,Süper Lig,0.0,,,,,,,,,,,,,,,,,,,,,,,,,,,,,,,,,,,,,,,,,,,,,,,,,,,,,,,,,,,,,,,,,,,,,,,,,,,,,,,,,,,,,,,,,,,,,,,,,,,,,,,,,,,,,,,,,,,,,,,,,,,,,,,,,,,,,,,,,,,,,,,,,,,,,,,,,,,,,,,,,,,,,,,,,,,,,,,,,,,,,,,,,,,,,,,,,,,,,,,,,,,,,,,,,,,,,,,,,,,,,,,,,,,,,,,,,,,,,,,,,,,,,,,,,,,,,,,,,,,,,,,,,1.7578391153980926,6.904761904761905,7.282392288902315,4.915008830656841,1.2869020555112676,0.0,5.215000534929788,6.098700559779578
Onur Bulut,Başakşehir,DF,0.0,0.0,0.0,DF,False,True,Başakşehir,Sağ Bek,Çalışkan Kanat Oyuncusu (Destek),Çalışkan Kanat Oyuncusu,Destek,FB,1.1009178232704695,,0.0,56.14793103329004,50.0,3.5108322122856714,0.0,,,0.0,0.0,0.0,0.0,0.0,,,78.18728507646034,70.0,2.5,60.0,0.0,1.5,0.0,0.0,Süper Lig,0.0,,,,,,,,,,,,,,,,,,,,,,,,,,,,,,,,,,,,,,,,,,,,,,,,,,,,,,,,,,,,,,,,,,,,,,,,,,,,,,,,,,,,,,,,,,,,,,,,,,,,,,,,,,,,,,,,,,,,,,,,,,,,,,,,,,,,,,,,,,,,,,,,,,,,,,,,,,,,,,,,,,,,,,,,,,,,,,,,,,,,,,,,,,,,,,,,,,,,,,,,,,,,,,,,,,,,,,,,,,,,,,,,,,,,,,,,,,,,,,,,,,,,,,,,,,,,,,,,,,,,,,,,,0.9785936206848618,7.343899835711194,5.099170765856109,1.4043328849142687,0.0,0.0,1.9407409621095233,3.251751825385189
Ömer Ali Şahiner,Başakşehir,MF,0.0,0.0,0.0,DF,False,True,Başakşehir,Sağ Bek,Standart Bek (Destek),Standart Bek,Destek,FB,0.9507943073869946,,0.0,54.2694576167228,50.0,2.3396224586283445,0.0,,,0.0,0.0,0.0,0.0,0.0,,,86.20973472521813,70.0,2.5,60.0,0.0,1.5,0.0,0.0,Süper Lig,0.0,,,,,,,,,,,,,,,,,,,,,,,,,,,,,,,,,,,,,,,,,,,,,,,,,,,,,,,,,,,,,,,,,,,,,,,,,,,,,,,,,,,,,,,,,,,,,,,,,,,,,,,,,,,,,,,,,,,,,,,,,,,,,,,,,,,,,,,,,,,,,,,,,,,,,,,,,,,,,,,,,,,,,,,,,,,,,,,,,,,,,,,,,,,,,,,,,,,,,,,,,,,,,,,,,,,,,,,,,,,,,,,,,,,,,,,,,,,,,,,,,,,,,,,,,,,,,,,,,,,,,,,,,0.8451504954551063,7.209723163099247,5.622374003818573,0.9358489834513378,0.0,0.0,1.897635819853821,3.2791114936349555
Ivan Brnić,Başakşehir,MF,0.5,0.0,0.5,MF,True,True,Başakşehir,,Merkez Orta Saha,Merkez Orta Saha,,MID,0.0,,0.0,50.0,50.0,0.0,1.5913556612206974,0.1264631732379572,0.1478919499091806,1.241784317217507,2.932447664427748,0.5834547459142635,3.1710168546316706,3.118263226526185,,,87.57951836651024,70.0,2.5,60.0,0.0,1.5,0.5,0.1478919499091806,Süper Lig,0.0,,,,,,,,,,,,,,,,,,,,,,,,,,,,,,,,,,,,,,,,,,,,,,,,,,,,,,,,,,,,,,,,,,,,,,,,,,,,,,,,,,,,,,,,,,,,,,,,,,,,,,,,,,,,,,,,,,,,,,,,,,,,,,,,,,,,,,,,,,,,,,,,,,,,,,,,,,,,,,,,,,,,,,,,,,,,,,,,,,,,,,,,,,,,,,,,,,,,,,,,,,,,,,,,,,,,,,,,,,,,,,,,,,,,,,,,,,,,,,,,,,,,,,,,,,,,,,,,,,,,,,,,,0.7795658066315464,6.904761904761905,7.29721614687085,4.546532909255221,4.835105785817952,0.0,4.8820191918798805,5.921874528063036
Amine Harit,Başakşehir,MF,0.0,0.31,0.31,MF,True,True,Başakşehir,On Numara,Serbest Oyuncu (Trequartista),Serbest Oyuncu,Trequartista,AM,0.0,,0.0,50.0,50.0,0.0,0.938781845772864,0.2101757570028,0.0166754062591058,2.9459857816248096,1.144558037179889,0.8979892063332005,3.0977696161490096,3.624651491907443,,,81.91504701649376,70.0,2.5,60.0,0.0,1.5,0.0,0.0166754062591058,Süper Lig,0.0,,,,,,,,,,,,,,,,,,,,,,,,,,,,,,,,,,,,,,,,,,,,,,,,,,,,,,,,,,,,,,,,,,,,,,,,,,,,,,,,,,,,,,,,,,,,,,,,,,,,,,,,,,,,,,,,,,,,,,,,,,,,,,,,,,,,,,,,,,,,,,,,,,,,,,,,,,,,,,,,,,,,,,,,,,,,,,,,,,,,,,,,,,,,,,,,,,,,,,,,,,,,,,,,,,,,,,,,,,,,,,,,,,,,,,,,,,,,,,,,,,,,,,,,,,,,,,,,,,,,,,,,,0.9061628729768607,6.904761904761905,6.891170483063227,4.069740316489683,1.8902292667114557,0.0,3.9801730348709237,5.480455399776455
Jakub Kałuziński,Başakşehir,MF,0.0,0.0,0.0,MF,True,True,Başakşehir,,Merkez Orta Saha,Merkez Orta Saha,,MID,0.0,,0.0,50.0,50.0,0.0,2.4221464379989177,0.1832003861915626,0.2589664422684256,2.67294200961002,2.080151397702935,1.402330818949736,6.799314013567276,7.799496512239136,,,81.59260048446419,70.0,2.5,60.0,0.0,1.5,0.0,0.2589664422684256,Süper Lig,0.0,,,,,,,,,,,,,,,,,,,,,,,,,,,,,,,,,,,,,,,,,,,,,,,,,,,,,,,,,,,,,,,,,,,,,,,,,,,,,,,,,,,,,,,,,,,,,,,,,,,,,,,,,,,,,,,,,,,,,,,,,,,,,,,,,,,,,,,,,,,,,,,,,,,,,,,,,,,,,,,,,,,,,,,,,,,,,,,,,,,,,,,,,,,,,,,,,,,,,,,,,,,,,,,,,,,,,,,,,,,,,,,,,,,,,,,,,,,,,,,,,,,,,,,,,,,,,,,,,,,,,,,,,1.9498741280597842,6.904761904761905,8.720913560118259,4.422633367542325,2.412980532804529,0.0,5.499545740120569,6.571773463830292
Onur Ergün,Başakşehir,MF,0.0,0.4025,0.6179999999999995,MF,True,True,Başakşehir,Ön Libero,Defansif Orta Saha (Savunma),Defansif Orta Saha,Savunma,DM,0.0,,0.0,50.0,50.0,0.0,1.415445858111842,0.135559301372962,0.3213267932697027,1.396077954529653,3.8703994464528586,0.944839868308896,5.08150242962862,4.071267972326002,,,80.79007190649398,70.0,2.5,60.0,0.0,1.5,0.0,0.3213267932697027,Süper Lig,0.0,,,,,,,,,,,,,,,,,,,,,,,,,,,,,,,,,,,,,,,,,,,,,,,,,,,,,,,,,,,,,,,,,,,,,,,,,,,,,,,,,,,,,,,,,,,,,,,,,,,,,,,,,,,,,,,,,,,,,,,,,,,,,,,,,,,,,,,,,,,,,,,,,,,,,,,,,,,,,,,,,,,,,,,,,,,,,,,,,,,,,,,,,,,,,,,,,,,,,,,,,,,,,,,,,,,,,,,,,,,,,,,,,,,,,,,,,,,,,,,,,,,,,,,,,,,,,,,,,,,,,,,,,1.0178169930815004,6.904761904761905,7.809668947846527,6.895307173078812,1.3271260253145343,0.0,4.82145605301513,7.352488060462669
Abbosbek Fayzullayev,Başakşehir,MF,0.0,0.0,0.0,MF,True,True,Başakşehir,,Merkez Orta Saha,Merkez Orta Saha,,MID,0.0,,0.0,50.0,50.0,0.0,2.092584354527832,0.1475869226146932,0.0980130653426712,1.0224288231627754,2.501203437130604,1.5716362461068634,4.784392215860479,6.916476647111248,,,79.55614773869083,70.0,2.5,60.0,0.0,1.5,0.0,0.0980130653426712,Süper Lig,0.0,,,,,,,,,,,,,,,,,,,,,,,,,,,,,,,,,,,,,,,,,,,,,,,,,,,,,,,,,,,,,,,,,,,,,,,,,,,,,,,,,,,,,,,,,,,,,,,,,,,,,,,,,,,,,,,,,,,,,,,,,,,,,,,,,,,,,,,,,,,,,,,,,,,,,,,,,,,,,,,,,,,,,,,,,,,,,,,,,,,,,,,,,,,,,,,,,,,,,,,,,,,,,,,,,,,,,,,,,,,,,,,,,,,,,,,,,,,,,,,,,,,,,,,,,,,,,,,,,,,,,,,,,1.7291191617778123,6.904761904761905,7.580640525670947,4.059521219457754,1.4412519024826465,0.0,5.068510702917105,5.8200808725643505
Hamza Güreler,Başakşehir,DF,0.0,0.0,0.0,DF,False,True,Başakşehir,Stoper,Standart Stoper (Savunma),Standart Stoper,Savunma,CB,2.784063292308576,1.7599819747981782,10.159948424788888,59.96261835993434,61.160542573783495,0.0,0.0,,,0.0,0.0,0.0,2.0387682031757746,0.0,,,85.45452632484215,70.0,2.5,60.0,0.0,1.5,0.0,0.0,Süper Lig,0.0,,,,,,,,,,,,,,,,,,,,,,,,,,,,,,,,,,,,,,,,,,,,,,,,,,,,,,,,,,,,,,,,,,,,,,,,,,,,,,,,,,,,,,,,,,,,,,,,,,,,,,,,,,,,,,,,,,,,,,,,,,,,,,,,,,,,,,,,,,,,,,,,,,,,,,,,,,,,,,,,,,,,,,,,,,,,,,,,,,,,,,,,,,,,,,,,,,,,,,,,,,,,,,,,,,,,,,,,,,,,,,,,,,,,,,,,,,,,,,,,,,,,,,,,,,,,,,,,,,,,,,,,,6.474722926496512,8.360413673485638,6.592505383642811,0.0,0.0,0.0,7.252555716721423,3.2962526918214055
Deniz Dilmen,Başakşehir,GK,0.0,0.0,0.0,GK,False,False,Başakşehir,,Merkez Orta Saha,Merkez Orta Saha,,MID,0.0,,0.0,50.0,50.0,0.0,1.5554757385281497,0.12709013672907,0.3004195868796923,2.6373481156017258,2.298187408059114,1.6385079237828966,4.078875517616609,4.429096686280359,,,81.07755673220119,70.0,2.5,60.0,0.0,1.5,0.0,0.3004195868796923,Süper Lig,0.0,,,,,,,,,,,,,,,,,,,,,,,,,,,,,,,,,,,,,,,,,,,,,,,,,,,,,,,,,,,,,,,,,,,,,,,,,,,,,,,,,,,,,,,,,,,,,,,,,,,,,,,,,,,,,,,,,,,,,,,,,,,,,,,,,,,,,,,,,,,,,,,,,,,,,,,,,,,,,,,,,,,,,,,,,,,,,,,,,,,,,,,,,,,,,,,,,,,,,,,,,,,,,,,,,,,,,,,,,,,,,,,,,,,,,,,,,,,,,,,,,,,,,,,,,,,,,,,,,,,,,,,,,1.1072741715700898,6.904761904761905,7.327104502212729,4.733803286224846,2.0099966082578185,0.0,5.0182359661923925,6.0304538942187875
Davie Selke,Başakşehir,FW,0.0,0.0,0.0,FW,True,False,Başakşehir,Santrafor,Pivot Santrafor (Hücum),Pivot Santrafor,Hücum,FWD,0.0,,0.0,50.0,50.0,0.0,2.6252678828354434,,,0.0,0.0,0.0,0.0,3.1135117261813545,7.496286696068089,0.6753934618468778,75.0,70.0,2.5,60.0,0.0,1.5,0.6753934618468778,0.0,Süper Lig,0.0,,,,,,,,,,,,,,,,,,,,,,,,,,,,,,,,,,,,,,,,,,,,,,,,,,,,,,,,,,,,,,,,,,,,,,,,,,,,,,,,,,,,,,,,,,,,,,,,,,,,,,,,,,,,,,,,,,,,,,,,,,,,,,,,,,,,,,,,,,,,,,,,,,,,,,,,,,,,,,,,,,,,,,,,,,,,,,,,,,,,,,,,,,,,,,,,,,,,,,,,,,,,,,,,,,,,,,,,,,,,,,,,,,,,,,,,,,,,,,,,,,,,,,,,,,,,,,,,,,,,,,,,,0.7783779315453387,6.904761904761905,4.891304347826086,0.0,3.2773902939761346,0.0,4.037862747814252,2.445652173913043
Ömer Faruk Beyaz,Başakşehir,MF,0.0,0.0,0.0,MF,True,True,Başakşehir,,Merkez Orta Saha,Merkez Orta Saha,,MID,0.0,,0.0,50.0,50.0,0.0,0.5420451568519457,0.0743871128297051,0.1022763806616642,2.567180278559065,2.373098815477882,0.6537739460997116,4.144721667150721,3.596648356556071,,,82.26383698168665,70.0,2.5,60.0,0.0,1.5,0.0,0.1022763806616642,Süper Lig,0.0,,,,,,,,,,,,,,,,,,,,,,,,,,,,,,,,,,,,,,,,,,,,,,,,,,,,,,,,,,,,,,,,,,,,,,,,,,,,,,,,,,,,,,,,,,,,,,,,,,,,,,,,,,,,,,,,,,,,,,,,,,,,,,,,,,,,,,,,,,,,,,,,,,,,,,,,,,,,,,,,,,,,,,,,,,,,,,,,,,,,,,,,,,,,,,,,,,,,,,,,,,,,,,,,,,,,,,,,,,,,,,,,,,,,,,,,,,,,,,,,,,,,,,,,,,,,,,,,,,,,,,,,,0.8991620891390179,6.904761904761905,7.437393680207098,3.9911713996319116,1.5244990978803974,0.0,4.808122268434984,5.7142825399195045
Bertuğ Yıldırım,Başakşehir,FW,0.0,0.0,0.0,FW,True,False,Başakşehir,Santrafor,Pivot Santrafor (Destek),Pivot Santrafor,Destek,FWD,0.0,,0.0,50.0,50.0,0.0,4.6893127695543,,,0.0,0.0,0.0,0.0,3.190747568588713,8.740608136685365,0.6825200960983576,75.0,70.0,2.5,60.0,0.0,1.5,0.6825200960983576,0.0,Süper Lig,0.0,,,,,,,,,,,,,,,,,,,,,,,,,,,,,,,,,,,,,,,,,,,,,,,,,,,,,,,,,,,,,,,,,,,,,,,,,,,,,,,,,,,,,,,,,,,,,,,,,,,,,,,,,,,,,,,,,,,,,,,,,,,,,,,,,,,,,,,,,,,,,,,,,,,,,,,,,,,,,,,,,,,,,,,,,,,,,,,,,,,,,,,,,,,,,,,,,,,,,,,,,,,,,,,,,,,,,,,,,,,,,,,,,,,,,,,,,,,,,,,,,,,,,,,,,,,,,,,,,,,,,,,,,0.7976868921471783,6.904761904761905,4.891304347826086,0.0,4.132875300307368,0.0,4.551153751612992,2.445652173913043
Doğan Alemdar,Başakşehir,GK,0.0,0.0,0.0,GK,False,False,Başakşehir,Kaleci,Kaleci (Savunma),Kaleci,Savunma,GK,0.0,,0.0,50.0,50.0,0.0,0.0,,,0.0,0.0,0.0,0.0,0.0,,,75.0,58.11989040672405,3.4855307303338106,61.480893034681806,0.6848722277386503,0.9179696963549172,0.0,0.0,Süper Lig,0.0,,,,,,,,,,,,,,,,,,,,,,,,,,,,,,,,,,,,,,,,,,,,,,,,,,,,,,,,,,,,,,,,,,,,,,,,,,,,,,,,,,,,,,,,,,,,,,,,,,,,,,,,,,,,,,,,,,,,,,,,,,,,,,,,,,,,,,,,,,,,,,,,,,,,,,,,,,,,,,,,,,,,,,,,,,,,,,,,,,,,,,,,,,,,,,,,,,,,,,,,,,,,,,,,,,,,,,,,,,,,,,,,,,,,,,,,,,,,,,,,,,,,,,,,,,,,,,,,,,,,,,,,,0.0,6.904761904761905,4.891304347826086,0.0,0.0,6.384307395256547,6.384307395256547,2.445652173913043
Berkay Aslan,Başakşehir,MF,0.0,0.0,0.0,MF,True,True,Başakşehir,,Merkez Orta Saha,Merkez Orta Saha,,MID,0.0,,0.0,50.0,50.0,0.0,1.729617888747447,0.141255498214754,0.3187695565753703,1.5378007228951651,1.626648172015491,1.2707816963101517,4.704525019190404,4.459033145996725,,,86.08793049774877,70.0,2.5,60.0,0.0,1.5,0.0,0.3187695565753703,Süper Lig,0.0,,,,,,,,,,,,,,,,,,,,,,,,,,,,,,,,,,,,,,,,,,,,,,,,,,,,,,,,,,,,,,,,,,,,,,,,,,,,,,,,,,,,,,,,,,,,,,,,,,,,,,,,,,,,,,,,,,,,,,,,,,,,,,,,,,,,,,,,,,,,,,,,,,,,,,,,,,,,,,,,,,,,,,,,,,,,,,,,,,,,,,,,,,,,,,,,,,,,,,,,,,,,,,,,,,,,,,,,,,,,,,,,,,,,,,,,,,,,,,,,,,,,,,,,,,,,,,,,,,,,,,,,,1.1147582864991812,6.904761904761905,7.9666927594483825,4.359510340978475,1.5376194231131146,0.0,5.086430822921987,6.163101550213429
Volkan Babacan,Başakşehir,GK,0.0,0.0,0.0,GK,False,False,Başakşehir,Kaleci,Kaleci (Savunma),Kaleci,Savunma,GK,0.0,,0.0,50.0,50.0,0.0,0.0,,,0.0,0.0,0.0,0.0,0.0,,,75.0,56.16167224336399,2.210456421393158,67.16931457088545,0.5800422539062542,1.8623988289499804,0.0,0.0,Süper Lig,0.0,,,,,,,,,,,,,,,,,,,,,,,,,,,,,,,,,,,,,,,,,,,,,,,,,,,,,,,,,,,,,,,,,,,,,,,,,,,,,,,,,,,,,,,,,,,,,,,,,,,,,,,,,,,,,,,,,,,,,,,,,,,,,,,,,,,,,,,,,,,,,,,,,,,,,,,,,,,,,,,,,,,,,,,,,,,,,,,,,,,,,,,,,,,,,,,,,,,,,,,,,,,,,,,,,,,,,,,,,,,,,,,,,,,,,,,,,,,,,,,,,,,,,,,,,,,,,,,,,,,,,,,,,0.0,6.904761904761905,4.891304347826086,0.0,0.0,3.7220188441437116,3.7220188441437116,2.445652173913043
Luca Stančič,Başakşehir,GK,0.0,0.0,0.0,GK,False,False,Başakşehir,,Merkez Orta Saha,Merkez Orta Saha,,MID,0.0,,0.0,50.0,50.0,0.0,2.39794701863398,0.1722213255125226,0.2638866662588743,3.3673316180761086,2.106121512594385,1.2633358333865838,5.482149035180536,7.333601591133955,,,78.75077810663342,70.0,2.5,60.0,0.0,1.5,0.0,0.2638866662588743,Süper Lig,0.0,,,,,,,,,,,,,,,,,,,,,,,,,,,,,,,,,,,,,,,,,,,,,,,,,,,,,,,,,,,,,,,,,,,,,,,,,,,,,,,,,,,,,,,,,,,,,,,,,,,,,,,,,,,,,,,,,,,,,,,,,,,,,,,,,,,,,,,,,,,,,,,,,,,,,,,,,,,,,,,,,,,,,,,,,,,,,,,,,,,,,,,,,,,,,,,,,,,,,,,,,,,,,,,,,,,,,,,,,,,,,,,,,,,,,,,,,,,,,,,,,,,,,,,,,,,,,,,,,,,,,,,,,1.833400397783489,6.904761904761905,7.876994828892448,4.459627673431754,2.7494200395420454,0.0,5.268696201217399,6.168311251162101
Opponent Total,Başakşehir,NAN,0.525,0.4025,0.9275,NAN,False,False,Başakşehir,,Merkez Orta Saha,Merkez Orta Saha,,MID,0.0,,0.0,50.0,50.0,0.0,1.6633848223072958,0.2183307289652019,0.2817173718945035,1.2078563078084308,2.10943976796153,1.0539211553233117,5.510730480909148,8.134178808637714,,,80.52608327598412,70.0,2.5,60.0,0.0,1.5,0.525,0.2817173718945035,Süper Lig,0.0,,,,,,,,,,,,,,,,,,,,,,,,,,,,,,,,,,,,,,,,,,,,,,,,,,,,,,,,,,,,,,,,,,,,,,,,,,,,,,,,,,,,,,,,,,,,,,,,,,,,,,,,,,,,,,,,,,,,,,,,,,,,,,,,,,,,,,,,,,,,,,,,,,,,,,,,,,,,,,,,,,,,,,,,,,,,,,,,,,,,,,,,,,,,,,,,,,,,,,,,,,,,,,,,,,,,,,,,,,,,,,,,,,,,,,,,,,,,,,,,,,,,,,,,,,,,,,,,,,,,,,,,,2.0,6.904761904761905,8.00706632367093,6.143162666219034,5.025501963818569,0.0,5.763747723662967,7.075114494944982
Tammy Abraham,Besiktas,FW,0.51,0.1,0.61,FW,True,False,Beşiktaş,Santrafor,Pivot Santrafor (Hücum),Pivot Santrafor,Hücum,FWD,0.0,,0.0,50.0,50.0,0.0,3.4418980205662155,,,0.0,0.0,0.0,0.0,3.1135117261813545,5.961646146020051,0.7460259676301773,75.0,70.0,2.5,60.0,0.0,1.5,0.7460259676301773,0.1,Süper Lig,0.0,,,,,,,,,,,,,,,,,,,,,,,,,,,,,,,,,,,,,,,,,,,,,,,,,,,,,,,,,,,,,,,,,,,,,,,,,,,,,,,,,,,,,,,,,,,,,,,,,,,,,,,,,,,,,,,,,,,,,,,,,,,,,,,,,,,,,,,,,,,,,,,,,,,,,,,,,,,,,,,,,,,,,,,,,,,,,,,,,,,,,,,,,,,,,,,,,,,,,,,,,,,,,,,,,,,,,,,,,,,,,,,,,,,,,,,,,,,,,,,,,,,,,,,,,,,,,,,,,,,,,,,,,0.7783779315453387,6.904761904761905,4.891304347826086,0.8000000000000002,5.844396935762621,0.0,5.6580667328861445,2.845652173913043
Wilfred Ndidi,Besiktas,MF,0.11,0.0,0.11,MF,True,True,Beşiktaş,Ön Libero,Ön Libero (Çapa),Ön Libero,Çapa,DM,1.9838633606310592,,0.0,50.0,50.0,0.0,2.1202966047962595,0.159072838494812,0.0166754062591058,1.9673039628150253,0.0,0.0,4.600849461553755,7.981319187401949,,,75.0,70.0,2.5,60.0,0.0,1.5,0.11,0.0166754062591058,Süper Lig,0.0,,,,,,,,,,,,,,,,,,,,,,,,,,,,,,,,,,,,,,,,,,,,,,,,,,,,,,,,,,,,,,,,,,,,,,,,,,,,,,,,,,,,,,,,,,,,,,,,,,,,,,,,,,,,,,,,,,,,,,,,,,,,,,,,,,,,,,,,,,,,,,,,,,,,,,,,,,,,,,,,,,,,,,,,,,,,,,,,,,,,,,,,,,,,,,,,,,,,,,,,,,,,,,,,,,,,,,,,,,,,,,,,,,,,,,,,,,,,,,,,,,,,,,,,,,,,,,,,,,,,,,,,,3.7587638951892064,6.904761904761905,7.191729078602965,0.0667016250364232,2.6975338057614056,0.0,5.732452853085144,3.629215351819694
Rafa Silva,Besiktas,MF,0.525,0.11,0.6179999999999995,MF,True,True,Beşiktaş,On Numara,Serbest Oyuncu (Trequartista),Serbest Oyuncu,Trequartista,AM,0.0,,0.0,50.0,50.0,0.0,2.2568335730316567,0.1902803842607895,0.336983624975909,3.347762984452517,1.157065060562417,1.899387293854508,2.858469538527248,5.383101177710729,,,87.70828368350011,70.0,2.5,60.0,0.0,1.5,0.525,0.336983624975909,Süper Lig,0.0,,,,,,,,,,,,,,,,,,,,,,,,,,,,,,,,,,,,,,,,,,,,,,,,,,,,,,,,,,,,,,,,,,,,,,,,,,,,,,,,,,,,,,,,,,,,,,,,,,,,,,,,,,,,,,,,,,,,,,,,,,,,,,,,,,,,,,,,,,,,,,,,,,,,,,,,,,,,,,,,,,,,,,,,,,,,,,,,,,,,,,,,,,,,,,,,,,,,,,,,,,,,,,,,,,,,,,,,,,,,,,,,,,,,,,,,,,,,,,,,,,,,,,,,,,,,,,,,,,,,,,,,,1.3457752944276822,6.904761904761905,7.149340226883196,4.559311206945248,6.359210302462551,0.0,5.617286739588028,5.8543257169142215
Orkun Kökçü,Besiktas,MF,0.0,0.22,0.22,MF,True,True,Beşiktaş,Merkez Orta Saha,Regista,Regista,,MID,0.0,,0.0,50.0,50.0,0.0,0.8789675210927582,0.0400179087386432,0.2543348472246131,1.9332637557005303,2.5951838776204625,1.9276198799136048,6.251979447517611,7.008510819423877,,,89.14603468984694,70.0,2.5,60.0,0.0,1.5,0.0,0.2543348472246131,Süper Lig,0.0,,,,,,,,,,,,,,,,,,,,,,,,,,,,,,,,,,,,,,,,,,,,,,,,,,,,,,,,,,,,,,,,,,,,,,,,,,,,,,,,,,,,,,,,,,,,,,,,,,,,,,,,,,,,,,,,,,,,,,,,,,,,,,,,,,,,,,,,,,,,,,,,,,,,,,,,,,,,,,,,,,,,,,,,,,,,,,,,,,,,,,,,,,,,,,,,,,,,,,,,,,,,,,,,,,,,,,,,,,,,,,,,,,,,,,,,,,,,,,,,,,,,,,,,,,,,,,,,,,,,,,,,,1.7521277048559694,6.904761904761905,8.93986155135752,5.627461973978761,1.3572841094470467,0.0,5.806053283738539,7.283661762668141
Mert Günok,Besiktas,GK,0.0,0.0,0.0,GK,False,False,Beşiktaş,Kaleci,Kaleci (Savunma),Kaleci,Savunma,GK,0.0,,0.0,50.0,50.0,0.0,0.0,,,0.0,0.0,0.0,0.0,0.0,,,75.0,72.3235229154987,4.727961206236346,62.317381190502594,0.7228763541126306,0.8593428360004587,0.0,0.0,Süper Lig,0.0,,,,,,,,,,,,,,,,,,,,,,,,,,,,,,,,,,,,,,,,,,,,,,,,,,,,,,,,,,,,,,,,,,,,,,,,,,,,,,,,,,,,,,,,,,,,,,,,,,,,,,,,,,,,,,,,,,,,,,,,,,,,,,,,,,,,,,,,,,,,,,,,,,,,,,,,,,,,,,,,,,,,,,,,,,,,,,,,,,,,,,,,,,,,,,,,,,,,,,,,,,,,,,,,,,,,,,,,,,,,,,,,,,,,,,,,,,,,,,,,,,,,,,,,,,,,,,,,,,,,,,,,,0.0,6.904761904761905,4.891304347826086,0.0,0.0,7.655770113205213,7.655770113205213,2.445652173913043
Emir Topçu,Besiktas,DF,0.13,0.0,0.13,DF,False,True,Beşiktaş,,Merkez Orta Saha,Merkez Orta Saha,,MID,0.0,,0.0,50.0,50.0,0.0,0.845294163807276,0.1153893686049474,0.1066628833851466,2.524020058693031,3.302702885553755,1.7412594798098318,4.500563760383135,4.229905772494925,,,79.76306308300525,70.0,2.5,60.0,0.0,1.5,0.13,0.1066628833851466,Süper Lig,0.0,,,,,,,,,,,,,,,,,,,,,,,,,,,,,,,,,,,,,,,,,,,,,,,,,,,,,,,,,,,,,,,,,,,,,,,,,,,,,,,,,,,,,,,,,,,,,,,,,,,,,,,,,,,,,,,,,,,,,,,,,,,,,,,,,,,,,,,,,,,,,,,,,,,,,,,,,,,,,,,,,,,,,,,,,,,,,,,,,,,,,,,,,,,,,,,,,,,,,,,,,,,,,,,,,,,,,,,,,,,,,,,,,,,,,,,,,,,,,,,,,,,,,,,,,,,,,,,,,,,,,,,,,1.0574764431237313,6.904761904761905,7.4522207769093,4.4266515335405865,2.549501879927527,0.0,4.960277664583881,5.939436155224943
Václav Černý,Besiktas,MF,0.16,0.4025,0.6179999999999995,MF,True,True,Beşiktaş,,Merkez Orta Saha,Merkez Orta Saha,,MID,0.0,,0.0,50.0,50.0,0.0,1.683060076587083,0.0140238381945519,0.2902881327005964,1.8735048744995448,2.249513295711637,1.5458140728644552,4.05979047517051,4.75888638156608,,,82.11174175827026,70.0,2.5,60.0,0.0,1.5,0.16,0.2902881327005964,Süper Lig,0.0,,,,,,,,,,,,,,,,,,,,,,,,,,,,,,,,,,,,,,,,,,,,,,,,,,,,,,,,,,,,,,,,,,,,,,,,,,,,,,,,,,,,,,,,,,,,,,,,,,,,,,,,,,,,,,,,,,,,,,,,,,,,,,,,,,,,,,,,,,,,,,,,,,,,,,,,,,,,,,,,,,,,,,,,,,,,,,,,,,,,,,,,,,,,,,,,,,,,,,,,,,,,,,,,,,,,,,,,,,,,,,,,,,,,,,,,,,,,,,,,,,,,,,,,,,,,,,,,,,,,,,,,,1.18972159539152,6.904761904761905,7.385008830515924,6.270828061276809,2.8070013601773653,0.0,5.437580097986539,6.827918445896366
El Bilal Touré,Besiktas,FW,0.27,0.27,0.54,MF,True,True,Beşiktaş,Santrafor,Yaratıcı Forvet,Yaratıcı Forvet,,FWD,0.0,,0.0,50.0,50.0,0.0,4.68508330091653,,,0.0,0.0,0.0,0.0,0.0,2.760120528646059,0.6602873385032788,75.0,70.0,2.5,60.0,0.0,1.5,0.6602873385032788,0.27,Süper Lig,0.0,,,,,,,,,,,,,,,,,,,,,,,,,,,,,,,,,,,,,,,,,,,,,,,,,,,,,,,,,,,,,,,,,,,,,,,,,,,,,,,,,,,,,,,,,,,,,,,,,,,,,,,,,,,,,,,,,,,,,,,,,,,,,,,,,,,,,,,,,,,,,,,,,,,,,,,,,,,,,,,,,,,,,,,,,,,,,,,,,,,,,,,,,,,,,,,,,,,,,,,,,,,,,,,,,,,,,,,,,,,,,,,,,,,,,,,,,,,,,,,,,,,,,,,,,,,,,,,,,,,,,,,,,0.0,6.904761904761905,4.891304347826086,2.16,5.113397932822746,0.0,5.355467331122219,3.525652173913043
Tiago Djaló,Besiktas,DF,0.14,0.0,0.14,DF,False,True,Beşiktaş,Stoper,Pas Dağıtan Stoper (Sıkı Defans),Pas Dağıtan Stoper,Sıkı Defans,CB,1.492132729475271,0.719139945400875,7.029439173556797,48.69078423152013,58.12424766071187,0.0,0.0,,,0.0,0.0,0.0,6.8003713577826455,0.0,,,81.54655666292778,70.0,2.5,60.0,0.0,1.5,0.14,0.0,Süper Lig,0.0,,,,,,,,,,,,,,,,,,,,,,,,,,,,,,,,,,,,,,,,,,,,,,,,,,,,,,,,,,,,,,,,,,,,,,,,,,,,,,,,,,,,,,,,,,,,,,,,,,,,,,,,,,,,,,,,,,,,,,,,,,,,,,,,,,,,,,,,,,,,,,,,,,,,,,,,,,,,,,,,,,,,,,,,,,,,,,,,,,,,,,,,,,,,,,,,,,,,,,,,,,,,,,,,,,,,,,,,,,,,,,,,,,,,,,,,,,,,,,,,,,,,,,,,,,,,,,,,,,,,,,,,,5.326340203978019,7.352863003441753,8.718439374299656,0.0,0.9819444444444445,0.0,6.81536915782784,4.359219687149828
Gökhan Sazdağı,Besiktas,DF,0.0,0.0,0.0,DF,False,True,Beşiktaş,Sağ Bek,Çalışkan Kanat Oyuncusu (Savunma),Çalışkan Kanat Oyuncusu,Savunma,FB,1.0050809808710215,,0.0,48.90241814744616,50.0,1.5613464325277038,0.0,,,0.0,0.0,0.0,0.0,0.0,,,87.04965595477057,70.0,2.5,60.0,0.0,1.5,0.0,0.0,Süper Lig,0.0,,,,,,,,,,,,,,,,,,,,,,,,,,,,,,,,,,,,,,,,,,,,,,,,,,,,,,,,,,,,,,,,,,,,,,,,,,,,,,,,,,,,,,,,,,,,,,,,,,,,,,,,,,,,,,,,,,,,,,,,,,,,,,,,,,,,,,,,,,,,,,,,,,,,,,,,,,,,,,,,,,,,,,,,,,,,,,,,,,,,,,,,,,,,,,,,,,,,,,,,,,,,,,,,,,,,,,,,,,,,,,,,,,,,,,,,,,,,,,,,,,,,,,,,,,,,,,,,,,,,,,,,,0.893405316329797,6.826363201008059,5.677151475311124,0.6245385730110815,0.0,0.0,1.8300007698135548,3.150845024161103
David Jurásek,Besiktas,DF,0.0,0.0,0.0,DF,False,True,Beşiktaş,Sol Bek,Ofansif Bek (Hücum),Ofansif Bek,Hücum,FB,1.583323905655634,,0.0,64.6628812198245,50.0,6.573832443647065,0.0,,,2.723419339539736,0.0,0.0,0.0,0.0,,,85.6157927131305,70.0,2.5,60.0,0.0,1.5,0.0,0.0,Süper Lig,0.0,,,,,,,,,,,,,,,,,,,,,,,,,,,,,,,,,,,,,,,,,,,,,,,,,,,,,,,,,,,,,,,,,,,,,,,,,,,,,,,,,,,,,,,,,,,,,,,,,,,,,,,,,,,,,,,,,,,,,,,,,,,,,,,,,,,,,,,,,,,,,,,,,,,,,,,,,,,,,,,,,,,,,,,,,,,,,,,,,,,,,,,,,,,,,,,,,,,,,,,,,,,,,,,,,,,,,,,,,,,,,,,,,,,,,,,,,,,,,,,,,,,,,,,,,,,,,,,,,,,,,,,,,1.4073990272494528,7.952110563320797,5.583638655204163,2.0,1.361709669769868,0.0,2.6201013545673772,3.7918193276020813
Ohis Felix Uduokhai,Besiktas,DF,0.0,0.0,0.0,DF,False,True,Beşiktaş,,Merkez Orta Saha,Merkez Orta Saha,,MID,0.0,,0.0,50.0,50.0,0.0,1.26315978659408,0.0616697161304057,0.0985324194452254,1.5403810463414092,3.46653966044927,1.5714899536024962,6.352634831346921,8.37801491112672,,,88.37590706229769,70.0,2.5,60.0,0.0,1.5,0.0,0.0985324194452254,Süper Lig,0.0,,,,,,,,,,,,,,,,,,,,,,,,,,,,,,,,,,,,,,,,,,,,,,,,,,,,,,,,,,,,,,,,,,,,,,,,,,,,,,,,,,,,,,,,,,,,,,,,,,,,,,,,,,,,,,,,,,,,,,,,,,,,,,,,,,,,,,,,,,,,,,,,,,,,,,,,,,,,,,,,,,,,,,,,,,,,,,,,,,,,,,,,,,,,,,,,,,,,,,,,,,,,,,,,,,,,,,,,,,,,,,,,,,,,,,,,,,,,,,,,,,,,,,,,,,,,,,,,,,,,,,,,,2.0,6.904761904761905,8.939963528432006,4.394129677780902,1.3315948727680735,0.0,5.559713777743704,6.667046603106455
Rıdvan Yılmaz,Besiktas,DF,0.0,0.0,0.0,DF,False,True,Beşiktaş,Sol Bek,Standart Bek (Hücum),Standart Bek,Hücum,FB,1.1507673212898473,,0.0,55.14437048392218,50.0,4.176100757081184,0.0,,,0.0,0.0,0.0,0.0,0.0,,,81.91186457024892,70.0,2.5,60.0,0.0,1.5,0.0,0.0,Süper Lig,0.0,,,,,,,,,,,,,,,,,,,,,,,,,,,,,,,,,,,,,,,,,,,,,,,,,,,,,,,,,,,,,,,,,,,,,,,,,,,,,,,,,,,,,,,,,,,,,,,,,,,,,,,,,,,,,,,,,,,,,,,,,,,,,,,,,,,,,,,,,,,,,,,,,,,,,,,,,,,,,,,,,,,,,,,,,,,,,,,,,,,,,,,,,,,,,,,,,,,,,,,,,,,,,,,,,,,,,,,,,,,,,,,,,,,,,,,,,,,,,,,,,,,,,,,,,,,,,,,,,,,,,,,,,1.0229042855909753,7.272216939327775,5.342078124146669,1.670440302832474,0.0,0.0,2.092377693284153,3.5062592134895714
Gabriel Paulista,Besiktas,DF,0.0,0.2,0.2,DF,False,True,Beşiktaş,Stoper,Standart Stoper (Durdurucu),Standart Stoper,Durdurucu,CB,1.6682799299900977,1.638310401014096,5.726568219974745,65.39625245130541,73.29238882225991,0.0,0.0,,,0.0,0.0,0.0,3.959918735503527,0.0,,,84.79290162280007,70.0,2.5,60.0,0.0,1.5,0.0,0.2,Süper Lig,0.0,,,,,,,,,,,,,,,,,,,,,,,,,,,,,,,,,,,,,,,,,,,,,,,,,,,,,,,,,,,,,,,,,,,,,,,,,,,,,,,,,,,,,,,,,,,,,,,,,,,,,,,,,,,,,,,,,,,,,,,,,,,,,,,,,,,,,,,,,,,,,,,,,,,,,,,,,,,,,,,,,,,,,,,,,,,,,,,,,,,,,,,,,,,,,,,,,,,,,,,,,,,,,,,,,,,,,,,,,,,,,,,,,,,,,,,,,,,,,,,,,,,,,,,,,,,,,,,,,,,,,,,,,5.300627639974361,9.557320144196286,7.509931212716986,1.6000000000000003,0.0,0.0,7.445165356211657,4.554965606358493
Ersin Destanoğlu,Besiktas,GK,0.0,0.0,0.0,GK,False,False,Beşiktaş,Kaleci,Kaleci (Savunma),Kaleci,Savunma,GK,0.0,,0.0,50.0,50.0,0.0,0.0,,,0.0,0.0,0.0,0.0,0.0,,,75.0,67.02230023486418,2.7763399448000508,77.26206851751186,0.6822032461394687,0.7173423081368346,0.0,0.0,Süper Lig,0.0,,,,,,,,,,,,,,,,,,,,,,,,,,,,,,,,,,,,,,,,,,,,,,,,,,,,,,,,,,,,,,,,,,,,,,,,,,,,,,,,,,,,,,,,,,,,,,,,,,,,,,,,,,,,,,,,,,,,,,,,,,,,,,,,,,,,,,,,,,,,,,,,,,,,,,,,,,,,,,,,,,,,,,,,,,,,,,,,,,,,,,,,,,,,,,,,,,,,,,,,,,,,,,,,,,,,,,,,,,,,,,,,,,,,,,,,,,,,,,,,,,,,,,,,,,,,,,,,,,,,,,,,,0.0,6.904761904761905,4.891304347826086,0.0,0.0,6.940472090987971,6.940472090987971,2.445652173913043
Cengiz Ünder,Besiktas,MF,0.525,0.26,0.785,MF,True,True,Beşiktaş,Sağ Kanat,İçe Kat Eden Oyuncu (Hücum),İçe Kat Eden Oyuncu,Hücum,WING,0.0,,0.0,50.0,50.0,7.606864902823554,2.6711215398251054,0.0140238381945519,0.1376195905185041,4.517920861271849,0.0,0.0,0.0,0.0,,,75.0,70.0,2.5,60.0,0.0,1.5,0.525,0.1376195905185041,Süper Lig,0.0,,,,,,,,,,,,,,,,,,,,,,,,,,,,,,,,,,,,,,,,,,,,,,,,,,,,,,,,,,,,,,,,,,,,,,,,,,,,,,,,,,,,,,,,,,,,,,,,,,,,,,,,,,,,,,,,,,,,,,,,,,,,,,,,,,,,,,,,,,,,,,,,,,,,,,,,,,,,,,,,,,,,,,,,,,,,,,,,,,,,,,,,,,,,,,,,,,,,,,,,,,,,,,,,,,,,,,,,,,,,,,,,,,,,,,,,,,,,,,,,,,,,,,,,,,,,,,,,,,,,,,,,,0.0,6.904761904761905,4.891304347826086,3.5904783620740166,6.869456795477824,0.0,5.561395933044709,4.240891354950051
Jonas Svensson,Besiktas,DF,0.0,0.0,0.0,DF,False,True,Beşiktaş,Sağ Bek,Standart Bek (Destek),Standart Bek,Destek,FB,1.4192587637817282,,0.0,45.930669793399865,50.0,3.480291023714054,0.0,,,0.0,0.0,0.0,0.0,0.0,,,83.75311153427648,70.0,2.5,60.0,0.0,1.5,0.0,0.0,Süper Lig,0.0,,,,,,,,,,,,,,,,,,,,,,,,,,,,,,,,,,,,,,,,,,,,,,,,,,,,,,,,,,,,,,,,,,,,,,,,,,,,,,,,,,,,,,,,,,,,,,,,,,,,,,,,,,,,,,,,,,,,,,,,,,,,,,,,,,,,,,,,,,,,,,,,,,,,,,,,,,,,,,,,,,,,,,,,,,,,,,,,,,,,,,,,,,,,,,,,,,,,,,,,,,,,,,,,,,,,,,,,,,,,,,,,,,,,,,,,,,,,,,,,,,,,,,,,,,,,,,,,,,,,,,,,,1.2615633455837585,6.614095461433323,5.462159447887597,1.3921164094856218,0.0,0.0,2.0985656212135253,3.4271379286866095
Milot Rashica,Besiktas,MF,0.0,0.25,0.25,MF,True,True,Beşiktaş,Sağ Kanat,Çalışkan Kanat Oyuncusu (Destek),Çalışkan Kanat Oyuncusu,Destek,WING,0.0,,0.0,50.0,50.0,2.73118162670106,1.694141909130544,0.2414115226004484,0.3420414376440454,4.517920861271849,0.0,0.0,0.0,0.0,,,75.0,70.0,2.5,60.0,0.0,1.5,0.0,0.3420414376440454,Süper Lig,0.0,,,,,,,,,,,,,,,,,,,,,,,,,,,,,,,,,,,,,,,,,,,,,,,,,,,,,,,,,,,,,,,,,,,,,,,,,,,,,,,,,,,,,,,,,,,,,,,,,,,,,,,,,,,,,,,,,,,,,,,,,,,,,,,,,,,,,,,,,,,,,,,,,,,,,,,,,,,,,,,,,,,,,,,,,,,,,,,,,,,,,,,,,,,,,,,,,,,,,,,,,,,,,,,,,,,,,,,,,,,,,,,,,,,,,,,,,,,,,,,,,,,,,,,,,,,,,,,,,,,,,,,,,0.0,6.904761904761905,4.891304347826086,3.4606384012566056,2.7529519596135756,0.0,3.451207530785621,4.175971374541346
Salih Uçan,Besiktas,MF,0.0,0.0,0.0,MF,True,True,Beşiktaş,Merkez Orta Saha,Oyun Kurucu (Destek),Oyun Kurucu,Destek,MID,0.0,,0.0,50.0,50.0,0.0,2.1637087360201126,0.1816154287782512,0.3054638438481448,3.456739649491537,3.551044003359686,1.1925742157196786,5.157094606091881,3.1135117261813545,,,79.85910373372131,70.0,2.5,60.0,0.0,1.5,0.0,0.3054638438481448,Süper Lig,0.0,,,,,,,,,,,,,,,,,,,,,,,,,,,,,,,,,,,,,,,,,,,,,,,,,,,,,,,,,,,,,,,,,,,,,,,,,,,,,,,,,,,,,,,,,,,,,,,,,,,,,,,,,,,,,,,,,,,,,,,,,,,,,,,,,,,,,,,,,,,,,,,,,,,,,,,,,,,,,,,,,,,,,,,,,,,,,,,,,,,,,,,,,,,,,,,,,,,,,,,,,,,,,,,,,,,,,,,,,,,,,,,,,,,,,,,,,,,,,,,,,,,,,,,,,,,,,,,,,,,,,,,,,0.7783779315453387,6.904761904761905,7.786749720462549,5.221855375392579,2.6900181518658184,0.0,5.172936233040593,6.504302547927564
Devrim Şahin,Besiktas,MF,0.0,0.0,0.0,MF,True,True,Beşiktaş,,Merkez Orta Saha,Merkez Orta Saha,,MID,0.0,,0.0,50.0,50.0,0.0,2.2900485591358235,0.2459098104948692,0.0394031366441779,1.905201817050616,1.6359821640959742,1.881491781644864,4.662520332079909,3.5130511851268085,,,78.99284202741828,70.0,2.5,60.0,0.0,1.5,0.0,0.0394031366441779,Süper Lig,0.0,,,,,,,,,,,,,,,,,,,,,,,,,,,,,,,,,,,,,,,,,,,,,,,,,,,,,,,,,,,,,,,,,,,,,,,,,,,,,,,,,,,,,,,,,,,,,,,,,,,,,,,,,,,,,,,,,,,,,,,,,,,,,,,,,,,,,,,,,,,,,,,,,,,,,,,,,,,,,,,,,,,,,,,,,,,,,,,,,,,,,,,,,,,,,,,,,,,,,,,,,,,,,,,,,,,,,,,,,,,,,,,,,,,,,,,,,,,,,,,,,,,,,,,,,,,,,,,,,,,,,,,,,0.8782627962817022,6.904761904761905,7.482967254784625,3.2482673226406944,1.9704002681412298,0.0,4.628564819617232,5.365617288712659
Demir Ege Tıknaz,Besiktas,MF,0.0,0.4025,0.46,MF,True,True,Beşiktaş,Ön Libero,Defansif Oyun Kurucu (Destek),Defansif Oyun Kurucu,Destek,DM,0.0,,0.0,50.0,50.0,0.0,1.1421848965357082,0.0247945248968039,0.2462900921112785,3.214067849933663,2.972060446510386,1.541893140879928,2.576973210894587,4.247317530876164,,,83.81445594096013,70.0,2.5,60.0,0.0,1.5,0.0,0.2462900921112785,Süper Lig,0.0,,,,,,,,,,,,,,,,,,,,,,,,,,,,,,,,,,,,,,,,,,,,,,,,,,,,,,,,,,,,,,,,,,,,,,,,,,,,,,,,,,,,,,,,,,,,,,,,,,,,,,,,,,,,,,,,,,,,,,,,,,,,,,,,,,,,,,,,,,,,,,,,,,,,,,,,,,,,,,,,,,,,,,,,,,,,,,,,,,,,,,,,,,,,,,,,,,,,,,,,,,,,,,,,,,,,,,,,,,,,,,,,,,,,,,,,,,,,,,,,,,,,,,,,,,,,,,,,,,,,,,,,,1.0618293827190413,6.904761904761905,6.754646775509911,6.576533999452039,2.1146716567604797,0.0,4.522554357169161,6.665590387480975
Kartal Yılmaz,Besiktas,MF,0.0,0.0,0.0,MF,True,True,Beşiktaş,,Merkez Orta Saha,Merkez Orta Saha,,MID,0.0,,0.0,50.0,50.0,0.0,0.8974281738464124,0.100373578965322,0.1892444668257186,1.4208774359059326,2.416845412488945,1.5934715924837246,5.028189446617057,3.1591932232429185,,,81.62903413534244,70.0,2.5,60.0,0.0,1.5,0.0,0.1892444668257186,Süper Lig,0.0,,,,,,,,,,,,,,,,,,,,,,,,,,,,,,,,,,,,,,,,,,,,,,,,,,,,,,,,,,,,,,,,,,,,,,,,,,,,,,,,,,,,,,,,,,,,,,,,,,,,,,,,,,,,,,,,,,,,,,,,,,,,,,,,,,,,,,,,,,,,,,,,,,,,,,,,,,,,,,,,,,,,,,,,,,,,,,,,,,,,,,,,,,,,,,,,,,,,,,,,,,,,,,,,,,,,,,,,,,,,,,,,,,,,,,,,,,,,,,,,,,,,,,,,,,,,,,,,,,,,,,,,,0.7897983058107296,6.904761904761905,7.837727384309122,4.368208142295505,1.1092956841069275,0.0,4.975123934294315,6.102967763302313
João Mário,Besiktas,MF,0.0,0.0,0.0,MF,True,True,Beşiktaş,,Merkez Orta Saha,Merkez Orta Saha,,MID,0.0,,0.0,50.0,50.0,0.0,2.03910358201211,0.2000177421747898,0.0337870645684042,1.3753827008677249,3.640470213764455,1.792536355681018,2.586019528401167,4.088612610538783,,,84.76090037380625,70.0,2.5,60.0,0.0,1.5,0.0,0.0337870645684042,Süper Lig,0.0,,,,,,,,,,,,,,,,,,,,,,,,,,,,,,,,,,,,,,,,,,,,,,,,,,,,,,,,,,,,,,,,,,,,,,,,,,,,,,,,,,,,,,,,,,,,,,,,,,,,,,,,,,,,,,,,,,,,,,,,,,,,,,,,,,,,,,,,,,,,,,,,,,,,,,,,,,,,,,,,,,,,,,,,,,,,,,,,,,,,,,,,,,,,,,,,,,,,,,,,,,,,,,,,,,,,,,,,,,,,,,,,,,,,,,,,,,,,,,,,,,,,,,,,,,,,,,,,,,,,,,,,,1.0221531526346959,6.904761904761905,6.820894571187948,4.135148258273617,1.5939596091059114,0.0,4.720739471714541,5.478021414730782
Taylan Bulut,Besiktas,DF,0.0,0.0,0.0,DF,False,True,Beşiktaş,Sağ Bek,Standart Bek (Hücum),Standart Bek,Hücum,FB,1.6558093604532569,,0.0,43.10986083203685,50.0,3.133844367905286,0.0,,,0.0,0.0,0.0,0.0,0.0,,,86.91499133648213,70.0,2.5,60.0,0.0,1.5,0.0,0.0,Süper Lig,0.0,,,,,,,,,,,,,,,,,,,,,,,,,,,,,,,,,,,,,,,,,,,,,,,,,,,,,,,,,,,,,,,,,,,,,,,,,,,,,,,,,,,,,,,,,,,,,,,,,,,,,,,,,,,,,,,,,,,,,,,,,,,,,,,,,,,,,,,,,,,,,,,,,,,,,,,,,,,,,,,,,,,,,,,,,,,,,,,,,,,,,,,,,,,,,,,,,,,,,,,,,,,,,,,,,,,,,,,,,,,,,,,,,,,,,,,,,,,,,,,,,,,,,,,,,,,,,,,,,,,,,,,,,1.4718305426251175,6.412609107050251,5.668369000205357,1.2535377471621145,0.0,0.0,2.161111209856253,3.4609533736837355
Necip Uysal,Besiktas,MF,0.0,0.0,0.0,MF,True,True,Beşiktaş,Ön Libero,Savaşçı Orta Saha (Savunma),Savaşçı Orta Saha,Savunma,DM,2.60882733047546,1.7641792919562616,0.0,50.0,50.0,0.0,0.9770926746510858,0.0510089086572247,0.0846628398905936,0.926837998108643,0.0,0.0,0.0,8.534722121933699,,,75.0,70.0,2.5,60.0,0.0,1.5,0.0,0.0846628398905936,Süper Lig,0.0,,,,,,,,,,,,,,,,,,,,,,,,,,,,,,,,,,,,,,,,,,,,,,,,,,,,,,,,,,,,,,,,,,,,,,,,,,,,,,,,,,,,,,,,,,,,,,,,,,,,,,,,,,,,,,,,,,,,,,,,,,,,,,,,,,,,,,,,,,,,,,,,,,,,,,,,,,,,,,,,,,,,,,,,,,,,,,,,,,,,,,,,,,,,,,,,,,,,,,,,,,,,,,,,,,,,,,,,,,,,,,,,,,,,,,,,,,,,,,,,,,,,,,,,,,,,,,,,,,,,,,,,,4.318957627089298,6.904761904761905,4.891304347826086,0.3386513595623744,0.8976824100103598,0.0,5.266402926612116,2.61497785369423
Ernest Muçi,Besiktas,MF,0.0,0.0,0.0,MF,True,True,Beşiktaş,On Numara,Ofansif Orta Saha (Hücum),Ofansif Orta Saha,Hücum,AM,0.0,,0.0,50.0,50.0,0.0,2.127490068878725,0.1387712373255715,0.0166754062591058,2.55950042851489,1.6472220375293625,0.9111073840132864,3.68603287782876,5.528547303554988,,,87.6456586858017,70.0,2.5,60.0,0.0,1.5,0.0,0.0166754062591058,Süper Lig,0.0,,,,,,,,,,,,,,,,,,,,,,,,,,,,,,,,,,,,,,,,,,,,,,,,,,,,,,,,,,,,,,,,,,,,,,,,,,,,,,,,,,,,,,,,,,,,,,,,,,,,,,,,,,,,,,,,,,,,,,,,,,,,,,,,,,,,,,,,,,,,,,,,,,,,,,,,,,,,,,,,,,,,,,,,,,,,,,,,,,,,,,,,,,,,,,,,,,,,,,,,,,,,,,,,,,,,,,,,,,,,,,,,,,,,,,,,,,,,,,,,,,,,,,,,,,,,,,,,,,,,,,,,,1.382136825888747,6.904761904761905,7.559037657553621,3.1648496500559986,2.2253013559813226,0.0,3.7618227633331207,5.3619436538048095
Jota Silva,Besiktas,FW,0.525,0.0,0.6179999999999995,FW,True,False,Beşiktaş,Sağ Kanat,Kanat Oyuncusu (Hücum),Kanat Oyuncusu,Hücum,WING,0.0,,0.0,50.0,50.0,6.038001667928902,2.507281861499129,0.2459098104948692,0.1357460012713556,3.923055379893841,0.0,0.0,0.0,0.0,,,75.0,70.0,2.5,60.0,0.0,1.5,0.525,0.1357460012713556,Süper Lig,0.0,,,,,,,,,,,,,,,,,,,,,,,,,,,,,,,,,,,,,,,,,,,,,,,,,,,,,,,,,,,,,,,,,,,,,,,,,,,,,,,,,,,,,,,,,,,,,,,,,,,,,,,,,,,,,,,,,,,,,,,,,,,,,,,,,,,,,,,,,,,,,,,,,,,,,,,,,,,,,,,,,,,,,,,,,,,,,,,,,,,,,,,,,,,,,,,,,,,,,,,,,,,,,,,,,,,,,,,,,,,,,,,,,,,,,,,,,,,,,,,,,,,,,,,,,,,,,,,,,,,,,,,,,0.0,6.904761904761905,4.891304347826086,2.5429840050854224,6.7581668506131995,0.0,5.08675321781696,3.7171441764557542
Mustafa Hekimoğlu,Besiktas,FW,0.0,0.0,0.0,FW,True,False,Beşiktaş,Santrafor,Fırsatçı Golcü,Fırsatçı Golcü,,FWD,0.0,,0.0,50.0,50.0,0.0,4.6893127695543,,,0.0,0.0,0.0,0.0,0.0,4.152821844135359,0.7109810783012374,75.0,70.0,2.5,60.0,0.0,1.5,0.7109810783012374,0.0,Süper Lig,0.0,,,,,,,,,,,,,,,,,,,,,,,,,,,,,,,,,,,,,,,,,,,,,,,,,,,,,,,,,,,,,,,,,,,,,,,,,,,,,,,,,,,,,,,,,,,,,,,,,,,,,,,,,,,,,,,,,,,,,,,,,,,,,,,,,,,,,,,,,,,,,,,,,,,,,,,,,,,,,,,,,,,,,,,,,,,,,,,,,,,,,,,,,,,,,,,,,,,,,,,,,,,,,,,,,,,,,,,,,,,,,,,,,,,,,,,,,,,,,,,,,,,,,,,,,,,,,,,,,,,,,,,,,0.0,6.904761904761905,4.891304347826086,0.0,4.221815869691366,0.0,4.604518093243391,2.445652173913043
Serkan Terzi,Besiktas,DF,0.0,0.0,0.0,DF,False,True,Beşiktaş,,Merkez Orta Saha,Merkez Orta Saha,,MID,0.0,,0.0,50.0,50.0,0.0,1.289850332662402,0.1832678240074187,0.164068787912577,1.795021128054155,3.0334396009301328,1.7106063558000546,2.7142098240716592,8.356030266461849,,,79.64578185783292,70.0,2.5,60.0,0.0,1.5,0.0,0.164068787912577,Süper Lig,0.0,,,,,,,,,,,,,,,,,,,,,,,,,,,,,,,,,,,,,,,,,,,,,,,,,,,,,,,,,,,,,,,,,,,,,,,,,,,,,,,,,,,,,,,,,,,,,,,,,,,,,,,,,,,,,,,,,,,,,,,,,,,,,,,,,,,,,,,,,,,,,,,,,,,,,,,,,,,,,,,,,,,,,,,,,,,,,,,,,,,,,,,,,,,,,,,,,,,,,,,,,,,,,,,,,,,,,,,,,,,,,,,,,,,,,,,,,,,,,,,,,,,,,,,,,,,,,,,,,,,,,,,,,2.0,6.904761904761905,6.551395033198846,4.656275151650308,1.4707773785437006,0.0,5.0281080224027646,5.603835092424577
Tayyib Talha Sanuç,Besiktas,DF,0.0,0.0,0.0,DF,False,True,Beşiktaş,,Merkez Orta Saha,Merkez Orta Saha,,MID,0.0,,0.0,50.0,50.0,0.0,1.801854788512088,0.1539963625650447,0.1054428412660001,3.1337672745670204,2.823256366758168,0.7928609044347381,5.4603682351218445,7.904661370430645,,,84.96838901465142,70.0,2.5,60.0,0.0,1.5,0.0,0.1054428412660001,Süper Lig,0.0,,,,,,,,,,,,,,,,,,,,,,,,,,,,,,,,,,,,,,,,,,,,,,,,,,,,,,,,,,,,,,,,,,,,,,,,,,,,,,,,,,,,,,,,,,,,,,,,,,,,,,,,,,,,,,,,,,,,,,,,,,,,,,,,,,,,,,,,,,,,,,,,,,,,,,,,,,,,,,,,,,,,,,,,,,,,,,,,,,,,,,,,,,,,,,,,,,,,,,,,,,,,,,,,,,,,,,,,,,,,,,,,,,,,,,,,,,,,,,,,,,,,,,,,,,,,,,,,,,,,,,,,,1.9761653426076613,6.904761904761905,8.271600792429494,4.303942276236113,2.3677079877333274,0.0,5.364117579008793,6.287771534332803
Keny Arroyo,Besiktas,MF,0.0,0.0,0.0,MF,True,True,Beşiktaş,,Merkez Orta Saha,Merkez Orta Saha,,MID,0.0,,0.0,50.0,50.0,0.0,0.6006241590528032,0.047006183653854,0.2094251195042155,2.0776667480672044,1.8859044327154983,1.0180129283673318,3.031260569180763,5.050904110187256,,,84.06610512467837,70.0,2.5,60.0,0.0,1.5,0.0,0.2094251195042155,Süper Lig,0.0,,,,,,,,,,,,,,,,,,,,,,,,,,,,,,,,,,,,,,,,,,,,,,,,,,,,,,,,,,,,,,,,,,,,,,,,,,,,,,,,,,,,,,,,,,,,,,,,,,,,,,,,,,,,,,,,,,,,,,,,,,,,,,,,,,,,,,,,,,,,,,,,,,,,,,,,,,,,,,,,,,,,,,,,,,,,,,,,,,,,,,,,,,,,,,,,,,,,,,,,,,,,,,,,,,,,,,,,,,,,,,,,,,,,,,,,,,,,,,,,,,,,,,,,,,,,,,,,,,,,,,,,,1.2627260275468142,6.904761904761905,6.998202357938971,4.0949700998271945,1.305777444723737,0.0,4.815165097518721,5.546586228883083
Emre Bilgin,Besiktas,GK,0.0,0.0,0.0,GK,False,False,Beşiktaş,Kaleci,Kaleci (Savunma),Kaleci,Savunma,GK,0.0,,0.0,50.0,50.0,0.0,0.0,,,0.0,0.0,0.0,0.0,0.0,,,75.0,69.1614515559209,3.9875668530619457,72.46596253655116,0.3119420353316215,1.2341791404163445,0.0,0.0,Süper Lig,0.0,,,,,,,,,,,,,,,,,,,,,,,,,,,,,,,,,,,,,,,,,,,,,,,,,,,,,,,,,,,,,,,,,,,,,,,,,,,,,,,,,,,,,,,,,,,,,,,,,,,,,,,,,,,,,,,,,,,,,,,,,,,,,,,,,,,,,,,,,,,,,,,,,,,,,,,,,,,,,,,,,,,,,,,,,,,,,,,,,,,,,,,,,,,,,,,,,,,,,,,,,,,,,,,,,,,,,,,,,,,,,,,,,,,,,,,,,,,,,,,,,,,,,,,,,,,,,,,,,,,,,,,,,0.0,6.904761904761905,4.891304347826086,0.0,0.0,6.45713783571259,6.45713783571259,2.445652173913043
Amir Hadžiahmetović,Besiktas,MF,0.0,0.0,0.0,MF,True,True,Beşiktaş,,Merkez Orta Saha,Merkez Orta Saha,,MID,0.0,,0.0,50.0,50.0,0.0,1.7101045818208034,0.0888461421714348,0.104033232698016,3.414122255369749,1.4098027109535178,1.003415681404764,3.95929686594013,4.556540600587755,,,79.7289454321584,70.0,2.5,60.0,0.0,1.5,0.0,0.104033232698016,Süper Lig,0.0,,,,,,,,,,,,,,,,,,,,,,,,,,,,,,,,,,,,,,,,,,,,,,,,,,,,,,,,,,,,,,,,,,,,,,,,,,,,,,,,,,,,,,,,,,,,,,,,,,,,,,,,,,,,,,,,,,,,,,,,,,,,,,,,,,,,,,,,,,,,,,,,,,,,,,,,,,,,,,,,,,,,,,,,,,,,,,,,,,,,,,,,,,,,,,,,,,,,,,,,,,,,,,,,,,,,,,,,,,,,,,,,,,,,,,,,,,,,,,,,,,,,,,,,,,,,,,,,,,,,,,,,,1.139135150146939,6.904761904761905,7.179362265502133,3.356001404761076,2.467107608494121,0.0,4.644815181293013,5.267681835131604
Emrecan Uzunhan,Besiktas,MF,0.0,0.0,0.0,MF,True,True,Beşiktaş,,Merkez Orta Saha,Merkez Orta Saha,,MID,0.0,,0.0,50.0,50.0,0.0,1.348712125348181,0.1959479461213493,0.1049716890274446,1.3009188923984272,2.9549192814318297,1.9276198799136048,6.478373888093893,5.278154449003601,,,85.48798182634779,70.0,2.5,60.0,0.0,1.5,0.0,0.1049716890274446,Süper Lig,0.0,,,,,,,,,,,,,,,,,,,,,,,,,,,,,,,,,,,,,,,,,,,,,,,,,,,,,,,,,,,,,,,,,,,,,,,,,,,,,,,,,,,,,,,,,,,,,,,,,,,,,,,,,,,,,,,,,,,,,,,,,,,,,,,,,,,,,,,,,,,,,,,,,,,,,,,,,,,,,,,,,,,,,,,,,,,,,,,,,,,,,,,,,,,,,,,,,,,,,,,,,,,,,,,,,,,,,,,,,,,,,,,,,,,,,,,,,,,,,,,,,,,,,,,,,,,,,,,,,,,,,,,,,1.3195386122509003,6.904761904761905,8.814490106634846,4.389832943730998,1.249887057465072,0.0,5.357155891844663,6.602161525182922
Opponent Total,Besiktas,NAN,0.0,0.4025,0.4025,NAN,False,False,Beşiktaş,,Merkez Orta Saha,Merkez Orta Saha,,MID,0.0,,0.0,50.0,50.0,0.0,1.6318777726684957,0.1385566285330041,0.2601176195560611,3.1452825534801496,3.215792374396992,1.7848058356218903,3.0215819169948515,6.541769655088847,,,81.28368501432927,70.0,2.5,60.0,0.0,1.5,0.0,0.2601176195560611,Süper Lig,0.0,,,,,,,,,,,,,,,,,,,,,,,,,,,,,,,,,,,,,,,,,,,,,,,,,,,,,,,,,,,,,,,,,,,,,,,,,,,,,,,,,,,,,,,,,,,,,,,,,,,,,,,,,,,,,,,,,,,,,,,,,,,,,,,,,,,,,,,,,,,,,,,,,,,,,,,,,,,,,,,,,,,,,,,,,,,,,,,,,,,,,,,,,,,,,,,,,,,,,,,,,,,,,,,,,,,,,,,,,,,,,,,,,,,,,,,,,,,,,,,,,,,,,,,,,,,,,,,,,,,,,,,,,1.635442413772212,6.904761904761905,6.81190085073629,6.650470478224245,2.2979202868149615,0.0,5.500643911873663,6.731185664480268
Robin Yalçın,Eyupspor,DF,0.0,0.0,0.0,DF,False,True,Eyüpspor,Stoper,Çakılı Stoper,Çakılı Stoper,,CB,1.8232574281892275,1.0238937812765443,8.983123806552001,65.8773412716911,60.22410620759054,0.0,0.0,,,0.0,0.0,0.0,2.122812387268361,0.0,,,80.01222428064284,70.0,2.5,60.0,0.0,1.5,0.0,0.0,Süper Lig,0.0,,,,,,,,,,,,,,,,,,,,,,,,,,,,,,,,,,,,,,,,,,,,,,,,,,,,,,,,,,,,,,,,,,,,,,,,,,,,,,,,,,,,,,,,,,,,,,,,,,,,,,,,,,,,,,,,,,,,,,,,,,,,,,,,,,,,,,,,,,,,,,,,,,,,,,,,,,,,,,,,,,,,,,,,,,,,,,,,,,,,,,,,,,,,,,,,,,,,,,,,,,,,,,,,,,,,,,,,,,,,,,,,,,,,,,,,,,,,,,,,,,,,,,,,,,,,,,,,,,,,,,,,,5.620673269501536,8.720464790388734,6.279594733676104,0.0,0.0,0.0,6.992374170691329,3.139797366838052
Kerem Demirbay,Eyupspor,MF,0.0,0.0,0.0,MF,True,True,Eyüpspor,Merkez Orta Saha,Regista,Regista,,MID,0.0,,0.0,50.0,50.0,0.0,0.7528298362642132,0.0140238381945519,0.0168499925924237,2.8968115025377026,3.850702420261574,1.9276198799136048,5.714701333155221,4.6083818449372576,,,86.25194557505331,70.0,2.5,60.0,0.0,1.5,0.0,0.0168499925924237,Süper Lig,0.0,,,,,,,,,,,,,,,,,,,,,,,,,,,,,,,,,,,,,,,,,,,,,,,,,,,,,,,,,,,,,,,,,,,,,,,,,,,,,,,,,,,,,,,,,,,,,,,,,,,,,,,,,,,,,,,,,,,,,,,,,,,,,,,,,,,,,,,,,,,,,,,,,,,,,,,,,,,,,,,,,,,,,,,,,,,,,,,,,,,,,,,,,,,,,,,,,,,,,,,,,,,,,,,,,,,,,,,,,,,,,,,,,,,,,,,,,,,,,,,,,,,,,,,,,,,,,,,,,,,,,,,,,1.1520954612343144,6.904761904761905,8.482477551907175,4.067399970369695,1.7829967896085017,0.0,5.151683722068272,6.274938761138435
Marcos Felipe,Eyupspor,GK,0.0,0.0,0.0,GK,False,False,Eyüpspor,Kaleci,Kaleci (Savunma),Kaleci,Savunma,GK,0.0,,0.0,50.0,50.0,0.0,0.0,,,0.0,0.0,0.0,0.0,0.0,,,75.0,56.126772645019386,2.9351332282682328,66.61796049705299,0.7355353990939868,1.8688032520732485,0.0,0.0,Süper Lig,0.0,,,,,,,,,,,,,,,,,,,,,,,,,,,,,,,,,,,,,,,,,,,,,,,,,,,,,,,,,,,,,,,,,,,,,,,,,,,,,,,,,,,,,,,,,,,,,,,,,,,,,,,,,,,,,,,,,,,,,,,,,,,,,,,,,,,,,,,,,,,,,,,,,,,,,,,,,,,,,,,,,,,,,,,,,,,,,,,,,,,,,,,,,,,,,,,,,,,,,,,,,,,,,,,,,,,,,,,,,,,,,,,,,,,,,,,,,,,,,,,,,,,,,,,,,,,,,,,,,,,,,,,,,0.0,6.904761904761905,4.891304347826086,0.0,0.0,4.042395005545634,4.042395005545634,2.445652173913043
Nihad Mujakić,Eyupspor,DF,0.0,0.0,0.0,DF,False,True,Eyüpspor,,Merkez Orta Saha,Merkez Orta Saha,,MID,0.0,,0.0,50.0,50.0,0.0,1.9474348643827823,0.1902476900070234,0.3160132483171955,2.8814889805389408,1.94688203129005,1.5517547923853896,4.539025319793895,6.744893447094804,,,83.85401182252815,70.0,2.5,60.0,0.0,1.5,0.0,0.3160132483171955,Süper Lig,0.0,,,,,,,,,,,,,,,,,,,,,,,,,,,,,,,,,,,,,,,,,,,,,,,,,,,,,,,,,,,,,,,,,,,,,,,,,,,,,,,,,,,,,,,,,,,,,,,,,,,,,,,,,,,,,,,,,,,,,,,,,,,,,,,,,,,,,,,,,,,,,,,,,,,,,,,,,,,,,,,,,,,,,,,,,,,,,,,,,,,,,,,,,,,,,,,,,,,,,,,,,,,,,,,,,,,,,,,,,,,,,,,,,,,,,,,,,,,,,,,,,,,,,,,,,,,,,,,,,,,,,,,,,1.686223361773701,6.904761904761905,7.738252561366174,4.561974347462149,2.3062710966618183,0.0,5.222803043840982,6.150113454414162
Luccas Claro,Eyupspor,DF,0.0,0.0,0.0,DF,False,True,Eyüpspor,Stoper,Standart Stoper (Durdurucu),Standart Stoper,Durdurucu,CB,3.294336567705979,1.123607501462118,4.682779719950144,51.13260024430112,77.92271976810694,0.0,0.0,,,0.0,0.0,0.0,2.111926441200673,0.0,,,81.8214585758169,70.0,2.5,60.0,0.0,1.5,0.0,0.0,Süper Lig,0.0,,,,,,,,,,,,,,,,,,,,,,,,,,,,,,,,,,,,,,,,,,,,,,,,,,,,,,,,,,,,,,,,,,,,,,,,,,,,,,,,,,,,,,,,,,,,,,,,,,,,,,,,,,,,,,,,,,,,,,,,,,,,,,,,,,,,,,,,,,,,,,,,,,,,,,,,,,,,,,,,,,,,,,,,,,,,,,,,,,,,,,,,,,,,,,,,,,,,,,,,,,,,,,,,,,,,,,,,,,,,,,,,,,,,,,,,,,,,,,,,,,,,,,,,,,,,,,,,,,,,,,,,,6.050152317927633,8.652328588878651,6.392145301631874,0.0,0.0,0.0,7.159421423048889,3.196072650815937
Serdar Gürler,Eyupspor,FW,0.0,0.0,0.0,MF,True,True,Eyüpspor,Sol Kanat,Kanat Oyuncusu (Destek),Kanat Oyuncusu,Destek,WING,0.0,,0.0,50.0,50.0,5.247871887168212,3.194459079109348,0.2459098104948692,0.3420414376440454,4.295620116433405,0.0,0.0,0.0,0.0,,,75.0,70.0,2.5,60.0,0.0,1.5,0.0,0.3420414376440454,Süper Lig,0.0,,,,,,,,,,,,,,,,,,,,,,,,,,,,,,,,,,,,,,,,,,,,,,,,,,,,,,,,,,,,,,,,,,,,,,,,,,,,,,,,,,,,,,,,,,,,,,,,,,,,,,,,,,,,,,,,,,,,,,,,,,,,,,,,,,,,,,,,,,,,,,,,,,,,,,,,,,,,,,,,,,,,,,,,,,,,,,,,,,,,,,,,,,,,,,,,,,,,,,,,,,,,,,,,,,,,,,,,,,,,,,,,,,,,,,,,,,,,,,,,,,,,,,,,,,,,,,,,,,,,,,,,,0.0,6.904761904761905,4.891304347826086,3.368165750576182,3.4197595907152656,0.0,3.7476222860642965,4.129735049201134
Lucas Calegari,Eyupspor,MF,0.0,0.12,0.12,DF,False,True,Eyüpspor,,Merkez Orta Saha,Merkez Orta Saha,,MID,0.0,,0.0,50.0,50.0,0.0,2.21187386284078,0.0140238381945519,0.2982923560369135,3.080914715915597,2.934497812066941,1.5905851424230852,4.09635830583011,5.456469913147442,,,78.98726789132475,70.0,2.5,60.0,0.0,1.5,0.0,0.2982923560369135,Süper Lig,0.0,,,,,,,,,,,,,,,,,,,,,,,,,,,,,,,,,,,,,,,,,,,,,,,,,,,,,,,,,,,,,,,,,,,,,,,,,,,,,,,,,,,,,,,,,,,,,,,,,,,,,,,,,,,,,,,,,,,,,,,,,,,,,,,,,,,,,,,,,,,,,,,,,,,,,,,,,,,,,,,,,,,,,,,,,,,,,,,,,,,,,,,,,,,,,,,,,,,,,,,,,,,,,,,,,,,,,,,,,,,,,,,,,,,,,,,,,,,,,,,,,,,,,,,,,,,,,,,,,,,,,,,,,1.3641174782868606,6.904761904761905,7.19952271104493,5.629501298858949,2.5235124081092564,0.0,5.274475848238161,6.4145120049519395
Yalçın Kayan,Eyupspor,MF,0.0,0.27,0.27,MF,True,True,Eyüpspor,Merkez Orta Saha,Standart Orta Saha (Destek),Standart Orta Saha,Destek,MID,0.0,,0.0,50.0,50.0,0.0,0.8551535801906289,0.186433445682808,0.2337316391292422,2.854764775546097,2.18539272283451,1.3431091916038569,2.0906202052286487,6.312283085111881,,,83.51500868656348,70.0,2.5,60.0,0.0,1.5,0.0,0.2337316391292422,Süper Lig,0.0,,,,,,,,,,,,,,,,,,,,,,,,,,,,,,,,,,,,,,,,,,,,,,,,,,,,,,,,,,,,,,,,,,,,,,,,,,,,,,,,,,,,,,,,,,,,,,,,,,,,,,,,,,,,,,,,,,,,,,,,,,,,,,,,,,,,,,,,,,,,,,,,,,,,,,,,,,,,,,,,,,,,,,,,,,,,,,,,,,,,,,,,,,,,,,,,,,,,,,,,,,,,,,,,,,,,,,,,,,,,,,,,,,,,,,,,,,,,,,,,,,,,,,,,,,,,,,,,,,,,,,,,,1.5780707712779705,6.904761904761905,6.491941103911943,5.471855038406642,1.8074506456355501,0.0,5.111657204589616,5.981898071159293
Mame Baba Thiam,Eyupspor,FW,0.24,0.0,0.24,FW,True,False,Eyüpspor,,Merkez Orta Saha,Merkez Orta Saha,,MID,0.0,,0.0,50.0,50.0,0.0,0.6010005665923397,0.0506201400413093,0.2076275495375845,2.490794868404822,3.139620649847853,1.9206360006627787,5.963790567864064,5.6167591748119,,,81.67756161651384,70.0,2.5,60.0,0.0,1.5,0.24,0.2076275495375845,Süper Lig,0.0,,,,,,,,,,,,,,,,,,,,,,,,,,,,,,,,,,,,,,,,,,,,,,,,,,,,,,,,,,,,,,,,,,,,,,,,,,,,,,,,,,,,,,,,,,,,,,,,,,,,,,,,,,,,,,,,,,,,,,,,,,,,,,,,,,,,,,,,,,,,,,,,,,,,,,,,,,,,,,,,,,,,,,,,,,,,,,,,,,,,,,,,,,,,,,,,,,,,,,,,,,,,,,,,,,,,,,,,,,,,,,,,,,,,,,,,,,,,,,,,,,,,,,,,,,,,,,,,,,,,,,,,,1.404189793702975,6.904761904761905,8.308692780661195,4.830510198150338,3.1958421304656732,0.0,5.362038669319103,6.569601489405766
Denis Drăguș,Eyupspor,FW,0.0,0.0,0.0,MF,True,True,Eyüpspor,Santrafor,Yaratıcı Forvet,Yaratıcı Forvet,,FWD,0.0,,0.0,50.0,50.0,0.0,2.3249185392266907,,,0.0,0.0,0.0,0.0,0.0,5.18699671303102,0.4207381555044375,75.0,70.0,2.5,60.0,0.0,1.5,0.4207381555044375,0.0,Süper Lig,0.0,,,,,,,,,,,,,,,,,,,,,,,,,,,,,,,,,,,,,,,,,,,,,,,,,,,,,,,,,,,,,,,,,,,,,,,,,,,,,,,,,,,,,,,,,,,,,,,,,,,,,,,,,,,,,,,,,,,,,,,,,,,,,,,,,,,,,,,,,,,,,,,,,,,,,,,,,,,,,,,,,,,,,,,,,,,,,,,,,,,,,,,,,,,,,,,,,,,,,,,,,,,,,,,,,,,,,,,,,,,,,,,,,,,,,,,,,,,,,,,,,,,,,,,,,,,,,,,,,,,,,,,,,0.0,6.904761904761905,4.891304347826086,0.0,2.348103864496563,0.0,3.4802908901265095,2.445652173913043
Svit Sešlar,Eyupspor,FW,0.17,0.17,0.35,MF,True,True,Eyüpspor,,Merkez Orta Saha,Merkez Orta Saha,,MID,0.0,,0.0,50.0,50.0,0.0,0.5420451568519457,0.239518370029845,0.3123058743488782,1.1543611697424463,1.5976458246821594,1.2443881293235424,2.3452295315729987,4.766794557251506,,,87.86857453422425,70.0,2.5,60.0,0.0,1.5,0.17,0.3123058743488782,Süper Lig,0.0,,,,,,,,,,,,,,,,,,,,,,,,,,,,,,,,,,,,,,,,,,,,,,,,,,,,,,,,,,,,,,,,,,,,,,,,,,,,,,,,,,,,,,,,,,,,,,,,,,,,,,,,,,,,,,,,,,,,,,,,,,,,,,,,,,,,,,,,,,,,,,,,,,,,,,,,,,,,,,,,,,,,,,,,,,,,,,,,,,,,,,,,,,,,,,,,,,,,,,,,,,,,,,,,,,,,,,,,,,,,,,,,,,,,,,,,,,,,,,,,,,,,,,,,,,,,,,,,,,,,,,,,,1.1916986393128766,6.904761904761905,6.9031739745402545,4.994320713850286,2.010450654583199,0.0,4.998488808116331,5.9487473441952705
Halil Akbunar,Eyupspor,FW,0.22,0.0,0.22,MF,True,True,Eyüpspor,Sağ Kanat,Çalışkan Kanat Oyuncusu (Destek),Çalışkan Kanat Oyuncusu,Destek,WING,0.0,,0.0,50.0,50.0,2.83096366856378,3.874354026758301,0.0481550315156356,0.1873609852536882,3.5164294542464147,0.0,0.0,0.0,0.0,,,75.0,70.0,2.5,60.0,0.0,1.5,0.22,0.1873609852536882,Süper Lig,0.0,,,,,,,,,,,,,,,,,,,,,,,,,,,,,,,,,,,,,,,,,,,,,,,,,,,,,,,,,,,,,,,,,,,,,,,,,,,,,,,,,,,,,,,,,,,,,,,,,,,,,,,,,,,,,,,,,,,,,,,,,,,,,,,,,,,,,,,,,,,,,,,,,,,,,,,,,,,,,,,,,,,,,,,,,,,,,,,,,,,,,,,,,,,,,,,,,,,,,,,,,,,,,,,,,,,,,,,,,,,,,,,,,,,,,,,,,,,,,,,,,,,,,,,,,,,,,,,,,,,,,,,,,0.0,6.904761904761905,4.891304347826086,1.881829408440265,5.023205405682452,0.0,3.954810656693523,3.3865668781331753
Umut Meraş,Eyupspor,MF,0.0,0.0,0.0,DF,False,True,Eyüpspor,Sol Bek,Standart Bek (Savunma),Standart Bek,Savunma,FB,1.973671208669921,,0.0,43.8214784796083,50.0,4.575570332203831,0.0,,,0.0,0.0,0.0,0.0,0.0,,,83.90134088038758,70.0,2.5,60.0,0.0,1.5,0.0,0.0,Süper Lig,0.0,,,,,,,,,,,,,,,,,,,,,,,,,,,,,,,,,,,,,,,,,,,,,,,,,,,,,,,,,,,,,,,,,,,,,,,,,,,,,,,,,,,,,,,,,,,,,,,,,,,,,,,,,,,,,,,,,,,,,,,,,,,,,,,,,,,,,,,,,,,,,,,,,,,,,,,,,,,,,,,,,,,,,,,,,,,,,,,,,,,,,,,,,,,,,,,,,,,,,,,,,,,,,,,,,,,,,,,,,,,,,,,,,,,,,,,,,,,,,,,,,,,,,,,,,,,,,,,,,,,,,,,,,1.7543744077065968,6.463438939019641,5.471826579155712,1.8302281328815324,0.0,0.0,2.355618686580037,3.651027356018622
Mateusz Łęgowski,Eyupspor,MF,0.0,0.26,0.26,MF,True,True,Eyüpspor,,Merkez Orta Saha,Merkez Orta Saha,,MID,0.0,,0.0,50.0,50.0,0.0,1.7481401509308587,0.0919851878255211,0.06486556283505,0.926837998108643,3.670645007908523,1.0707765648048415,4.371275104884768,8.667274854121318,,,78.68374472396842,70.0,2.5,60.0,0.0,1.5,0.0,0.06486556283505,Süper Lig,0.0,,,,,,,,,,,,,,,,,,,,,,,,,,,,,,,,,,,,,,,,,,,,,,,,,,,,,,,,,,,,,,,,,,,,,,,,,,,,,,,,,,,,,,,,,,,,,,,,,,,,,,,,,,,,,,,,,,,,,,,,,,,,,,,,,,,,,,,,,,,,,,,,,,,,,,,,,,,,,,,,,,,,,,,,,,,,,,,,,,,,,,,,,,,,,,,,,,,,,,,,,,,,,,,,,,,,,,,,,,,,,,,,,,,,,,,,,,,,,,,,,,,,,,,,,,,,,,,,,,,,,,,,,2.0,6.904761904761905,7.317186121396846,5.2994622513402,1.2403701772458144,0.0,5.380352569374738,6.308324186368523
Prince Obeng Ampem,Eyupspor,MF,0.23,0.0,0.23,MF,True,True,Eyüpspor,,Merkez Orta Saha,Merkez Orta Saha,,MID,0.0,,0.0,50.0,50.0,0.0,1.6748974757864397,0.0817329040845197,0.02763920676679,3.286289189102355,1.862228789396739,0.7445530053973866,4.80339147469475,7.581634764958565,,,83.02328729901996,70.0,2.5,60.0,0.0,1.5,0.23,0.02763920676679,Süper Lig,0.0,,,,,,,,,,,,,,,,,,,,,,,,,,,,,,,,,,,,,,,,,,,,,,,,,,,,,,,,,,,,,,,,,,,,,,,,,,,,,,,,,,,,,,,,,,,,,,,,,,,,,,,,,,,,,,,,,,,,,,,,,,,,,,,,,,,,,,,,,,,,,,,,,,,,,,,,,,,,,,,,,,,,,,,,,,,,,,,,,,,,,,,,,,,,,,,,,,,,,,,,,,,,,,,,,,,,,,,,,,,,,,,,,,,,,,,,,,,,,,,,,,,,,,,,,,,,,,,,,,,,,,,,,1.8954086912396415,6.904761904761905,7.81625795250085,3.352042686664986,4.000737917122929,0.0,4.992117808791845,5.584150319582918
Umut Bozok,Eyupspor,FW,0.34,0.0,0.34,FW,True,False,Eyüpspor,Santrafor,Fırsatçı Golcü,Fırsatçı Golcü,,FWD,0.0,,0.0,50.0,50.0,0.0,4.6893127695543,,,0.0,0.0,0.0,0.0,0.0,6.401584667212422,0.5922392987602934,75.0,70.0,2.5,60.0,0.0,1.5,0.5922392987602934,0.0,Süper Lig,0.0,,,,,,,,,,,,,,,,,,,,,,,,,,,,,,,,,,,,,,,,,,,,,,,,,,,,,,,,,,,,,,,,,,,,,,,,,,,,,,,,,,,,,,,,,,,,,,,,,,,,,,,,,,,,,,,,,,,,,,,,,,,,,,,,,,,,,,,,,,,,,,,,,,,,,,,,,,,,,,,,,,,,,,,,,,,,,,,,,,,,,,,,,,,,,,,,,,,,,,,,,,,,,,,,,,,,,,,,,,,,,,,,,,,,,,,,,,,,,,,,,,,,,,,,,,,,,,,,,,,,,,,,,0.0,6.904761904761905,4.891304347826086,0.0,5.172970030848139,0.0,5.175210589937455,2.445652173913043
Emre Akbaba,Eyupspor,MF,0.0,0.0,0.0,MF,True,True,Eyüpspor,On Numara,Gizli Forvet,Gizli Forvet,,AM,0.0,,0.0,50.0,50.0,0.0,1.548064566699547,0.0372220125831111,0.0838285594683383,2.464955849205993,2.1033579632684587,1.679308478391587,5.142132283072936,3.840679054598716,,,83.50117708957725,70.0,2.5,60.0,0.0,1.5,0.0,0.0838285594683383,Süper Lig,0.0,,,,,,,,,,,,,,,,,,,,,,,,,,,,,,,,,,,,,,,,,,,,,,,,,,,,,,,,,,,,,,,,,,,,,,,,,,,,,,,,,,,,,,,,,,,,,,,,,,,,,,,,,,,,,,,,,,,,,,,,,,,,,,,,,,,,,,,,,,,,,,,,,,,,,,,,,,,,,,,,,,,,,,,,,,,,,,,,,,,,,,,,,,,,,,,,,,,,,,,,,,,,,,,,,,,,,,,,,,,,,,,,,,,,,,,,,,,,,,,,,,,,,,,,,,,,,,,,,,,,,,,,,0.9601697636496791,6.904761904761905,8.016795082161073,3.737552880052326,1.9205066209139066,0.0,4.0482874427325495,5.877173981106699
Melih Kabasakal,Eyupspor,MF,0.0,0.0,0.0,MF,True,True,Eyüpspor,,Merkez Orta Saha,Merkez Orta Saha,,MID,0.0,,0.0,50.0,50.0,0.0,0.8870889018435484,0.0764010538725537,0.2781023975450665,2.9506506856356767,1.1742758562410494,1.601665898113387,5.443158146539378,8.210807855387477,,,86.70007291558943,70.0,2.5,60.0,0.0,1.5,0.0,0.2781023975450665,Süper Lig,0.0,,,,,,,,,,,,,,,,,,,,,,,,,,,,,,,,,,,,,,,,,,,,,,,,,,,,,,,,,,,,,,,,,,,,,,,,,,,,,,,,,,,,,,,,,,,,,,,,,,,,,,,,,,,,,,,,,,,,,,,,,,,,,,,,,,,,,,,,,,,,,,,,,,,,,,,,,,,,,,,,,,,,,,,,,,,,,,,,,,,,,,,,,,,,,,,,,,,,,,,,,,,,,,,,,,,,,,,,,,,,,,,,,,,,,,,,,,,,,,,,,,,,,,,,,,,,,,,,,,,,,,,,,2.0,6.904761904761905,8.375931654721175,3.8952601610076325,1.8695870769705267,0.0,5.293988430122678,6.135595907864404
Berke Özer,Eyupspor,GK,0.0,0.0,0.0,GK,False,False,Eyüpspor,,Merkez Orta Saha,Merkez Orta Saha,,MID,0.0,,0.0,50.0,50.0,0.0,1.2209025914015808,0.2191626904570501,0.0166754062591058,2.1001103490838853,1.3345366369638292,1.0765325577862024,3.266361917613575,5.924587189497082,,,84.89145090108254,70.0,2.5,60.0,0.0,1.5,0.0,0.0166754062591058,Süper Lig,0.0,,,,,,,,,,,,,,,,,,,,,,,,,,,,,,,,,,,,,,,,,,,,,,,,,,,,,,,,,,,,,,,,,,,,,,,,,,,,,,,,,,,,,,,,,,,,,,,,,,,,,,,,,,,,,,,,,,,,,,,,,,,,,,,,,,,,,,,,,,,,,,,,,,,,,,,,,,,,,,,,,,,,,,,,,,,,,,,,,,,,,,,,,,,,,,,,,,,,,,,,,,,,,,,,,,,,,,,,,,,,,,,,,,,,,,,,,,,,,,,,,,,,,,,,,,,,,,,,,,,,,,,,,1.4811467973742707,6.904761904761905,7.169579930616519,2.9563927163456425,1.592678548498201,0.0,4.627970337274585,5.062986323481081
Talha Ulvan,Eyupspor,DF,0.0,0.0,0.0,DF,False,True,Eyüpspor,,Merkez Orta Saha,Merkez Orta Saha,,MID,0.0,,0.0,50.0,50.0,0.0,1.6484003038909636,0.2459098104948692,0.2039823922792213,1.116732110198465,2.5475857081369844,0.5834547459142635,2.049893883292247,8.367313361364548,,,86.00654804633017,70.0,2.5,60.0,0.0,1.5,0.0,0.2039823922792213,Süper Lig,0.0,,,,,,,,,,,,,,,,,,,,,,,,,,,,,,,,,,,,,,,,,,,,,,,,,,,,,,,,,,,,,,,,,,,,,,,,,,,,,,,,,,,,,,,,,,,,,,,,,,,,,,,,,,,,,,,,,,,,,,,,,,,,,,,,,,,,,,,,,,,,,,,,,,,,,,,,,,,,,,,,,,,,,,,,,,,,,,,,,,,,,,,,,,,,,,,,,,,,,,,,,,,,,,,,,,,,,,,,,,,,,,,,,,,,,,,,,,,,,,,,,,,,,,,,,,,,,,,,,,,,,,,,,2.0,6.904761904761905,6.634069640319829,4.514320041208208,1.2909884123841053,0.0,5.013287896572486,5.574194840764019
Taras Stepanenko,Eyupspor,MF,0.0,0.0,0.0,MF,True,True,Eyüpspor,Ön Libero,Ön Libero (Çapa),Ön Libero,Çapa,DM,2.9279052650131794,,0.0,50.0,50.0,0.0,1.443210403604256,0.092077382626712,0.3420414376440454,1.1380016389468863,0.0,0.0,2.7143798066970586,7.799131535683891,,,75.0,70.0,2.5,60.0,0.0,1.5,0.0,0.3420414376440454,Süper Lig,0.0,,,,,,,,,,,,,,,,,,,,,,,,,,,,,,,,,,,,,,,,,,,,,,,,,,,,,,,,,,,,,,,,,,,,,,,,,,,,,,,,,,,,,,,,,,,,,,,,,,,,,,,,,,,,,,,,,,,,,,,,,,,,,,,,,,,,,,,,,,,,,,,,,,,,,,,,,,,,,,,,,,,,,,,,,,,,,,,,,,,,,,,,,,,,,,,,,,,,,,,,,,,,,,,,,,,,,,,,,,,,,,,,,,,,,,,,,,,,,,,,,,,,,,,,,,,,,,,,,,,,,,,,,4.552365341710466,6.904761904761905,6.248494251174615,1.3681657505761815,1.2104276655197792,0.0,5.766922983465142,3.808330000875398
Ilter Tashkin,Eyupspor,MF,0.0,0.0,0.0,MF,True,True,Eyüpspor,,Merkez Orta Saha,Merkez Orta Saha,,MID,0.0,,0.0,50.0,50.0,0.0,2.474349592451264,0.1121526577386356,0.2994936328431388,2.651026275518223,1.8027780301839145,1.758495991577016,5.617218311774559,5.551281026815401,,,87.32459142782108,70.0,2.5,60.0,0.0,1.5,0.0,0.2994936328431388,Süper Lig,0.0,,,,,,,,,,,,,,,,,,,,,,,,,,,,,,,,,,,,,,,,,,,,,,,,,,,,,,,,,,,,,,,,,,,,,,,,,,,,,,,,,,,,,,,,,,,,,,,,,,,,,,,,,,,,,,,,,,,,,,,,,,,,,,,,,,,,,,,,,,,,,,,,,,,,,,,,,,,,,,,,,,,,,,,,,,,,,,,,,,,,,,,,,,,,,,,,,,,,,,,,,,,,,,,,,,,,,,,,,,,,,,,,,,,,,,,,,,,,,,,,,,,,,,,,,,,,,,,,,,,,,,,,,1.3878202567038502,6.904761904761905,8.503691205527783,4.399826551495165,2.4252240677374513,0.0,5.2990249796221764,6.451758878511474
Emir Ortakaya,Eyupspor,DF,0.0,0.0,0.0,DF,False,True,Eyüpspor,Stoper,Pas Dağıtan Stoper (Sıkı Defans),Pas Dağıtan Stoper,Sıkı Defans,CB,1.101475893971669,0.8054897217790842,6.121846205422759,66.12329413616686,72.12476083481245,0.0,0.0,,,0.0,0.0,0.0,6.8003713577826455,0.0,,,81.53655006749327,70.0,2.5,60.0,0.0,1.5,0.0,0.0,Süper Lig,0.0,,,,,,,,,,,,,,,,,,,,,,,,,,,,,,,,,,,,,,,,,,,,,,,,,,,,,,,,,,,,,,,,,,,,,,,,,,,,,,,,,,,,,,,,,,,,,,,,,,,,,,,,,,,,,,,,,,,,,,,,,,,,,,,,,,,,,,,,,,,,,,,,,,,,,,,,,,,,,,,,,,,,,,,,,,,,,,,,,,,,,,,,,,,,,,,,,,,,,,,,,,,,,,,,,,,,,,,,,,,,,,,,,,,,,,,,,,,,,,,,,,,,,,,,,,,,,,,,,,,,,,,,,4.979089683530373,9.53140982728513,8.71778677024958,0.0,0.0,0.0,7.5477571583761165,4.35889338512479
Metehan Altunbaş,Eyupspor,FW,0.0,0.0,0.0,FW,True,False,Eyüpspor,,Merkez Orta Saha,Merkez Orta Saha,,MID,0.0,,0.0,50.0,50.0,0.0,0.6865234803691396,0.1805177345506842,0.1825059911652563,1.9618259162285487,3.506440677226584,0.5834547459142635,4.678282996737893,3.134815849920704,,,88.34643568389826,70.0,2.5,60.0,0.0,1.5,0.0,0.1825059911652563,Süper Lig,0.0,,,,,,,,,,,,,,,,,,,,,,,,,,,,,,,,,,,,,,,,,,,,,,,,,,,,,,,,,,,,,,,,,,,,,,,,,,,,,,,,,,,,,,,,,,,,,,,,,,,,,,,,,,,,,,,,,,,,,,,,,,,,,,,,,,,,,,,,,,,,,,,,,,,,,,,,,,,,,,,,,,,,,,,,,,,,,,,,,,,,,,,,,,,,,,,,,,,,,,,,,,,,,,,,,,,,,,,,,,,,,,,,,,,,,,,,,,,,,,,,,,,,,,,,,,,,,,,,,,,,,,,,,0.7837039624801762,6.904761904761905,8.100865564710137,4.730023964661026,1.286034504945003,0.0,5.129838849153311,6.4154447646855814
Mete-Kaan Demir,Eyupspor,FW,0.0,0.0,0.0,FW,True,False,Eyüpspor,,Merkez Orta Saha,Merkez Orta Saha,,MID,0.0,,0.0,50.0,50.0,0.0,1.859803563499947,0.2215489451162686,0.0222743182503248,1.3414167620909092,1.1272268465434114,1.5555496694435764,6.180588516036244,4.6120641563096765,,,81.76650596066965,70.0,2.5,60.0,0.0,1.5,0.0,0.0222743182503248,Süper Lig,0.0,,,,,,,,,,,,,,,,,,,,,,,,,,,,,,,,,,,,,,,,,,,,,,,,,,,,,,,,,,,,,,,,,,,,,,,,,,,,,,,,,,,,,,,,,,,,,,,,,,,,,,,,,,,,,,,,,,,,,,,,,,,,,,,,,,,,,,,,,,,,,,,,,,,,,,,,,,,,,,,,,,,,,,,,,,,,,,,,,,,,,,,,,,,,,,,,,,,,,,,,,,,,,,,,,,,,,,,,,,,,,,,,,,,,,,,,,,,,,,,,,,,,,,,,,,,,,,,,,,,,,,,,,1.1530160390774191,6.904761904761905,8.422892472844403,2.8405818373635734,1.4972877426009867,0.0,4.830313063511825,5.631737155103988
Hamza Akman,Eyupspor,MF,0.0,0.0,0.0,MF,True,True,Eyüpspor,,Merkez Orta Saha,Merkez Orta Saha,,MID,0.0,,0.0,50.0,50.0,0.0,1.2490694130190136,0.148261083546696,0.2909807300349984,2.12730527620188,2.1372821460158087,1.9276198799136048,6.106941814503472,6.249805287965201,,,84.45627246436683,70.0,2.5,60.0,0.0,1.5,0.0,0.2909807300349984,Süper Lig,0.0,,,,,,,,,,,,,,,,,,,,,,,,,,,,,,,,,,,,,,,,,,,,,,,,,,,,,,,,,,,,,,,,,,,,,,,,,,,,,,,,,,,,,,,,,,,,,,,,,,,,,,,,,,,,,,,,,,,,,,,,,,,,,,,,,,,,,,,,,,,,,,,,,,,,,,,,,,,,,,,,,,,,,,,,,,,,,,,,,,,,,,,,,,,,,,,,,,,,,,,,,,,,,,,,,,,,,,,,,,,,,,,,,,,,,,,,,,,,,,,,,,,,,,,,,,,,,,,,,,,,,,,,,1.5624513219913005,6.904761904761905,8.561488676666965,4.588777684150533,1.6187945994427237,0.0,5.404369896892676,6.5751331804087485
Cengiz Köseer,Eyupspor,GK,0.0,0.0,0.0,GK,False,False,Eyüpspor,,Merkez Orta Saha,Merkez Orta Saha,,MID,0.0,,0.0,50.0,50.0,0.0,1.299219191343791,0.0978814245444573,0.2096424778620236,0.9733641301028622,2.012036640307278,1.1564919922223051,6.216630838939416,6.800869318956884,,,88.0812969412704,70.0,2.5,60.0,0.0,1.5,0.0,0.2096424778620236,Süper Lig,0.0,,,,,,,,,,,,,,,,,,,,,,,,,,,,,,,,,,,,,,,,,,,,,,,,,,,,,,,,,,,,,,,,,,,,,,,,,,,,,,,,,,,,,,,,,,,,,,,,,,,,,,,,,,,,,,,,,,,,,,,,,,,,,,,,,,,,,,,,,,,,,,,,,,,,,,,,,,,,,,,,,,,,,,,,,,,,,,,,,,,,,,,,,,,,,,,,,,,,,,,,,,,,,,,,,,,,,,,,,,,,,,,,,,,,,,,,,,,,,,,,,,,,,,,,,,,,,,,,,,,,,,,,,1.700217329739221,6.904761904761905,8.852747828682993,4.179927671652947,1.0641128167597826,0.0,5.409413683709267,6.5163377501679705
Gilbert Mendy,Eyupspor,DF,0.0,0.0,0.0,DF,False,True,Eyüpspor,,Merkez Orta Saha,Merkez Orta Saha,,MID,0.0,,0.0,50.0,50.0,0.0,1.9069553078821704,0.1031554602121559,0.0402265489708483,2.3713227851688767,1.1272268465434114,0.8524601074939291,4.425473299897701,4.5473261125992135,,,89.14603468984694,70.0,2.5,60.0,0.0,1.5,0.0,0.0402265489708483,Süper Lig,0.0,,,,,,,,,,,,,,,,,,,,,,,,,,,,,,,,,,,,,,,,,,,,,,,,,,,,,,,,,,,,,,,,,,,,,,,,,,,,,,,,,,,,,,,,,,,,,,,,,,,,,,,,,,,,,,,,,,,,,,,,,,,,,,,,,,,,,,,,,,,,,,,,,,,,,,,,,,,,,,,,,,,,,,,,,,,,,,,,,,,,,,,,,,,,,,,,,,,,,,,,,,,,,,,,,,,,,,,,,,,,,,,,,,,,,,,,,,,,,,,,,,,,,,,,,,,,,,,,,,,,,,,,,1.1368315281498034,6.904761904761905,8.026608477547564,2.912390760245667,2.033197084976514,0.0,4.745148167676235,5.469499618896616
Halil Yeral,Eyupspor,GK,0.0,0.0,0.0,GK,False,False,Eyüpspor,,Merkez Orta Saha,Merkez Orta Saha,,MID,0.0,,0.0,50.0,50.0,0.0,1.854115917781176,0.1739045366242017,0.0328500496881746,1.5262821919747638,1.3731051970015309,1.5573065150650724,3.668141979184328,3.836136444436945,,,88.67423173252516,70.0,2.5,60.0,0.0,1.5,0.0,0.0328500496881746,Süper Lig,0.0,,,,,,,,,,,,,,,,,,,,,,,,,,,,,,,,,,,,,,,,,,,,,,,,,,,,,,,,,,,,,,,,,,,,,,,,,,,,,,,,,,,,,,,,,,,,,,,,,,,,,,,,,,,,,,,,,,,,,,,,,,,,,,,,,,,,,,,,,,,,,,,,,,,,,,,,,,,,,,,,,,,,,,,,,,,,,,,,,,,,,,,,,,,,,,,,,,,,,,,,,,,,,,,,,,,,,,,,,,,,,,,,,,,,,,,,,,,,,,,,,,,,,,,,,,,,,,,,,,,,,,,,,0.9590341111092362,6.904761904761905,7.617173059104674,3.046803663420386,1.5871926150012379,0.0,4.63194318459905,5.33198836126253
Jankat Yilmaz,Eyupspor,GK,0.0,0.0,0.0,GK,False,False,Eyüpspor,,Merkez Orta Saha,Merkez Orta Saha,,MID,0.0,,0.0,50.0,50.0,0.0,2.4816375867745952,0.0140238381945519,0.3183693868028073,2.9534095717204085,2.240928024755906,1.7256922130233776,5.95779101295685,8.009581420795794,,,82.45760715149252,70.0,2.5,60.0,0.0,1.5,0.0,0.3183693868028073,Süper Lig,0.0,,,,,,,,,,,,,,,,,,,,,,,,,,,,,,,,,,,,,,,,,,,,,,,,,,,,,,,,,,,,,,,,,,,,,,,,,,,,,,,,,,,,,,,,,,,,,,,,,,,,,,,,,,,,,,,,,,,,,,,,,,,,,,,,,,,,,,,,,,,,,,,,,,,,,,,,,,,,,,,,,,,,,,,,,,,,,,,,,,,,,,,,,,,,,,,,,,,,,,,,,,,,,,,,,,,,,,,,,,,,,,,,,,,,,,,,,,,,,,,,,,,,,,,,,,,,,,,,,,,,,,,,,2.0,6.904761904761905,8.356565538097502,4.767429563715167,2.579654824426691,0.0,5.507189251643643,6.561997550906335
Opponent Total,Eyupspor,NAN,0.0,0.4025,0.4025,NAN,False,False,Eyüpspor,,Merkez Orta Saha,Merkez Orta Saha,,MID,0.0,,0.0,50.0,50.0,0.0,0.6696280078536629,0.1548973343649601,0.2342200920283274,1.6379772890936493,2.47859375334234,1.319645474116771,4.256470565146275,8.667274854121318,,,80.3419982066238,70.0,2.5,60.0,0.0,1.5,0.0,0.2342200920283274,Süper Lig,0.0,,,,,,,,,,,,,,,,,,,,,,,,,,,,,,,,,,,,,,,,,,,,,,,,,,,,,,,,,,,,,,,,,,,,,,,,,,,,,,,,,,,,,,,,,,,,,,,,,,,,,,,,,,,,,,,,,,,,,,,,,,,,,,,,,,,,,,,,,,,,,,,,,,,,,,,,,,,,,,,,,,,,,,,,,,,,,,,,,,,,,,,,,,,,,,,,,,,,,,,,,,,,,,,,,,,,,,,,,,,,,,,,,,,,,,,,,,,,,,,,,,,,,,,,,,,,,,,,,,,,,,,,,2.0,6.904761904761905,7.367930817787734,6.19927620367487,1.1166010924817862,0.0,5.617992231556127,6.783603510731302
Atakan Çankaya,Fatihkaragumruk,DF,0.09,0.09,0.18,DF,False,True,Fatih Karagümrük,Sağ Bek,Çakılı Bek,Çakılı Bek,,FB,0.9491279076858888,,0.0,46.1489432096127,50.0,1.5613464325277038,0.0,,,0.0,0.0,0.0,0.0,0.0,,,82.69060955350366,70.0,2.5,60.0,0.0,1.5,0.09,0.09,Süper Lig,0.0,,,,,,,,,,,,,,,,,,,,,,,,,,,,,,,,,,,,,,,,,,,,,,,,,,,,,,,,,,,,,,,,,,,,,,,,,,,,,,,,,,,,,,,,,,,,,,,,,,,,,,,,,,,,,,,,,,,,,,,,,,,,,,,,,,,,,,,,,,,,,,,,,,,,,,,,,,,,,,,,,,,,,,,,,,,,,,,,,,,,,,,,,,,,,,,,,,,,,,,,,,,,,,,,,,,,,,,,,,,,,,,,,,,,,,,,,,,,,,,,,,,,,,,,,,,,,,,,,,,,,,,,,0.8436692512763456,6.62968641973424,5.392865840445891,1.3445385730110815,0.6312499999999999,0.0,2.0887453448338835,3.368702206728486
Ivo Grbić,Fatihkaragumruk,GK,0.0,0.0,0.0,GK,False,False,Fatih Karagümrük,,Merkez Orta Saha,Merkez Orta Saha,,MID,0.0,,0.0,50.0,50.0,0.0,0.6186302637067493,0.0888732526103393,0.2902503797608644,2.0290944025208635,2.2128692417646074,1.9276198799136048,2.9172109820171723,6.154141093816115,,,83.87271044887906,70.0,2.5,60.0,0.0,1.5,0.0,0.2902503797608644,Süper Lig,0.0,,,,,,,,,,,,,,,,,,,,,,,,,,,,,,,,,,,,,,,,,,,,,,,,,,,,,,,,,,,,,,,,,,,,,,,,,,,,,,,,,,,,,,,,,,,,,,,,,,,,,,,,,,,,,,,,,,,,,,,,,,,,,,,,,,,,,,,,,,,,,,,,,,,,,,,,,,,,,,,,,,,,,,,,,,,,,,,,,,,,,,,,,,,,,,,,,,,,,,,,,,,,,,,,,,,,,,,,,,,,,,,,,,,,,,,,,,,,,,,,,,,,,,,,,,,,,,,,,,,,,,,,,1.538535273454029,6.904761904761905,6.928564868109395,4.636247680219863,1.2894939851300982,0.0,5.002027431636298,5.782406274164629
Jure Balkovec,Fatihkaragumruk,DF,0.0,0.0,0.0,DF,False,True,Fatih Karagümrük,Sol Bek,Standart Bek (Destek),Standart Bek,Destek,FB,2.1589976781453726,,0.0,44.017034331488894,50.0,4.154388844898123,0.0,,,0.0,0.0,0.0,0.0,0.0,,,78.18728507646034,70.0,2.5,60.0,0.0,1.5,0.0,0.0,Süper Lig,0.0,,,,,,,,,,,,,,,,,,,,,,,,,,,,,,,,,,,,,,,,,,,,,,,,,,,,,,,,,,,,,,,,,,,,,,,,,,,,,,,,,,,,,,,,,,,,,,,,,,,,,,,,,,,,,,,,,,,,,,,,,,,,,,,,,,,,,,,,,,,,,,,,,,,,,,,,,,,,,,,,,,,,,,,,,,,,,,,,,,,,,,,,,,,,,,,,,,,,,,,,,,,,,,,,,,,,,,,,,,,,,,,,,,,,,,,,,,,,,,,,,,,,,,,,,,,,,,,,,,,,,,,,,1.9191090472403314,6.477407214153969,5.099170765856109,1.6617555379592495,0.0,0.0,2.253096614661885,3.380463151907679
Daniel Johnson,Fatihkaragumruk,MF,0.11,0.23,0.34,MF,True,True,Fatih Karagümrük,Merkez Orta Saha,İki Yönlü Orta Saha,İki Yönlü Orta Saha,,MID,3.145619311258784,,0.0,50.0,50.0,0.0,1.9211115159703565,0.198549332819271,0.3076426150987935,0.926837998108643,3.5967314368736565,1.227646677517191,6.8003713577826455,4.030075715089821,,,75.0,70.0,2.5,60.0,0.0,1.5,0.11,0.3076426150987935,Süper Lig,0.0,,,,,,,,,,,,,,,,,,,,,,,,,,,,,,,,,,,,,,,,,,,,,,,,,,,,,,,,,,,,,,,,,,,,,,,,,,,,,,,,,,,,,,,,,,,,,,,,,,,,,,,,,,,,,,,,,,,,,,,,,,,,,,,,,,,,,,,,,,,,,,,,,,,,,,,,,,,,,,,,,,,,,,,,,,,,,,,,,,,,,,,,,,,,,,,,,,,,,,,,,,,,,,,,,,,,,,,,,,,,,,,,,,,,,,,,,,,,,,,,,,,,,,,,,,,,,,,,,,,,,,,,,3.803624983224708,6.904761904761905,8.29149002671741,6.150570460395174,2.0887741172633687,0.0,6.287611843774799,7.221030243556292
Tiago Çukur,Fatihkaragumruk,FW,0.12,0.0,0.12,MF,True,True,Fatih Karagümrük,Santrafor,Pivot Santrafor (Destek),Pivot Santrafor,Destek,FWD,0.0,,0.0,50.0,50.0,0.0,2.624806031722397,,,0.0,0.0,0.0,0.0,3.1135117261813545,5.834463744683747,0.3810179440025489,75.0,70.0,2.5,60.0,0.0,1.5,0.3810179440025489,0.0,Süper Lig,0.0,,,,,,,,,,,,,,,,,,,,,,,,,,,,,,,,,,,,,,,,,,,,,,,,,,,,,,,,,,,,,,,,,,,,,,,,,,,,,,,,,,,,,,,,,,,,,,,,,,,,,,,,,,,,,,,,,,,,,,,,,,,,,,,,,,,,,,,,,,,,,,,,,,,,,,,,,,,,,,,,,,,,,,,,,,,,,,,,,,,,,,,,,,,,,,,,,,,,,,,,,,,,,,,,,,,,,,,,,,,,,,,,,,,,,,,,,,,,,,,,,,,,,,,,,,,,,,,,,,,,,,,,,0.7783779315453387,6.904761904761905,4.891304347826086,0.0,2.8239282002179196,0.0,3.765785491559323,2.445652173913043
Anıl Çınar,Fatihkaragumruk,DF,0.14,0.0,0.14,DF,False,True,Fatih Karagümrük,,Merkez Orta Saha,Merkez Orta Saha,,MID,0.0,,0.0,50.0,50.0,0.0,1.6146125257134591,0.023247659955783,0.2001203232169127,0.995606597045309,2.592813035236281,0.5834547459142635,6.274870097807372,4.633843959116214,,,86.8996974220325,70.0,2.5,60.0,0.0,1.5,0.14,0.2001203232169127,Süper Lig,0.0,,,,,,,,,,,,,,,,,,,,,,,,,,,,,,,,,,,,,,,,,,,,,,,,,,,,,,,,,,,,,,,,,,,,,,,,,,,,,,,,,,,,,,,,,,,,,,,,,,,,,,,,,,,,,,,,,,,,,,,,,,,,,,,,,,,,,,,,,,,,,,,,,,,,,,,,,,,,,,,,,,,,,,,,,,,,,,,,,,,,,,,,,,,,,,,,,,,,,,,,,,,,,,,,,,,,,,,,,,,,,,,,,,,,,,,,,,,,,,,,,,,,,,,,,,,,,,,,,,,,,,,,,1.1584609897790534,6.904761904761905,8.804806619905804,4.529023316358504,2.1973533099508584,0.0,5.349263207701316,6.666914968132154
Sergio Antonio De Luiz Junior,Fatihkaragumruk,FW,0.14,0.0,0.14,MF,True,True,Fatih Karagümrük,,Merkez Orta Saha,Merkez Orta Saha,,MID,0.0,,0.0,50.0,50.0,0.0,0.9757373997755924,0.1470505667370976,0.1811062231142644,1.8597326022980487,2.7853950247170447,1.257193397456792,6.412799383861737,3.1135117261813545,,,83.91082884903958,70.0,2.5,60.0,0.0,1.5,0.14,0.1811062231142644,Süper Lig,0.0,,,,,,,,,,,,,,,,,,,,,,,,,,,,,,,,,,,,,,,,,,,,,,,,,,,,,,,,,,,,,,,,,,,,,,,,,,,,,,,,,,,,,,,,,,,,,,,,,,,,,,,,,,,,,,,,,,,,,,,,,,,,,,,,,,,,,,,,,,,,,,,,,,,,,,,,,,,,,,,,,,,,,,,,,,,,,,,,,,,,,,,,,,,,,,,,,,,,,,,,,,,,,,,,,,,,,,,,,,,,,,,,,,,,,,,,,,,,,,,,,,,,,,,,,,,,,,,,,,,,,,,,,0.7783779315453387,6.904761904761905,8.67884505165084,4.581354908935088,2.345471812160399,0.0,5.235834949223293,6.6300999802929645
Berkay Özcan,Fatihkaragumruk,MF,0.0,0.15,0.15,MF,True,True,Fatih Karagümrük,Merkez Orta Saha,Oyun Kurucu (Destek),Oyun Kurucu,Destek,MID,0.0,,0.0,50.0,50.0,0.0,0.5667806748768719,0.1202432224715309,0.1506495936123465,2.0958348537362337,1.1272268465434114,1.5776809209838252,4.33154878070085,8.485792839362993,,,83.79817035976401,70.0,2.5,60.0,0.0,1.5,0.0,0.1506495936123465,Süper Lig,0.0,,,,,,,,,,,,,,,,,,,,,,,,,,,,,,,,,,,,,,,,,,,,,,,,,,,,,,,,,,,,,,,,,,,,,,,,,,,,,,,,,,,,,,,,,,,,,,,,,,,,,,,,,,,,,,,,,,,,,,,,,,,,,,,,,,,,,,,,,,,,,,,,,,,,,,,,,,,,,,,,,,,,,,,,,,,,,,,,,,,,,,,,,,,,,,,,,,,,,,,,,,,,,,,,,,,,,,,,,,,,,,,,,,,,,,,,,,,,,,,,,,,,,,,,,,,,,,,,,,,,,,,,,2.0,6.904761904761905,7.630872457291557,3.9540829388116605,1.2998199490356155,0.0,5.122429325216281,5.792477698051608
Andre Gray,Fatihkaragumruk,FW,0.0,0.0,0.0,FW,True,False,Fatih Karagümrük,Santrafor,Fırsatçı Golcü,Fırsatçı Golcü,,FWD,0.0,,0.0,50.0,50.0,0.0,4.6893127695543,,,0.0,0.0,0.0,0.0,0.0,5.058166407236344,0.4759722201827012,75.0,70.0,2.5,60.0,0.0,1.5,0.4759722201827012,0.0,Süper Lig,0.0,,,,,,,,,,,,,,,,,,,,,,,,,,,,,,,,,,,,,,,,,,,,,,,,,,,,,,,,,,,,,,,,,,,,,,,,,,,,,,,,,,,,,,,,,,,,,,,,,,,,,,,,,,,,,,,,,,,,,,,,,,,,,,,,,,,,,,,,,,,,,,,,,,,,,,,,,,,,,,,,,,,,,,,,,,,,,,,,,,,,,,,,,,,,,,,,,,,,,,,,,,,,,,,,,,,,,,,,,,,,,,,,,,,,,,,,,,,,,,,,,,,,,,,,,,,,,,,,,,,,,,,,,0.0,6.904761904761905,4.891304347826086,0.0,3.487413188070941,0.0,4.163876484271136,2.445652173913043
Sam Larsson,Fatihkaragumruk,MF,0.2,0.4025,0.61,MF,True,True,Fatih Karagümrük,On Numara,Serbest Oyuncu (Trequartista),Serbest Oyuncu,Trequartista,AM,0.0,,0.0,50.0,50.0,0.0,0.5798823241525042,0.1605813814763068,0.1109313057268917,2.4200554799221203,2.3922854783605114,1.7939607067237684,2.3784986365489376,3.706506497340847,,,88.05876505298161,70.0,2.5,60.0,0.0,1.5,0.2,0.1109313057268917,Süper Lig,0.0,,,,,,,,,,,,,,,,,,,,,,,,,,,,,,,,,,,,,,,,,,,,,,,,,,,,,,,,,,,,,,,,,,,,,,,,,,,,,,,,,,,,,,,,,,,,,,,,,,,,,,,,,,,,,,,,,,,,,,,,,,,,,,,,,,,,,,,,,,,,,,,,,,,,,,,,,,,,,,,,,,,,,,,,,,,,,,,,,,,,,,,,,,,,,,,,,,,,,,,,,,,,,,,,,,,,,,,,,,,,,,,,,,,,,,,,,,,,,,,,,,,,,,,,,,,,,,,,,,,,,,,,,0.9266266243352117,6.904761904761905,6.9322122565124005,5.6485822084812405,2.870530995139951,0.0,5.071892854085085,6.2903972324968205
Marius Doh,Fatihkaragumruk,MF,0.0,0.0,0.0,MF,True,True,Fatih Karagümrük,,Merkez Orta Saha,Merkez Orta Saha,,MID,0.0,,0.0,50.0,50.0,0.0,2.2778008367946483,0.016213398620742,0.1521085863005491,1.5874889625151187,3.880849047213319,0.768883417861685,3.939130449584656,6.459098853085521,,,82.33684534880624,70.0,2.5,60.0,0.0,1.5,0.0,0.1521085863005491,Süper Lig,0.0,,,,,,,,,,,,,,,,,,,,,,,,,,,,,,,,,,,,,,,,,,,,,,,,,,,,,,,,,,,,,,,,,,,,,,,,,,,,,,,,,,,,,,,,,,,,,,,,,,,,,,,,,,,,,,,,,,,,,,,,,,,,,,,,,,,,,,,,,,,,,,,,,,,,,,,,,,,,,,,,,,,,,,,,,,,,,,,,,,,,,,,,,,,,,,,,,,,,,,,,,,,,,,,,,,,,,,,,,,,,,,,,,,,,,,,,,,,,,,,,,,,,,,,,,,,,,,,,,,,,,,,,,1.6147747132713806,6.904761904761905,7.339359486670995,4.6084343452021965,1.8061004087218477,0.0,5.116832612476619,5.973896915936596
Muhammed Kadıoğlu,Fatihkaragumruk,DF,0.0,0.0,0.0,DF,False,True,Fatih Karagümrük,,Merkez Orta Saha,Merkez Orta Saha,,MID,0.0,,0.0,50.0,50.0,0.0,0.8029213819093601,0.1449959468570328,0.2708578795055547,2.676451092541665,2.5570968403886463,1.700005222645522,6.017688297313017,4.644331324123236,,,88.31753609773975,70.0,2.5,60.0,0.0,1.5,0.0,0.2708578795055547,Süper Lig,0.0,,,,,,,,,,,,,,,,,,,,,,,,,,,,,,,,,,,,,,,,,,,,,,,,,,,,,,,,,,,,,,,,,,,,,,,,,,,,,,,,,,,,,,,,,,,,,,,,,,,,,,,,,,,,,,,,,,,,,,,,,,,,,,,,,,,,,,,,,,,,,,,,,,,,,,,,,,,,,,,,,,,,,,,,,,,,,,,,,,,,,,,,,,,,,,,,,,,,,,,,,,,,,,,,,,,,,,,,,,,,,,,,,,,,,,,,,,,,,,,,,,,,,,,,,,,,,,,,,,,,,,,,,1.161082831030809,6.904761904761905,8.768683459378666,4.788162744947983,1.6950794937861038,0.0,5.405672735029841,6.778423102163325
Barış Kalayci,Fatihkaragumruk,MF,0.0,0.0,0.0,MF,True,True,Fatih Karagümrük,,Merkez Orta Saha,Merkez Orta Saha,,MID,0.0,,0.0,50.0,50.0,0.0,1.0790802804425936,0.1403711469898809,0.210673200855296,3.1223304724108525,3.03262680237686,1.329060613577818,6.508870142731143,6.325068015094761,,,82.88165761142068,70.0,2.5,60.0,0.0,1.5,0.0,0.210673200855296,Süper Lig,0.0,,,,,,,,,,,,,,,,,,,,,,,,,,,,,,,,,,,,,,,,,,,,,,,,,,,,,,,,,,,,,,,,,,,,,,,,,,,,,,,,,,,,,,,,,,,,,,,,,,,,,,,,,,,,,,,,,,,,,,,,,,,,,,,,,,,,,,,,,,,,,,,,,,,,,,,,,,,,,,,,,,,,,,,,,,,,,,,,,,,,,,,,,,,,,,,,,,,,,,,,,,,,,,,,,,,,,,,,,,,,,,,,,,,,,,,,,,,,,,,,,,,,,,,,,,,,,,,,,,,,,,,,,1.5812670037736902,6.904761904761905,8.659760567762572,4.842692803421184,2.0407564719576903,0.0,5.497120569929837,6.751226685591877
David Datro Fofana,Fatihkaragumruk,FW,0.525,0.0,0.6179999999999995,FW,True,False,Fatih Karagümrük,Santrafor,Yaratıcı Forvet,Yaratıcı Forvet,,FWD,0.0,,0.0,50.0,50.0,0.0,4.6893127695543,,,0.0,0.0,0.0,0.0,0.0,5.077799094370862,0.3866662581194613,75.0,70.0,2.5,60.0,0.0,1.5,0.3866662581194613,0.0,Süper Lig,0.0,,,,,,,,,,,,,,,,,,,,,,,,,,,,,,,,,,,,,,,,,,,,,,,,,,,,,,,,,,,,,,,,,,,,,,,,,,,,,,,,,,,,,,,,,,,,,,,,,,,,,,,,,,,,,,,,,,,,,,,,,,,,,,,,,,,,,,,,,,,,,,,,,,,,,,,,,,,,,,,,,,,,,,,,,,,,,,,,,,,,,,,,,,,,,,,,,,,,,,,,,,,,,,,,,,,,,,,,,,,,,,,,,,,,,,,,,,,,,,,,,,,,,,,,,,,,,,,,,,,,,,,,,0.0,6.904761904761905,4.891304347826086,0.0,5.249998723289984,0.0,5.221427805402562,2.445652173913043
Çağtay Kurukalıp,Fatihkaragumruk,DF,0.0,0.34,0.34,DF,False,True,Fatih Karagümrük,Sol Bek,Standart Bek (Destek),Standart Bek,Destek,FB,1.8674306621345431,,0.0,44.66417560128264,50.0,1.6066995189310047,0.0,,,0.0,0.0,0.0,0.0,0.0,,,82.06803704233539,70.0,2.5,60.0,0.0,1.5,0.0,0.34,Süper Lig,0.0,,,,,,,,,,,,,,,,,,,,,,,,,,,,,,,,,,,,,,,,,,,,,,,,,,,,,,,,,,,,,,,,,,,,,,,,,,,,,,,,,,,,,,,,,,,,,,,,,,,,,,,,,,,,,,,,,,,,,,,,,,,,,,,,,,,,,,,,,,,,,,,,,,,,,,,,,,,,,,,,,,,,,,,,,,,,,,,,,,,,,,,,,,,,,,,,,,,,,,,,,,,,,,,,,,,,,,,,,,,,,,,,,,,,,,,,,,,,,,,,,,,,,,,,,,,,,,,,,,,,,,,,,1.6599383663418164,6.523631590567808,5.352263285369699,3.362679807572402,0.0,0.0,2.761854355199599,4.35747154647105
Ahmet Sivri,Fatihkaragumruk,FW,0.0,0.0,0.0,MF,True,True,Fatih Karagümrük,Sol Kanat,Kanat Oyuncusu (Destek),Kanat Oyuncusu,Destek,WING,0.0,,0.0,50.0,50.0,8.576278388994181,1.6613380127362567,0.2459098104948692,0.2749342813881026,4.517920861271849,0.0,0.0,0.0,0.0,,,75.0,70.0,2.5,60.0,0.0,1.5,0.0,0.2749342813881026,Süper Lig,0.0,,,,,,,,,,,,,,,,,,,,,,,,,,,,,,,,,,,,,,,,,,,,,,,,,,,,,,,,,,,,,,,,,,,,,,,,,,,,,,,,,,,,,,,,,,,,,,,,,,,,,,,,,,,,,,,,,,,,,,,,,,,,,,,,,,,,,,,,,,,,,,,,,,,,,,,,,,,,,,,,,,,,,,,,,,,,,,,,,,,,,,,,,,,,,,,,,,,,,,,,,,,,,,,,,,,,,,,,,,,,,,,,,,,,,,,,,,,,,,,,,,,,,,,,,,,,,,,,,,,,,,,,,0.0,6.904761904761905,4.891304347826086,3.099737125552411,2.738372450105003,0.0,3.2995572657496566,3.9955207366892482
Matías Kranevitter,Fatihkaragumruk,MF,0.0,0.0,0.0,MF,True,True,Fatih Karagümrük,Ön Libero,Ön Libero (Çapa),Ön Libero,Çapa,DM,3.145069588768393,,0.0,50.0,50.0,0.0,0.875978444676675,0.1401650236040427,0.3123831514841961,2.9055976700120443,0.0,0.0,5.876730752015678,6.908522330111185,,,75.0,70.0,2.5,60.0,0.0,1.5,0.0,0.3123831514841961,Süper Lig,0.0,,,,,,,,,,,,,,,,,,,,,,,,,,,,,,,,,,,,,,,,,,,,,,,,,,,,,,,,,,,,,,,,,,,,,,,,,,,,,,,,,,,,,,,,,,,,,,,,,,,,,,,,,,,,,,,,,,,,,,,,,,,,,,,,,,,,,,,,,,,,,,,,,,,,,,,,,,,,,,,,,,,,,,,,,,,,,,,,,,,,,,,,,,,,,,,,,,,,,,,,,,,,,,,,,,,,,,,,,,,,,,,,,,,,,,,,,,,,,,,,,,,,,,,,,,,,,,,,,,,,,,,,,4.522747994766369,6.904761904761905,7.829669723833925,1.2495326059367846,1.8421225881956556,0.0,6.229428686485297,4.5396011648853545
Ricardo Esgaio,Fatihkaragumruk,MF,0.0,0.0,0.0,DF,False,True,Fatih Karagümrük,Sağ Bek,Ofansif Bek (Destek),Ofansif Bek,Destek,FB,0.9491279076858888,,0.0,47.127379217346174,50.0,5.82945713130095,0.0,,,3.5254863302748163,0.0,0.0,0.0,0.0,,,80.70875381141283,70.0,2.5,60.0,0.0,1.5,0.0,0.0,Süper Lig,0.0,,,,,,,,,,,,,,,,,,,,,,,,,,,,,,,,,,,,,,,,,,,,,,,,,,,,,,,,,,,,,,,,,,,,,,,,,,,,,,,,,,,,,,,,,,,,,,,,,,,,,,,,,,,,,,,,,,,,,,,,,,,,,,,,,,,,,,,,,,,,,,,,,,,,,,,,,,,,,,,,,,,,,,,,,,,,,,,,,,,,,,,,,,,,,,,,,,,,,,,,,,,,,,,,,,,,,,,,,,,,,,,,,,,,,,,,,,,,,,,,,,,,,,,,,,,,,,,,,,,,,,,,,0.8436692512763456,6.6995747060009165,5.263614379005185,2.0,1.7627431651374081,0.0,2.4793695405978644,3.6318071895025925
Enzo Roco,Fatihkaragumruk,DF,0.0,0.0,0.0,DF,False,True,Fatih Karagümrük,Stoper,Standart Stoper (Durdurucu),Standart Stoper,Durdurucu,CB,2.71285811931918,1.6362503386685423,4.413453769348862,59.36531536566178,75.75238255529035,0.0,0.0,,,0.0,0.0,0.0,3.438398701772508,0.0,,,78.18728507646034,70.0,2.5,60.0,0.0,1.5,0.0,0.0,Süper Lig,0.0,,,,,,,,,,,,,,,,,,,,,,,,,,,,,,,,,,,,,,,,,,,,,,,,,,,,,,,,,,,,,,,,,,,,,,,,,,,,,,,,,,,,,,,,,,,,,,,,,,,,,,,,,,,,,,,,,,,,,,,,,,,,,,,,,,,,,,,,,,,,,,,,,,,,,,,,,,,,,,,,,,,,,,,,,,,,,,,,,,,,,,,,,,,,,,,,,,,,,,,,,,,,,,,,,,,,,,,,,,,,,,,,,,,,,,,,,,,,,,,,,,,,,,,,,,,,,,,,,,,,,,,,,5.353731952294068,9.240379668975843,6.818370116742363,0.0,0.0,0.0,7.201318671856438,3.4091850583711816
Tarık Kalpaklı,Fatihkaragumruk,MF,0.0,0.0,0.0,MF,True,True,Fatih Karagümrük,,Merkez Orta Saha,Merkez Orta Saha,,MID,0.0,,0.0,50.0,50.0,0.0,1.1454922422470684,0.1508719166491137,0.1551830050327157,0.926837998108643,1.9355915737506493,1.0948305229849449,3.01736371248798,7.97845082224321,,,81.93879726814008,70.0,2.5,60.0,0.0,1.5,0.0,0.1551830050327157,Süper Lig,0.0,,,,,,,,,,,,,,,,,,,,,,,,,,,,,,,,,,,,,,,,,,,,,,,,,,,,,,,,,,,,,,,,,,,,,,,,,,,,,,,,,,,,,,,,,,,,,,,,,,,,,,,,,,,,,,,,,,,,,,,,,,,,,,,,,,,,,,,,,,,,,,,,,,,,,,,,,,,,,,,,,,,,,,,,,,,,,,,,,,,,,,,,,,,,,,,,,,,,,,,,,,,,,,,,,,,,,,,,,,,,,,,,,,,,,,,,,,,,,,,,,,,,,,,,,,,,,,,,,,,,,,,,,1.9946127055608027,6.904761904761905,6.852516460687907,3.9111264026312966,0.9725266622752409,0.0,4.915754368410478,5.381821431659602
Fatih Kuruçuk,Fatihkaragumruk,DF,0.0,0.0,0.0,DF,False,True,Fatih Karagümrük,,Merkez Orta Saha,Merkez Orta Saha,,MID,0.0,,0.0,50.0,50.0,0.0,0.5457900697667961,0.1691169843065905,0.2124813525515639,2.097368757596138,3.321974134458288,0.6975725428686403,2.3348680601263574,4.23852763056362,,,83.44787893439639,70.0,2.5,60.0,0.0,1.5,0.0,0.2124813525515639,Süper Lig,0.0,,,,,,,,,,,,,,,,,,,,,,,,,,,,,,,,,,,,,,,,,,,,,,,,,,,,,,,,,,,,,,,,,,,,,,,,,,,,,,,,,,,,,,,,,,,,,,,,,,,,,,,,,,,,,,,,,,,,,,,,,,,,,,,,,,,,,,,,,,,,,,,,,,,,,,,,,,,,,,,,,,,,,,,,,,,,,,,,,,,,,,,,,,,,,,,,,,,,,,,,,,,,,,,,,,,,,,,,,,,,,,,,,,,,,,,,,,,,,,,,,,,,,,,,,,,,,,,,,,,,,,,,,1.059631907640905,6.904761904761905,6.6096870040455515,4.849925410206256,1.2912577431388674,0.0,4.856001556663655,5.729806207125904
Nikoloz Ugrekhelidze,Fatihkaragumruk,DF,0.0,0.0,0.0,DF,False,True,Fatih Karagümrük,Stoper,Standart Stoper (Savunma),Standart Stoper,Savunma,CB,1.5183941032332593,1.0486142056719054,8.250837052545183,65.6464978928559,62.86982082125055,0.0,0.0,,,0.0,0.0,0.0,3.841745732151576,0.0,,,78.18728507646034,70.0,2.5,60.0,0.0,1.5,0.0,0.0,Süper Lig,0.0,,,,,,,,,,,,,,,,,,,,,,,,,,,,,,,,,,,,,,,,,,,,,,,,,,,,,,,,,,,,,,,,,,,,,,,,,,,,,,,,,,,,,,,,,,,,,,,,,,,,,,,,,,,,,,,,,,,,,,,,,,,,,,,,,,,,,,,,,,,,,,,,,,,,,,,,,,,,,,,,,,,,,,,,,,,,,,,,,,,,,,,,,,,,,,,,,,,,,,,,,,,,,,,,,,,,,,,,,,,,,,,,,,,,,,,,,,,,,,,,,,,,,,,,,,,,,,,,,,,,,,,,,5.349683647318453,8.880356951858792,7.020043631931897,0.0,0.0,0.0,7.096024966057278,3.5100218159659486
João Pedro Gomes Camacho,Fatihkaragumruk,MF,0.0,0.0,0.0,MF,True,True,Fatih Karagümrük,,Merkez Orta Saha,Merkez Orta Saha,,MID,0.0,,0.0,50.0,50.0,0.0,1.4900255609073678,0.2012472499201924,0.220957643582196,1.0833114817290723,3.318764445628345,1.797943638363369,6.386752265664193,3.1135117261813545,,,87.14936350409842,70.0,2.5,60.0,0.0,1.5,0.0,0.220957643582196,Süper Lig,0.0,,,,,,,,,,,,,,,,,,,,,,,,,,,,,,,,,,,,,,,,,,,,,,,,,,,,,,,,,,,,,,,,,,,,,,,,,,,,,,,,,,,,,,,,,,,,,,,,,,,,,,,,,,,,,,,,,,,,,,,,,,,,,,,,,,,,,,,,,,,,,,,,,,,,,,,,,,,,,,,,,,,,,,,,,,,,,,,,,,,,,,,,,,,,,,,,,,,,,,,,,,,,,,,,,,,,,,,,,,,,,,,,,,,,,,,,,,,,,,,,,,,,,,,,,,,,,,,,,,,,,,,,,0.7783779315453387,6.904761904761905,8.877030274403733,4.883830574328784,1.203889323490033,0.0,5.36100017125994,6.880430424366258
Alper Demirol,Fatihkaragumruk,MF,0.0,0.0,0.0,MF,True,True,Fatih Karagümrük,,Merkez Orta Saha,Merkez Orta Saha,,MID,0.0,,0.0,50.0,50.0,0.0,0.5420451568519457,0.0674551800320535,0.2070940068072139,1.4535215428288244,2.563888142962417,0.7359098122695731,3.947024694894377,3.821313780412844,,,79.51202433436794,70.0,2.5,60.0,0.0,1.5,0.0,0.2070940068072139,Süper Lig,0.0,,,,,,,,,,,,,,,,,,,,,,,,,,,,,,,,,,,,,,,,,,,,,,,,,,,,,,,,,,,,,,,,,,,,,,,,,,,,,,,,,,,,,,,,,,,,,,,,,,,,,,,,,,,,,,,,,,,,,,,,,,,,,,,,,,,,,,,,,,,,,,,,,,,,,,,,,,,,,,,,,,,,,,,,,,,,,,,,,,,,,,,,,,,,,,,,,,,,,,,,,,,,,,,,,,,,,,,,,,,,,,,,,,,,,,,,,,,,,,,,,,,,,,,,,,,,,,,,,,,,,,,,,0.9553284451032111,6.904761904761905,7.159079151862489,4.537634789203801,0.967669730015277,0.0,4.889201072732851,5.848356970533144
Ömer Gümüş,Fatihkaragumruk,MF,0.0,0.0,0.0,MF,True,True,Fatih Karagümrük,,Merkez Orta Saha,Merkez Orta Saha,,MID,0.0,,0.0,50.0,50.0,0.0,2.080748666426959,0.2062623525450155,0.2459218205799307,3.463989001821296,3.880849047213319,0.9646817888136489,4.708804821337816,8.400111851088631,,,80.3570305904642,70.0,2.5,60.0,0.0,1.5,0.0,0.2459218205799307,Süper Lig,0.0,,,,,,,,,,,,,,,,,,,,,,,,,,,,,,,,,,,,,,,,,,,,,,,,,,,,,,,,,,,,,,,,,,,,,,,,,,,,,,,,,,,,,,,,,,,,,,,,,,,,,,,,,,,,,,,,,,,,,,,,,,,,,,,,,,,,,,,,,,,,,,,,,,,,,,,,,,,,,,,,,,,,,,,,,,,,,,,,,,,,,,,,,,,,,,,,,,,,,,,,,,,,,,,,,,,,,,,,,,,,,,,,,,,,,,,,,,,,,,,,,,,,,,,,,,,,,,,,,,,,,,,,,2.0,6.904761904761905,7.595078318742661,4.983687282319723,2.656771685989297,0.0,5.370881876456072,6.289382800531191
Tuğbey Akgün,Fatihkaragumruk,MF,0.0,0.0,0.0,MF,True,True,Fatih Karagümrük,,Merkez Orta Saha,Merkez Orta Saha,,MID,0.0,,0.0,50.0,50.0,0.0,0.8907953720119094,0.1245639205658634,0.0831017139311822,1.1847379658340855,1.37665064428796,0.9350682979436552,6.8003713577826455,8.243340465375091,,,89.14603468984694,70.0,2.5,60.0,0.0,1.5,0.0,0.0831017139311822,Süper Lig,0.0,,,,,,,,,,,,,,,,,,,,,,,,,,,,,,,,,,,,,,,,,,,,,,,,,,,,,,,,,,,,,,,,,,,,,,,,,,,,,,,,,,,,,,,,,,,,,,,,,,,,,,,,,,,,,,,,,,,,,,,,,,,,,,,,,,,,,,,,,,,,,,,,,,,,,,,,,,,,,,,,,,,,,,,,,,,,,,,,,,,,,,,,,,,,,,,,,,,,,,,,,,,,,,,,,,,,,,,,,,,,,,,,,,,,,,,,,,,,,,,,,,,,,,,,,,,,,,,,,,,,,,,,,2.0,6.904761904761905,9.214057506490036,3.250173951916702,0.9882780371445582,0.0,5.34224834079216,6.232115729203369
Furkan Bekleviç,Fatihkaragumruk,GK,0.0,0.0,0.0,GK,False,False,Fatih Karagümrük,Kaleci,Kaleci (Savunma),Kaleci,Savunma,GK,0.0,,0.0,50.0,50.0,0.0,0.0,,,0.0,0.0,0.0,0.0,0.0,,,75.0,74.05903930819225,3.5602040635334324,61.27116700572047,0.5236053451493905,0.8630829072672506,0.0,0.0,Süper Lig,0.0,,,,,,,,,,,,,,,,,,,,,,,,,,,,,,,,,,,,,,,,,,,,,,,,,,,,,,,,,,,,,,,,,,,,,,,,,,,,,,,,,,,,,,,,,,,,,,,,,,,,,,,,,,,,,,,,,,,,,,,,,,,,,,,,,,,,,,,,,,,,,,,,,,,,,,,,,,,,,,,,,,,,,,,,,,,,,,,,,,,,,,,,,,,,,,,,,,,,,,,,,,,,,,,,,,,,,,,,,,,,,,,,,,,,,,,,,,,,,,,,,,,,,,,,,,,,,,,,,,,,,,,,,0.0,6.904761904761905,4.891304347826086,0.0,0.0,7.314594063146647,7.314594063146647,2.445652173913043
Burhan Ersoy,Fatihkaragumruk,MF,0.0,0.0,0.0,MF,True,True,Fatih Karagümrük,,Merkez Orta Saha,Merkez Orta Saha,,MID,0.0,,0.0,50.0,50.0,0.0,1.534025020669472,0.0192645697835827,0.1793273221410267,2.1469980143186618,1.1272268465434114,1.8071210512862808,2.332823639571114,6.58447861302185,,,80.10589952857629,70.0,2.5,60.0,0.0,1.5,0.0,0.1793273221410267,Süper Lig,0.0,,,,,,,,,,,,,,,,,,,,,,,,,,,,,,,,,,,,,,,,,,,,,,,,,,,,,,,,,,,,,,,,,,,,,,,,,,,,,,,,,,,,,,,,,,,,,,,,,,,,,,,,,,,,,,,,,,,,,,,,,,,,,,,,,,,,,,,,,,,,,,,,,,,,,,,,,,,,,,,,,,,,,,,,,,,,,,,,,,,,,,,,,,,,,,,,,,,,,,,,,,,,,,,,,,,,,,,,,,,,,,,,,,,,,,,,,,,,,,,,,,,,,,,,,,,,,,,,,,,,,,,,,1.6461196532554625,6.904761904761905,6.39070961512749,3.4687938529263813,1.7552879052346522,0.0,4.60259625651781,4.929751734026936
Kerem Özmen,Fatihkaragumruk,MF,0.0,0.0,0.0,MF,True,True,Fatih Karagümrük,,Merkez Orta Saha,Merkez Orta Saha,,MID,0.0,,0.0,50.0,50.0,0.0,2.2481660838790622,0.0146377323109948,0.0364786809829216,2.4690204826589217,3.310474635271288,1.509054491313347,5.241590037260478,6.60310116260192,,,84.81272781517265,70.0,2.5,60.0,0.0,1.5,0.0,0.0364786809829216,Süper Lig,0.0,,,,,,,,,,,,,,,,,,,,,,,,,,,,,,,,,,,,,,,,,,,,,,,,,,,,,,,,,,,,,,,,,,,,,,,,,,,,,,,,,,,,,,,,,,,,,,,,,,,,,,,,,,,,,,,,,,,,,,,,,,,,,,,,,,,,,,,,,,,,,,,,,,,,,,,,,,,,,,,,,,,,,,,,,,,,,,,,,,,,,,,,,,,,,,,,,,,,,,,,,,,,,,,,,,,,,,,,,,,,,,,,,,,,,,,,,,,,,,,,,,,,,,,,,,,,,,,,,,,,,,,,,1.6507752906504802,6.904761904761905,8.1520598761415,4.1459147239316865,2.233695167497933,0.0,5.213377948871393,6.148987300036593
Kerem Yandal,Fatihkaragumruk,GK,0.0,0.0,0.0,GK,False,False,Fatih Karagümrük,,Merkez Orta Saha,Merkez Orta Saha,,MID,0.0,,0.0,50.0,50.0,0.0,1.766842474999108,0.0835595796740152,0.1345789646756844,2.6966554204690807,3.4214666120946475,1.6950220957870583,2.370527112874336,6.990220047277533,,,84.95177359994325,70.0,2.5,60.0,0.0,1.5,0.0,0.1345789646756844,Süper Lig,0.0,,,,,,,,,,,,,,,,,,,,,,,,,,,,,,,,,,,,,,,,,,,,,,,,,,,,,,,,,,,,,,,,,,,,,,,,,,,,,,,,,,,,,,,,,,,,,,,,,,,,,,,,,,,,,,,,,,,,,,,,,,,,,,,,,,,,,,,,,,,,,,,,,,,,,,,,,,,,,,,,,,,,,,,,,,,,,,,,,,,,,,,,,,,,,,,,,,,,,,,,,,,,,,,,,,,,,,,,,,,,,,,,,,,,,,,,,,,,,,,,,,,,,,,,,,,,,,,,,,,,,,,,,1.7475550118193834,6.904761904761905,6.725596617303032,4.538315858702738,2.133591032456366,0.0,4.979057348146765,5.631956238002886
Opponent Total,Fatihkaragumruk,NAN,0.0,0.0,0.6179999999999995,NAN,False,False,Fatih Karagümrük,,Merkez Orta Saha,Merkez Orta Saha,,MID,0.0,,0.0,50.0,50.0,0.0,1.519211351757804,0.1962242442778669,0.1706834740174425,2.311051445414668,1.3606216873617287,0.8757018481887484,3.8773446423325018,4.052227671740697,,,83.87549354460293,70.0,2.5,60.0,0.0,1.5,0.0,0.1706834740174425,Süper Lig,0.0,,,,,,,,,,,,,,,,,,,,,,,,,,,,,,,,,,,,,,,,,,,,,,,,,,,,,,,,,,,,,,,,,,,,,,,,,,,,,,,,,,,,,,,,,,,,,,,,,,,,,,,,,,,,,,,,,,,,,,,,,,,,,,,,,,,,,,,,,,,,,,,,,,,,,,,,,,,,,,,,,,,,,,,,,,,,,,,,,,,,,,,,,,,,,,,,,,,,,,,,,,,,,,,,,,,,,,,,,,,,,,,,,,,,,,,,,,,,,,,,,,,,,,,,,,,,,,,,,,,,,,,,,1.0130569179351743,6.904761904761905,7.40881320450992,3.589815020977589,1.8307307679330247,0.0,4.729111762046147,5.499314112743755
Date,Fatihkaragumruk,COMP,0.0,0.0,0.0,COMP,False,False,Fatih Karagümrük,,Merkez Orta Saha,Merkez Orta Saha,,MID,0.0,,0.0,50.0,50.0,0.0,1.081100881542289,0.1769202336852289,0.2282784908409153,0.926837998108643,1.7967484988758182,1.4373111494104984,6.019072725967233,8.486471675549758,,,85.73694298292182,70.0,2.5,60.0,0.0,1.5,0.0,0.2282784908409153,Süper Lig,0.0,,,,,,,,,,,,,,,,,,,,,,,,,,,,,,,,,,,,,,,,,,,,,,,,,,,,,,,,,,,,,,,,,,,,,,,,,,,,,,,,,,,,,,,,,,,,,,,,,,,,,,,,,,,,,,,,,,,,,,,,,,,,,,,,,,,,,,,,,,,,,,,,,,,,,,,,,,,,,,,,,,,,,,,,,,,,,,,,,,,,,,,,,,,,,,,,,,,,,,,,,,,,,,,,,,,,,,,,,,,,,,,,,,,,,,,,,,,,,,,,,,,,,,,,,,,,,,,,,,,,,,,,,2.0,6.904761904761905,8.601076122739387,4.1109462959475405,0.9439082797397833,0.0,5.404196080862208,6.356011209343464
Milan Škriniar,Fenerbahçe,DF,0.1,0.1,0.1,DF,False,True,Fenerbahçe,Stoper,Standart Stoper (Sıkı Defans),Standart Stoper,Sıkı Defans,CB,1.7029430857320642,0.8864420213547017,8.325080972880851,62.578406464502194,72.52613203374491,0.0,0.0,,,0.0,0.0,0.0,3.9580031914686127,0.0,,,80.1006824543398,70.0,2.5,60.0,0.0,1.5,0.1,0.1,Süper Lig,0.0,,,,,,,,,,,,,,,,,,,,,,,,,,,,,,,,,,,,,,,,,,,,,,,,,,,,,,,,,,,,,,,,,,,,,,,,,,,,,,,,,,,,,,,,,,,,,,,,,,,,,,,,,,,,,,,,,,,,,,,,,,,,,,,,,,,,,,,,,,,,,,,,,,,,,,,,,,,,,,,,,,,,,,,,,,,,,,,,,,,,,,,,,,,,,,,,,,,,,,,,,,,,,,,,,,,,,,,,,,,,,,,,,,,,,,,,,,,,,,,,,,,,,,,,,,,,,,,,,,,,,,,,,5.513727187317391,9.304961644952199,7.202959147104293,0.8000000000000002,0.7013888888888888,0.0,7.368067362328695,4.001479573552147
Jayden Oosterwolde,Fenerbahçe,DF,0.0,0.0,0.0,DF,False,True,Fenerbahçe,Stoper,Pas Dağıtan Stoper (Savunma),Pas Dağıtan Stoper,Savunma,CB,2.5565002772590955,0.719139945400875,7.633910350413836,62.88742923248315,55.447664010699015,0.0,0.0,,,0.0,0.0,0.0,5.54946632979375,0.0,,,81.82283232214753,70.0,2.5,60.0,0.0,1.5,0.0,0.0,Süper Lig,0.0,,,,,,,,,,,,,,,,,,,,,,,,,,,,,,,,,,,,,,,,,,,,,,,,,,,,,,,,,,,,,,,,,,,,,,,,,,,,,,,,,,,,,,,,,,,,,,,,,,,,,,,,,,,,,,,,,,,,,,,,,,,,,,,,,,,,,,,,,,,,,,,,,,,,,,,,,,,,,,,,,,,,,,,,,,,,,,,,,,,,,,,,,,,,,,,,,,,,,,,,,,,,,,,,,,,,,,,,,,,,,,,,,,,,,,,,,,,,,,,,,,,,,,,,,,,,,,,,,,,,,,,,,6.272444690896974,8.188470164938256,8.11100483808041,0.0,0.0,0.0,7.4065669099501745,4.055502419040205
Youssef En-Nesyri,Fenerbahçe,FW,0.525,0.4025,0.0,FW,True,False,Fenerbahçe,Santrafor,Yaratıcı Forvet,Yaratıcı Forvet,,FWD,0.0,,0.0,50.0,50.0,0.0,4.6893127695543,,,0.0,0.0,0.0,0.0,0.0,6.675547864192519,0.7002641359635631,75.0,70.0,2.5,60.0,0.0,1.5,0.7002641359635631,0.4025,Süper Lig,0.0,,,,,,,,,,,,,,,,,,,,,,,,,,,,,,,,,,,,,,,,,,,,,,,,,,,,,,,,,,,,,,,,,,,,,,,,,,,,,,,,,,,,,,,,,,,,,,,,,,,,,,,,,,,,,,,,,,,,,,,,,,,,,,,,,,,,,,,,,,,,,,,,,,,,,,,,,,,,,,,,,,,,,,,,,,,,,,,,,,,,,,,,,,,,,,,,,,,,,,,,,,,,,,,,,,,,,,,,,,,,,,,,,,,,,,,,,,,,,,,,,,,,,,,,,,,,,,,,,,,,,,,,,0.0,6.904761904761905,4.891304347826086,3.2200000000000006,6.2299920915528,0.0,6.131423826360252,4.055652173913043
Nélson Semedo,Fenerbahçe,MF,0.2,0.2,0.2,DF,False,True,Fenerbahçe,Sağ Bek,Standart Bek (Hücum),Standart Bek,Hücum,FB,2.2850836609815213,,0.0,44.33433988236887,50.0,2.246888271182193,0.0,,,0.0,0.0,0.0,0.0,0.0,,,82.49401064935998,70.0,2.5,60.0,0.0,1.5,0.2,0.2,Süper Lig,0.0,,,,,,,,,,,,,,,,,,,,,,,,,,,,,,,,,,,,,,,,,,,,,,,,,,,,,,,,,,,,,,,,,,,,,,,,,,,,,,,,,,,,,,,,,,,,,,,,,,,,,,,,,,,,,,,,,,,,,,,,,,,,,,,,,,,,,,,,,,,,,,,,,,,,,,,,,,,,,,,,,,,,,,,,,,,,,,,,,,,,,,,,,,,,,,,,,,,,,,,,,,,,,,,,,,,,,,,,,,,,,,,,,,,,,,,,,,,,,,,,,,,,,,,,,,,,,,,,,,,,,,,,,2.031185476428019,6.50007189635968,5.380044172784347,2.4987553084728775,1.4027777777777777,0.0,2.8829895604005102,3.939399740628612
Archie Brown,Fenerbahçe,DF,0.0,0.0,0.2,DF,False,True,Fenerbahçe,Sol Bek,Ofansif Bek (Hücum),Ofansif Bek,Hücum,FB,2.3654830809040823,,0.0,62.41913561566063,50.0,5.471045484883611,0.0,,,1.4193171298788685,0.0,0.0,0.0,0.0,,,79.9002775825238,70.0,2.5,60.0,0.0,1.5,0.0,0.0,Süper Lig,0.0,,,,,,,,,,,,,,,,,,,,,,,,,,,,,,,,,,,,,,,,,,,,,,,,,,,,,,,,,,,,,,,,,,,,,,,,,,,,,,,,,,,,,,,,,,,,,,,,,,,,,,,,,,,,,,,,,,,,,,,,,,,,,,,,,,,,,,,,,,,,,,,,,,,,,,,,,,,,,,,,,,,,,,,,,,,,,,,,,,,,,,,,,,,,,,,,,,,,,,,,,,,,,,,,,,,,,,,,,,,,,,,,,,,,,,,,,,,,,,,,,,,,,,,,,,,,,,,,,,,,,,,,,2.1026516274702955,7.791843020166236,5.210887668425466,2.0,0.7096585649394342,0.0,2.570316536961827,3.605443834212733
İsmail Yüksek,Fenerbahçe,MF,0.2,0.2,0.4,MF,True,True,Fenerbahçe,Ön Libero,Savaşçı Orta Saha (Savunma),Savaşçı Orta Saha,Savunma,DM,2.007527603245641,1.7791072578513183,0.0,50.0,50.0,0.0,1.0993040174222155,0.1971537411681016,0.3326858684051712,1.6814455322587782,0.0,0.0,0.0,4.860444749257713,,,75.0,70.0,2.5,60.0,0.0,1.5,0.2,0.3326858684051712,Süper Lig,0.0,,,,,,,,,,,,,,,,,,,,,,,,,,,,,,,,,,,,,,,,,,,,,,,,,,,,,,,,,,,,,,,,,,,,,,,,,,,,,,,,,,,,,,,,,,,,,,,,,,,,,,,,,,,,,,,,,,,,,,,,,,,,,,,,,,,,,,,,,,,,,,,,,,,,,,,,,,,,,,,,,,,,,,,,,,,,,,,,,,,,,,,,,,,,,,,,,,,,,,,,,,,,,,,,,,,,,,,,,,,,,,,,,,,,,,,,,,,,,,,,,,,,,,,,,,,,,,,,,,,,,,,,,2.9995801679772205,6.904761904761905,4.891304347826086,2.130743473620685,2.7320801072059298,0.0,4.7386519429672855,3.5110239107233854
Ederson,Fenerbahçe,GK,0.0,0.0,0.0,GK,False,False,Fenerbahçe,Kaleci,Libero Kaleci (Destek),Libero Kaleci,Destek,GK,0.0,,0.0,50.0,50.0,0.0,0.0,,,0.0,0.0,0.0,0.0,0.0,,,75.0,62.84452607415594,5.042965300359907,74.64294929887281,0.8655290447975682,1.0944758675340098,0.0,0.0,Süper Lig,0.0,,,,,,,,,,,,,,,,,,,,,,,,,,,,,,,,,,,,,,,,,,,,,,,,,,,,,,,,,,,,,,,,,,,,,,,,,,,,,,,,,,,,,,,,,,,,,,,,,,,,,,,,,,,,,,,,,,,,,,,,,,,,,,,,,,,,,,,,,,,,,,,,,,,,,,,,,,,,,,,,,,,,,,,,,,,,,,,,,,,,,,,,,,,,,,,,,,,,,,,,,,,,,,,,,,,,,,,,,,,,,,,,,,,,,,,,,,,,,,,,,,,,,,,,,,,,,,,,,,,,,,,,,0.0,6.904761904761905,4.891304347826086,0.0,0.0,6.681107623528382,6.681107623528382,2.445652173913043
Kerem Aktürkoğlu,Fenerbahçe,MF,0.0,0.4025,0.2,FW,True,False,Fenerbahçe,Sol Kanat,İçe Kat Eden Oyuncu (Hücum),İçe Kat Eden Oyuncu,Hücum,WING,0.0,,0.0,50.0,50.0,3.502871212243488,3.658545316388036,0.0724733116200331,0.0252865519121144,2.5932188287079017,0.0,0.0,0.0,0.0,,,75.0,70.0,2.5,60.0,0.0,1.5,0.0,0.0252865519121144,Süper Lig,0.0,,,,,,,,,,,,,,,,,,,,,,,,,,,,,,,,,,,,,,,,,,,,,,,,,,,,,,,,,,,,,,,,,,,,,,,,,,,,,,,,,,,,,,,,,,,,,,,,,,,,,,,,,,,,,,,,,,,,,,,,,,,,,,,,,,,,,,,,,,,,,,,,,,,,,,,,,,,,,,,,,,,,,,,,,,,,,,,,,,,,,,,,,,,,,,,,,,,,,,,,,,,,,,,,,,,,,,,,,,,,,,,,,,,,,,,,,,,,,,,,,,,,,,,,,,,,,,,,,,,,,,,,,0.0,6.904761904761905,4.891304347826086,3.112294692545853,2.9226295549708556,0.0,3.39670884497996,4.001799520185969
Marco Asensio,Fenerbahçe,FW,0.1,0.1,0.2,MF,True,True,Fenerbahçe,On Numara,Serbest Oyuncu (Trequartista),Serbest Oyuncu,Trequartista,AM,0.0,,0.0,50.0,50.0,0.0,1.8059226059161992,0.1293172641104023,0.2102278732919245,2.197821437138721,1.1272268465434114,1.357618974715623,4.167361163778172,5.298831169496985,,,80.75792070957142,70.0,2.5,60.0,0.0,1.5,0.1,0.2102278732919245,Süper Lig,0.0,,,,,,,,,,,,,,,,,,,,,,,,,,,,,,,,,,,,,,,,,,,,,,,,,,,,,,,,,,,,,,,,,,,,,,,,,,,,,,,,,,,,,,,,,,,,,,,,,,,,,,,,,,,,,,,,,,,,,,,,,,,,,,,,,,,,,,,,,,,,,,,,,,,,,,,,,,,,,,,,,,,,,,,,,,,,,,,,,,,,,,,,,,,,,,,,,,,,,,,,,,,,,,,,,,,,,,,,,,,,,,,,,,,,,,,,,,,,,,,,,,,,,,,,,,,,,,,,,,,,,,,,,1.3247077923742465,6.904761904761905,7.350501497730701,3.992396057529972,2.602931876754338,0.0,4.247177891337428,5.671448777630337
Talisca,Fenerbahçe,MF,0.3,0.3,0.6179999999999995,MF,True,True,Fenerbahçe,On Numara,Serbest Oyuncu (Trequartista),Serbest Oyuncu,Trequartista,AM,0.0,,0.0,50.0,50.0,0.0,2.487692658564452,0.1100497494888726,0.2602578706617959,1.03723954769105,1.879925832341694,1.7492455651824066,6.8003713577826455,6.113506231697025,,,84.63194721332098,70.0,2.5,60.0,0.0,1.5,0.3,0.2602578706617959,Süper Lig,0.0,,,,,,,,,,,,,,,,,,,,,,,,,,,,,,,,,,,,,,,,,,,,,,,,,,,,,,,,,,,,,,,,,,,,,,,,,,,,,,,,,,,,,,,,,,,,,,,,,,,,,,,,,,,,,,,,,,,,,,,,,,,,,,,,,,,,,,,,,,,,,,,,,,,,,,,,,,,,,,,,,,,,,,,,,,,,,,,,,,,,,,,,,,,,,,,,,,,,,,,,,,,,,,,,,,,,,,,,,,,,,,,,,,,,,,,,,,,,,,,,,,,,,,,,,,,,,,,,,,,,,,,,,1.5283765579242563,6.904761904761905,8.919660497151387,5.494315370874979,3.7284276220963926,0.0,5.649618071496684,7.206987934013183
Nene Dorgeles,Fenerbahçe,DF,0.1,0.1,0.5,FW,True,False,Fenerbahçe,,Merkez Orta Saha,Merkez Orta Saha,,MID,0.0,,0.0,50.0,50.0,0.0,1.7898622986836954,0.0368631316765709,0.1771931208233209,1.746692714264788,3.3194256217560145,1.859130590721891,4.795296424733011,3.2817958006503303,,,82.46607906296276,70.0,2.5,60.0,0.0,1.5,0.1,0.1771931208233209,Süper Lig,0.0,,,,,,,,,,,,,,,,,,,,,,,,,,,,,,,,,,,,,,,,,,,,,,,,,,,,,,,,,,,,,,,,,,,,,,,,,,,,,,,,,,,,,,,,,,,,,,,,,,,,,,,,,,,,,,,,,,,,,,,,,,,,,,,,,,,,,,,,,,,,,,,,,,,,,,,,,,,,,,,,,,,,,,,,,,,,,,,,,,,,,,,,,,,,,,,,,,,,,,,,,,,,,,,,,,,,,,,,,,,,,,,,,,,,,,,,,,,,,,,,,,,,,,,,,,,,,,,,,,,,,,,,,0.8204489501625827,6.904761904761905,7.775870759951033,5.108772483293284,2.3702296009918147,0.0,5.152463524542201,6.442321621622158
Fred,Fenerbahçe,MF,0.4,0.4,0.1,MF,True,True,Fenerbahçe,Merkez Orta Saha,İki Yönlü Orta Saha,İki Yönlü Orta Saha,,MID,2.6112894627461545,,0.0,50.0,50.0,0.0,1.5713451764770523,0.0820481884023278,0.2219364109817159,0.926837998108643,3.880849047213319,1.314605484605925,3.0443164255673443,3.997700212536477,,,75.0,70.0,2.5,60.0,0.0,1.5,0.4,0.2219364109817159,Süper Lig,0.0,,,,,,,,,,,,,,,,,,,,,,,,,,,,,,,,,,,,,,,,,,,,,,,,,,,,,,,,,,,,,,,,,,,,,,,,,,,,,,,,,,,,,,,,,,,,,,,,,,,,,,,,,,,,,,,,,,,,,,,,,,,,,,,,,,,,,,,,,,,,,,,,,,,,,,,,,,,,,,,,,,,,,,,,,,,,,,,,,,,,,,,,,,,,,,,,,,,,,,,,,,,,,,,,,,,,,,,,,,,,,,,,,,,,,,,,,,,,,,,,,,,,,,,,,,,,,,,,,,,,,,,,,3.320571242241812,6.904761904761905,6.413462560609759,6.487745643926864,3.9673501885996783,0.0,5.781635337885085,6.450604102268311
Edson Álvarez,Fenerbahçe,MF,0.0,0.0,0.0,MF,True,True,Fenerbahçe,Ön Libero,Gizli Libero,Gizli Libero,,DM,0.0,,0.0,50.0,50.0,0.0,1.934366071502417,0.1085048415434688,0.0248262756468207,1.0121619423185562,2.553881583137737,0.5834547459142635,3.6058107631797673,7.428201698558222,,,85.94000711555027,70.0,2.5,60.0,0.0,1.5,0.0,0.0248262756468207,Süper Lig,0.0,,,,,,,,,,,,,,,,,,,,,,,,,,,,,,,,,,,,,,,,,,,,,,,,,,,,,,,,,,,,,,,,,,,,,,,,,,,,,,,,,,,,,,,,,,,,,,,,,,,,,,,,,,,,,,,,,,,,,,,,,,,,,,,,,,,,,,,,,,,,,,,,,,,,,,,,,,,,,,,,,,,,,,,,,,,,,,,,,,,,,,,,,,,,,,,,,,,,,,,,,,,,,,,,,,,,,,,,,,,,,,,,,,,,,,,,,,,,,,,,,,,,,,,,,,,,,,,,,,,,,,,,,1.8570504246395558,6.904761904761905,7.4076884543431625,3.8018928246791073,1.3657992251603523,0.0,5.036555277587343,5.604790639511135
Sebastian Szymański,Fenerbahçe,FW,0.1,0.1,0.4,MF,True,True,Fenerbahçe,On Numara,Gizli Forvet,Gizli Forvet,,AM,0.0,,0.0,50.0,50.0,0.0,1.3769317857958083,0.0221501074199043,0.0890370532946464,1.8716928457443087,2.0442867795048643,1.511029878588189,3.1005566295237657,3.496792007550759,,,79.6946825204778,70.0,2.5,60.0,0.0,1.5,0.1,0.0890370532946464,Süper Lig,0.0,,,,,,,,,,,,,,,,,,,,,,,,,,,,,,,,,,,,,,,,,,,,,,,,,,,,,,,,,,,,,,,,,,,,,,,,,,,,,,,,,,,,,,,,,,,,,,,,,,,,,,,,,,,,,,,,,,,,,,,,,,,,,,,,,,,,,,,,,,,,,,,,,,,,,,,,,,,,,,,,,,,,,,,,,,,,,,,,,,,,,,,,,,,,,,,,,,,,,,,,,,,,,,,,,,,,,,,,,,,,,,,,,,,,,,,,,,,,,,,,,,,,,,,,,,,,,,,,,,,,,,,,,0.8741980018876898,6.904761904761905,6.747757609575652,4.119006066181829,2.2492049943369583,0.0,4.083816053307133,5.43338183787874
Oğuz Aydın,Fenerbahçe,FW,0.0,0.0,0.0,FW,True,False,Fenerbahçe,Sol Kanat,Kanat Oyuncusu (Destek),Kanat Oyuncusu,Destek,WING,0.0,,0.0,50.0,50.0,2.470639260633928,3.802912342502471,0.2459098104948692,0.2130606189761154,4.517920861271849,0.0,0.0,0.0,0.0,,,75.0,70.0,2.5,60.0,0.0,1.5,0.0,0.2130606189761154,Süper Lig,0.0,,,,,,,,,,,,,,,,,,,,,,,,,,,,,,,,,,,,,,,,,,,,,,,,,,,,,,,,,,,,,,,,,,,,,,,,,,,,,,,,,,,,,,,,,,,,,,,,,,,,,,,,,,,,,,,,,,,,,,,,,,,,,,,,,,,,,,,,,,,,,,,,,,,,,,,,,,,,,,,,,,,,,,,,,,,,,,,,,,,,,,,,,,,,,,,,,,,,,,,,,,,,,,,,,,,,,,,,,,,,,,,,,,,,,,,,,,,,,,,,,,,,,,,,,,,,,,,,,,,,,,,,,0.0,6.904761904761905,4.891304347826086,1.8404981801580327,3.690183263334432,0.0,3.27176709420662,3.3659012639920594
Çağlar Söyüncü,Fenerbahçe,DF,0.0,0.0,0.0,DF,False,True,Fenerbahçe,Stoper,Standart Stoper (Durdurucu),Standart Stoper,Durdurucu,CB,2.827003538216112,1.3124813887041853,9.099439211985652,71.18804073074607,72.63628622254046,0.0,0.0,,,0.0,0.0,0.0,3.260134555776825,0.0,,,78.88687450828658,70.0,2.5,60.0,0.0,1.5,0.0,0.0,Süper Lig,0.0,,,,,,,,,,,,,,,,,,,,,,,,,,,,,,,,,,,,,,,,,,,,,,,,,,,,,,,,,,,,,,,,,,,,,,,,,,,,,,,,,,,,,,,,,,,,,,,,,,,,,,,,,,,,,,,,,,,,,,,,,,,,,,,,,,,,,,,,,,,,,,,,,,,,,,,,,,,,,,,,,,,,,,,,,,,,,,,,,,,,,,,,,,,,,,,,,,,,,,,,,,,,,,,,,,,,,,,,,,,,,,,,,,,,,,,,,,,,,,,,,,,,,,,,,,,,,,,,,,,,,,,,,6.512892033969877,9.842419081502698,6.77486344147232,0.0,0.0,0.0,7.897097134483494,3.38743172073616
Levent Mercan,Fenerbahçe,DF,0.0,0.0,0.0,DF,False,True,Fenerbahçe,Sol Bek,Standart Bek (Destek),Standart Bek,Destek,FB,0.9491279076858888,,0.0,43.10986083203685,50.0,1.993956559257863,0.0,,,0.0,0.0,0.0,0.0,0.0,,,79.9378293982334,70.0,2.5,60.0,0.0,1.5,0.0,0.0,Süper Lig,0.0,,,,,,,,,,,,,,,,,,,,,,,,,,,,,,,,,,,,,,,,,,,,,,,,,,,,,,,,,,,,,,,,,,,,,,,,,,,,,,,,,,,,,,,,,,,,,,,,,,,,,,,,,,,,,,,,,,,,,,,,,,,,,,,,,,,,,,,,,,,,,,,,,,,,,,,,,,,,,,,,,,,,,,,,,,,,,,,,,,,,,,,,,,,,,,,,,,,,,,,,,,,,,,,,,,,,,,,,,,,,,,,,,,,,,,,,,,,,,,,,,,,,,,,,,,,,,,,,,,,,,,,,,0.8436692512763456,6.412609107050251,5.213336699884787,0.7975826237031453,0.0,0.0,1.7535262749012268,3.0054596617939664
İrfan Kahveci,Fenerbahçe,FW,0.0,0.0,0.0,MF,True,True,Fenerbahçe,,Merkez Orta Saha,Merkez Orta Saha,,MID,0.0,,0.0,50.0,50.0,0.0,0.5420451568519457,0.0551529881778028,0.1266485826217985,1.158332535916263,2.115217884718991,0.5834547459142635,3.752602671430809,6.618912656798329,,,84.85052900207371,70.0,2.5,60.0,0.0,1.5,0.0,0.1266485826217985,Süper Lig,0.0,,,,,,,,,,,,,,,,,,,,,,,,,,,,,,,,,,,,,,,,,,,,,,,,,,,,,,,,,,,,,,,,,,,,,,,,,,,,,,,,,,,,,,,,,,,,,,,,,,,,,,,,,,,,,,,,,,,,,,,,,,,,,,,,,,,,,,,,,,,,,,,,,,,,,,,,,,,,,,,,,,,,,,,,,,,,,,,,,,,,,,,,,,,,,,,,,,,,,,,,,,,,,,,,,,,,,,,,,,,,,,,,,,,,,,,,,,,,,,,,,,,,,,,,,,,,,,,,,,,,,,,,,1.6547281641995826,6.904761904761905,7.4100314880245595,3.916739586966522,0.8200752265589963,0.0,4.971565285988142,5.66338553749554
Jáder Durán,Fenerbahçe,FW,0.2,0.2,0.1,FW,True,False,Fenerbahçe,,Merkez Orta Saha,Merkez Orta Saha,,MID,0.0,,0.0,50.0,50.0,0.0,1.5808233133436107,0.1495563235159347,0.1653726742522797,2.332360290306207,1.1272268465434114,1.323287997616034,3.862666368797754,4.472094658087926,,,80.22324426459988,70.0,2.5,60.0,0.0,1.5,0.2,0.1653726742522797,Süper Lig,0.0,,,,,,,,,,,,,,,,,,,,,,,,,,,,,,,,,,,,,,,,,,,,,,,,,,,,,,,,,,,,,,,,,,,,,,,,,,,,,,,,,,,,,,,,,,,,,,,,,,,,,,,,,,,,,,,,,,,,,,,,,,,,,,,,,,,,,,,,,,,,,,,,,,,,,,,,,,,,,,,,,,,,,,,,,,,,,,,,,,,,,,,,,,,,,,,,,,,,,,,,,,,,,,,,,,,,,,,,,,,,,,,,,,,,,,,,,,,,,,,,,,,,,,,,,,,,,,,,,,,,,,,,,1.1180236645219814,6.904761904761905,7.163283897307565,4.212975261371393,3.2715460621947083,0.0,4.849761181990711,5.6881295793394795
İrfan Can Eğribayat,Fenerbahçe,GK,0.0,0.0,0.0,GK,False,False,Fenerbahçe,Kaleci,Kaleci (Savunma),Kaleci,Savunma,GK,0.0,,0.0,50.0,50.0,0.0,0.0,,,0.0,0.0,0.0,0.0,0.0,,,75.0,71.64885281600843,3.640130838029839,66.21964643431325,0.6844640930984376,1.5082033211088175,0.0,0.0,Süper Lig,0.0,,,,,,,,,,,,,,,,,,,,,,,,,,,,,,,,,,,,,,,,,,,,,,,,,,,,,,,,,,,,,,,,,,,,,,,,,,,,,,,,,,,,,,,,,,,,,,,,,,,,,,,,,,,,,,,,,,,,,,,,,,,,,,,,,,,,,,,,,,,,,,,,,,,,,,,,,,,,,,,,,,,,,,,,,,,,,,,,,,,,,,,,,,,,,,,,,,,,,,,,,,,,,,,,,,,,,,,,,,,,,,,,,,,,,,,,,,,,,,,,,,,,,,,,,,,,,,,,,,,,,,,,,0.0,6.904761904761905,4.891304347826086,0.0,0.0,5.827055903550434,5.827055903550434,2.445652173913043
Mert Müldür,Fenerbahçe,DF,0.0,0.0,0.0,DF,False,True,Fenerbahçe,Sağ Bek,Standart Bek (Destek),Standart Bek,Destek,FB,1.2706920018502463,,0.0,53.11278473925637,50.0,3.975785170290708,0.0,,,0.0,0.0,0.0,0.0,0.0,,,84.31021929874612,70.0,2.5,60.0,0.0,1.5,0.0,0.0,Süper Lig,0.0,,,,,,,,,,,,,,,,,,,,,,,,,,,,,,,,,,,,,,,,,,,,,,,,,,,,,,,,,,,,,,,,,,,,,,,,,,,,,,,,,,,,,,,,,,,,,,,,,,,,,,,,,,,,,,,,,,,,,,,,,,,,,,,,,,,,,,,,,,,,,,,,,,,,,,,,,,,,,,,,,,,,,,,,,,,,,,,,,,,,,,,,,,,,,,,,,,,,,,,,,,,,,,,,,,,,,,,,,,,,,,,,,,,,,,,,,,,,,,,,,,,,,,,,,,,,,,,,,,,,,,,,,1.1295040016446634,7.1271036718516445,5.498492562961703,1.590314068116283,0.0,0.0,2.1340933615864763,3.544403315538993
Tarık Çetin,Fenerbahçe,GK,0.0,0.0,0.0,GK,False,False,Fenerbahçe,Kaleci,Kaleci (Savunma),Kaleci,Savunma,GK,0.0,,0.0,50.0,50.0,0.0,0.0,,,0.0,0.0,0.0,0.0,0.0,,,75.0,59.24678221356552,2.554563366576581,66.50366644053494,0.737654779954096,1.6424294229930765,0.0,0.0,Süper Lig,0.0,,,,,,,,,,,,,,,,,,,,,,,,,,,,,,,,,,,,,,,,,,,,,,,,,,,,,,,,,,,,,,,,,,,,,,,,,,,,,,,,,,,,,,,,,,,,,,,,,,,,,,,,,,,,,,,,,,,,,,,,,,,,,,,,,,,,,,,,,,,,,,,,,,,,,,,,,,,,,,,,,,,,,,,,,,,,,,,,,,,,,,,,,,,,,,,,,,,,,,,,,,,,,,,,,,,,,,,,,,,,,,,,,,,,,,,,,,,,,,,,,,,,,,,,,,,,,,,,,,,,,,,,,0.0,6.904761904761905,4.891304347826086,0.0,0.0,4.447170823496643,4.447170823496643,2.445652173913043
Sofyan Amrabat,Fenerbahçe,MF,0.0,0.0,0.0,MF,True,True,Fenerbahçe,,Merkez Orta Saha,Merkez Orta Saha,,MID,0.0,,0.0,50.0,50.0,0.0,2.411013097461298,0.1839157785597974,0.0166754062591058,2.661555416670618,1.899401582695708,0.9314490935655172,2.343568388619805,5.335773684251859,,,81.34371675738043,70.0,2.5,60.0,0.0,1.5,0.0,0.0166754062591058,Süper Lig,0.0,,,,,,,,,,,,,,,,,,,,,,,,,,,,,,,,,,,,,,,,,,,,,,,,,,,,,,,,,,,,,,,,,,,,,,,,,,,,,,,,,,,,,,,,,,,,,,,,,,,,,,,,,,,,,,,,,,,,,,,,,,,,,,,,,,,,,,,,,,,,,,,,,,,,,,,,,,,,,,,,,,,,,,,,,,,,,,,,,,,,,,,,,,,,,,,,,,,,,,,,,,,,,,,,,,,,,,,,,,,,,,,,,,,,,,,,,,,,,,,,,,,,,,,,,,,,,,,,,,,,,,,,,1.333943421062965,6.904761904761905,6.476809200226018,3.3329693468335626,2.4023390849847748,0.0,4.512120968221113,4.904889273529791
Yusuf Akçiçek,Fenerbahçe,DF,0.0,0.0,0.0,DF,False,True,Fenerbahçe,,Merkez Orta Saha,Merkez Orta Saha,,MID,0.0,,0.0,50.0,50.0,0.0,0.7681361789510852,0.2459098104948692,0.0490084341436611,2.961584087594524,2.939376224913792,0.9601648992832118,3.8478709971338656,4.732162420624199,,,80.62451760388299,70.0,2.5,60.0,0.0,1.5,0.0,0.0490084341436611,Süper Lig,0.0,,,,,,,,,,,,,,,,,,,,,,,,,,,,,,,,,,,,,,,,,,,,,,,,,,,,,,,,,,,,,,,,,,,,,,,,,,,,,,,,,,,,,,,,,,,,,,,,,,,,,,,,,,,,,,,,,,,,,,,,,,,,,,,,,,,,,,,,,,,,,,,,,,,,,,,,,,,,,,,,,,,,,,,,,,,,,,,,,,,,,,,,,,,,,,,,,,,,,,,,,,,,,,,,,,,,,,,,,,,,,,,,,,,,,,,,,,,,,,,,,,,,,,,,,,,,,,,,,,,,,,,,,1.1830406051560498,6.904761904761905,7.1820562118636495,4.155617886517173,1.8221859011088553,0.0,4.856369152074695,5.668837049190412
Dominik Livaković,Fenerbahçe,GK,0.0,0.0,0.0,GK,False,False,Fenerbahçe,,Merkez Orta Saha,Merkez Orta Saha,,MID,0.0,,0.0,50.0,50.0,0.0,1.8490102707233984,0.2332783328358894,0.096885007726957,1.3404056594609872,3.880849047213319,1.029437755178535,4.321192598696125,5.134036298789695,,,80.1940533584258,70.0,2.5,60.0,0.0,1.5,0.0,0.096885007726957,Süper Lig,0.0,,,,,,,,,,,,,,,,,,,,,,,,,,,,,,,,,,,,,,,,,,,,,,,,,,,,,,,,,,,,,,,,,,,,,,,,,,,,,,,,,,,,,,,,,,,,,,,,,,,,,,,,,,,,,,,,,,,,,,,,,,,,,,,,,,,,,,,,,,,,,,,,,,,,,,,,,,,,,,,,,,,,,,,,,,,,,,,,,,,,,,,,,,,,,,,,,,,,,,,,,,,,,,,,,,,,,,,,,,,,,,,,,,,,,,,,,,,,,,,,,,,,,,,,,,,,,,,,,,,,,,,,,1.283509074697424,6.904761904761905,7.390643257506266,4.387540030907829,1.4919851722742261,0.0,4.991613566968356,5.889091644207047
Bartuğ Elmaz,Fenerbahçe,MF,0.0,0.0,0.0,MF,True,True,Fenerbahçe,Ön Libero,Defansif Orta Saha (Destek),Defansif Orta Saha,Destek,DM,0.0,,0.0,50.0,50.0,0.0,0.8219607461840186,0.1606412998837978,0.3400364418153677,1.2522029720994885,3.5411824809516985,1.431938673574415,5.613688761194023,7.314275431105473,,,87.908531418728,70.0,2.5,60.0,0.0,1.5,0.0,0.3400364418153677,Süper Lig,0.0,,,,,,,,,,,,,,,,,,,,,,,,,,,,,,,,,,,,,,,,,,,,,,,,,,,,,,,,,,,,,,,,,,,,,,,,,,,,,,,,,,,,,,,,,,,,,,,,,,,,,,,,,,,,,,,,,,,,,,,,,,,,,,,,,,,,,,,,,,,,,,,,,,,,,,,,,,,,,,,,,,,,,,,,,,,,,,,,,,,,,,,,,,,,,,,,,,,,,,,,,,,,,,,,,,,,,,,,,,,,,,,,,,,,,,,,,,,,,,,,,,,,,,,,,,,,,,,,,,,,,,,,,1.8285688577763684,6.904761904761905,8.540009473122751,5.3601457672614705,0.9914173732426413,0.0,5.364858956475944,6.950077620192111
Cenk Tosun,Fenerbahçe,MF,0.0,0.0,0.0,MF,True,True,Fenerbahçe,Santrafor,Yardımcı Forvet (Destek),Yardımcı Forvet,Destek,FWD,0.0,,0.0,50.0,50.0,0.0,4.63769184832799,,,0.0,0.0,0.0,0.0,0.0,2.7749445849792163,0.7976626137032232,75.0,70.0,2.5,60.0,0.0,1.5,0.7976626137032232,0.0,Süper Lig,0.0,,,,,,,,,,,,,,,,,,,,,,,,,,,,,,,,,,,,,,,,,,,,,,,,,,,,,,,,,,,,,,,,,,,,,,,,,,,,,,,,,,,,,,,,,,,,,,,,,,,,,,,,,,,,,,,,,,,,,,,,,,,,,,,,,,,,,,,,,,,,,,,,,,,,,,,,,,,,,,,,,,,,,,,,,,,,,,,,,,,,,,,,,,,,,,,,,,,,,,,,,,,,,,,,,,,,,,,,,,,,,,,,,,,,,,,,,,,,,,,,,,,,,,,,,,,,,,,,,,,,,,,,,0.0,6.904761904761905,4.891304347826086,0.0,4.492695667822573,0.0,4.767045972122116,2.445652173913043
Cengiz Ünder,Fenerbahçe,MF,0.0,0.0,0.0,FW,True,False,Fenerbahçe,,Merkez Orta Saha,Merkez Orta Saha,,MID,0.0,,0.0,50.0,50.0,0.0,1.5252381373934707,0.105312013323518,0.1159714524860677,1.0823331689028808,1.1272268465434114,1.0010749485031538,5.28364742360804,4.78273029373905,,,81.42849081193069,70.0,2.5,60.0,0.0,1.5,0.0,0.1159714524860677,Süper Lig,0.0,,,,,,,,,,,,,,,,,,,,,,,,,,,,,,,,,,,,,,,,,,,,,,,,,,,,,,,,,,,,,,,,,,,,,,,,,,,,,,,,,,,,,,,,,,,,,,,,,,,,,,,,,,,,,,,,,,,,,,,,,,,,,,,,,,,,,,,,,,,,,,,,,,,,,,,,,,,,,,,,,,,,,,,,,,,,,,,,,,,,,,,,,,,,,,,,,,,,,,,,,,,,,,,,,,,,,,,,,,,,,,,,,,,,,,,,,,,,,,,,,,,,,,,,,,,,,,,,,,,,,,,,,1.1956825734347625,6.904761904761905,7.952377460408195,3.2153703743065454,1.2190502010707607,0.0,4.817048078227852,5.58387391735737
Rodrigo Becão,Fenerbahçe,DF,0.0,0.0,0.0,DF,False,True,Fenerbahçe,Stoper,Standart Stoper (Durdurucu),Standart Stoper,Durdurucu,CB,1.5101231676924374,1.7297702515768592,9.808730669781292,66.46734079047363,53.09371606507798,0.0,0.0,,,0.0,0.0,0.0,2.128778756592747,0.0,,,81.4202172303596,70.0,2.5,60.0,0.0,1.5,0.0,0.0,Süper Lig,0.0,,,,,,,,,,,,,,,,,,,,,,,,,,,,,,,,,,,,,,,,,,,,,,,,,,,,,,,,,,,,,,,,,,,,,,,,,,,,,,,,,,,,,,,,,,,,,,,,,,,,,,,,,,,,,,,,,,,,,,,,,,,,,,,,,,,,,,,,,,,,,,,,,,,,,,,,,,,,,,,,,,,,,,,,,,,,,,,,,,,,,,,,,,,,,,,,,,,,,,,,,,,,,,,,,,,,,,,,,,,,,,,,,,,,,,,,,,,,,,,,,,,,,,,,,,,,,,,,,,,,,,,,,5.342331704615501,8.287248270324742,6.374403545493738,0.0,0.0,0.0,6.726712699074845,3.187201772746869
Alexander Djiku,Fenerbahçe,MF,0.0,0.0,0.0,DF,False,True,Fenerbahçe,,Merkez Orta Saha,Merkez Orta Saha,,MID,0.0,,0.0,50.0,50.0,0.0,0.6030205442581112,0.1590443411770581,0.1687143703392288,2.518361673767819,3.695681814024518,1.5990485758854205,5.543828276145771,6.398427841781383,,,89.1254853823734,70.0,2.5,60.0,0.0,1.5,0.0,0.1687143703392288,Süper Lig,0.0,,,,,,,,,,,,,,,,,,,,,,,,,,,,,,,,,,,,,,,,,,,,,,,,,,,,,,,,,,,,,,,,,,,,,,,,,,,,,,,,,,,,,,,,,,,,,,,,,,,,,,,,,,,,,,,,,,,,,,,,,,,,,,,,,,,,,,,,,,,,,,,,,,,,,,,,,,,,,,,,,,,,,,,,,,,,,,,,,,,,,,,,,,,,,,,,,,,,,,,,,,,,,,,,,,,,,,,,,,,,,,,,,,,,,,,,,,,,,,,,,,,,,,,,,,,,,,,,,,,,,,,,,1.5996069604453458,6.904761904761905,8.584445793445063,4.6748574813569155,1.5271899676652922,0.0,5.440918035002308,6.62965163740099
Engin Biterge,Fenerbahçe,GK,0.0,0.0,0.0,GK,False,False,Fenerbahçe,,Merkez Orta Saha,Merkez Orta Saha,,MID,0.0,,0.0,50.0,50.0,0.0,1.3457789661421888,0.196412904520058,0.0686341994584375,2.7074844615146336,3.3495952398958777,1.1067910783608046,2.0418184093842857,5.856302413194598,,,89.14603468984694,70.0,2.5,60.0,0.0,1.5,0.0,0.0686341994584375,Süper Lig,0.0,,,,,,,,,,,,,,,,,,,,,,,,,,,,,,,,,,,,,,,,,,,,,,,,,,,,,,,,,,,,,,,,,,,,,,,,,,,,,,,,,,,,,,,,,,,,,,,,,,,,,,,,,,,,,,,,,,,,,,,,,,,,,,,,,,,,,,,,,,,,,,,,,,,,,,,,,,,,,,,,,,,,,,,,,,,,,,,,,,,,,,,,,,,,,,,,,,,,,,,,,,,,,,,,,,,,,,,,,,,,,,,,,,,,,,,,,,,,,,,,,,,,,,,,,,,,,,,,,,,,,,,,,1.4640756032986495,6.904761904761905,6.834781032290857,4.2745367978337505,1.9518662157094009,0.0,4.86953883454629,5.554658915062303
Yiğit Efe Demir,Fenerbahçe,DF,0.0,0.0,0.0,DF,False,True,Fenerbahçe,Stoper,Standart Stoper (Savunma),Standart Stoper,Savunma,CB,1.8216161028349973,1.4656327763424704,10.83050315627883,54.073360677035744,77.076587200387,0.0,0.0,,,0.0,0.0,0.0,2.0387682031757746,0.0,,,78.18728507646034,70.0,2.5,60.0,0.0,1.5,0.0,0.0,Süper Lig,0.0,,,,,,,,,,,,,,,,,,,,,,,,,,,,,,,,,,,,,,,,,,,,,,,,,,,,,,,,,,,,,,,,,,,,,,,,,,,,,,,,,,,,,,,,,,,,,,,,,,,,,,,,,,,,,,,,,,,,,,,,,,,,,,,,,,,,,,,,,,,,,,,,,,,,,,,,,,,,,,,,,,,,,,,,,,,,,,,,,,,,,,,,,,,,,,,,,,,,,,,,,,,,,,,,,,,,,,,,,,,,,,,,,,,,,,,,,,,,,,,,,,,,,,,,,,,,,,,,,,,,,,,,,5.619214313631109,8.862382905502553,6.118554867443997,0.0,0.0,0.0,7.016349861142265,3.0592774337219986
Mert Yandaş,Fenerbahçe,MF,0.0,0.0,0.0,MF,True,True,Fenerbahçe,,Merkez Orta Saha,Merkez Orta Saha,,MID,0.0,,0.0,50.0,50.0,0.0,1.987942990680017,0.0295840477308468,0.2137730248765189,0.926837998108643,3.341128370712941,0.602529800464938,3.0883369979026805,6.982026992175889,,,84.85512563924517,70.0,2.5,60.0,0.0,1.5,0.0,0.2137730248765189,Süper Lig,0.0,,,,,,,,,,,,,,,,,,,,,,,,,,,,,,,,,,,,,,,,,,,,,,,,,,,,,,,,,,,,,,,,,,,,,,,,,,,,,,,,,,,,,,,,,,,,,,,,,,,,,,,,,,,,,,,,,,,,,,,,,,,,,,,,,,,,,,,,,,,,,,,,,,,,,,,,,,,,,,,,,,,,,,,,,,,,,,,,,,,,,,,,,,,,,,,,,,,,,,,,,,,,,,,,,,,,,,,,,,,,,,,,,,,,,,,,,,,,,,,,,,,,,,,,,,,,,,,,,,,,,,,,,1.7455067480439723,6.904761904761905,7.078198431945591,4.855092099506076,1.346949217134329,0.0,5.145889796064386,5.966645265725834
Abdülkerim Bardakcı,Galatasaray,DF,0.2,0.2,0.0,DF,False,True,Galatasaray,Stoper,Pas Dağıtan Stoper (Sıkı Defans),Pas Dağıtan Stoper,Sıkı Defans,CB,2.46322181643414,1.2586459245328503,6.12098100667196,64.89791443438136,60.419684674794325,0.0,0.0,,,0.0,0.0,0.0,6.754814537429568,0.0,,,81.66592607179292,70.0,2.5,60.0,0.0,1.5,0.2,0.2,Süper Lig,0.0,,,,,,,,,,,,,,,,,,,,,,,,,,,,,,,,,,,,,,,,,,,,,,,,,,,,,,,,,,,,,,,,,,,,,,,,,,,,,,,,,,,,,,,,,,,,,,,,,,,,,,,,,,,,,,,,,,,,,,,,,,,,,,,,,,,,,,,,,,,,,,,,,,,,,,,,,,,,,,,,,,,,,,,,,,,,,,,,,,,,,,,,,,,,,,,,,,,,,,,,,,,,,,,,,,,,,,,,,,,,,,,,,,,,,,,,,,,,,,,,,,,,,,,,,,,,,,,,,,,,,,,,,6.189530503497014,8.663544295061147,8.703445925570845,1.6000000000000003,1.4027777777777777,0.0,7.6819191045374335,5.151722962785422
Roland Sallai,Galatasaray,FW,0.1,0.1,0.2,DF,False,True,Galatasaray,Sağ Bek,Ofansif Bek (Hücum),Ofansif Bek,Hücum,FB,2.170542175648204,,0.0,50.25992067474154,50.0,5.093209599257972,0.0,,,3.3858019355796705,0.0,0.0,0.0,0.0,,,81.01483721370488,70.0,2.5,60.0,0.0,1.5,0.1,0.1,Süper Lig,0.0,,,,,,,,,,,,,,,,,,,,,,,,,,,,,,,,,,,,,,,,,,,,,,,,,,,,,,,,,,,,,,,,,,,,,,,,,,,,,,,,,,,,,,,,,,,,,,,,,,,,,,,,,,,,,,,,,,,,,,,,,,,,,,,,,,,,,,,,,,,,,,,,,,,,,,,,,,,,,,,,,,,,,,,,,,,,,,,,,,,,,,,,,,,,,,,,,,,,,,,,,,,,,,,,,,,,,,,,,,,,,,,,,,,,,,,,,,,,,,,,,,,,,,,,,,,,,,,,,,,,,,,,,1.9293708227984039,6.923327667243443,5.283576340024231,2.8000000000000003,2.3942898566787245,0.0,3.122094762041404,4.041788170012116
Lucas Torreira,Galatasaray,MF,0.1,0.1,0.0,MF,True,True,Galatasaray,Ön Libero,Ön Libero (Çapa),Ön Libero,Çapa,DM,3.1079170151050404,,0.0,50.0,50.0,0.0,1.1299002009018624,0.102476222424072,0.098239125430591,3.327773064857963,0.0,0.0,3.357046902233572,8.620978435948548,,,75.0,70.0,2.5,60.0,0.0,1.5,0.1,0.098239125430591,Süper Lig,0.0,,,,,,,,,,,,,,,,,,,,,,,,,,,,,,,,,,,,,,,,,,,,,,,,,,,,,,,,,,,,,,,,,,,,,,,,,,,,,,,,,,,,,,,,,,,,,,,,,,,,,,,,,,,,,,,,,,,,,,,,,,,,,,,,,,,,,,,,,,,,,,,,,,,,,,,,,,,,,,,,,,,,,,,,,,,,,,,,,,,,,,,,,,,,,,,,,,,,,,,,,,,,,,,,,,,,,,,,,,,,,,,,,,,,,,,,,,,,,,,,,,,,,,,,,,,,,,,,,,,,,,,,,4.762592902315592,6.904761904761905,6.569827798942872,0.7929565017223641,2.8674532883853647,0.0,5.94741407203767,3.681392150332618
Leroy Sané,Galatasaray,MF,0.4,0.4,0.8,FW,True,False,Galatasaray,Sağ Kanat,İçe Kat Eden Oyuncu (Hücum),İçe Kat Eden Oyuncu,Hücum,WING,0.0,,0.0,50.0,50.0,6.163931656513367,3.749261633596199,0.0890704316492339,0.3420414376440454,4.517920861271849,0.0,0.0,0.0,0.0,,,75.0,70.0,2.5,60.0,0.0,1.5,0.4,0.3420414376440454,Süper Lig,0.0,,,,,,,,,,,,,,,,,,,,,,,,,,,,,,,,,,,,,,,,,,,,,,,,,,,,,,,,,,,,,,,,,,,,,,,,,,,,,,,,,,,,,,,,,,,,,,,,,,,,,,,,,,,,,,,,,,,,,,,,,,,,,,,,,,,,,,,,,,,,,,,,,,,,,,,,,,,,,,,,,,,,,,,,,,,,,,,,,,,,,,,,,,,,,,,,,,,,,,,,,,,,,,,,,,,,,,,,,,,,,,,,,,,,,,,,,,,,,,,,,,,,,,,,,,,,,,,,,,,,,,,,,0.0,6.904761904761905,4.891304347826086,4.9681657505761825,6.471894059376089,0.0,5.913689520394708,4.929735049201135
Davinson Sánchez,Galatasaray,DF,0.1,0.1,0.0,DF,False,True,Galatasaray,Stoper,Standart Stoper (Durdurucu),Standart Stoper,Durdurucu,CB,2.5974675787331725,1.3270672870983016,8.130402786409562,51.764218685010746,65.15757117343571,0.0,0.0,,,0.0,0.0,0.0,3.3314407477823105,0.0,,,85.71834288432783,70.0,2.5,60.0,0.0,1.5,0.1,0.1,Süper Lig,0.0,,,,,,,,,,,,,,,,,,,,,,,,,,,,,,,,,,,,,,,,,,,,,,,,,,,,,,,,,,,,,,,,,,,,,,,,,,,,,,,,,,,,,,,,,,,,,,,,,,,,,,,,,,,,,,,,,,,,,,,,,,,,,,,,,,,,,,,,,,,,,,,,,,,,,,,,,,,,,,,,,,,,,,,,,,,,,,,,,,,,,,,,,,,,,,,,,,,,,,,,,,,,,,,,,,,,,,,,,,,,,,,,,,,,,,,,,,,,,,,,,,,,,,,,,,,,,,,,,,,,,,,,,6.308860069985043,8.041282270015529,7.256047083738622,0.8000000000000002,0.7013888888888888,0.0,7.191266352747954,4.028023541869311
Barış Alper Yılmaz,Galatasaray,MF,0.525,0.4025,0.6,FW,True,False,Galatasaray,Sol Kanat,Kanat Oyuncusu (Hücum),Kanat Oyuncusu,Hücum,WING,0.0,,0.0,50.0,50.0,7.172066739931228,2.9062430705857296,0.1228865668085083,0.3420414376440454,4.517920861271849,0.0,0.0,0.0,0.0,,,75.0,70.0,2.5,60.0,0.0,1.5,0.525,0.3420414376440454,Süper Lig,0.0,,,,,,,,,,,,,,,,,,,,,,,,,,,,,,,,,,,,,,,,,,,,,,,,,,,,,,,,,,,,,,,,,,,,,,,,,,,,,,,,,,,,,,,,,,,,,,,,,,,,,,,,,,,,,,,,,,,,,,,,,,,,,,,,,,,,,,,,,,,,,,,,,,,,,,,,,,,,,,,,,,,,,,,,,,,,,,,,,,,,,,,,,,,,,,,,,,,,,,,,,,,,,,,,,,,,,,,,,,,,,,,,,,,,,,,,,,,,,,,,,,,,,,,,,,,,,,,,,,,,,,,,,0.0,6.904761904761905,4.891304347826086,4.978165750576182,6.973955253593658,0.0,6.168720117503493,4.934735049201134
Uğurcan Çakır,Galatasaray,GK,0.0,0.0,0.0,GK,False,False,Galatasaray,Kaleci,Kaleci (Savunma),Kaleci,Savunma,GK,0.0,,0.0,50.0,50.0,0.0,0.0,,,0.0,0.0,0.0,0.0,0.0,,,75.0,58.63649934414201,4.908753883293676,74.59212356676127,0.3908020849831183,0.8564563159885995,0.0,0.0,Süper Lig,0.0,,,,,,,,,,,,,,,,,,,,,,,,,,,,,,,,,,,,,,,,,,,,,,,,,,,,,,,,,,,,,,,,,,,,,,,,,,,,,,,,,,,,,,,,,,,,,,,,,,,,,,,,,,,,,,,,,,,,,,,,,,,,,,,,,,,,,,,,,,,,,,,,,,,,,,,,,,,,,,,,,,,,,,,,,,,,,,,,,,,,,,,,,,,,,,,,,,,,,,,,,,,,,,,,,,,,,,,,,,,,,,,,,,,,,,,,,,,,,,,,,,,,,,,,,,,,,,,,,,,,,,,,,0.0,6.904761904761905,4.891304347826086,0.0,0.0,6.994399141420356,6.994399141420356,2.445652173913043
Gabriel Sara,Galatasaray,MF,0.1,0.1,0.5,MF,True,True,Galatasaray,Merkez Orta Saha,İki Yönlü Orta Saha,İki Yönlü Orta Saha,,MID,1.4037908421302618,,0.0,50.0,50.0,0.0,1.796314621423158,0.2099505714089043,0.0724474024534493,0.9403224658589756,2.222752625721451,1.4772295155304942,6.8003713577826455,7.395432583261502,,,75.0,70.0,2.5,60.0,0.0,1.5,0.1,0.0724474024534493,Süper Lig,0.0,,,,,,,,,,,,,,,,,,,,,,,,,,,,,,,,,,,,,,,,,,,,,,,,,,,,,,,,,,,,,,,,,,,,,,,,,,,,,,,,,,,,,,,,,,,,,,,,,,,,,,,,,,,,,,,,,,,,,,,,,,,,,,,,,,,,,,,,,,,,,,,,,,,,,,,,,,,,,,,,,,,,,,,,,,,,,,,,,,,,,,,,,,,,,,,,,,,,,,,,,,,,,,,,,,,,,,,,,,,,,,,,,,,,,,,,,,,,,,,,,,,,,,,,,,,,,,,,,,,,,,,,,3.0966722277089422,6.904761904761905,8.29149002671741,4.171624693628098,1.9699121757842248,0.0,5.616137213204089,6.231557360172754
Mario Lemina,Galatasaray,MF,0.0,0.0,0.3,MF,True,True,Galatasaray,Ön Libero,Savaşçı Orta Saha (Destek),Savaşçı Orta Saha,Destek,DM,3.151685523790128,1.2861232334330797,0.0,50.0,50.0,0.0,2.070444917658431,0.095958237983261,0.1808004199560926,2.2615001053128907,0.0,0.0,0.0,8.667274854121318,,,75.0,70.0,2.5,60.0,0.0,1.5,0.0,0.1808004199560926,Süper Lig,0.0,,,,,,,,,,,,,,,,,,,,,,,,,,,,,,,,,,,,,,,,,,,,,,,,,,,,,,,,,,,,,,,,,,,,,,,,,,,,,,,,,,,,,,,,,,,,,,,,,,,,,,,,,,,,,,,,,,,,,,,,,,,,,,,,,,,,,,,,,,,,,,,,,,,,,,,,,,,,,,,,,,,,,,,,,,,,,,,,,,,,,,,,,,,,,,,,,,,,,,,,,,,,,,,,,,,,,,,,,,,,,,,,,,,,,,,,,,,,,,,,,,,,,,,,,,,,,,,,,,,,,,,,,4.801498243369002,6.904761904761905,4.891304347826086,0.7232016798243706,2.0509477938379703,0.0,5.459419173123998,2.8072530138252283
Yunus Akgün,Galatasaray,FW,0.525,0.4025,0.5,FW,True,False,Galatasaray,Sağ Kanat,İçe Kat Eden Oyuncu (Destek),İçe Kat Eden Oyuncu,Destek,WING,0.0,,0.0,50.0,50.0,2.2271041223303087,2.889461963304123,0.2185834166912497,0.1121592794267631,2.16329530392248,0.0,0.0,0.0,0.0,,,75.0,70.0,2.5,60.0,0.0,1.5,0.525,0.1121592794267631,Süper Lig,0.0,,,,,,,,,,,,,,,,,,,,,,,,,,,,,,,,,,,,,,,,,,,,,,,,,,,,,,,,,,,,,,,,,,,,,,,,,,,,,,,,,,,,,,,,,,,,,,,,,,,,,,,,,,,,,,,,,,,,,,,,,,,,,,,,,,,,,,,,,,,,,,,,,,,,,,,,,,,,,,,,,,,,,,,,,,,,,,,,,,,,,,,,,,,,,,,,,,,,,,,,,,,,,,,,,,,,,,,,,,,,,,,,,,,,,,,,,,,,,,,,,,,,,,,,,,,,,,,,,,,,,,,,,0.0,6.904761904761905,4.891304347826086,2.949478766639176,6.048144635651962,0.0,4.894340014957842,3.920391557232631
Eren Elmalı,Galatasaray,MF,0.1,0.1,0.0,DF,False,True,Galatasaray,Sol Bek,Standart Bek (Destek),Standart Bek,Destek,FB,2.0720414736522192,,0.0,64.55946542271516,50.0,1.5613464325277038,0.0,,,0.0,0.0,0.0,0.0,0.0,,,87.08113820676621,70.0,2.5,60.0,0.0,1.5,0.1,0.1,Süper Lig,0.0,,,,,,,,,,,,,,,,,,,,,,,,,,,,,,,,,,,,,,,,,,,,,,,,,,,,,,,,,,,,,,,,,,,,,,,,,,,,,,,,,,,,,,,,,,,,,,,,,,,,,,,,,,,,,,,,,,,,,,,,,,,,,,,,,,,,,,,,,,,,,,,,,,,,,,,,,,,,,,,,,,,,,,,,,,,,,,,,,,,,,,,,,,,,,,,,,,,,,,,,,,,,,,,,,,,,,,,,,,,,,,,,,,,,,,,,,,,,,,,,,,,,,,,,,,,,,,,,,,,,,,,,,1.8418146432464173,7.94472372067013,5.679204665658666,1.4245385730110816,0.7013888888888888,0.0,2.4478941769073734,3.551871619334874
Victor Osimhen,Galatasaray,FW,0.525,0.0,0.2,FW,True,False,Galatasaray,Santrafor,Komple Forvet (Hücum),Komple Forvet,Hücum,FWD,0.0,,0.0,50.0,50.0,0.0,4.311228201004338,,,2.860862219085803,1.1973593464624652,0.0,0.0,0.0,1.161241430490398,0.3749711111252314,75.0,70.0,2.5,60.0,0.0,1.5,0.3749711111252314,0.0,Süper Lig,0.0,,,,,,,,,,,,,,,,,,,,,,,,,,,,,,,,,,,,,,,,,,,,,,,,,,,,,,,,,,,,,,,,,,,,,,,,,,,,,,,,,,,,,,,,,,,,,,,,,,,,,,,,,,,,,,,,,,,,,,,,,,,,,,,,,,,,,,,,,,,,,,,,,,,,,,,,,,,,,,,,,,,,,,,,,,,,,,,,,,,,,,,,,,,,,,,,,,,,,,,,,,,,,,,,,,,,,,,,,,,,,,,,,,,,,,,,,,,,,,,,,,,,,,,,,,,,,,,,,,,,,,,,,0.0,6.904761904761905,4.891304347826086,0.7982395643083101,6.559983921144511,0.0,6.087242880546109,2.844771956067198
Ismail Jakobs,Galatasaray,DF,0.0,0.0,0.2,DF,False,True,Galatasaray,Sol Bek,Standart Bek (Hücum),Standart Bek,Hücum,FB,1.1136857329058416,,0.0,43.10986083203685,50.0,3.279558739485266,0.0,,,0.0,0.0,0.0,0.0,0.0,,,86.95795918069487,70.0,2.5,60.0,0.0,1.5,0.0,0.0,Süper Lig,0.0,,,,,,,,,,,,,,,,,,,,,,,,,,,,,,,,,,,,,,,,,,,,,,,,,,,,,,,,,,,,,,,,,,,,,,,,,,,,,,,,,,,,,,,,,,,,,,,,,,,,,,,,,,,,,,,,,,,,,,,,,,,,,,,,,,,,,,,,,,,,,,,,,,,,,,,,,,,,,,,,,,,,,,,,,,,,,,,,,,,,,,,,,,,,,,,,,,,,,,,,,,,,,,,,,,,,,,,,,,,,,,,,,,,,,,,,,,,,,,,,,,,,,,,,,,,,,,,,,,,,,,,,,0.9899428736940814,6.412609107050251,5.671171250914883,1.3118234957941064,0.0,0.0,2.058825579890473,3.4914973733544947
Mauro Icardi,Galatasaray,FW,0.4,0.4,0.0,FW,True,False,Galatasaray,Santrafor,Fırsatçı Golcü,Fırsatçı Golcü,,FWD,0.0,,0.0,50.0,50.0,0.0,4.6893127695543,,,0.0,0.0,0.0,0.0,0.0,2.631727356389192,0.6519347556711166,75.0,70.0,2.5,60.0,0.0,1.5,0.6519347556711166,0.4,Süper Lig,0.0,,,,,,,,,,,,,,,,,,,,,,,,,,,,,,,,,,,,,,,,,,,,,,,,,,,,,,,,,,,,,,,,,,,,,,,,,,,,,,,,,,,,,,,,,,,,,,,,,,,,,,,,,,,,,,,,,,,,,,,,,,,,,,,,,,,,,,,,,,,,,,,,,,,,,,,,,,,,,,,,,,,,,,,,,,,,,,,,,,,,,,,,,,,,,,,,,,,,,,,,,,,,,,,,,,,,,,,,,,,,,,,,,,,,,,,,,,,,,,,,,,,,,,,,,,,,,,,,,,,,,,,,,0.0,6.904761904761905,4.891304347826086,3.2000000000000006,5.592851667027795,0.0,5.747139571645249,4.0456521739130435
Wilfried Singo,Galatasaray,DF,0.0,0.0,0.1,DF,False,True,Galatasaray,Sağ Bek,İki Yönlü Bek,İki Yönlü Bek,,FB,1.1558938496724076,,0.0,49.94638997614354,50.0,8.576278388994181,0.0,,,1.6048819601432336,0.0,0.0,0.0,0.0,,,78.91791236413384,70.0,2.5,60.0,0.0,1.5,0.0,0.0,Süper Lig,0.0,,,,,,,,,,,,,,,,,,,,,,,,,,,,,,,,,,,,,,,,,,,,,,,,,,,,,,,,,,,,,,,,,,,,,,,,,,,,,,,,,,,,,,,,,,,,,,,,,,,,,,,,,,,,,,,,,,,,,,,,,,,,,,,,,,,,,,,,,,,,,,,,,,,,,,,,,,,,,,,,,,,,,,,,,,,,,,,,,,,,,,,,,,,,,,,,,,,,,,,,,,,,,,,,,,,,,,,,,,,,,,,,,,,,,,,,,,,,,,,,,,,,,,,,,,,,,,,,,,,,,,,,,1.0274611997088068,6.900932617343587,5.146820371573946,2.0,0.8024409800716169,0.0,2.304058588835012,3.573410185786973
İlkay Gündoğan,Galatasaray,MF,0.3,0.3,0.4,MF,True,True,Galatasaray,Merkez Orta Saha,Regista,Regista,,MID,0.0,,0.0,50.0,50.0,0.0,2.3470734209068507,0.1429680678067966,0.0166754062591058,2.7144634025174748,3.880849047213319,1.9276198799136048,5.219338546516523,3.187098810367708,,,87.62403008420826,70.0,2.5,60.0,0.0,1.5,0.3,0.0166754062591058,Süper Lig,0.0,,,,,,,,,,,,,,,,,,,,,,,,,,,,,,,,,,,,,,,,,,,,,,,,,,,,,,,,,,,,,,,,,,,,,,,,,,,,,,,,,,,,,,,,,,,,,,,,,,,,,,,,,,,,,,,,,,,,,,,,,,,,,,,,,,,,,,,,,,,,,,,,,,,,,,,,,,,,,,,,,,,,,,,,,,,,,,,,,,,,,,,,,,,,,,,,,,,,,,,,,,,,,,,,,,,,,,,,,,,,,,,,,,,,,,,,,,,,,,,,,,,,,,,,,,,,,,,,,,,,,,,,,0.796774702591927,6.904761904761905,8.324279930924018,5.266701625036423,4.5045421105506716,0.0,5.3231295408285675,6.79549077798022
Günay Güvenç,Galatasaray,GK,0.0,0.0,0.0,GK,False,False,Galatasaray,Kaleci,Kaleci (Savunma),Kaleci,Savunma,GK,0.0,,0.0,50.0,50.0,0.0,0.0,,,0.0,0.0,0.0,0.0,0.0,,,75.0,58.66809019706868,4.325398470083344,72.75114942710427,0.2660311547166061,1.5923245229177894,0.0,0.0,Süper Lig,0.0,,,,,,,,,,,,,,,,,,,,,,,,,,,,,,,,,,,,,,,,,,,,,,,,,,,,,,,,,,,,,,,,,,,,,,,,,,,,,,,,,,,,,,,,,,,,,,,,,,,,,,,,,,,,,,,,,,,,,,,,,,,,,,,,,,,,,,,,,,,,,,,,,,,,,,,,,,,,,,,,,,,,,,,,,,,,,,,,,,,,,,,,,,,,,,,,,,,,,,,,,,,,,,,,,,,,,,,,,,,,,,,,,,,,,,,,,,,,,,,,,,,,,,,,,,,,,,,,,,,,,,,,,0.0,6.904761904761905,4.891304347826086,0.0,0.0,5.315140770766597,5.315140770766597,2.445652173913043
Kaan Ayhan,Galatasaray,FW,0.0,0.0,0.0,MF,True,True,Galatasaray,Ön Libero,Gizli Libero,Gizli Libero,,DM,0.0,,0.0,50.0,50.0,0.0,0.8927483718964525,0.1469423402155495,0.0166754062591058,3.151616634114431,2.3739872770107144,1.6756397637261609,5.308421441999283,4.57358426579895,,,79.71601347198872,70.0,2.5,60.0,0.0,1.5,0.0,0.0166754062591058,Süper Lig,0.0,,,,,,,,,,,,,,,,,,,,,,,,,,,,,,,,,,,,,,,,,,,,,,,,,,,,,,,,,,,,,,,,,,,,,,,,,,,,,,,,,,,,,,,,,,,,,,,,,,,,,,,,,,,,,,,,,,,,,,,,,,,,,,,,,,,,,,,,,,,,,,,,,,,,,,,,,,,,,,,,,,,,,,,,,,,,,,,,,,,,,,,,,,,,,,,,,,,,,,,,,,,,,,,,,,,,,,,,,,,,,,,,,,,,,,,,,,,,,,,,,,,,,,,,,,,,,,,,,,,,,,,,,1.1433960664497376,6.904761904761905,7.853081164824992,3.649359809710233,1.972585371233417,0.0,4.884711347455964,5.751220487267613
Kazımcan Karataş,Galatasaray,DF,0.0,0.0,0.0,DF,False,True,Galatasaray,Sol Bek,Standart Bek (Hücum),Standart Bek,Hücum,FB,1.4298025747453496,,0.0,64.23676083188423,50.0,4.049834742962762,0.0,,,0.0,0.0,0.0,0.0,0.0,,,80.31175119965785,70.0,2.5,60.0,0.0,1.5,0.0,0.0,Süper Lig,0.0,,,,,,,,,,,,,,,,,,,,,,,,,,,,,,,,,,,,,,,,,,,,,,,,,,,,,,,,,,,,,,,,,,,,,,,,,,,,,,,,,,,,,,,,,,,,,,,,,,,,,,,,,,,,,,,,,,,,,,,,,,,,,,,,,,,,,,,,,,,,,,,,,,,,,,,,,,,,,,,,,,,,,,,,,,,,,,,,,,,,,,,,,,,,,,,,,,,,,,,,,,,,,,,,,,,,,,,,,,,,,,,,,,,,,,,,,,,,,,,,,,,,,,,,,,,,,,,,,,,,,,,,,1.2709356219958665,7.921673392753634,5.237722904325511,1.6199338971851052,0.0,0.0,2.113144800735876,3.4288284007553083
Ahmed Kutucu,Galatasaray,MF,0.0,0.0,0.0,FW,True,False,Galatasaray,Sol Kanat,Defansif Kanat Oyuncusu (Destek),Defansif Kanat Oyuncusu,Destek,WING,3.291379888533233,,0.0,50.74984384908101,50.0,6.611023471089155,2.2096318995514683,0.1668773674258306,0.1130395355052813,4.377980959110042,0.0,0.0,0.0,0.0,,,75.0,70.0,2.5,60.0,0.0,1.5,0.0,0.1130395355052813,Süper Lig,0.0,,,,,,,,,,,,,,,,,,,,,,,,,,,,,,,,,,,,,,,,,,,,,,,,,,,,,,,,,,,,,,,,,,,,,,,,,,,,,,,,,,,,,,,,,,,,,,,,,,,,,,,,,,,,,,,,,,,,,,,,,,,,,,,,,,,,,,,,,,,,,,,,,,,,,,,,,,,,,,,,,,,,,,,,,,,,,,,,,,,,,,,,,,,,,,,,,,,,,,,,,,,,,,,,,,,,,,,,,,,,,,,,,,,,,,,,,,,,,,,,,,,,,,,,,,,,,,,,,,,,,,,,,2.9256710120295404,6.958322179696262,4.891304347826086,2.4521581420211254,2.9820586220228753,0.0,3.167724785789514,3.6717312449236057
Berkan Kutlu,Galatasaray,MF,0.0,0.0,0.0,MF,True,True,Galatasaray,Merkez Orta Saha,Savaşçı Orta Saha (Savunma),Savaşçı Orta Saha,Savunma,MID,3.294336567705979,1.7791072578513183,0.0,50.0,50.0,0.0,1.238563423199547,0.0461190632834098,0.0766740831856502,2.728034716757555,0.0,0.0,0.0,7.5215876554588545,,,75.0,70.0,2.5,60.0,0.0,1.5,0.0,0.0766740831856502,Süper Lig,0.0,,,,,,,,,,,,,,,,,,,,,,,,,,,,,,,,,,,,,,,,,,,,,,,,,,,,,,,,,,,,,,,,,,,,,,,,,,,,,,,,,,,,,,,,,,,,,,,,,,,,,,,,,,,,,,,,,,,,,,,,,,,,,,,,,,,,,,,,,,,,,,,,,,,,,,,,,,,,,,,,,,,,,,,,,,,,,,,,,,,,,,,,,,,,,,,,,,,,,,,,,,,,,,,,,,,,,,,,,,,,,,,,,,,,,,,,,,,,,,,,,,,,,,,,,,,,,,,,,,,,,,,,,4.8086960851589176,6.904761904761905,4.891304347826086,0.3066963327426008,1.9144899909119097,0.0,4.227864667622377,2.5990003402843436
Nicolò Zaniolo,Galatasaray,MF,0.0,0.0,0.0,FW,True,False,Galatasaray,,Merkez Orta Saha,Merkez Orta Saha,,MID,0.0,,0.0,50.0,50.0,0.0,0.7200736279938766,0.0905588604130721,0.0166754062591058,2.9646658242884385,2.1940158788635085,0.928637486889059,4.419946840898736,3.3085548809055023,,,82.49457892055497,70.0,2.5,60.0,0.0,1.5,0.0,0.0166754062591058,Süper Lig,0.0,,,,,,,,,,,,,,,,,,,,,,,,,,,,,,,,,,,,,,,,,,,,,,,,,,,,,,,,,,,,,,,,,,,,,,,,,,,,,,,,,,,,,,,,,,,,,,,,,,,,,,,,,,,,,,,,,,,,,,,,,,,,,,,,,,,,,,,,,,,,,,,,,,,,,,,,,,,,,,,,,,,,,,,,,,,,,,,,,,,,,,,,,,,,,,,,,,,,,,,,,,,,,,,,,,,,,,,,,,,,,,,,,,,,,,,,,,,,,,,,,,,,,,,,,,,,,,,,,,,,,,,,,0.8271387202263757,6.904761904761905,7.590054654398605,3.5293788776120953,1.8023656356970537,0.0,4.712833539249745,5.55971676600535
Arda Ünyay,Galatasaray,DF,0.0,0.0,0.0,DF,False,True,Galatasaray,Stoper,Standart Stoper (Savunma),Standart Stoper,Savunma,CB,2.8837903953853865,0.8068941431478454,6.583651783529968,66.06048195515788,74.79372398323224,0.0,0.0,,,0.0,0.0,0.0,2.675212749207416,0.0,,,85.84831818927563,70.0,2.5,60.0,0.0,1.5,0.0,0.0,Süper Lig,0.0,,,,,,,,,,,,,,,,,,,,,,,,,,,,,,,,,,,,,,,,,,,,,,,,,,,,,,,,,,,,,,,,,,,,,,,,,,,,,,,,,,,,,,,,,,,,,,,,,,,,,,,,,,,,,,,,,,,,,,,,,,,,,,,,,,,,,,,,,,,,,,,,,,,,,,,,,,,,,,,,,,,,,,,,,,,,,,,,,,,,,,,,,,,,,,,,,,,,,,,,,,,,,,,,,,,,,,,,,,,,,,,,,,,,,,,,,,,,,,,,,,,,,,,,,,,,,,,,,,,,,,,,,6.563369240342566,9.704854119488665,6.936409734773857,0.0,0.0,0.0,7.8945712908872645,3.4682048673869286
Yusuf Demir,Galatasaray,MF,0.0,0.0,0.0,MF,True,True,Galatasaray,Sağ Kanat,Oyun Kurucu (Destek),Oyun Kurucu,Destek,WING,0.0,,0.0,50.0,50.0,5.726043131660181,3.257193646911364,0.0640902403906025,0.3420414376440454,4.038740525013662,0.0,0.0,0.0,0.0,,,75.0,70.0,2.5,60.0,0.0,1.5,0.0,0.3420414376440454,Süper Lig,0.0,,,,,,,,,,,,,,,,,,,,,,,,,,,,,,,,,,,,,,,,,,,,,,,,,,,,,,,,,,,,,,,,,,,,,,,,,,,,,,,,,,,,,,,,,,,,,,,,,,,,,,,,,,,,,,,,,,,,,,,,,,,,,,,,,,,,,,,,,,,,,,,,,,,,,,,,,,,,,,,,,,,,,,,,,,,,,,,,,,,,,,,,,,,,,,,,,,,,,,,,,,,,,,,,,,,,,,,,,,,,,,,,,,,,,,,,,,,,,,,,,,,,,,,,,,,,,,,,,,,,,,,,,0.0,6.904761904761905,4.891304347826086,3.368165750576182,3.4476416208494953,0.0,3.761563301131411,4.129735049201134
Metehan Baltacı,Galatasaray,DF,0.0,0.0,0.0,DF,False,True,Galatasaray,Stoper,Standart Stoper (Savunma),Standart Stoper,Savunma,CB,2.803922519005201,1.3765079493690866,10.361489558149628,50.66278276354055,59.601488030918354,0.0,0.0,,,0.0,0.0,0.0,2.2726660277409287,0.0,,,82.67977885421719,70.0,2.5,60.0,0.0,1.5,0.0,0.0,Süper Lig,0.0,,,,,,,,,,,,,,,,,,,,,,,,,,,,,,,,,,,,,,,,,,,,,,,,,,,,,,,,,,,,,,,,,,,,,,,,,,,,,,,,,,,,,,,,,,,,,,,,,,,,,,,,,,,,,,,,,,,,,,,,,,,,,,,,,,,,,,,,,,,,,,,,,,,,,,,,,,,,,,,,,,,,,,,,,,,,,,,,,,,,,,,,,,,,,,,,,,,,,,,,,,,,,,,,,,,,,,,,,,,,,,,,,,,,,,,,,,,,,,,,,,,,,,,,,,,,,,,,,,,,,,,,,6.492375572449069,7.5922027327903105,6.528492504362889,0.0,0.0,0.0,6.939529822968329,3.2642462521814446
Ahmet Şen,Galatasaray,GK,0.0,0.0,0.0,GK,False,False,Galatasaray,,Merkez Orta Saha,Merkez Orta Saha,,MID,0.0,,0.0,50.0,50.0,0.0,2.484215354532588,0.083627822185483,0.0378090139457419,1.7165155198655766,1.908747186499578,1.149150319398894,2.0387682031757746,5.978197483207418,,,87.57278716017856,70.0,2.5,60.0,0.0,1.5,0.0,0.0378090139457419,Süper Lig,0.0,,,,,,,,,,,,,,,,,,,,,,,,,,,,,,,,,,,,,,,,,,,,,,,,,,,,,,,,,,,,,,,,,,,,,,,,,,,,,,,,,,,,,,,,,,,,,,,,,,,,,,,,,,,,,,,,,,,,,,,,,,,,,,,,,,,,,,,,,,,,,,,,,,,,,,,,,,,,,,,,,,,,,,,,,,,,,,,,,,,,,,,,,,,,,,,,,,,,,,,,,,,,,,,,,,,,,,,,,,,,,,,,,,,,,,,,,,,,,,,,,,,,,,,,,,,,,,,,,,,,,,,,,1.4945493708018545,6.904761904761905,6.730652829425619,3.42373418011602,1.962353473058383,0.0,4.638424571276349,5.077193504770819
Jankat Yilmaz,Galatasaray,GK,0.0,0.0,0.0,GK,False,False,Galatasaray,,Merkez Orta Saha,Merkez Orta Saha,,MID,0.0,,0.0,50.0,50.0,0.0,2.34670203264102,0.0140238381945519,0.118601227268563,3.0000278071155835,1.197084576863097,1.5281658248328522,6.022473212159111,6.581057093501335,,,82.40868874436484,70.0,2.5,60.0,0.0,1.5,0.0,0.118601227268563,Süper Lig,0.0,,,,,,,,,,,,,,,,,,,,,,,,,,,,,,,,,,,,,,,,,,,,,,,,,,,,,,,,,,,,,,,,,,,,,,,,,,,,,,,,,,,,,,,,,,,,,,,,,,,,,,,,,,,,,,,,,,,,,,,,,,,,,,,,,,,,,,,,,,,,,,,,,,,,,,,,,,,,,,,,,,,,,,,,,,,,,,,,,,,,,,,,,,,,,,,,,,,,,,,,,,,,,,,,,,,,,,,,,,,,,,,,,,,,,,,,,,,,,,,,,,,,,,,,,,,,,,,,,,,,,,,,,1.645264273375334,6.904761904761905,8.385716306799,3.27246129364965,2.5429925847315786,0.0,5.0520509446464725,5.8290888002243255
Elias Jelert,Galatasaray,DF,0.0,0.0,0.0,DF,False,True,Galatasaray,,Merkez Orta Saha,Merkez Orta Saha,,MID,0.0,,0.0,50.0,50.0,0.0,1.533909973589175,0.0140238381945519,0.2809049878529345,1.0163100852386229,1.684706090481097,0.998684235723068,5.864047866451687,5.005463344901765,,,79.04420661963347,70.0,2.5,60.0,0.0,1.5,0.0,0.2809049878529345,Süper Lig,0.0,,,,,,,,,,,,,,,,,,,,,,,,,,,,,,,,,,,,,,,,,,,,,,,,,,,,,,,,,,,,,,,,,,,,,,,,,,,,,,,,,,,,,,,,,,,,,,,,,,,,,,,,,,,,,,,,,,,,,,,,,,,,,,,,,,,,,,,,,,,,,,,,,,,,,,,,,,,,,,,,,,,,,,,,,,,,,,,,,,,,,,,,,,,,,,,,,,,,,,,,,,,,,,,,,,,,,,,,,,,,,,,,,,,,,,,,,,,,,,,,,,,,,,,,,,,,,,,,,,,,,,,,,1.2513658362254412,6.904761904761905,8.0870808866802,4.246757345065803,1.1898928086589446,0.0,5.122491493183338,6.166919115873002
Gökdeniz Gürpüz,Galatasaray,MF,0.0,0.0,0.0,MF,True,True,Galatasaray,Merkez Orta Saha,Standart Orta Saha (Destek),Standart Orta Saha,Destek,MID,0.0,,0.0,50.0,50.0,0.0,2.168269918190485,0.2079242609189433,0.2002170251792552,3.216004971363425,1.7398109049340738,0.5848784842200734,4.742095814967813,7.625473222474931,,,84.68141893113825,70.0,2.5,60.0,0.0,1.5,0.0,0.2002170251792552,Süper Lig,0.0,,,,,,,,,,,,,,,,,,,,,,,,,,,,,,,,,,,,,,,,,,,,,,,,,,,,,,,,,,,,,,,,,,,,,,,,,,,,,,,,,,,,,,,,,,,,,,,,,,,,,,,,,,,,,,,,,,,,,,,,,,,,,,,,,,,,,,,,,,,,,,,,,,,,,,,,,,,,,,,,,,,,,,,,,,,,,,,,,,,,,,,,,,,,,,,,,,,,,,,,,,,,,,,,,,,,,,,,,,,,,,,,,,,,,,,,,,,,,,,,,,,,,,,,,,,,,,,,,,,,,,,,,1.906368305618733,6.904761904761905,7.893749142123357,3.960742037339737,2.571678004877484,0.0,5.166405347460933,5.927245589731547
Furkan Koçak,Galatasaray,MF,0.0,0.0,0.0,MF,True,True,Galatasaray,,Merkez Orta Saha,Merkez Orta Saha,,MID,0.0,,0.0,50.0,50.0,0.0,1.4940117522712888,0.0682677024932031,0.1794337040847457,2.278499415615088,2.4522312091306047,1.0608815705192205,2.332316628881361,3.639589518802631,,,88.14145021795241,70.0,2.5,60.0,0.0,1.5,0.0,0.1794337040847457,Süper Lig,0.0,,,,,,,,,,,,,,,,,,,,,,,,,,,,,,,,,,,,,,,,,,,,,,,,,,,,,,,,,,,,,,,,,,,,,,,,,,,,,,,,,,,,,,,,,,,,,,,,,,,,,,,,,,,,,,,,,,,,,,,,,,,,,,,,,,,,,,,,,,,,,,,,,,,,,,,,,,,,,,,,,,,,,,,,,,,,,,,,,,,,,,,,,,,,,,,,,,,,,,,,,,,,,,,,,,,,,,,,,,,,,,,,,,,,,,,,,,,,,,,,,,,,,,,,,,,,,,,,,,,,,,,,,0.9098973797006578,6.904761904761905,6.914513763437577,4.352555622426053,1.8032549310392283,0.0,4.770432167581548,5.633534692931814
Çağrı Balta,Galatasaray,FW,0.0,0.0,0.0,FW,True,False,Galatasaray,,Merkez Orta Saha,Merkez Orta Saha,,MID,0.0,,0.0,50.0,50.0,0.0,1.7095299448057957,0.1295196915597038,0.1027210881228425,3.006703978898733,3.242333219790082,1.9166728740414551,5.832575247662923,3.450826690414853,,,87.55111664572203,70.0,2.5,60.0,0.0,1.5,0.0,0.1027210881228425,Süper Lig,0.0,,,,,,,,,,,,,,,,,,,,,,,,,,,,,,,,,,,,,,,,,,,,,,,,,,,,,,,,,,,,,,,,,,,,,,,,,,,,,,,,,,,,,,,,,,,,,,,,,,,,,,,,,,,,,,,,,,,,,,,,,,,,,,,,,,,,,,,,,,,,,,,,,,,,,,,,,,,,,,,,,,,,,,,,,,,,,,,,,,,,,,,,,,,,,,,,,,,,,,,,,,,,,,,,,,,,,,,,,,,,,,,,,,,,,,,,,,,,,,,,,,,,,,,,,,,,,,,,,,,,,,,,,0.8627066726037134,6.904761904761905,8.626143057248116,4.410884352491371,2.26314307602972,0.0,5.201123996776277,6.5185137048697435
Kacper Kozłowski,Gaziantep,MF,0.26,0.09,0.35,MF,True,True,Gaziantep,,Merkez Orta Saha,Merkez Orta Saha,,MID,0.0,,0.0,50.0,50.0,0.0,0.5871613074436349,0.0746813933971932,0.3261138018014857,2.02125936819941,2.42142948519384,1.4626015959478371,4.918567938656819,7.369132537221619,,,80.10147768156423,70.0,2.5,60.0,0.0,1.5,0.26,0.3261138018014857,Süper Lig,0.0,,,,,,,,,,,,,,,,,,,,,,,,,,,,,,,,,,,,,,,,,,,,,,,,,,,,,,,,,,,,,,,,,,,,,,,,,,,,,,,,,,,,,,,,,,,,,,,,,,,,,,,,,,,,,,,,,,,,,,,,,,,,,,,,,,,,,,,,,,,,,,,,,,,,,,,,,,,,,,,,,,,,,,,,,,,,,,,,,,,,,,,,,,,,,,,,,,,,,,,,,,,,,,,,,,,,,,,,,,,,,,,,,,,,,,,,,,,,,,,,,,,,,,,,,,,,,,,,,,,,,,,,,1.8422831343054047,6.904761904761905,7.683293383343468,5.278741530668503,3.095201376296876,0.0,5.4272699882698205,6.4810174570059855
Alexandru Maxim,Gaziantep,FW,0.18,0.4025,0.6179999999999995,MF,True,True,Gaziantep,On Numara,Serbest Oyuncu (Trequartista),Serbest Oyuncu,Trequartista,AM,0.0,,0.0,50.0,50.0,0.0,1.986067883043297,0.2351698112788351,0.138955264433017,2.5376597770306173,1.1735333483414818,1.5072187230008105,5.909799885789796,5.972947897237191,,,86.0731753729496,70.0,2.5,60.0,0.0,1.5,0.18,0.138955264433017,Süper Lig,0.0,,,,,,,,,,,,,,,,,,,,,,,,,,,,,,,,,,,,,,,,,,,,,,,,,,,,,,,,,,,,,,,,,,,,,,,,,,,,,,,,,,,,,,,,,,,,,,,,,,,,,,,,,,,,,,,,,,,,,,,,,,,,,,,,,,,,,,,,,,,,,,,,,,,,,,,,,,,,,,,,,,,,,,,,,,,,,,,,,,,,,,,,,,,,,,,,,,,,,,,,,,,,,,,,,,,,,,,,,,,,,,,,,,,,,,,,,,,,,,,,,,,,,,,,,,,,,,,,,,,,,,,,,1.4932369743092977,6.904761904761905,8.568367902000308,4.948176623293056,3.41402672542344,0.0,5.211969909673622,6.758272262646682
Kévin Rodrigues,Gaziantep,MF,0.18,0.09,0.28,DF,False,True,Gaziantep,Sol Bek,Standart Bek (Destek),Standart Bek,Destek,FB,1.6236890748247363,,0.0,61.637678147349504,50.0,4.507062547046997,0.0,,,0.0,0.0,0.0,0.0,0.0,,,78.18728507646034,70.0,2.5,60.0,0.0,1.5,0.18,0.09,Süper Lig,0.0,,,,,,,,,,,,,,,,,,,,,,,,,,,,,,,,,,,,,,,,,,,,,,,,,,,,,,,,,,,,,,,,,,,,,,,,,,,,,,,,,,,,,,,,,,,,,,,,,,,,,,,,,,,,,,,,,,,,,,,,,,,,,,,,,,,,,,,,,,,,,,,,,,,,,,,,,,,,,,,,,,,,,,,,,,,,,,,,,,,,,,,,,,,,,,,,,,,,,,,,,,,,,,,,,,,,,,,,,,,,,,,,,,,,,,,,,,,,,,,,,,,,,,,,,,,,,,,,,,,,,,,,,1.4432791776219878,7.736024629572583,5.099170765856109,2.522825018818799,1.2624999999999997,0.0,2.644959991515164,3.810997892337454
Myenty Abena,Gaziantep,DF,0.11,0.0,0.11,DF,False,True,Gaziantep,Stoper,Çakılı Stoper,Çakılı Stoper,,CB,1.94853861892112,1.7791072578513183,6.166658010096594,64.64438953183658,76.86569685488601,0.0,0.0,,,0.0,0.0,0.0,3.719063155284208,0.0,,,80.89706002978532,70.0,2.5,60.0,0.0,1.5,0.11,0.0,Süper Lig,0.0,,,,,,,,,,,,,,,,,,,,,,,,,,,,,,,,,,,,,,,,,,,,,,,,,,,,,,,,,,,,,,,,,,,,,,,,,,,,,,,,,,,,,,,,,,,,,,,,,,,,,,,,,,,,,,,,,,,,,,,,,,,,,,,,,,,,,,,,,,,,,,,,,,,,,,,,,,,,,,,,,,,,,,,,,,,,,,,,,,,,,,,,,,,,,,,,,,,,,,,,,,,,,,,,,,,,,,,,,,,,,,,,,,,,,,,,,,,,,,,,,,,,,,,,,,,,,,,,,,,,,,,,,5.732034327929885,9.617456395131184,7.135426796975929,0.0,0.7715277777777776,0.0,7.5668816486196135,3.5677133984879643
Mustafa Burak Bozan,Gaziantep,GK,0.0,0.11,0.11,GK,False,False,Gaziantep,,Merkez Orta Saha,Merkez Orta Saha,,MID,0.0,,0.0,50.0,50.0,0.0,0.6681983156339932,0.0648241897164434,0.03048246837852,2.221287184527505,3.873369402964612,1.4484232304564597,5.7587349619792025,7.1304143785664165,,,80.64605116122776,70.0,2.5,60.0,0.0,1.5,0.0,0.03048246837852,Süper Lig,0.0,,,,,,,,,,,,,,,,,,,,,,,,,,,,,,,,,,,,,,,,,,,,,,,,,,,,,,,,,,,,,,,,,,,,,,,,,,,,,,,,,,,,,,,,,,,,,,,,,,,,,,,,,,,,,,,,,,,,,,,,,,,,,,,,,,,,,,,,,,,,,,,,,,,,,,,,,,,,,,,,,,,,,,,,,,,,,,,,,,,,,,,,,,,,,,,,,,,,,,,,,,,,,,,,,,,,,,,,,,,,,,,,,,,,,,,,,,,,,,,,,,,,,,,,,,,,,,,,,,,,,,,,,1.7826035946416041,6.904761904761905,8.138892556721846,4.56192987351408,1.407620621434416,0.0,5.347046982409859,6.350411215117963
Melih Kabasakal,Gaziantep,DF,0.12,0.12,0.24,MF,True,True,Gaziantep,Ön Libero,Defansif Orta Saha (Savunma),Defansif Orta Saha,Savunma,DM,0.0,,0.0,50.0,50.0,0.0,2.13474202353031,0.1074142031847337,0.2159732806412304,2.775291708739396,3.828172957282337,0.7984882084391551,6.015010359789185,5.608964031622477,,,80.61849041462607,70.0,2.5,60.0,0.0,1.5,0.12,0.2159732806412304,Süper Lig,0.0,,,,,,,,,,,,,,,,,,,,,,,,,,,,,,,,,,,,,,,,,,,,,,,,,,,,,,,,,,,,,,,,,,,,,,,,,,,,,,,,,,,,,,,,,,,,,,,,,,,,,,,,,,,,,,,,,,,,,,,,,,,,,,,,,,,,,,,,,,,,,,,,,,,,,,,,,,,,,,,,,,,,,,,,,,,,,,,,,,,,,,,,,,,,,,,,,,,,,,,,,,,,,,,,,,,,,,,,,,,,,,,,,,,,,,,,,,,,,,,,,,,,,,,,,,,,,,,,,,,,,,,,,1.4022410079056193,6.904761904761905,8.265232815631075,5.343893122564922,3.1780867537165025,0.0,5.111894819280142,6.804562969097999
Arda Kızıldağ,Gaziantep,MF,0.13,0.0,0.13,DF,False,True,Gaziantep,Stoper,Standart Stoper (Sıkı Defans),Standart Stoper,Sıkı Defans,CB,2.9243584426950715,0.8540924167601764,7.511771365645089,71.18804073074607,61.676050362024895,0.0,0.0,,,0.0,0.0,0.0,2.0387682031757746,0.0,,,78.4048037791496,70.0,2.5,60.0,0.0,1.5,0.13,0.0,Süper Lig,0.0,,,,,,,,,,,,,,,,,,,,,,,,,,,,,,,,,,,,,,,,,,,,,,,,,,,,,,,,,,,,,,,,,,,,,,,,,,,,,,,,,,,,,,,,,,,,,,,,,,,,,,,,,,,,,,,,,,,,,,,,,,,,,,,,,,,,,,,,,,,,,,,,,,,,,,,,,,,,,,,,,,,,,,,,,,,,,,,,,,,,,,,,,,,,,,,,,,,,,,,,,,,,,,,,,,,,,,,,,,,,,,,,,,,,,,,,,,,,,,,,,,,,,,,,,,,,,,,,,,,,,,,,,6.5994297268400635,9.11173669080166,6.132740869793296,0.0,0.9118055555555555,0.0,7.511014741015349,3.066370434896648
Christopher Lungoyi,Gaziantep,FW,0.27,0.27,0.53,MF,True,True,Gaziantep,Sol Kanat,Kanat Oyuncusu (Hücum),Kanat Oyuncusu,Hücum,WING,0.0,,0.0,50.0,50.0,2.7228550621253387,2.593882055052796,0.0683745609683393,0.3420414376440454,2.806094059875613,0.0,0.0,0.0,0.0,,,75.0,70.0,2.5,60.0,0.0,1.5,0.27,0.3420414376440454,Süper Lig,0.0,,,,,,,,,,,,,,,,,,,,,,,,,,,,,,,,,,,,,,,,,,,,,,,,,,,,,,,,,,,,,,,,,,,,,,,,,,,,,,,,,,,,,,,,,,,,,,,,,,,,,,,,,,,,,,,,,,,,,,,,,,,,,,,,,,,,,,,,,,,,,,,,,,,,,,,,,,,,,,,,,,,,,,,,,,,,,,,,,,,,,,,,,,,,,,,,,,,,,,,,,,,,,,,,,,,,,,,,,,,,,,,,,,,,,,,,,,,,,,,,,,,,,,,,,,,,,,,,,,,,,,,,,0.0,6.904761904761905,4.891304347826086,3.537307775426317,4.449633498850161,0.0,4.330216050071797,4.214306061626202
Luis Pérez,Gaziantep,DF,0.0,0.0,0.0,MF,True,True,Gaziantep,Sağ Bek,Standart Bek (Destek),Standart Bek,Destek,FB,1.851033111601503,,0.0,60.426801773732,50.0,2.36832699486363,0.0,,,0.0,0.0,0.0,0.0,0.0,,,87.78777678547269,70.0,2.5,60.0,0.0,1.5,0.0,0.0,Süper Lig,0.0,,,,,,,,,,,,,,,,,,,,,,,,,,,,,,,,,,,,,,,,,,,,,,,,,,,,,,,,,,,,,,,,,,,,,,,,,,,,,,,,,,,,,,,,,,,,,,,,,,,,,,,,,,,,,,,,,,,,,,,,,,,,,,,,,,,,,,,,,,,,,,,,,,,,,,,,,,,,,,,,,,,,,,,,,,,,,,,,,,,,,,,,,,,,,,,,,,,,,,,,,,,,,,,,,,,,,,,,,,,,,,,,,,,,,,,,,,,,,,,,,,,,,,,,,,,,,,,,,,,,,,,,,1.6453627658680028,7.649533460028476,5.725289790356914,0.947330797945452,0.0,0.0,2.126862378439865,3.336310294151183
Deian Sorescu,Gaziantep,DF,0.14,0.0,0.14,MF,True,True,Gaziantep,Sağ Kanat,Çalışkan Kanat Oyuncusu (Hücum),Çalışkan Kanat Oyuncusu,Hücum,WING,0.0,,0.0,50.0,50.0,3.2076671386245343,3.0323142136848835,0.1672579152651198,0.0476804606365017,4.517920861271849,0.0,0.0,0.0,0.0,,,75.0,70.0,2.5,60.0,0.0,1.5,0.14,0.0476804606365017,Süper Lig,0.0,,,,,,,,,,,,,,,,,,,,,,,,,,,,,,,,,,,,,,,,,,,,,,,,,,,,,,,,,,,,,,,,,,,,,,,,,,,,,,,,,,,,,,,,,,,,,,,,,,,,,,,,,,,,,,,,,,,,,,,,,,,,,,,,,,,,,,,,,,,,,,,,,,,,,,,,,,,,,,,,,,,,,,,,,,,,,,,,,,,,,,,,,,,,,,,,,,,,,,,,,,,,,,,,,,,,,,,,,,,,,,,,,,,,,,,,,,,,,,,,,,,,,,,,,,,,,,,,,,,,,,,,,0.0,6.904761904761905,4.891304347826086,1.4737886979958204,4.329639650526616,0.0,3.444811494937827,3.182546522910953
Mohamed Lamine Bayo,Gaziantep,MF,0.34,0.0,0.34,FW,True,False,Gaziantep,,Merkez Orta Saha,Merkez Orta Saha,,MID,0.0,,0.0,50.0,50.0,0.0,2.0422589841078103,0.2181825626211504,0.0398434377168104,1.0204009514825918,3.355568629445225,1.1275007961534202,4.590040332023124,4.478412199434641,,,88.48886127966222,70.0,2.5,60.0,0.0,1.5,0.34,0.0398434377168104,Süper Lig,0.0,,,,,,,,,,,,,,,,,,,,,,,,,,,,,,,,,,,,,,,,,,,,,,,,,,,,,,,,,,,,,,,,,,,,,,,,,,,,,,,,,,,,,,,,,,,,,,,,,,,,,,,,,,,,,,,,,,,,,,,,,,,,,,,,,,,,,,,,,,,,,,,,,,,,,,,,,,,,,,,,,,,,,,,,,,,,,,,,,,,,,,,,,,,,,,,,,,,,,,,,,,,,,,,,,,,,,,,,,,,,,,,,,,,,,,,,,,,,,,,,,,,,,,,,,,,,,,,,,,,,,,,,,1.1196030498586602,6.904761904761905,8.066032858163446,4.159373750867242,3.8025933575669892,0.0,5.062442890912814,6.112703304515344
Drissa Camara,Gaziantep,MF,0.18,0.36,0.53,MF,True,True,Gaziantep,Merkez Orta Saha,Savaşçı Orta Saha (Destek),Savaşçı Orta Saha,Destek,MID,3.294336567705979,1.1857948414974584,0.0,50.0,50.0,0.0,1.8883638652602504,0.2104833916979521,0.1208280999805922,0.9629506267745224,0.0,0.0,0.0,7.145448194277495,,,75.0,70.0,2.5,60.0,0.0,1.5,0.18,0.1208280999805922,Süper Lig,0.0,,,,,,,,,,,,,,,,,,,,,,,,,,,,,,,,,,,,,,,,,,,,,,,,,,,,,,,,,,,,,,,,,,,,,,,,,,,,,,,,,,,,,,,,,,,,,,,,,,,,,,,,,,,,,,,,,,,,,,,,,,,,,,,,,,,,,,,,,,,,,,,,,,,,,,,,,,,,,,,,,,,,,,,,,,,,,,,,,,,,,,,,,,,,,,,,,,,,,,,,,,,,,,,,,,,,,,,,,,,,,,,,,,,,,,,,,,,,,,,,,,,,,,,,,,,,,,,,,,,,,,,,,4.714661219863578,6.904761904761905,4.891304347826086,1.9233123999223687,2.5832481423918168,0.0,4.608509968093484,3.407308373874227
Tayyib Talha Sanuç,Gaziantep,MF,0.0,0.0,0.0,DF,False,True,Gaziantep,,Merkez Orta Saha,Merkez Orta Saha,,MID,0.0,,0.0,50.0,50.0,0.0,0.5420451568519457,0.0465253544615693,0.1775941785512331,1.4671787318273954,3.880849047213319,1.626409697544977,2.701622590967575,7.796495273813876,,,80.99602743288276,70.0,2.5,60.0,0.0,1.5,0.0,0.1775941785512331,Süper Lig,0.0,,,,,,,,,,,,,,,,,,,,,,,,,,,,,,,,,,,,,,,,,,,,,,,,,,,,,,,,,,,,,,,,,,,,,,,,,,,,,,,,,,,,,,,,,,,,,,,,,,,,,,,,,,,,,,,,,,,,,,,,,,,,,,,,,,,,,,,,,,,,,,,,,,,,,,,,,,,,,,,,,,,,,,,,,,,,,,,,,,,,,,,,,,,,,,,,,,,,,,,,,,,,,,,,,,,,,,,,,,,,,,,,,,,,,,,,,,,,,,,,,,,,,,,,,,,,,,,,,,,,,,,,,1.949123818453469,6.904761904761905,6.633160910671794,4.710376714204933,0.9744983245145624,0.0,5.049355837023025,5.671768812438364
Semih Güler,Gaziantep,DF,0.0,0.0,0.0,DF,False,True,Gaziantep,Stoper,Standart Stoper (Durdurucu),Standart Stoper,Durdurucu,CB,1.9744981749936,1.2701626176001104,4.627651050738128,64.38685444689698,52.73823772176552,0.0,0.0,,,0.0,0.0,0.0,2.4778753128725777,0.0,,,83.95174521677643,70.0,2.5,60.0,0.0,1.5,0.0,0.0,Süper Lig,0.0,,,,,,,,,,,,,,,,,,,,,,,,,,,,,,,,,,,,,,,,,,,,,,,,,,,,,,,,,,,,,,,,,,,,,,,,,,,,,,,,,,,,,,,,,,,,,,,,,,,,,,,,,,,,,,,,,,,,,,,,,,,,,,,,,,,,,,,,,,,,,,,,,,,,,,,,,,,,,,,,,,,,,,,,,,,,,,,,,,,,,,,,,,,,,,,,,,,,,,,,,,,,,,,,,,,,,,,,,,,,,,,,,,,,,,,,,,,,,,,,,,,,,,,,,,,,,,,,,,,,,,,,,4.840210189375284,8.11494354670558,6.714051474921707,0.0,0.0,0.0,6.524871789416688,3.3570257374608534
Badou Ndiaye,Gaziantep,MF,0.0,0.26,0.26,MF,True,True,Gaziantep,Merkez Orta Saha,İki Yönlü Orta Saha,İki Yönlü Orta Saha,,MID,2.3215439622345846,,0.0,50.0,50.0,0.0,1.03656954748519,0.2006608274489276,0.3059778836398115,1.2307706363056086,3.482556766318909,1.8969356494221208,6.3841064942869785,7.16817882512656,,,75.0,70.0,2.5,60.0,0.0,1.5,0.0,0.3059778836398115,Süper Lig,0.0,,,,,,,,,,,,,,,,,,,,,,,,,,,,,,,,,,,,,,,,,,,,,,,,,,,,,,,,,,,,,,,,,,,,,,,,,,,,,,,,,,,,,,,,,,,,,,,,,,,,,,,,,,,,,,,,,,,,,,,,,,,,,,,,,,,,,,,,,,,,,,,,,,,,,,,,,,,,,,,,,,,,,,,,,,,,,,,,,,,,,,,,,,,,,,,,,,,,,,,,,,,,,,,,,,,,,,,,,,,,,,,,,,,,,,,,,,,,,,,,,,,,,,,,,,,,,,,,,,,,,,,,,3.855639339379049,6.904761904761905,8.083357594969575,6.263911534559247,1.0760828948128889,0.0,6.276917593417444,7.173634564764411
Emmanuel Boateng,Gaziantep,FW,0.0,0.0,0.0,FW,True,False,Gaziantep,Santrafor,Yaratıcı Forvet,Yaratıcı Forvet,,FWD,0.0,,0.0,50.0,50.0,0.0,3.157758086477952,,,0.0,0.0,0.0,0.0,0.0,2.307348277760464,0.3047789943953393,75.0,70.0,2.5,60.0,0.0,1.5,0.3047789943953393,0.0,Süper Lig,0.0,,,,,,,,,,,,,,,,,,,,,,,,,,,,,,,,,,,,,,,,,,,,,,,,,,,,,,,,,,,,,,,,,,,,,,,,,,,,,,,,,,,,,,,,,,,,,,,,,,,,,,,,,,,,,,,,,,,,,,,,,,,,,,,,,,,,,,,,,,,,,,,,,,,,,,,,,,,,,,,,,,,,,,,,,,,,,,,,,,,,,,,,,,,,,,,,,,,,,,,,,,,,,,,,,,,,,,,,,,,,,,,,,,,,,,,,,,,,,,,,,,,,,,,,,,,,,,,,,,,,,,,,,0.0,6.904761904761905,4.891304347826086,0.0,2.355882395920081,0.0,3.4849580089806205,2.445652173913043
Ogün Özçiçek,Gaziantep,MF,0.0,0.0,0.0,MF,True,True,Gaziantep,Ön Libero,Defansif Orta Saha (Destek),Defansif Orta Saha,Destek,DM,0.0,,0.0,50.0,50.0,0.0,0.95253639681277,0.1145467216844731,0.1727413031190415,3.1538156297989444,2.633446998400789,0.6520593463297387,5.355787366898444,4.632870823379776,,,81.15896815821614,70.0,2.5,60.0,0.0,1.5,0.0,0.1727413031190415,Süper Lig,0.0,,,,,,,,,,,,,,,,,,,,,,,,,,,,,,,,,,,,,,,,,,,,,,,,,,,,,,,,,,,,,,,,,,,,,,,,,,,,,,,,,,,,,,,,,,,,,,,,,,,,,,,,,,,,,,,,,,,,,,,,,,,,,,,,,,,,,,,,,,,,,,,,,,,,,,,,,,,,,,,,,,,,,,,,,,,,,,,,,,,,,,,,,,,,,,,,,,,,,,,,,,,,,,,,,,,,,,,,,,,,,,,,,,,,,,,,,,,,,,,,,,,,,,,,,,,,,,,,,,,,,,,,,1.158217705844944,6.904761904761905,7.97086986768071,4.446596544743359,2.0002573245940365,0.0,4.925976614070763,6.208733206212035
Zafer Görgen,Gaziantep,GK,0.0,0.0,0.0,GK,False,False,Gaziantep,Kaleci,Kaleci (Savunma),Kaleci,Savunma,GK,0.0,,0.0,50.0,50.0,0.0,0.0,,,0.0,0.0,0.0,0.0,0.0,,,75.0,61.08484485919075,4.818496824692567,77.74425485152653,0.336761097525165,1.05167469907888,0.0,0.0,Süper Lig,0.0,,,,,,,,,,,,,,,,,,,,,,,,,,,,,,,,,,,,,,,,,,,,,,,,,,,,,,,,,,,,,,,,,,,,,,,,,,,,,,,,,,,,,,,,,,,,,,,,,,,,,,,,,,,,,,,,,,,,,,,,,,,,,,,,,,,,,,,,,,,,,,,,,,,,,,,,,,,,,,,,,,,,,,,,,,,,,,,,,,,,,,,,,,,,,,,,,,,,,,,,,,,,,,,,,,,,,,,,,,,,,,,,,,,,,,,,,,,,,,,,,,,,,,,,,,,,,,,,,,,,,,,,,0.0,6.904761904761905,4.891304347826086,0.0,0.0,6.688518248499012,6.688518248499012,2.445652173913043
Yusuf Kabadayı,Gaziantep,FW,0.43,0.0,0.43,MF,True,True,Gaziantep,Sol Kanat,İçe Kat Eden Oyuncu (Hücum),İçe Kat Eden Oyuncu,Hücum,WING,0.0,,0.0,50.0,50.0,5.975820081212564,2.285373711546386,0.2459098104948692,0.2250293197131126,4.517920861271849,0.0,0.0,0.0,0.0,,,75.0,70.0,2.5,60.0,0.0,1.5,0.43,0.2250293197131126,Süper Lig,0.0,,,,,,,,,,,,,,,,,,,,,,,,,,,,,,,,,,,,,,,,,,,,,,,,,,,,,,,,,,,,,,,,,,,,,,,,,,,,,,,,,,,,,,,,,,,,,,,,,,,,,,,,,,,,,,,,,,,,,,,,,,,,,,,,,,,,,,,,,,,,,,,,,,,,,,,,,,,,,,,,,,,,,,,,,,,,,,,,,,,,,,,,,,,,,,,,,,,,,,,,,,,,,,,,,,,,,,,,,,,,,,,,,,,,,,,,,,,,,,,,,,,,,,,,,,,,,,,,,,,,,,,,,0.0,6.904761904761905,4.891304347826086,2.9001172788524503,6.031693871798394,0.0,4.866370037916368,3.895710813339268
Juninho Bacuna,Gaziantep,MF,0.0,0.0,0.0,MF,True,True,Gaziantep,Merkez Orta Saha,İki Yönlü Orta Saha,İki Yönlü Orta Saha,,MID,1.3785934697446915,,0.0,50.0,50.0,0.0,1.1562864556901902,0.1207422180213388,0.2457905681110824,1.39187776586672,3.293583383964153,0.6267625322016697,6.8003713577826455,6.541384001214523,,,75.0,70.0,2.5,60.0,0.0,1.5,0.0,0.2457905681110824,Süper Lig,0.0,,,,,,,,,,,,,,,,,,,,,,,,,,,,,,,,,,,,,,,,,,,,,,,,,,,,,,,,,,,,,,,,,,,,,,,,,,,,,,,,,,,,,,,,,,,,,,,,,,,,,,,,,,,,,,,,,,,,,,,,,,,,,,,,,,,,,,,,,,,,,,,,,,,,,,,,,,,,,,,,,,,,,,,,,,,,,,,,,,,,,,,,,,,,,,,,,,,,,,,,,,,,,,,,,,,,,,,,,,,,,,,,,,,,,,,,,,,,,,,,,,,,,,,,,,,,,,,,,,,,,,,,,2.8607624178544677,6.904761904761905,8.29149002671741,4.983162272444329,1.2098439743512224,0.0,5.760044155444528,6.63732614958087
Enver Kulasin,Gaziantep,MF,0.0,0.0,0.0,MF,True,True,Gaziantep,Sağ Kanat,Kanat Oyuncusu (Destek),Kanat Oyuncusu,Destek,WING,0.0,,0.0,50.0,50.0,4.074503294593018,3.1944893921294173,0.2459098104948692,0.1687271394821144,4.517920861271849,0.0,0.0,0.0,0.0,,,75.0,70.0,2.5,60.0,0.0,1.5,0.0,0.1687271394821144,Süper Lig,0.0,,,,,,,,,,,,,,,,,,,,,,,,,,,,,,,,,,,,,,,,,,,,,,,,,,,,,,,,,,,,,,,,,,,,,,,,,,,,,,,,,,,,,,,,,,,,,,,,,,,,,,,,,,,,,,,,,,,,,,,,,,,,,,,,,,,,,,,,,,,,,,,,,,,,,,,,,,,,,,,,,,,,,,,,,,,,,,,,,,,,,,,,,,,,,,,,,,,,,,,,,,,,,,,,,,,,,,,,,,,,,,,,,,,,,,,,,,,,,,,,,,,,,,,,,,,,,,,,,,,,,,,,,0.0,6.904761904761905,4.891304347826086,2.3047098757656648,3.4197730631686296,0.0,3.3222466723667714,3.5980071117958756
Nazim Sangaré,Gaziantep,DF,0.0,0.0,0.0,DF,False,True,Gaziantep,,Merkez Orta Saha,Merkez Orta Saha,,MID,0.0,,0.0,50.0,50.0,0.0,0.584049768204061,0.0333699931039859,0.3420414376440454,3.434836190711655,3.880849047213319,0.9167791641345684,5.102368925259853,5.165843381640161,,,78.18728507646034,70.0,2.5,60.0,0.0,1.5,0.0,0.3420414376440454,Süper Lig,0.0,,,,,,,,,,,,,,,,,,,,,,,,,,,,,,,,,,,,,,,,,,,,,,,,,,,,,,,,,,,,,,,,,,,,,,,,,,,,,,,,,,,,,,,,,,,,,,,,,,,,,,,,,,,,,,,,,,,,,,,,,,,,,,,,,,,,,,,,,,,,,,,,,,,,,,,,,,,,,,,,,,,,,,,,,,,,,,,,,,,,,,,,,,,,,,,,,,,,,,,,,,,,,,,,,,,,,,,,,,,,,,,,,,,,,,,,,,,,,,,,,,,,,,,,,,,,,,,,,,,,,,,,,1.2914608454100405,6.904761904761905,7.6503552284860366,5.368165750576182,1.9769957701131882,0.0,5.303685932308541,6.509260489531109
Salem M'bakata,Gaziantep,DF,0.0,0.0,0.0,DF,False,True,Gaziantep,,Merkez Orta Saha,Merkez Orta Saha,,MID,0.0,,0.0,50.0,50.0,0.0,2.367611428365232,0.0201503784392811,0.0460211919642935,1.7096186377819886,1.2268151218502523,0.9144786626987804,5.711265935995436,3.549492439959805,,,88.44802840950621,70.0,2.5,60.0,0.0,1.5,0.0,0.0460211919642935,Süper Lig,0.0,,,,,,,,,,,,,,,,,,,,,,,,,,,,,,,,,,,,,,,,,,,,,,,,,,,,,,,,,,,,,,,,,,,,,,,,,,,,,,,,,,,,,,,,,,,,,,,,,,,,,,,,,,,,,,,,,,,,,,,,,,,,,,,,,,,,,,,,,,,,,,,,,,,,,,,,,,,,,,,,,,,,,,,,,,,,,,,,,,,,,,,,,,,,,,,,,,,,,,,,,,,,,,,,,,,,,,,,,,,,,,,,,,,,,,,,,,,,,,,,,,,,,,,,,,,,,,,,,,,,,,,,,0.8873731099899512,6.904761904761905,8.62398264687856,3.0019615157573423,1.9070810648310976,0.0,4.85451979434694,5.812972081317951
Ali Kalın,Gaziantep,FW,0.0,0.0,0.0,FW,True,False,Gaziantep,,Merkez Orta Saha,Merkez Orta Saha,,MID,0.0,,0.0,50.0,50.0,0.0,1.5629847054959902,0.1819848267434413,0.0961560339318318,1.291718372359488,2.097042244784114,1.148028391391759,2.8494050302536764,8.503881452773456,,,87.51113775850962,70.0,2.5,60.0,0.0,1.5,0.0,0.0961560339318318,Süper Lig,0.0,,,,,,,,,,,,,,,,,,,,,,,,,,,,,,,,,,,,,,,,,,,,,,,,,,,,,,,,,,,,,,,,,,,,,,,,,,,,,,,,,,,,,,,,,,,,,,,,,,,,,,,,,,,,,,,,,,,,,,,,,,,,,,,,,,,,,,,,,,,,,,,,,,,,,,,,,,,,,,,,,,,,,,,,,,,,,,,,,,,,,,,,,,,,,,,,,,,,,,,,,,,,,,,,,,,,,,,,,,,,,,,,,,,,,,,,,,,,,,,,,,,,,,,,,,,,,,,,,,,,,,,,,2.0,6.904761904761905,7.131950629812249,3.7826522989167364,1.3405190552890731,0.0,4.954841208372723,5.457301464364493
Mirza Cihan,Gaziantep,FW,0.0,0.0,0.0,FW,True,False,Gaziantep,,Merkez Orta Saha,Merkez Orta Saha,,MID,0.0,,0.0,50.0,50.0,0.0,1.0416010523818495,0.1241152880888249,0.1381016264591762,2.932185969284694,1.6761438040202976,1.9276198799136048,2.974875999501446,3.820911785513768,,,85.52794722108814,70.0,2.5,60.0,0.0,1.5,0.0,0.1381016264591762,Süper Lig,0.0,,,,,,,,,,,,,,,,,,,,,,,,,,,,,,,,,,,,,,,,,,,,,,,,,,,,,,,,,,,,,,,,,,,,,,,,,,,,,,,,,,,,,,,,,,,,,,,,,,,,,,,,,,,,,,,,,,,,,,,,,,,,,,,,,,,,,,,,,,,,,,,,,,,,,,,,,,,,,,,,,,,,,,,,,,,,,,,,,,,,,,,,,,,,,,,,,,,,,,,,,,,,,,,,,,,,,,,,,,,,,,,,,,,,,,,,,,,,,,,,,,,,,,,,,,,,,,,,,,,,,,,,,0.955227946378442,6.904761904761905,7.065347601126035,3.6698357085169038,1.9290267857009469,0.0,4.648793290195821,5.367591654821469
Sokratis Dioudis,Gaziantep,GK,0.0,0.0,0.0,GK,False,False,Gaziantep,,Merkez Orta Saha,Merkez Orta Saha,,MID,0.0,,0.0,50.0,50.0,0.0,1.2336611858559952,0.1092126756537948,0.1476398624885909,2.5785109938523654,1.58749925240281,0.6012538200257329,6.452047586096643,8.667274854121318,,,87.0031891672661,70.0,2.5,60.0,0.0,1.5,0.0,0.1476398624885909,Süper Lig,0.0,,,,,,,,,,,,,,,,,,,,,,,,,,,,,,,,,,,,,,,,,,,,,,,,,,,,,,,,,,,,,,,,,,,,,,,,,,,,,,,,,,,,,,,,,,,,,,,,,,,,,,,,,,,,,,,,,,,,,,,,,,,,,,,,,,,,,,,,,,,,,,,,,,,,,,,,,,,,,,,,,,,,,,,,,,,,,,,,,,,,,,,,,,,,,,,,,,,,,,,,,,,,,,,,,,,,,,,,,,,,,,,,,,,,,,,,,,,,,,,,,,,,,,,,,,,,,,,,,,,,,,,,,2.0,6.904761904761905,8.90014482569611,3.6488922848895706,1.8375493573066248,0.0,5.363449753836896,6.27451855529284
Rob Nizet,Gaziantep,DF,0.0,0.0,0.0,DF,False,True,Gaziantep,Sol Bek,Ofansif Bek (Hücum),Ofansif Bek,Hücum,FB,1.4271531872686132,,0.0,46.4475706761235,50.0,7.983716446726374,0.0,,,1.4909678285971135,0.0,0.0,0.0,0.0,,,84.71892194229126,70.0,2.5,60.0,0.0,1.5,0.0,0.0,Süper Lig,0.0,,,,,,,,,,,,,,,,,,,,,,,,,,,,,,,,,,,,,,,,,,,,,,,,,,,,,,,,,,,,,,,,,,,,,,,,,,,,,,,,,,,,,,,,,,,,,,,,,,,,,,,,,,,,,,,,,,,,,,,,,,,,,,,,,,,,,,,,,,,,,,,,,,,,,,,,,,,,,,,,,,,,,,,,,,,,,,,,,,,,,,,,,,,,,,,,,,,,,,,,,,,,,,,,,,,,,,,,,,,,,,,,,,,,,,,,,,,,,,,,,,,,,,,,,,,,,,,,,,,,,,,,,1.268580610905434,6.65101695305644,5.525147083192908,2.0,0.7454839142985569,0.0,2.447528706384297,3.762573541596454
İbrahim Alkış,Gaziantep,GK,0.0,0.0,0.0,GK,False,False,Gaziantep,,Merkez Orta Saha,Merkez Orta Saha,,MID,0.0,,0.0,50.0,50.0,0.0,1.3391253350601549,0.1823770571630991,0.143857376342941,2.145128434423476,1.4224088466780282,1.2780514915708925,5.749888992260354,5.676034637747734,,,79.8245828090939,70.0,2.5,60.0,0.0,1.5,0.0,0.143857376342941,Süper Lig,0.0,,,,,,,,,,,,,,,,,,,,,,,,,,,,,,,,,,,,,,,,,,,,,,,,,,,,,,,,,,,,,,,,,,,,,,,,,,,,,,,,,,,,,,,,,,,,,,,,,,,,,,,,,,,,,,,,,,,,,,,,,,,,,,,,,,,,,,,,,,,,,,,,,,,,,,,,,,,,,,,,,,,,,,,,,,,,,,,,,,,,,,,,,,,,,,,,,,,,,,,,,,,,,,,,,,,,,,,,,,,,,,,,,,,,,,,,,,,,,,,,,,,,,,,,,,,,,,,,,,,,,,,,,1.4190086594369336,6.904761904761905,8.08089554889717,3.5237020698237833,1.6677310327940291,0.0,4.982092045729948,5.802298809360476
Onur Başyiğit,Gaziantep,DF,0.0,0.0,0.0,DF,False,True,Gaziantep,,Merkez Orta Saha,Merkez Orta Saha,,MID,0.0,,0.0,50.0,50.0,0.0,1.6612481000572965,0.1913782247477774,0.3176638508947942,2.2994815875316044,2.86724092469799,0.7690470230183157,6.541142443501615,4.110797573031718,,,83.49988313505091,70.0,2.5,60.0,0.0,1.5,0.0,0.3176638508947942,Süper Lig,0.0,,,,,,,,,,,,,,,,,,,,,,,,,,,,,,,,,,,,,,,,,,,,,,,,,,,,,,,,,,,,,,,,,,,,,,,,,,,,,,,,,,,,,,,,,,,,,,,,,,,,,,,,,,,,,,,,,,,,,,,,,,,,,,,,,,,,,,,,,,,,,,,,,,,,,,,,,,,,,,,,,,,,,,,,,,,,,,,,,,,,,,,,,,,,,,,,,,,,,,,,,,,,,,,,,,,,,,,,,,,,,,,,,,,,,,,,,,,,,,,,,,,,,,,,,,,,,,,,,,,,,,,,,1.0276993932579295,6.904761904761905,8.716215774036737,5.182149353377837,1.888073282680156,0.0,5.457706606358602,6.9491825637072875
Kuzey Bulgulu,Gaziantep,NAN,0.0,0.0,0.0,NAN,False,False,Gaziantep,,Merkez Orta Saha,Merkez Orta Saha,,MID,0.0,,0.0,50.0,50.0,0.0,1.4829267981626453,0.0397270419173383,0.2499114255633997,2.7418448013351124,3.343965567241915,1.9276198799136048,5.793576605819604,6.251405684270149,,,82.21463264818537,70.0,2.5,60.0,0.0,1.5,0.0,0.2499114255633997,Süper Lig,0.0,,,,,,,,,,,,,,,,,,,,,,,,,,,,,,,,,,,,,,,,,,,,,,,,,,,,,,,,,,,,,,,,,,,,,,,,,,,,,,,,,,,,,,,,,,,,,,,,,,,,,,,,,,,,,,,,,,,,,,,,,,,,,,,,,,,,,,,,,,,,,,,,,,,,,,,,,,,,,,,,,,,,,,,,,,,,,,,,,,,,,,,,,,,,,,,,,,,,,,,,,,,,,,,,,,,,,,,,,,,,,,,,,,,,,,,,,,,,,,,,,,,,,,,,,,,,,,,,,,,,,,,,,1.5628514210675373,6.904761904761905,8.258612171269718,4.9996457022535985,2.030000977628732,0.0,5.43146779983819,6.629128936761658
Muhammet Güneş,Gaziantep,MF,0.0,0.0,0.0,MF,True,True,Gaziantep,,Merkez Orta Saha,Merkez Orta Saha,,MID,0.0,,0.0,50.0,50.0,0.0,2.3307231437502764,0.1525562873694103,0.2127668249317463,1.4168278015945066,2.734895198261082,0.6699552570911963,4.98577652995151,8.23767501525845,,,79.1253183150842,70.0,2.5,60.0,0.0,1.5,0.0,0.2127668249317463,Süper Lig,0.0,,,,,,,,,,,,,,,,,,,,,,,,,,,,,,,,,,,,,,,,,,,,,,,,,,,,,,,,,,,,,,,,,,,,,,,,,,,,,,,,,,,,,,,,,,,,,,,,,,,,,,,,,,,,,,,,,,,,,,,,,,,,,,,,,,,,,,,,,,,,,,,,,,,,,,,,,,,,,,,,,,,,,,,,,,,,,,,,,,,,,,,,,,,,,,,,,,,,,,,,,,,,,,,,,,,,,,,,,,,,,,,,,,,,,,,,,,,,,,,,,,,,,,,,,,,,,,,,,,,,,,,,,2.0,6.904761904761905,7.65323511161168,4.674330765234373,1.744290853575154,0.0,5.308081945401989,6.163782938423027
Berke Özçelik,Gaziantep,MF,0.0,0.0,0.0,MF,True,True,Gaziantep,,Merkez Orta Saha,Merkez Orta Saha,,MID,0.0,,0.0,50.0,50.0,0.0,1.4436233141022434,0.0338385205694213,0.1082804512519737,3.490101573353204,1.440888128764629,1.105401503542387,5.270663685139368,7.393349318457367,,,83.83356582257909,70.0,2.5,60.0,0.0,1.5,0.0,0.1082804512519737,Süper Lig,0.0,,,,,,,,,,,,,,,,,,,,,,,,,,,,,,,,,,,,,,,,,,,,,,,,,,,,,,,,,,,,,,,,,,,,,,,,,,,,,,,,,,,,,,,,,,,,,,,,,,,,,,,,,,,,,,,,,,,,,,,,,,,,,,,,,,,,,,,,,,,,,,,,,,,,,,,,,,,,,,,,,,,,,,,,,,,,,,,,,,,,,,,,,,,,,,,,,,,,,,,,,,,,,,,,,,,,,,,,,,,,,,,,,,,,,,,,,,,,,,,,,,,,,,,,,,,,,,,,,,,,,,,,,1.848337329614342,6.904761904761905,8.102738309259625,3.3937138908509814,2.3866611484998215,0.0,5.0623878586217135,5.748226100055303
Opponent Total,Gaziantep,NAN,0.0,0.4025,0.4025,NAN,False,False,Gaziantep,,Merkez Orta Saha,Merkez Orta Saha,,MID,0.0,,0.0,50.0,50.0,0.0,2.4835318311289565,0.1878437715072614,0.2883266344774531,3.4319415377963143,3.4333713098004126,1.606827477251909,6.445639619700049,7.839366887168699,,,89.04887580411162,70.0,2.5,60.0,0.0,1.5,0.0,0.2883266344774531,Süper Lig,0.0,,,,,,,,,,,,,,,,,,,,,,,,,,,,,,,,,,,,,,,,,,,,,,,,,,,,,,,,,,,,,,,,,,,,,,,,,,,,,,,,,,,,,,,,,,,,,,,,,,,,,,,,,,,,,,,,,,,,,,,,,,,,,,,,,,,,,,,,,,,,,,,,,,,,,,,,,,,,,,,,,,,,,,,,,,,,,,,,,,,,,,,,,,,,,,,,,,,,,,,,,,,,,,,,,,,,,,,,,,,,,,,,,,,,,,,,,,,,,,,,,,,,,,,,,,,,,,,,,,,,,,,,,1.9598417217921749,6.904761904761905,9.030355188379044,6.763306537909814,2.8197626938443605,0.0,6.164566338210734,7.896830863144428
Dimitris Goutas,genclerbirligi,DF,0.08,0.0,0.08,DF,False,True,Gençlerbirliği,,Merkez Orta Saha,Merkez Orta Saha,,MID,0.0,,0.0,50.0,50.0,0.0,2.1879924112647013,0.1642387890667848,0.3342711790197461,2.5558793531367296,2.9078641214911856,1.556831642041168,4.894033772559703,6.952700200264304,,,78.48070942860834,70.0,2.5,60.0,0.0,1.5,0.08,0.3342711790197461,Süper Lig,0.0,,,,,,,,,,,,,,,,,,,,,,,,,,,,,,,,,,,,,,,,,,,,,,,,,,,,,,,,,,,,,,,,,,,,,,,,,,,,,,,,,,,,,,,,,,,,,,,,,,,,,,,,,,,,,,,,,,,,,,,,,,,,,,,,,,,,,,,,,,,,,,,,,,,,,,,,,,,,,,,,,,,,,,,,,,,,,,,,,,,,,,,,,,,,,,,,,,,,,,,,,,,,,,,,,,,,,,,,,,,,,,,,,,,,,,,,,,,,,,,,,,,,,,,,,,,,,,,,,,,,,,,,,1.7381750500660762,6.904761904761905,7.565324022928221,5.275660797073108,2.8114918593526768,0.0,5.370980443707327,6.420492410000664
Pedro Pereira,genclerbirligi,DF,0.0,0.0,0.0,DF,False,True,Gençlerbirliği,Sağ Bek,Standart Bek (Destek),Standart Bek,Destek,FB,1.5863090174263514,,0.0,44.272189684751645,50.0,4.285029218688051,0.0,,,0.0,0.0,0.0,0.0,0.0,,,85.74457321024308,70.0,2.5,60.0,0.0,1.5,0.0,0.0,Süper Lig,0.0,,,,,,,,,,,,,,,,,,,,,,,,,,,,,,,,,,,,,,,,,,,,,,,,,,,,,,,,,,,,,,,,,,,,,,,,,,,,,,,,,,,,,,,,,,,,,,,,,,,,,,,,,,,,,,,,,,,,,,,,,,,,,,,,,,,,,,,,,,,,,,,,,,,,,,,,,,,,,,,,,,,,,,,,,,,,,,,,,,,,,,,,,,,,,,,,,,,,,,,,,,,,,,,,,,,,,,,,,,,,,,,,,,,,,,,,,,,,,,,,,,,,,,,,,,,,,,,,,,,,,,,,,1.4100524599345345,6.4956325965298785,5.592037383276722,1.7140116874752207,0.0,0.0,2.26472596704538,3.6530245353759714
Göktan Gürpüz,genclerbirligi,FW,0.0,0.21,0.21,MF,True,True,Gençlerbirliği,On Numara,Oyun Kurucu (Destek),Oyun Kurucu,Destek,AM,0.0,,0.0,50.0,50.0,0.0,0.8378720801504053,0.2391536552708645,0.2874193988925793,1.338764617508692,2.1644971183809867,1.1340929553408985,5.161956621641937,7.153659387107115,,,81.49753096192552,70.0,2.5,60.0,0.0,1.5,0.0,0.2874193988925793,Süper Lig,0.0,,,,,,,,,,,,,,,,,,,,,,,,,,,,,,,,,,,,,,,,,,,,,,,,,,,,,,,,,,,,,,,,,,,,,,,,,,,,,,,,,,,,,,,,,,,,,,,,,,,,,,,,,,,,,,,,,,,,,,,,,,,,,,,,,,,,,,,,,,,,,,,,,,,,,,,,,,,,,,,,,,,,,,,,,,,,,,,,,,,,,,,,,,,,,,,,,,,,,,,,,,,,,,,,,,,,,,,,,,,,,,,,,,,,,,,,,,,,,,,,,,,,,,,,,,,,,,,,,,,,,,,,,1.7884148467767789,6.904761904761905,7.896034677903067,5.432675674490976,1.0417698999323037,0.0,4.608075742805792,6.664355176197022
Thalisson Kelven,genclerbirligi,DF,0.1,0.0,0.1,DF,False,True,Gençlerbirliği,,Merkez Orta Saha,Merkez Orta Saha,,MID,0.0,,0.0,50.0,50.0,0.0,2.3542499507522243,0.0172395040891052,0.0166754062591058,2.636616254564487,3.0223908866081888,1.0197862519290777,2.782383580018003,8.095173909391916,,,80.49049123446844,70.0,2.5,60.0,0.0,1.5,0.1,0.0166754062591058,Süper Lig,0.0,,,,,,,,,,,,,,,,,,,,,,,,,,,,,,,,,,,,,,,,,,,,,,,,,,,,,,,,,,,,,,,,,,,,,,,,,,,,,,,,,,,,,,,,,,,,,,,,,,,,,,,,,,,,,,,,,,,,,,,,,,,,,,,,,,,,,,,,,,,,,,,,,,,,,,,,,,,,,,,,,,,,,,,,,,,,,,,,,,,,,,,,,,,,,,,,,,,,,,,,,,,,,,,,,,,,,,,,,,,,,,,,,,,,,,,,,,,,,,,,,,,,,,,,,,,,,,,,,,,,,,,,,2.0,6.904761904761905,6.640571653126508,4.066701625036424,3.0660303276165655,0.0,4.903008795731209,5.353636639081466
Žan Žužek,genclerbirligi,MF,0.21,0.0,0.21,DF,False,True,Gençlerbirliği,,Merkez Orta Saha,Merkez Orta Saha,,MID,0.0,,0.0,50.0,50.0,0.0,0.6443694355594998,0.0142636802878135,0.2227404795641924,0.9949357042437748,1.7797149377284986,1.096418567829306,4.369606100580514,4.498008053155115,,,80.85775984398836,70.0,2.5,60.0,0.0,1.5,0.21,0.2227404795641924,Süper Lig,0.0,,,,,,,,,,,,,,,,,,,,,,,,,,,,,,,,,,,,,,,,,,,,,,,,,,,,,,,,,,,,,,,,,,,,,,,,,,,,,,,,,,,,,,,,,,,,,,,,,,,,,,,,,,,,,,,,,,,,,,,,,,,,,,,,,,,,,,,,,,,,,,,,,,,,,,,,,,,,,,,,,,,,,,,,,,,,,,,,,,,,,,,,,,,,,,,,,,,,,,,,,,,,,,,,,,,,,,,,,,,,,,,,,,,,,,,,,,,,,,,,,,,,,,,,,,,,,,,,,,,,,,,,,1.124502013288779,6.904761904761905,7.458135214028628,4.077438543409102,2.256770934592776,0.0,4.891209418872103,5.767786878718865
Matěj Hanousek,genclerbirligi,DF,0.0,0.0,0.0,DF,False,True,Gençlerbirliği,,Merkez Orta Saha,Merkez Orta Saha,,MID,0.0,,0.0,50.0,50.0,0.0,2.1166443878315024,0.0705467686733,0.0178973835047352,0.926837998108643,2.035576625482632,0.8964143947379589,5.581985559790494,5.936549781858843,,,88.9012146225525,70.0,2.5,60.0,0.0,1.5,0.0,0.0178973835047352,Süper Lig,0.0,,,,,,,,,,,,,,,,,,,,,,,,,,,,,,,,,,,,,,,,,,,,,,,,,,,,,,,,,,,,,,,,,,,,,,,,,,,,,,,,,,,,,,,,,,,,,,,,,,,,,,,,,,,,,,,,,,,,,,,,,,,,,,,,,,,,,,,,,,,,,,,,,,,,,,,,,,,,,,,,,,,,,,,,,,,,,,,,,,,,,,,,,,,,,,,,,,,,,,,,,,,,,,,,,,,,,,,,,,,,,,,,,,,,,,,,,,,,,,,,,,,,,,,,,,,,,,,,,,,,,,,,,1.4841374454647107,6.904761904761905,8.588898081366063,3.428640617674029,1.4041498380905448,0.0,5.101609512316677,6.008769349520046
M'Baye Niang,genclerbirligi,FW,0.25,0.25,0.5,FW,True,False,Gençlerbirliği,Santrafor,Pivot Santrafor (Hücum),Pivot Santrafor,Hücum,FWD,0.0,,0.0,50.0,50.0,0.0,3.870724849939508,,,0.0,0.0,0.0,0.0,3.1135117261813545,6.416222325967361,0.6847975738168204,75.0,70.0,2.5,60.0,0.0,1.5,0.6847975738168204,0.25,Süper Lig,0.0,,,,,,,,,,,,,,,,,,,,,,,,,,,,,,,,,,,,,,,,,,,,,,,,,,,,,,,,,,,,,,,,,,,,,,,,,,,,,,,,,,,,,,,,,,,,,,,,,,,,,,,,,,,,,,,,,,,,,,,,,,,,,,,,,,,,,,,,,,,,,,,,,,,,,,,,,,,,,,,,,,,,,,,,,,,,,,,,,,,,,,,,,,,,,,,,,,,,,,,,,,,,,,,,,,,,,,,,,,,,,,,,,,,,,,,,,,,,,,,,,,,,,,,,,,,,,,,,,,,,,,,,,0.7783779315453387,6.904761904761905,4.891304347826086,2.0,4.832536795928456,0.0,5.170950648985645,3.445652173913043
Oğulcan Ülgün,genclerbirligi,MF,0.26,0.0,0.26,MF,True,True,Gençlerbirliği,Ön Libero,Defansif Orta Saha (Destek),Defansif Orta Saha,Destek,DM,0.0,,0.0,50.0,50.0,0.0,1.1993089163008182,0.0654264209339764,0.0901625271168026,1.495743798980277,3.7524575293959694,0.8079994080601998,3.354713491581827,4.327256650917613,,,83.61682865081148,70.0,2.5,60.0,0.0,1.5,0.26,0.0901625271168026,Süper Lig,0.0,,,,,,,,,,,,,,,,,,,,,,,,,,,,,,,,,,,,,,,,,,,,,,,,,,,,,,,,,,,,,,,,,,,,,,,,,,,,,,,,,,,,,,,,,,,,,,,,,,,,,,,,,,,,,,,,,,,,,,,,,,,,,,,,,,,,,,,,,,,,,,,,,,,,,,,,,,,,,,,,,,,,,,,,,,,,,,,,,,,,,,,,,,,,,,,,,,,,,,,,,,,,,,,,,,,,,,,,,,,,,,,,,,,,,,,,,,,,,,,,,,,,,,,,,,,,,,,,,,,,,,,,,1.0818141627294033,6.904761904761905,7.130628179539489,4.360650108467211,3.1045091956238355,0.0,4.6433426903821795,5.74563914400335
Erhan Erentürk,genclerbirligi,GK,0.0,0.0,0.0,GK,False,False,Gençlerbirliği,Kaleci,Kaleci (Savunma),Kaleci,Savunma,GK,0.0,,0.0,50.0,50.0,0.0,0.0,,,0.0,0.0,0.0,0.0,0.0,,,75.0,65.49512863264476,4.684482051282947,69.44429850323898,0.4562646731757538,1.4484587458903693,0.0,0.0,Süper Lig,0.0,,,,,,,,,,,,,,,,,,,,,,,,,,,,,,,,,,,,,,,,,,,,,,,,,,,,,,,,,,,,,,,,,,,,,,,,,,,,,,,,,,,,,,,,,,,,,,,,,,,,,,,,,,,,,,,,,,,,,,,,,,,,,,,,,,,,,,,,,,,,,,,,,,,,,,,,,,,,,,,,,,,,,,,,,,,,,,,,,,,,,,,,,,,,,,,,,,,,,,,,,,,,,,,,,,,,,,,,,,,,,,,,,,,,,,,,,,,,,,,,,,,,,,,,,,,,,,,,,,,,,,,,,0.0,6.904761904761905,4.891304347826086,0.0,0.0,6.039200781298824,6.039200781298824,2.445652173913043
Franco Tongya,genclerbirligi,FW,0.32,0.0,0.32,MF,True,True,Gençlerbirliği,On Numara,Serbest Oyuncu (Trequartista),Serbest Oyuncu,Trequartista,AM,0.0,,0.0,50.0,50.0,0.0,2.243746072934646,0.0617446997679999,0.02083364512172,2.049081983196154,1.8715135170142607,1.224559546338335,3.0112709026226745,8.667274854121318,,,83.59559295527782,70.0,2.5,60.0,0.0,1.5,0.32,0.02083364512172,Süper Lig,0.0,,,,,,,,,,,,,,,,,,,,,,,,,,,,,,,,,,,,,,,,,,,,,,,,,,,,,,,,,,,,,,,,,,,,,,,,,,,,,,,,,,,,,,,,,,,,,,,,,,,,,,,,,,,,,,,,,,,,,,,,,,,,,,,,,,,,,,,,,,,,,,,,,,,,,,,,,,,,,,,,,,,,,,,,,,,,,,,,,,,,,,,,,,,,,,,,,,,,,,,,,,,,,,,,,,,,,,,,,,,,,,,,,,,,,,,,,,,,,,,,,,,,,,,,,,,,,,,,,,,,,,,,,2.0,6.904761904761905,6.957521948394674,3.3310102584963874,4.266205912902364,0.0,4.336871292797838,5.14426610344553
Tom Dele-Bashiru,genclerbirligi,MF,0.0,0.16,0.16,MF,True,True,Gençlerbirliği,Merkez Orta Saha,İki Yönlü Orta Saha,İki Yönlü Orta Saha,,MID,2.137348971374591,,0.0,50.0,50.0,0.0,2.222919049225646,0.2265636451302591,0.2113284085322857,3.144335764602628,2.7205868543667195,1.267580855644944,4.473096981730966,8.66435603811968,,,75.0,70.0,2.5,60.0,0.0,1.5,0.0,0.2113284085322857,Süper Lig,0.0,,,,,,,,,,,,,,,,,,,,,,,,,,,,,,,,,,,,,,,,,,,,,,,,,,,,,,,,,,,,,,,,,,,,,,,,,,,,,,,,,,,,,,,,,,,,,,,,,,,,,,,,,,,,,,,,,,,,,,,,,,,,,,,,,,,,,,,,,,,,,,,,,,,,,,,,,,,,,,,,,,,,,,,,,,,,,,,,,,,,,,,,,,,,,,,,,,,,,,,,,,,,,,,,,,,,,,,,,,,,,,,,,,,,,,,,,,,,,,,,,,,,,,,,,,,,,,,,,,,,,,,,,3.89986575233297,6.904761904761905,7.127852838691569,5.2990382037069566,2.560131904179379,0.0,5.807879674873351,6.213445521199263
Sekou Koita,genclerbirligi,FW,0.0,0.0,0.0,MF,True,True,Gençlerbirliği,,Merkez Orta Saha,Merkez Orta Saha,,MID,0.0,,0.0,50.0,50.0,0.0,2.0924433402470046,0.0623865499623765,0.2403064697224123,2.763356488369032,2.40996480447381,0.902800634101411,3.5691340411220778,3.2365608682110354,,,87.12690770946338,70.0,2.5,60.0,0.0,1.5,0.0,0.2403064697224123,Süper Lig,0.0,,,,,,,,,,,,,,,,,,,,,,,,,,,,,,,,,,,,,,,,,,,,,,,,,,,,,,,,,,,,,,,,,,,,,,,,,,,,,,,,,,,,,,,,,,,,,,,,,,,,,,,,,,,,,,,,,,,,,,,,,,,,,,,,,,,,,,,,,,,,,,,,,,,,,,,,,,,,,,,,,,,,,,,,,,,,,,,,,,,,,,,,,,,,,,,,,,,,,,,,,,,,,,,,,,,,,,,,,,,,,,,,,,,,,,,,,,,,,,,,,,,,,,,,,,,,,,,,,,,,,,,,,0.809140217052759,6.904761904761905,7.466756653786911,4.56786908187219,2.311653062072074,0.0,4.937131964368442,6.017312867829551
Metehan Mimaroğlu,genclerbirligi,FW,0.2,0.0,0.2,MF,True,True,Gençlerbirliği,Sol Kanat,Çalışkan Kanat Oyuncusu (Destek),Çalışkan Kanat Oyuncusu,Destek,WING,0.0,,0.0,50.0,50.0,8.568210100559213,3.473414552813648,0.0336510649037531,0.3420414376440454,4.517920861271849,0.0,0.0,0.0,0.0,,,75.0,70.0,2.5,60.0,0.0,1.5,0.2,0.3420414376440454,Süper Lig,0.0,,,,,,,,,,,,,,,,,,,,,,,,,,,,,,,,,,,,,,,,,,,,,,,,,,,,,,,,,,,,,,,,,,,,,,,,,,,,,,,,,,,,,,,,,,,,,,,,,,,,,,,,,,,,,,,,,,,,,,,,,,,,,,,,,,,,,,,,,,,,,,,,,,,,,,,,,,,,,,,,,,,,,,,,,,,,,,,,,,,,,,,,,,,,,,,,,,,,,,,,,,,,,,,,,,,,,,,,,,,,,,,,,,,,,,,,,,,,,,,,,,,,,,,,,,,,,,,,,,,,,,,,,0.0,6.904761904761905,4.891304347826086,3.368165750576182,4.9465175790282885,0.0,4.511001280220808,4.129735049201134
Abdurrahim Dursun,genclerbirligi,DF,0.0,0.0,0.0,MF,True,True,Gençlerbirliği,Sol Bek,Standart Bek (Savunma),Standart Bek,Savunma,FB,2.070700594827386,,0.0,56.71608049811077,50.0,1.5613464325277038,0.0,,,0.0,0.0,0.0,0.0,0.0,,,78.18728507646034,70.0,2.5,60.0,0.0,1.5,0.0,0.0,Süper Lig,0.0,,,,,,,,,,,,,,,,,,,,,,,,,,,,,,,,,,,,,,,,,,,,,,,,,,,,,,,,,,,,,,,,,,,,,,,,,,,,,,,,,,,,,,,,,,,,,,,,,,,,,,,,,,,,,,,,,,,,,,,,,,,,,,,,,,,,,,,,,,,,,,,,,,,,,,,,,,,,,,,,,,,,,,,,,,,,,,,,,,,,,,,,,,,,,,,,,,,,,,,,,,,,,,,,,,,,,,,,,,,,,,,,,,,,,,,,,,,,,,,,,,,,,,,,,,,,,,,,,,,,,,,,,1.8406227509576767,7.384481940341246,5.099170765856109,0.6245385730110815,0.0,0.0,1.922309951106771,2.8618546694335953
Gökhan Akkan,genclerbirligi,GK,0.0,0.0,0.0,GK,False,False,Gençlerbirliği,Kaleci,Kaleci (Savunma),Kaleci,Savunma,GK,0.0,,0.0,50.0,50.0,0.0,0.0,,,0.0,0.0,0.0,0.0,0.0,,,75.0,63.63890037284232,3.793699936433256,62.39188491876603,0.690808859553496,1.450294566141342,0.0,0.0,Süper Lig,0.0,,,,,,,,,,,,,,,,,,,,,,,,,,,,,,,,,,,,,,,,,,,,,,,,,,,,,,,,,,,,,,,,,,,,,,,,,,,,,,,,,,,,,,,,,,,,,,,,,,,,,,,,,,,,,,,,,,,,,,,,,,,,,,,,,,,,,,,,,,,,,,,,,,,,,,,,,,,,,,,,,,,,,,,,,,,,,,,,,,,,,,,,,,,,,,,,,,,,,,,,,,,,,,,,,,,,,,,,,,,,,,,,,,,,,,,,,,,,,,,,,,,,,,,,,,,,,,,,,,,,,,,,,0.0,6.904761904761905,4.891304347826086,0.0,0.0,5.630742313555545,5.630742313555545,2.445652173913043
Michał Nalepa,genclerbirligi,FW,0.0,0.0,0.0,MF,True,True,Gençlerbirliği,,Merkez Orta Saha,Merkez Orta Saha,,MID,0.0,,0.0,50.0,50.0,0.0,2.059063916244829,0.0679874315321577,0.0400706733230667,2.805307607239949,3.670423412188044,0.9311924973458752,3.207503139964168,7.233451035094131,,,79.8539064480591,70.0,2.5,60.0,0.0,1.5,0.0,0.0400706733230667,Süper Lig,0.0,,,,,,,,,,,,,,,,,,,,,,,,,,,,,,,,,,,,,,,,,,,,,,,,,,,,,,,,,,,,,,,,,,,,,,,,,,,,,,,,,,,,,,,,,,,,,,,,,,,,,,,,,,,,,,,,,,,,,,,,,,,,,,,,,,,,,,,,,,,,,,,,,,,,,,,,,,,,,,,,,,,,,,,,,,,,,,,,,,,,,,,,,,,,,,,,,,,,,,,,,,,,,,,,,,,,,,,,,,,,,,,,,,,,,,,,,,,,,,,,,,,,,,,,,,,,,,,,,,,,,,,,,1.808362758773533,6.904761904761905,6.811615033985938,4.160282693292267,2.31779332195101,0.0,4.921255597703411,5.485948863639102
Adama Traoré,genclerbirligi,MF,0.0,0.0,0.0,MF,True,True,Gençlerbirliği,,Merkez Orta Saha,Merkez Orta Saha,,MID,0.0,,0.0,50.0,50.0,0.0,1.0398261921058856,0.1898495656044909,0.1343436090657428,1.948832003009804,3.123164050802582,1.4851340952118357,3.0745631851819795,8.551489904493994,,,83.84718424920061,70.0,2.5,60.0,0.0,1.5,0.0,0.1343436090657428,Süper Lig,0.0,,,,,,,,,,,,,,,,,,,,,,,,,,,,,,,,,,,,,,,,,,,,,,,,,,,,,,,,,,,,,,,,,,,,,,,,,,,,,,,,,,,,,,,,,,,,,,,,,,,,,,,,,,,,,,,,,,,,,,,,,,,,,,,,,,,,,,,,,,,,,,,,,,,,,,,,,,,,,,,,,,,,,,,,,,,,,,,,,,,,,,,,,,,,,,,,,,,,,,,,,,,,,,,,,,,,,,,,,,,,,,,,,,,,,,,,,,,,,,,,,,,,,,,,,,,,,,,,,,,,,,,,,2.0,6.904761904761905,7.005576217538856,4.537374436262971,1.4365609757741846,0.0,5.111928139640933,5.771475326900914
Moussa Kyabou,genclerbirligi,MF,0.0,0.0,0.0,MF,True,True,Gençlerbirliği,Ön Libero,Defansif Orta Saha (Savunma),Defansif Orta Saha,Savunma,DM,0.0,,0.0,50.0,50.0,0.0,0.5699304944076296,0.112434960612635,0.1596827781344397,1.7340244798768,1.1866096784941085,1.9276198799136048,4.124254214340435,4.083452070764001,,,83.15982256945271,70.0,2.5,60.0,0.0,1.5,0.0,0.1596827781344397,Süper Lig,0.0,,,,,,,,,,,,,,,,,,,,,,,,,,,,,,,,,,,,,,,,,,,,,,,,,,,,,,,,,,,,,,,,,,,,,,,,,,,,,,,,,,,,,,,,,,,,,,,,,,,,,,,,,,,,,,,,,,,,,,,,,,,,,,,,,,,,,,,,,,,,,,,,,,,,,,,,,,,,,,,,,,,,,,,,,,,,,,,,,,,,,,,,,,,,,,,,,,,,,,,,,,,,,,,,,,,,,,,,,,,,,,,,,,,,,,,,,,,,,,,,,,,,,,,,,,,,,,,,,,,,,,,,,1.0208630176910003,6.904761904761905,7.48559379648235,3.429804231533831,1.1203146818973466,0.0,4.725451917449677,5.4576990140080905
Dal Varesanovic,genclerbirligi,MF,0.0,0.0,0.0,MF,True,True,Gençlerbirliği,On Numara,Ofansif Orta Saha (Hücum),Ofansif Orta Saha,Hücum,AM,0.0,,0.0,50.0,50.0,0.0,1.246258375406839,0.1941776392387953,0.1291685576163208,1.801804660058428,1.4419091328369111,1.4054558008390623,6.53919256941767,6.407671383315777,,,85.16292828655988,70.0,2.5,60.0,0.0,1.5,0.0,0.1291685576163208,Süper Lig,0.0,,,,,,,,,,,,,,,,,,,,,,,,,,,,,,,,,,,,,,,,,,,,,,,,,,,,,,,,,,,,,,,,,,,,,,,,,,,,,,,,,,,,,,,,,,,,,,,,,,,,,,,,,,,,,,,,,,,,,,,,,,,,,,,,,,,,,,,,,,,,,,,,,,,,,,,,,,,,,,,,,,,,,,,,,,,,,,,,,,,,,,,,,,,,,,,,,,,,,,,,,,,,,,,,,,,,,,,,,,,,,,,,,,,,,,,,,,,,,,,,,,,,,,,,,,,,,,,,,,,,,,,,,1.6019178458289443,6.904761904761905,8.823700303397523,3.477946985689891,1.4547949413211425,0.0,3.940152035920793,6.150823644543706
Samed Onur,genclerbirligi,MF,0.0,0.0,0.0,MF,True,True,Gençlerbirliği,Merkez Orta Saha,Standart Orta Saha (Destek),Standart Orta Saha,Destek,MID,0.0,,0.0,50.0,50.0,0.0,0.7644014814716682,0.0163415393910963,0.0423587501698175,3.4666538220873564,1.1272268465434114,0.6154692005974494,4.535298233693592,8.49292978552825,,,89.14603468984694,70.0,2.5,60.0,0.0,1.5,0.0,0.0423587501698175,Süper Lig,0.0,,,,,,,,,,,,,,,,,,,,,,,,,,,,,,,,,,,,,,,,,,,,,,,,,,,,,,,,,,,,,,,,,,,,,,,,,,,,,,,,,,,,,,,,,,,,,,,,,,,,,,,,,,,,,,,,,,,,,,,,,,,,,,,,,,,,,,,,,,,,,,,,,,,,,,,,,,,,,,,,,,,,,,,,,,,,,,,,,,,,,,,,,,,,,,,,,,,,,,,,,,,,,,,,,,,,,,,,,,,,,,,,,,,,,,,,,,,,,,,,,,,,,,,,,,,,,,,,,,,,,,,,,2.0,6.904761904761905,8.08152094444551,2.9209195650415443,2.073060902808864,0.0,4.976800603562239,5.501220254743527
Henry Onyekuru,genclerbirligi,MF,0.0,0.0,0.0,MF,True,True,Gençlerbirliği,Sol Kanat,İçe Kat Eden Oyuncu (Hücum),İçe Kat Eden Oyuncu,Hücum,WING,0.0,,0.0,50.0,50.0,7.731181606388356,1.4393087698084484,0.1572415630237604,0.0417624573400093,2.342252262830084,0.0,0.0,0.0,0.0,,,75.0,70.0,2.5,60.0,0.0,1.5,0.0,0.0417624573400093,Süper Lig,0.0,,,,,,,,,,,,,,,,,,,,,,,,,,,,,,,,,,,,,,,,,,,,,,,,,,,,,,,,,,,,,,,,,,,,,,,,,,,,,,,,,,,,,,,,,,,,,,,,,,,,,,,,,,,,,,,,,,,,,,,,,,,,,,,,,,,,,,,,,,,,,,,,,,,,,,,,,,,,,,,,,,,,,,,,,,,,,,,,,,,,,,,,,,,,,,,,,,,,,,,,,,,,,,,,,,,,,,,,,,,,,,,,,,,,,,,,,,,,,,,,,,,,,,,,,,,,,,,,,,,,,,,,,0.0,6.904761904761905,4.891304347826086,2.1670498293600375,1.8108189179965748,0.0,2.462705581218493,3.5291770885930616
Ricardo Velho,genclerbirligi,GK,0.0,0.0,0.0,GK,False,False,Gençlerbirliği,Kaleci,Kaleci (Savunma),Kaleci,Savunma,GK,0.0,,0.0,50.0,50.0,0.0,0.0,,,0.0,0.0,0.0,0.0,0.0,,,75.0,60.82458280396084,4.765622705069351,74.26489574445989,0.7164383499538061,1.3036620261121377,0.0,0.0,Süper Lig,0.0,,,,,,,,,,,,,,,,,,,,,,,,,,,,,,,,,,,,,,,,,,,,,,,,,,,,,,,,,,,,,,,,,,,,,,,,,,,,,,,,,,,,,,,,,,,,,,,,,,,,,,,,,,,,,,,,,,,,,,,,,,,,,,,,,,,,,,,,,,,,,,,,,,,,,,,,,,,,,,,,,,,,,,,,,,,,,,,,,,,,,,,,,,,,,,,,,,,,,,,,,,,,,,,,,,,,,,,,,,,,,,,,,,,,,,,,,,,,,,,,,,,,,,,,,,,,,,,,,,,,,,,,,0.0,6.904761904761905,4.891304347826086,0.0,0.0,6.126830540593987,6.126830540593987,2.445652173913043
Daniel Popa,genclerbirligi,FW,0.0,0.0,0.0,FW,True,False,Gençlerbirliği,,Merkez Orta Saha,Merkez Orta Saha,,MID,0.0,,0.0,50.0,50.0,0.0,1.8593972866951696,0.121892798418346,0.1466317265656163,0.926837998108643,2.8927653706874903,0.6133754207811004,2.939601904076615,3.2036758715147933,,,87.23338672898457,70.0,2.5,60.0,0.0,1.5,0.0,0.1466317265656163,Süper Lig,0.0,,,,,,,,,,,,,,,,,,,,,,,,,,,,,,,,,,,,,,,,,,,,,,,,,,,,,,,,,,,,,,,,,,,,,,,,,,,,,,,,,,,,,,,,,,,,,,,,,,,,,,,,,,,,,,,,,,,,,,,,,,,,,,,,,,,,,,,,,,,,,,,,,,,,,,,,,,,,,,,,,,,,,,,,,,,,,,,,,,,,,,,,,,,,,,,,,,,,,,,,,,,,,,,,,,,,,,,,,,,,,,,,,,,,,,,,,,,,,,,,,,,,,,,,,,,,,,,,,,,,,,,,,0.8009189678786983,6.904761904761905,7.158934869145996,4.515037153387459,1.2898177931410637,0.0,4.844913223793514,5.836986011266728
Fıratcan Üzüm,genclerbirligi,MF,0.0,0.0,0.0,MF,True,True,Gençlerbirliği,Sağ Bek,Standart Bek (Destek),Standart Bek,Destek,FB,0.9491279076858888,,0.0,63.23439972818964,50.0,4.385809166938072,0.0,,,0.0,0.0,0.0,0.0,0.0,,,86.89178635664321,70.0,2.5,60.0,0.0,1.5,0.0,0.0,Süper Lig,0.0,,,,,,,,,,,,,,,,,,,,,,,,,,,,,,,,,,,,,,,,,,,,,,,,,,,,,,,,,,,,,,,,,,,,,,,,,,,,,,,,,,,,,,,,,,,,,,,,,,,,,,,,,,,,,,,,,,,,,,,,,,,,,,,,,,,,,,,,,,,,,,,,,,,,,,,,,,,,,,,,,,,,,,,,,,,,,,,,,,,,,,,,,,,,,,,,,,,,,,,,,,,,,,,,,,,,,,,,,,,,,,,,,,,,,,,,,,,,,,,,,,,,,,,,,,,,,,,,,,,,,,,,,0.8436692512763456,7.850076171061165,5.666855631954992,1.754323666775229,0.0,0.0,2.153928320840403,3.7105896493651107
Oghenekaro Etebo,genclerbirligi,MF,0.0,0.0,0.0,MF,True,True,Gençlerbirliği,,Merkez Orta Saha,Merkez Orta Saha,,MID,0.0,,0.0,50.0,50.0,0.0,1.1268094257293495,0.0140238381945519,0.2629123167329463,3.140985039530612,2.343020276231255,1.927134831268349,2.3848583469043705,7.18452160348104,,,82.77438843620912,70.0,2.5,60.0,0.0,1.5,0.0,0.2629123167329463,Süper Lig,0.0,,,,,,,,,,,,,,,,,,,,,,,,,,,,,,,,,,,,,,,,,,,,,,,,,,,,,,,,,,,,,,,,,,,,,,,,,,,,,,,,,,,,,,,,,,,,,,,,,,,,,,,,,,,,,,,,,,,,,,,,,,,,,,,,,,,,,,,,,,,,,,,,,,,,,,,,,,,,,,,,,,,,,,,,,,,,,,,,,,,,,,,,,,,,,,,,,,,,,,,,,,,,,,,,,,,,,,,,,,,,,,,,,,,,,,,,,,,,,,,,,,,,,,,,,,,,,,,,,,,,,,,,,1.7961304008702603,6.904761904761905,6.590758854074519,4.613662784419288,2.0712967089783505,0.0,4.976328486031493,5.602210819246904
Sinan Osmanoğlu,genclerbirligi,DF,0.0,0.0,0.0,DF,False,True,Gençlerbirliği,Stoper,Çakılı Stoper,Çakılı Stoper,,CB,2.1507993963185355,1.665110379120751,4.237822591684085,59.70424815516305,77.16145929257792,0.0,0.0,,,0.0,0.0,0.0,2.0387682031757746,0.0,,,82.53204289809267,70.0,2.5,60.0,0.0,1.5,0.0,0.0,Süper Lig,0.0,,,,,,,,,,,,,,,,,,,,,,,,,,,,,,,,,,,,,,,,,,,,,,,,,,,,,,,,,,,,,,,,,,,,,,,,,,,,,,,,,,,,,,,,,,,,,,,,,,,,,,,,,,,,,,,,,,,,,,,,,,,,,,,,,,,,,,,,,,,,,,,,,,,,,,,,,,,,,,,,,,,,,,,,,,,,,,,,,,,,,,,,,,,,,,,,,,,,,,,,,,,,,,,,,,,,,,,,,,,,,,,,,,,,,,,,,,,,,,,,,,,,,,,,,,,,,,,,,,,,,,,,,4.737036746739199,9.264589153940218,6.401908638420018,0.0,0.0,0.0,6.881032087955771,3.200954319210009
Kevin Csoboth,genclerbirligi,FW,0.0,0.0,0.0,FW,True,False,Gençlerbirliği,Sol Kanat,Kanat Oyuncusu (Hücum),Kanat Oyuncusu,Hücum,WING,0.0,,0.0,50.0,50.0,8.576278388994181,3.498789146722684,0.0400982254891506,0.1055629712790187,4.088334979084974,0.0,0.0,0.0,0.0,,,75.0,70.0,2.5,60.0,0.0,1.5,0.0,0.1055629712790187,Süper Lig,0.0,,,,,,,,,,,,,,,,,,,,,,,,,,,,,,,,,,,,,,,,,,,,,,,,,,,,,,,,,,,,,,,,,,,,,,,,,,,,,,,,,,,,,,,,,,,,,,,,,,,,,,,,,,,,,,,,,,,,,,,,,,,,,,,,,,,,,,,,,,,,,,,,,,,,,,,,,,,,,,,,,,,,,,,,,,,,,,,,,,,,,,,,,,,,,,,,,,,,,,,,,,,,,,,,,,,,,,,,,,,,,,,,,,,,,,,,,,,,,,,,,,,,,,,,,,,,,,,,,,,,,,,,,0.0,6.904761904761905,4.891304347826086,2.422251885116075,3.5550173985434155,0.0,3.4368856437943283,3.6567781164710804
Dilhan Demir,genclerbirligi,MF,0.0,0.0,0.0,MF,True,True,Gençlerbirliği,Sağ Kanat,Kanat Oyuncusu (Destek),Kanat Oyuncusu,Destek,WING,0.0,,0.0,50.0,50.0,3.817695872652898,2.620889595370921,0.0140238381945519,0.3420414376440454,2.58179242582248,0.0,0.0,0.0,0.0,,,75.0,70.0,2.5,60.0,0.0,1.5,0.0,0.3420414376440454,Süper Lig,0.0,,,,,,,,,,,,,,,,,,,,,,,,,,,,,,,,,,,,,,,,,,,,,,,,,,,,,,,,,,,,,,,,,,,,,,,,,,,,,,,,,,,,,,,,,,,,,,,,,,,,,,,,,,,,,,,,,,,,,,,,,,,,,,,,,,,,,,,,,,,,,,,,,,,,,,,,,,,,,,,,,,,,,,,,,,,,,,,,,,,,,,,,,,,,,,,,,,,,,,,,,,,,,,,,,,,,,,,,,,,,,,,,,,,,,,,,,,,,,,,,,,,,,,,,,,,,,,,,,,,,,,,,,0.0,6.904761904761905,4.891304347826086,2.895244099637341,2.455736033076094,0.0,3.076441846869174,3.8932742237317135
Furkan Ayaz,genclerbirligi,NAN,0.0,0.0,0.0,NAN,False,False,Gençlerbirliği,,Merkez Orta Saha,Merkez Orta Saha,,MID,0.0,,0.0,50.0,50.0,0.0,2.4487814218058213,0.0156633008638386,0.0248526825866394,2.362423603145462,1.4028245527068266,0.9459361854610004,5.480780725689626,4.784094044235305,,,87.93063662728856,70.0,2.5,60.0,0.0,1.5,0.0,0.0248526825866394,Süper Lig,0.0,,,,,,,,,,,,,,,,,,,,,,,,,,,,,,,,,,,,,,,,,,,,,,,,,,,,,,,,,,,,,,,,,,,,,,,,,,,,,,,,,,,,,,,,,,,,,,,,,,,,,,,,,,,,,,,,,,,,,,,,,,,,,,,,,,,,,,,,,,,,,,,,,,,,,,,,,,,,,,,,,,,,,,,,,,,,,,,,,,,,,,,,,,,,,,,,,,,,,,,,,,,,,,,,,,,,,,,,,,,,,,,,,,,,,,,,,,,,,,,,,,,,,,,,,,,,,,,,,,,,,,,,,1.1960235110588262,6.904761904761905,8.474997099407112,3.0346270988177753,2.269559100153096,0.0,4.902602403511405,5.754812099112444
Mehmet Akbal,genclerbirligi,MF,0.0,0.0,0.0,MF,True,True,Gençlerbirliği,,Merkez Orta Saha,Merkez Orta Saha,,MID,0.0,,0.0,50.0,50.0,0.0,1.7460413624251974,0.2266093633361027,0.0280630049286662,1.9842616318118944,3.873802363170311,0.6381004791237131,3.913993822181939,8.546377172259183,,,80.04850035974977,70.0,2.5,60.0,0.0,1.5,0.0,0.0280630049286662,Süper Lig,0.0,,,,,,,,,,,,,,,,,,,,,,,,,,,,,,,,,,,,,,,,,,,,,,,,,,,,,,,,,,,,,,,,,,,,,,,,,,,,,,,,,,,,,,,,,,,,,,,,,,,,,,,,,,,,,,,,,,,,,,,,,,,,,,,,,,,,,,,,,,,,,,,,,,,,,,,,,,,,,,,,,,,,,,,,,,,,,,,,,,,,,,,,,,,,,,,,,,,,,,,,,,,,,,,,,,,,,,,,,,,,,,,,,,,,,,,,,,,,,,,,,,,,,,,,,,,,,,,,,,,,,,,,,2.0,6.904761904761905,7.177551282378998,4.112252019714665,1.768149199206035,0.0,5.048641301713892,5.6449016510468315
Yiğit Aydar,genclerbirligi,DF,0.0,0.0,0.0,DF,False,True,Gençlerbirliği,,Merkez Orta Saha,Merkez Orta Saha,,MID,0.0,,0.0,50.0,50.0,0.0,2.127209183632158,0.0348113427793987,0.1241699521425944,2.758195683120869,2.5889791718368595,1.3985668807255722,6.109154732926797,8.667274854121318,,,78.36556423570752,70.0,2.5,60.0,0.0,1.5,0.0,0.1241699521425944,Süper Lig,0.0,,,,,,,,,,,,,,,,,,,,,,,,,,,,,,,,,,,,,,,,,,,,,,,,,,,,,,,,,,,,,,,,,,,,,,,,,,,,,,,,,,,,,,,,,,,,,,,,,,,,,,,,,,,,,,,,,,,,,,,,,,,,,,,,,,,,,,,,,,,,,,,,,,,,,,,,,,,,,,,,,,,,,,,,,,,,,,,,,,,,,,,,,,,,,,,,,,,,,,,,,,,,,,,,,,,,,,,,,,,,,,,,,,,,,,,,,,,,,,,,,,,,,,,,,,,,,,,,,,,,,,,,,2.0,6.904761904761905,8.165375034009541,4.222665923128284,2.3245241453969494,0.0,5.323200715474933,6.194020478568913
Ebrar Aydın,genclerbirligi,GK,0.0,0.0,0.0,GK,False,False,Gençlerbirliği,,Merkez Orta Saha,Merkez Orta Saha,,MID,0.0,,0.0,50.0,50.0,0.0,0.6783018127578817,0.1331051705688042,0.3296039990666237,2.1140061418466978,1.7256798823386674,1.435473167435399,5.2975538432038505,8.665598934680602,,,80.45338046957127,70.0,2.5,60.0,0.0,1.5,0.0,0.3296039990666237,Süper Lig,0.0,,,,,,,,,,,,,,,,,,,,,,,,,,,,,,,,,,,,,,,,,,,,,,,,,,,,,,,,,,,,,,,,,,,,,,,,,,,,,,,,,,,,,,,,,,,,,,,,,,,,,,,,,,,,,,,,,,,,,,,,,,,,,,,,,,,,,,,,,,,,,,,,,,,,,,,,,,,,,,,,,,,,,,,,,,,,,,,,,,,,,,,,,,,,,,,,,,,,,,,,,,,,,,,,,,,,,,,,,,,,,,,,,,,,,,,,,,,,,,,,,,,,,,,,,,,,,,,,,,,,,,,,,2.0,6.904761904761905,7.89573651744353,4.4688692511589405,1.3584705432601851,0.0,5.317341918341094,6.182302884301235
Mikail Okyar,genclerbirligi,MF,0.0,0.0,0.0,MF,True,True,Gençlerbirliği,,Merkez Orta Saha,Merkez Orta Saha,,MID,0.0,,0.0,50.0,50.0,0.0,2.2102304127725074,0.1027739006501766,0.2340004263530199,3.158242742820484,2.5018107134641228,1.4727572301780325,5.9812072527068425,5.845285299944782,,,82.08493867337111,70.0,2.5,60.0,0.0,1.5,0.0,0.2340004263530199,Süper Lig,0.0,,,,,,,,,,,,,,,,,,,,,,,,,,,,,,,,,,,,,,,,,,,,,,,,,,,,,,,,,,,,,,,,,,,,,,,,,,,,,,,,,,,,,,,,,,,,,,,,,,,,,,,,,,,,,,,,,,,,,,,,,,,,,,,,,,,,,,,,,,,,,,,,,,,,,,,,,,,,,,,,,,,,,,,,,,,,,,,,,,,,,,,,,,,,,,,,,,,,,,,,,,,,,,,,,,,,,,,,,,,,,,,,,,,,,,,,,,,,,,,,,,,,,,,,,,,,,,,,,,,,,,,,,1.4613213249861956,6.904761904761905,8.343969192008059,4.603875514388162,2.561445999309134,0.0,5.328481984036081,6.473922353198111
Yusuf Temel,genclerbirligi,FW,0.0,0.0,0.0,FW,True,False,Gençlerbirliği,,Merkez Orta Saha,Merkez Orta Saha,,MID,0.0,,0.0,50.0,50.0,0.0,2.337790100078128,0.0868358315647106,0.2375344848353976,3.2318950328303986,3.0388609982053234,0.901103041786312,3.359730197092244,8.17225590593588,,,84.12696908951472,70.0,2.5,60.0,0.0,1.5,0.0,0.2375344848353976,Süper Lig,0.0,,,,,,,,,,,,,,,,,,,,,,,,,,,,,,,,,,,,,,,,,,,,,,,,,,,,,,,,,,,,,,,,,,,,,,,,,,,,,,,,,,,,,,,,,,,,,,,,,,,,,,,,,,,,,,,,,,,,,,,,,,,,,,,,,,,,,,,,,,,,,,,,,,,,,,,,,,,,,,,,,,,,,,,,,,,,,,,,,,,,,,,,,,,,,,,,,,,,,,,,,,,,,,,,,,,,,,,,,,,,,,,,,,,,,,,,,,,,,,,,,,,,,,,,,,,,,,,,,,,,,,,,,2.0,6.904761904761905,7.166406560905778,4.950137939341591,2.6549653386721452,0.0,5.255326601252318,6.058272250123684
Opponent Total,genclerbirligi,NAN,0.0,0.4025,0.4025,NAN,False,False,Gençlerbirliği,,Merkez Orta Saha,Merkez Orta Saha,,MID,0.0,,0.0,50.0,50.0,0.0,1.4228300295197656,0.2249583364218181,0.1266719967932527,1.9386465025583297,1.2287176539206934,0.5834547459142635,5.46179461230529,8.067296391210423,,,85.3815496864944,70.0,2.5,60.0,0.0,1.5,0.0,0.1266719967932527,Süper Lig,0.0,,,,,,,,,,,,,,,,,,,,,,,,,,,,,,,,,,,,,,,,,,,,,,,,,,,,,,,,,,,,,,,,,,,,,,,,,,,,,,,,,,,,,,,,,,,,,,,,,,,,,,,,,,,,,,,,,,,,,,,,,,,,,,,,,,,,,,,,,,,,,,,,,,,,,,,,,,,,,,,,,,,,,,,,,,,,,,,,,,,,,,,,,,,,,,,,,,,,,,,,,,,,,,,,,,,,,,,,,,,,,,,,,,,,,,,,,,,,,,,,,,,,,,,,,,,,,,,,,,,,,,,,,2.0,6.904761904761905,8.299259242228366,4.935833089786807,1.6016921532879498,0.0,5.53496355919427,6.617546166007587
Héliton,Göztepe,DF,0.0,0.08,0.08,DF,False,True,Göztepe,Stoper,Standart Stoper (Durdurucu),Standart Stoper,Durdurucu,CB,2.9929828102360485,1.514845479529625,10.83050315627883,66.08220546105883,52.73860030358401,0.0,0.0,,,0.0,0.0,0.0,2.405981925982379,0.0,,,78.18728507646034,70.0,2.5,60.0,0.0,1.5,0.0,0.08,Süper Lig,0.0,,,,,,,,,,,,,,,,,,,,,,,,,,,,,,,,,,,,,,,,,,,,,,,,,,,,,,,,,,,,,,,,,,,,,,,,,,,,,,,,,,,,,,,,,,,,,,,,,,,,,,,,,,,,,,,,,,,,,,,,,,,,,,,,,,,,,,,,,,,,,,,,,,,,,,,,,,,,,,,,,,,,,,,,,,,,,,,,,,,,,,,,,,,,,,,,,,,,,,,,,,,,,,,,,,,,,,,,,,,,,,,,,,,,,,,,,,,,,,,,,,,,,,,,,,,,,,,,,,,,,,,,,6.660429164654266,8.236064219838376,6.302161728847299,0.64,0.0,0.0,7.219029699566517,3.4710808644236493
Mateusz Lis,Göztepe,GK,0.0,0.0,0.0,GK,False,False,Göztepe,Kaleci,Kaleci (Savunma),Kaleci,Savunma,GK,0.0,,0.0,50.0,50.0,0.0,0.0,,,0.0,0.0,0.0,0.0,0.0,,,75.0,67.23705789444759,2.2654775061557584,75.21570097233794,0.2630546733937066,0.6354346550816125,0.0,0.0,Süper Lig,0.0,,,,,,,,,,,,,,,,,,,,,,,,,,,,,,,,,,,,,,,,,,,,,,,,,,,,,,,,,,,,,,,,,,,,,,,,,,,,,,,,,,,,,,,,,,,,,,,,,,,,,,,,,,,,,,,,,,,,,,,,,,,,,,,,,,,,,,,,,,,,,,,,,,,,,,,,,,,,,,,,,,,,,,,,,,,,,,,,,,,,,,,,,,,,,,,,,,,,,,,,,,,,,,,,,,,,,,,,,,,,,,,,,,,,,,,,,,,,,,,,,,,,,,,,,,,,,,,,,,,,,,,,,0.0,6.904761904761905,4.891304347826086,0.0,0.0,6.902346147523431,6.902346147523431,2.445652173913043
Amine Cherni,Göztepe,MF,0.0,0.17,0.17,MF,True,True,Göztepe,Sol Bek,Ofansif Bek (Hücum),Ofansif Bek,Hücum,FB,1.2291428053848352,,0.0,53.919072325348246,50.0,8.576278388994181,0.0,,,1.4927973937929788,0.0,0.0,0.0,0.0,,,81.53536507120222,70.0,2.5,60.0,0.0,1.5,0.0,0.17,Süper Lig,0.0,,,,,,,,,,,,,,,,,,,,,,,,,,,,,,,,,,,,,,,,,,,,,,,,,,,,,,,,,,,,,,,,,,,,,,,,,,,,,,,,,,,,,,,,,,,,,,,,,,,,,,,,,,,,,,,,,,,,,,,,,,,,,,,,,,,,,,,,,,,,,,,,,,,,,,,,,,,,,,,,,,,,,,,,,,,,,,,,,,,,,,,,,,,,,,,,,,,,,,,,,,,,,,,,,,,,,,,,,,,,,,,,,,,,,,,,,,,,,,,,,,,,,,,,,,,,,,,,,,,,,,,,,1.092571382564298,7.184695642286779,5.317523808991449,3.3600000000000003,0.7463986968964895,0.0,2.7598035372682346,4.338761904495724
Arda Kurtulan,Göztepe,MF,0.0,0.09,0.09,MF,True,True,Göztepe,,Merkez Orta Saha,Merkez Orta Saha,,MID,0.0,,0.0,50.0,50.0,0.0,1.6731311692770523,0.0140238381945519,0.2077812769229884,1.5474350525346394,1.824111445143676,1.9276198799136048,3.320309923468594,4.914602839459533,,,88.92726860657307,70.0,2.5,60.0,0.0,1.5,0.0,0.2077812769229884,Süper Lig,0.0,,,,,,,,,,,,,,,,,,,,,,,,,,,,,,,,,,,,,,,,,,,,,,,,,,,,,,,,,,,,,,,,,,,,,,,,,,,,,,,,,,,,,,,,,,,,,,,,,,,,,,,,,,,,,,,,,,,,,,,,,,,,,,,,,,,,,,,,,,,,,,,,,,,,,,,,,,,,,,,,,,,,,,,,,,,,,,,,,,,,,,,,,,,,,,,,,,,,,,,,,,,,,,,,,,,,,,,,,,,,,,,,,,,,,,,,,,,,,,,,,,,,,,,,,,,,,,,,,,,,,,,,,1.2286507098648833,6.904761904761905,7.459759436076019,4.4071994044544045,1.517331379279343,0.0,5.000092863789303,5.933479420265211
Janderson,Göztepe,FW,0.09,0.28,0.37,FW,True,False,Göztepe,Forvet,Yaratıcı Forvet,Yaratıcı Forvet,,FWD,0.0,,0.0,50.0,50.0,0.0,4.477559877466008,,,0.0,0.0,0.0,0.0,0.0,4.802269598593174,0.8795571249805885,75.0,70.0,2.5,60.0,0.0,1.5,0.8795571249805885,0.28,Süper Lig,0.0,,,,,,,,,,,,,,,,,,,,,,,,,,,,,,,,,,,,,,,,,,,,,,,,,,,,,,,,,,,,,,,,,,,,,,,,,,,,,,,,,,,,,,,,,,,,,,,,,,,,,,,,,,,,,,,,,,,,,,,,,,,,,,,,,,,,,,,,,,,,,,,,,,,,,,,,,,,,,,,,,,,,,,,,,,,,,,,,,,,,,,,,,,,,,,,,,,,,,,,,,,,,,,,,,,,,,,,,,,,,,,,,,,,,,,,,,,,,,,,,,,,,,,,,,,,,,,,,,,,,,,,,,0.0,6.904761904761905,4.891304347826086,2.24,4.840026612207114,0.0,5.19944453875284,3.565652173913043
Malcom Bokélé,Göztepe,DF,0.1,0.0,0.1,DF,False,True,Göztepe,,Merkez Orta Saha,Merkez Orta Saha,,MID,0.0,,0.0,50.0,50.0,0.0,2.0061005818962907,0.1659474215438972,0.0166754062591058,2.3993458872020783,3.4208964726519806,0.8763395685366537,6.695342397251458,7.973492844904064,,,84.11824811460549,70.0,2.5,60.0,0.0,1.5,0.1,0.0166754062591058,Süper Lig,0.0,,,,,,,,,,,,,,,,,,,,,,,,,,,,,,,,,,,,,,,,,,,,,,,,,,,,,,,,,,,,,,,,,,,,,,,,,,,,,,,,,,,,,,,,,,,,,,,,,,,,,,,,,,,,,,,,,,,,,,,,,,,,,,,,,,,,,,,,,,,,,,,,,,,,,,,,,,,,,,,,,,,,,,,,,,,,,,,,,,,,,,,,,,,,,,,,,,,,,,,,,,,,,,,,,,,,,,,,,,,,,,,,,,,,,,,,,,,,,,,,,,,,,,,,,,,,,,,,,,,,,,,,,1.993373211226016,6.904761904761905,8.833643901752174,4.066701625036424,2.7926620911105013,0.0,5.4496201606941295,6.450172763394299
Rhaldney,Göztepe,MF,0.1,0.1,0.2,MF,True,True,Göztepe,Ön Libero,Defansif Orta Saha (Destek),Defansif Orta Saha,Destek,DM,0.0,,0.0,50.0,50.0,0.0,0.7671611172468664,0.2408486085533876,0.2226336162433397,3.263381033165066,2.378994611207984,1.5140394320788213,5.181871407666872,3.222045808292956,,,84.01530773550876,70.0,2.5,60.0,0.0,1.5,0.1,0.2226336162433397,Süper Lig,0.0,,,,,,,,,,,,,,,,,,,,,,,,,,,,,,,,,,,,,,,,,,,,,,,,,,,,,,,,,,,,,,,,,,,,,,,,,,,,,,,,,,,,,,,,,,,,,,,,,,,,,,,,,,,,,,,,,,,,,,,,,,,,,,,,,,,,,,,,,,,,,,,,,,,,,,,,,,,,,,,,,,,,,,,,,,,,,,,,,,,,,,,,,,,,,,,,,,,,,,,,,,,,,,,,,,,,,,,,,,,,,,,,,,,,,,,,,,,,,,,,,,,,,,,,,,,,,,,,,,,,,,,,,0.8055114520732392,6.904761904761905,8.070194903975311,4.876530872445349,2.674039902025585,0.0,4.814691623450461,6.47336288821033
Juan Santos,Göztepe,FW,0.52,0.0,0.52,FW,True,False,Göztepe,Santrafor,Fırsatçı Golcü,Fırsatçı Golcü,,FWD,0.0,,0.0,50.0,50.0,0.0,4.6893127695543,,,0.0,0.0,0.0,0.0,0.0,4.560768296228343,0.4773158674302018,75.0,70.0,2.5,60.0,0.0,1.5,0.4773158674302018,0.0,Süper Lig,0.0,,,,,,,,,,,,,,,,,,,,,,,,,,,,,,,,,,,,,,,,,,,,,,,,,,,,,,,,,,,,,,,,,,,,,,,,,,,,,,,,,,,,,,,,,,,,,,,,,,,,,,,,,,,,,,,,,,,,,,,,,,,,,,,,,,,,,,,,,,,,,,,,,,,,,,,,,,,,,,,,,,,,,,,,,,,,,,,,,,,,,,,,,,,,,,,,,,,,,,,,,,,,,,,,,,,,,,,,,,,,,,,,,,,,,,,,,,,,,,,,,,,,,,,,,,,,,,,,,,,,,,,,,0.0,6.904761904761905,4.891304347826086,0.0,5.513834307941603,0.0,5.379729156193534,2.445652173913043
Anthony Dennis,Göztepe,MF,0.21,0.0,0.21,MF,True,True,Göztepe,Merkez Orta Saha,İki Yönlü Orta Saha,İki Yönlü Orta Saha,,MID,2.1363449249889435,,0.0,50.0,50.0,0.0,1.455388760573229,0.1400420458654604,0.3196504316516828,1.3687879103152998,3.8681414308358,1.5628108594027847,3.0715763883353,6.577619270892319,,,75.0,70.0,2.5,60.0,0.0,1.5,0.21,0.3196504316516828,Süper Lig,0.0,,,,,,,,,,,,,,,,,,,,,,,,,,,,,,,,,,,,,,,,,,,,,,,,,,,,,,,,,,,,,,,,,,,,,,,,,,,,,,,,,,,,,,,,,,,,,,,,,,,,,,,,,,,,,,,,,,,,,,,,,,,,,,,,,,,,,,,,,,,,,,,,,,,,,,,,,,,,,,,,,,,,,,,,,,,,,,,,,,,,,,,,,,,,,,,,,,,,,,,,,,,,,,,,,,,,,,,,,,,,,,,,,,,,,,,,,,,,,,,,,,,,,,,,,,,,,,,,,,,,,,,,,3.5433780843799183,6.904761904761905,6.427092541993736,5.27860172660673,2.804150070967974,0.0,5.538458564435572,5.852847134300234
Junior Olaitan,Göztepe,MF,0.17,0.0,0.17,MF,True,True,Göztepe,On Numara,Ofansif Orta Saha (Hücum),Ofansif Orta Saha,Hücum,AM,0.0,,0.0,50.0,50.0,0.0,1.2371923583218576,0.2342056155082729,0.2144007139206867,2.482009775621404,2.6397314260968847,1.5599448048180644,3.622559000876711,4.3800530237262185,,,78.60291611787578,70.0,2.5,60.0,0.0,1.5,0.17,0.2144007139206867,Süper Lig,0.0,,,,,,,,,,,,,,,,,,,,,,,,,,,,,,,,,,,,,,,,,,,,,,,,,,,,,,,,,,,,,,,,,,,,,,,,,,,,,,,,,,,,,,,,,,,,,,,,,,,,,,,,,,,,,,,,,,,,,,,,,,,,,,,,,,,,,,,,,,,,,,,,,,,,,,,,,,,,,,,,,,,,,,,,,,,,,,,,,,,,,,,,,,,,,,,,,,,,,,,,,,,,,,,,,,,,,,,,,,,,,,,,,,,,,,,,,,,,,,,,,,,,,,,,,,,,,,,,,,,,,,,,,1.0950132559315546,6.904761904761905,6.937556638560688,4.617423806414004,2.983229269287083,0.0,4.591192011705264,5.777490222487346
Novatus Dismas,Göztepe,DF,0.0,0.15,0.15,MF,True,True,Göztepe,,Merkez Orta Saha,Merkez Orta Saha,,MID,0.0,,0.0,50.0,50.0,0.0,0.7073853835407231,0.0140238381945519,0.3057945077132207,2.5052125942498056,2.298448006628408,1.4150111256192286,3.347559311461364,3.723401314663673,,,78.41893863187468,70.0,2.5,60.0,0.0,1.5,0.0,0.3057945077132207,Süper Lig,0.0,,,,,,,,,,,,,,,,,,,,,,,,,,,,,,,,,,,,,,,,,,,,,,,,,,,,,,,,,,,,,,,,,,,,,,,,,,,,,,,,,,,,,,,,,,,,,,,,,,,,,,,,,,,,,,,,,,,,,,,,,,,,,,,,,,,,,,,,,,,,,,,,,,,,,,,,,,,,,,,,,,,,,,,,,,,,,,,,,,,,,,,,,,,,,,,,,,,,,,,,,,,,,,,,,,,,,,,,,,,,,,,,,,,,,,,,,,,,,,,,,,,,,,,,,,,,,,,,,,,,,,,,,0.9308503286659182,6.904761904761905,6.788058262157291,5.355476701938489,1.5669998009207797,0.0,4.9947867993809005,6.07176748204789
Efkan Bekiroğlu,Göztepe,MF,0.45,0.22,0.6179999999999995,MF,True,True,Göztepe,On Numara,Oyun Kurucu (Destek),Oyun Kurucu,Destek,AM,0.0,,0.0,50.0,50.0,0.0,1.171822286812216,0.1046983297685403,0.2533905694131328,2.779405160521259,1.1316998279290154,0.9693610913204724,2.9546329253582178,3.461719209775255,,,84.61391954299647,70.0,2.5,60.0,0.0,1.5,0.45,0.2533905694131328,Süper Lig,0.0,,,,,,,,,,,,,,,,,,,,,,,,,,,,,,,,,,,,,,,,,,,,,,,,,,,,,,,,,,,,,,,,,,,,,,,,,,,,,,,,,,,,,,,,,,,,,,,,,,,,,,,,,,,,,,,,,,,,,,,,,,,,,,,,,,,,,,,,,,,,,,,,,,,,,,,,,,,,,,,,,,,,,,,,,,,,,,,,,,,,,,,,,,,,,,,,,,,,,,,,,,,,,,,,,,,,,,,,,,,,,,,,,,,,,,,,,,,,,,,,,,,,,,,,,,,,,,,,,,,,,,,,,0.8654298024438138,6.904761904761905,6.995615563309313,4.648028829605208,5.066762485510504,0.0,5.243166273117617,5.82182219645726
Allan Godói,Göztepe,DF,0.0,0.21,0.21,DF,False,True,Göztepe,Stoper,Standart Stoper (Durdurucu),Standart Stoper,Durdurucu,CB,2.7992657980944293,1.4667173150947947,10.687840964097646,61.45632226228791,59.579409127712445,0.0,0.0,,,0.0,0.0,0.0,2.0387682031757746,0.0,,,85.02019902943226,70.0,2.5,60.0,0.0,1.5,0.0,0.21,Süper Lig,0.0,,,,,,,,,,,,,,,,,,,,,,,,,,,,,,,,,,,,,,,,,,,,,,,,,,,,,,,,,,,,,,,,,,,,,,,,,,,,,,,,,,,,,,,,,,,,,,,,,,,,,,,,,,,,,,,,,,,,,,,,,,,,,,,,,,,,,,,,,,,,,,,,,,,,,,,,,,,,,,,,,,,,,,,,,,,,,,,,,,,,,,,,,,,,,,,,,,,,,,,,,,,,,,,,,,,,,,,,,,,,,,,,,,,,,,,,,,,,,,,,,,,,,,,,,,,,,,,,,,,,,,,,,6.4882362649728265,8.3616979129633,6.564179690463905,1.6800000000000002,0.0,0.0,7.252809609267231,4.122089845231953
Taha Altıkardeş,Göztepe,DF,0.0,0.0,0.0,DF,False,True,Göztepe,Stoper,Pas Dağıtan Stoper (Sıkı Defans),Pas Dağıtan Stoper,Sıkı Defans,CB,2.799491811915035,0.945557171005792,8.113089001911241,53.111139876213855,68.5095903822343,0.0,0.0,,,0.0,0.0,0.0,6.8003713577826455,0.0,,,87.69049693763857,70.0,2.5,60.0,0.0,1.5,0.0,0.0,Süper Lig,0.0,,,,,,,,,,,,,,,,,,,,,,,,,,,,,,,,,,,,,,,,,,,,,,,,,,,,,,,,,,,,,,,,,,,,,,,,,,,,,,,,,,,,,,,,,,,,,,,,,,,,,,,,,,,,,,,,,,,,,,,,,,,,,,,,,,,,,,,,,,,,,,,,,,,,,,,,,,,,,,,,,,,,,,,,,,,,,,,,,,,,,,,,,,,,,,,,,,,,,,,,,,,,,,,,,,,,,,,,,,,,,,,,,,,,,,,,,,,,,,,,,,,,,,,,,,,,,,,,,,,,,,,,,6.4884371661466975,8.360958873783275,9.119131131346013,0.0,0.0,0.0,7.763584642241192,4.559565565673006
Furkan Bayır,Göztepe,DF,0.0,0.0,0.0,DF,False,True,Göztepe,Stoper,Standart Stoper (Savunma),Standart Stoper,Savunma,CB,3.198446820988356,1.4727324923858205,9.567793648749584,63.64041973289837,78.00959065461953,0.0,0.0,,,0.0,0.0,0.0,2.0387682031757746,0.0,,,84.04790967215486,70.0,2.5,60.0,0.0,1.5,0.0,0.0,Süper Lig,0.0,,,,,,,,,,,,,,,,,,,,,,,,,,,,,,,,,,,,,,,,,,,,,,,,,,,,,,,,,,,,,,,,,,,,,,,,,,,,,,,,,,,,,,,,,,,,,,,,,,,,,,,,,,,,,,,,,,,,,,,,,,,,,,,,,,,,,,,,,,,,,,,,,,,,,,,,,,,,,,,,,,,,,,,,,,,,,,,,,,,,,,,,,,,,,,,,,,,,,,,,,,,,,,,,,,,,,,,,,,,,,,,,,,,,,,,,,,,,,,,,,,,,,,,,,,,,,,,,,,,,,,,,,6.843063840878538,9.545744266635598,6.50076951498929,0.0,0.0,0.0,7.855677146003513,3.250384757494645
Emersonn,Göztepe,FW,0.525,0.0,0.6179999999999995,FW,True,False,Göztepe,,Merkez Orta Saha,Merkez Orta Saha,,MID,0.0,,0.0,50.0,50.0,0.0,0.5431618497095365,0.0650394477405127,0.0421954457412915,1.1552327498436017,1.4972493394604678,0.9066443806460986,5.473204794468639,7.177732655268839,,,83.25814335898013,70.0,2.5,60.0,0.0,1.5,0.525,0.0421954457412915,Süper Lig,0.0,,,,,,,,,,,,,,,,,,,,,,,,,,,,,,,,,,,,,,,,,,,,,,,,,,,,,,,,,,,,,,,,,,,,,,,,,,,,,,,,,,,,,,,,,,,,,,,,,,,,,,,,,,,,,,,,,,,,,,,,,,,,,,,,,,,,,,,,,,,,,,,,,,,,,,,,,,,,,,,,,,,,,,,,,,,,,,,,,,,,,,,,,,,,,,,,,,,,,,,,,,,,,,,,,,,,,,,,,,,,,,,,,,,,,,,,,,,,,,,,,,,,,,,,,,,,,,,,,,,,,,,,,1.7944331638172097,6.904761904761905,8.166481311950415,3.1669480092721445,4.501313308126039,0.0,5.008156097450419,5.66671466061128
Ibrahim Sabra,Göztepe,FW,0.0,0.0,0.0,FW,True,False,Göztepe,Santrafor,Yaratıcı Forvet,Yaratıcı Forvet,,FWD,0.0,,0.0,50.0,50.0,0.0,3.709945816361072,,,0.0,0.0,0.0,0.0,0.0,1.161241430490398,0.787321007233317,75.0,70.0,2.5,60.0,0.0,1.5,0.787321007233317,0.0,Süper Lig,0.0,,,,,,,,,,,,,,,,,,,,,,,,,,,,,,,,,,,,,,,,,,,,,,,,,,,,,,,,,,,,,,,,,,,,,,,,,,,,,,,,,,,,,,,,,,,,,,,,,,,,,,,,,,,,,,,,,,,,,,,,,,,,,,,,,,,,,,,,,,,,,,,,,,,,,,,,,,,,,,,,,,,,,,,,,,,,,,,,,,,,,,,,,,,,,,,,,,,,,,,,,,,,,,,,,,,,,,,,,,,,,,,,,,,,,,,,,,,,,,,,,,,,,,,,,,,,,,,,,,,,,,,,,0.0,6.904761904761905,4.891304347826086,0.0,4.109242954875703,0.0,4.536974344353993,2.445652173913043
İsmail Köybaşı,Göztepe,DF,0.0,0.0,0.0,DF,False,True,Göztepe,Sol Bek,Standart Bek (Savunma),Standart Bek,Savunma,FB,2.012694296003739,,0.0,54.2903172367475,50.0,1.5613464325277038,0.0,,,0.0,0.0,0.0,0.0,0.0,,,86.1785490688698,70.0,2.5,60.0,0.0,1.5,0.0,0.0,Süper Lig,0.0,,,,,,,,,,,,,,,,,,,,,,,,,,,,,,,,,,,,,,,,,,,,,,,,,,,,,,,,,,,,,,,,,,,,,,,,,,,,,,,,,,,,,,,,,,,,,,,,,,,,,,,,,,,,,,,,,,,,,,,,,,,,,,,,,,,,,,,,,,,,,,,,,,,,,,,,,,,,,,,,,,,,,,,,,,,,,,,,,,,,,,,,,,,,,,,,,,,,,,,,,,,,,,,,,,,,,,,,,,,,,,,,,,,,,,,,,,,,,,,,,,,,,,,,,,,,,,,,,,,,,,,,,1.7890615964477683,7.211213135958154,5.620340156665421,0.6245385730110815,0.0,0.0,2.0397120101816215,3.122439364838251
Ahmed Ildiz,Göztepe,MF,0.0,0.0,0.0,MF,True,True,Göztepe,,Merkez Orta Saha,Merkez Orta Saha,,MID,0.0,,0.0,50.0,50.0,0.0,0.5420451568519457,0.1827052412451824,0.3158586575500446,2.732727404641639,2.3366249162256727,1.396502424054055,3.0935780649896367,5.039249782608397,,,88.07016473976358,70.0,2.5,60.0,0.0,1.5,0.0,0.3158586575500446,Süper Lig,0.0,,,,,,,,,,,,,,,,,,,,,,,,,,,,,,,,,,,,,,,,,,,,,,,,,,,,,,,,,,,,,,,,,,,,,,,,,,,,,,,,,,,,,,,,,,,,,,,,,,,,,,,,,,,,,,,,,,,,,,,,,,,,,,,,,,,,,,,,,,,,,,,,,,,,,,,,,,,,,,,,,,,,,,,,,,,,,,,,,,,,,,,,,,,,,,,,,,,,,,,,,,,,,,,,,,,,,,,,,,,,,,,,,,,,,,,,,,,,,,,,,,,,,,,,,,,,,,,,,,,,,,,,,1.2598124456520994,6.904761904761905,7.290495428566356,4.821184574350628,1.607272660921684,0.0,5.069063588332747,6.055840001458492
Ruan,Göztepe,MF,0.0,0.0,0.0,DF,False,True,Göztepe,,Merkez Orta Saha,Merkez Orta Saha,,MID,0.0,,0.0,50.0,50.0,0.0,0.6838492072251279,0.2453242726243116,0.0232553455245212,3.254387805797231,1.6275563962237831,1.7991434504175372,4.9765163296374455,7.348600629172568,,,79.92815501654215,70.0,2.5,60.0,0.0,1.5,0.0,0.0232553455245212,Süper Lig,0.0,,,,,,,,,,,,,,,,,,,,,,,,,,,,,,,,,,,,,,,,,,,,,,,,,,,,,,,,,,,,,,,,,,,,,,,,,,,,,,,,,,,,,,,,,,,,,,,,,,,,,,,,,,,,,,,,,,,,,,,,,,,,,,,,,,,,,,,,,,,,,,,,,,,,,,,,,,,,,,,,,,,,,,,,,,,,,,,,,,,,,,,,,,,,,,,,,,,,,,,,,,,,,,,,,,,,,,,,,,,,,,,,,,,,,,,,,,,,,,,,,,,,,,,,,,,,,,,,,,,,,,,,,1.837150157293142,6.904761904761905,7.700963926767123,3.178058979580607,1.9311268838875615,0.0,4.905233742100695,5.439511453173865
Salem Bouajila,Göztepe,FW,0.0,0.0,0.0,FW,True,False,Göztepe,Santrafor,Fırsatçı Golcü,Fırsatçı Golcü,,FWD,0.0,,0.0,50.0,50.0,0.0,3.3402255419569644,,,0.0,0.0,0.0,0.0,0.0,5.372668326703884,0.5415175606591871,75.0,70.0,2.5,60.0,0.0,1.5,0.5415175606591871,0.0,Süper Lig,0.0,,,,,,,,,,,,,,,,,,,,,,,,,,,,,,,,,,,,,,,,,,,,,,,,,,,,,,,,,,,,,,,,,,,,,,,,,,,,,,,,,,,,,,,,,,,,,,,,,,,,,,,,,,,,,,,,,,,,,,,,,,,,,,,,,,,,,,,,,,,,,,,,,,,,,,,,,,,,,,,,,,,,,,,,,,,,,,,,,,,,,,,,,,,,,,,,,,,,,,,,,,,,,,,,,,,,,,,,,,,,,,,,,,,,,,,,,,,,,,,,,,,,,,,,,,,,,,,,,,,,,,,,,0.0,6.904761904761905,4.891304347826086,0.0,3.1767870623741654,0.0,3.977500808853071,2.445652173913043
Uğur Kaan Yıldız,Göztepe,DF,0.0,0.0,0.0,DF,False,True,Göztepe,Sağ Bek,Standart Bek (Destek),Standart Bek,Destek,FB,2.321851624068239,,0.0,46.9994773415071,50.0,2.589149162241469,0.0,,,0.0,0.0,0.0,0.0,0.0,,,81.26373279976501,70.0,2.5,60.0,0.0,1.5,0.0,0.0,Süper Lig,0.0,,,,,,,,,,,,,,,,,,,,,,,,,,,,,,,,,,,,,,,,,,,,,,,,,,,,,,,,,,,,,,,,,,,,,,,,,,,,,,,,,,,,,,,,,,,,,,,,,,,,,,,,,,,,,,,,,,,,,,,,,,,,,,,,,,,,,,,,,,,,,,,,,,,,,,,,,,,,,,,,,,,,,,,,,,,,,,,,,,,,,,,,,,,,,,,,,,,,,,,,,,,,,,,,,,,,,,,,,,,,,,,,,,,,,,,,,,,,,,,,,,,,,,,,,,,,,,,,,,,,,,,,,2.063868110282879,6.690438857726697,5.299808660854239,1.0356596648965877,0.0,0.0,2.151617092253256,3.1677341628754134
Ogün Bayrak,Göztepe,MF,0.0,0.0,0.0,MF,True,True,Göztepe,Sağ Bek,Standart Bek (Destek),Standart Bek,Destek,FB,1.6698516515966324,,0.0,59.23732332979842,50.0,4.189181463118215,0.0,,,0.0,0.0,0.0,0.0,0.0,,,82.277856100429,70.0,2.5,60.0,0.0,1.5,0.0,0.0,Süper Lig,0.0,,,,,,,,,,,,,,,,,,,,,,,,,,,,,,,,,,,,,,,,,,,,,,,,,,,,,,,,,,,,,,,,,,,,,,,,,,,,,,,,,,,,,,,,,,,,,,,,,,,,,,,,,,,,,,,,,,,,,,,,,,,,,,,,,,,,,,,,,,,,,,,,,,,,,,,,,,,,,,,,,,,,,,,,,,,,,,,,,,,,,,,,,,,,,,,,,,,,,,,,,,,,,,,,,,,,,,,,,,,,,,,,,,,,,,,,,,,,,,,,,,,,,,,,,,,,,,,,,,,,,,,,,1.4843125791970067,7.564570714033221,5.3659471369845,1.6756725852472865,0.0,0.0,2.2152667046195624,3.5208098611158936
Tibet Durakçay,Göztepe,FW,0.0,0.0,0.0,FW,True,False,Göztepe,Santrafor,Fırsatçı Golcü,Fırsatçı Golcü,,FWD,0.0,,0.0,50.0,50.0,0.0,4.6893127695543,,,0.0,0.0,0.0,0.0,0.0,2.9411824749129494,0.9664112710987464,75.0,70.0,2.5,60.0,0.0,1.5,0.9664112710987464,0.0,Süper Lig,0.0,,,,,,,,,,,,,,,,,,,,,,,,,,,,,,,,,,,,,,,,,,,,,,,,,,,,,,,,,,,,,,,,,,,,,,,,,,,,,,,,,,,,,,,,,,,,,,,,,,,,,,,,,,,,,,,,,,,,,,,,,,,,,,,,,,,,,,,,,,,,,,,,,,,,,,,,,,,,,,,,,,,,,,,,,,,,,,,,,,,,,,,,,,,,,,,,,,,,,,,,,,,,,,,,,,,,,,,,,,,,,,,,,,,,,,,,,,,,,,,,,,,,,,,,,,,,,,,,,,,,,,,,,0.0,6.904761904761905,4.891304347826086,0.0,4.5,0.0,4.771428571428571,2.445652173913043
Ekrem Kılıçarslan,Göztepe,GK,0.0,0.0,0.0,GK,False,False,Göztepe,Kaleci,Kaleci (Savunma),Kaleci,Savunma,GK,0.0,,0.0,50.0,50.0,0.0,0.0,,,0.0,0.0,0.0,0.0,0.0,,,75.0,57.78987721304084,2.5879485872574355,71.22554395138992,0.5064483815465395,1.752953743383857,0.0,0.0,Süper Lig,0.0,,,,,,,,,,,,,,,,,,,,,,,,,,,,,,,,,,,,,,,,,,,,,,,,,,,,,,,,,,,,,,,,,,,,,,,,,,,,,,,,,,,,,,,,,,,,,,,,,,,,,,,,,,,,,,,,,,,,,,,,,,,,,,,,,,,,,,,,,,,,,,,,,,,,,,,,,,,,,,,,,,,,,,,,,,,,,,,,,,,,,,,,,,,,,,,,,,,,,,,,,,,,,,,,,,,,,,,,,,,,,,,,,,,,,,,,,,,,,,,,,,,,,,,,,,,,,,,,,,,,,,,,,0.0,6.904761904761905,4.891304347826086,0.0,0.0,4.15014643640227,4.15014643640227,2.445652173913043
Nevzat Üzel,Göztepe,GK,0.0,0.0,0.0,GK,False,False,Göztepe,,Merkez Orta Saha,Merkez Orta Saha,,MID,0.0,,0.0,50.0,50.0,0.0,2.422541734337265,0.0641325156110619,0.1868886153917173,1.2851443939496534,1.1499370859790363,1.9201005933850928,3.3231751346267866,3.392138044793654,,,78.2996599454046,70.0,2.5,60.0,0.0,1.5,0.0,0.1868886153917173,Süper Lig,0.0,,,,,,,,,,,,,,,,,,,,,,,,,,,,,,,,,,,,,,,,,,,,,,,,,,,,,,,,,,,,,,,,,,,,,,,,,,,,,,,,,,,,,,,,,,,,,,,,,,,,,,,,,,,,,,,,,,,,,,,,,,,,,,,,,,,,,,,,,,,,,,,,,,,,,,,,,,,,,,,,,,,,,,,,,,,,,,,,,,,,,,,,,,,,,,,,,,,,,,,,,,,,,,,,,,,,,,,,,,,,,,,,,,,,,,,,,,,,,,,,,,,,,,,,,,,,,,,,,,,,,,,,,0.8480345111984136,6.904761904761905,6.768087128970215,3.5141791855528934,1.7192574122358333,0.0,4.508765682620857,5.141133157261555
Ege Yıldırım,Göztepe,DF,0.0,0.0,0.0,DF,False,True,Göztepe,,Merkez Orta Saha,Merkez Orta Saha,,MID,0.0,,0.0,50.0,50.0,0.0,1.5540120253795355,0.1635436503685186,0.0497479933277101,1.4413669772944695,3.530948992155471,0.6588587066056364,5.309844723969343,4.891742026983662,,,83.38846521516152,70.0,2.5,60.0,0.0,1.5,0.0,0.0497479933277101,Süper Lig,0.0,,,,,,,,,,,,,,,,,,,,,,,,,,,,,,,,,,,,,,,,,,,,,,,,,,,,,,,,,,,,,,,,,,,,,,,,,,,,,,,,,,,,,,,,,,,,,,,,,,,,,,,,,,,,,,,,,,,,,,,,,,,,,,,,,,,,,,,,,,,,,,,,,,,,,,,,,,,,,,,,,,,,,,,,,,,,,,,,,,,,,,,,,,,,,,,,,,,,,,,,,,,,,,,,,,,,,,,,,,,,,,,,,,,,,,,,,,,,,,,,,,,,,,,,,,,,,,,,,,,,,,,,,1.2229355067459156,6.904761904761905,8.093300528190857,4.19899197331084,1.4113554999270284,0.0,5.10499747825238,6.146146250750849
Opponent Total,Göztepe,NAN,0.5,0.25,0.6179999999999995,NAN,False,False,Göztepe,,Merkez Orta Saha,Merkez Orta Saha,,MID,0.0,,0.0,50.0,50.0,0.0,2.428226538421762,0.049524408189935,0.0166754062591058,3.422766753912427,3.880849047213319,0.7322429188965798,6.074698642702696,6.236947754252023,,,80.8497426810271,70.0,2.5,60.0,0.0,1.5,0.5,0.0166754062591058,Süper Lig,0.0,,,,,,,,,,,,,,,,,,,,,,,,,,,,,,,,,,,,,,,,,,,,,,,,,,,,,,,,,,,,,,,,,,,,,,,,,,,,,,,,,,,,,,,,,,,,,,,,,,,,,,,,,,,,,,,,,,,,,,,,,,,,,,,,,,,,,,,,,,,,,,,,,,,,,,,,,,,,,,,,,,,,,,,,,,,,,,,,,,,,,,,,,,,,,,,,,,,,,,,,,,,,,,,,,,,,,,,,,,,,,,,,,,,,,,,,,,,,,,,,,,,,,,,,,,,,,,,,,,,,,,,,,1.5592369385630058,6.904761904761905,8.310158626635724,5.066701625036424,6.297539616254775,0.0,5.460214773749264,6.688430125836074
Andreas Gianniotis,Kasımpaşa,GK,0.0,0.0,0.0,GK,False,False,Kasımpaşa,Kaleci,Kaleci (Savunma),Kaleci,Savunma,GK,0.0,,0.0,50.0,50.0,0.0,0.0,,,0.0,0.0,0.0,0.0,0.0,,,75.0,60.84289297070436,2.210456421393158,75.41934359909122,0.4504466018892674,0.9811700974576038,0.0,0.0,Süper Lig,0.0,,,,,,,,,,,,,,,,,,,,,,,,,,,,,,,,,,,,,,,,,,,,,,,,,,,,,,,,,,,,,,,,,,,,,,,,,,,,,,,,,,,,,,,,,,,,,,,,,,,,,,,,,,,,,,,,,,,,,,,,,,,,,,,,,,,,,,,,,,,,,,,,,,,,,,,,,,,,,,,,,,,,,,,,,,,,,,,,,,,,,,,,,,,,,,,,,,,,,,,,,,,,,,,,,,,,,,,,,,,,,,,,,,,,,,,,,,,,,,,,,,,,,,,,,,,,,,,,,,,,,,,,,0.0,6.904761904761905,4.891304347826086,0.0,0.0,5.812745590088586,5.812745590088586,2.445652173913043
Nicholas Opoku,Kasımpaşa,DF,0.0,0.0,0.0,DF,False,True,Kasımpaşa,Stoper,Standart Stoper (Durdurucu),Standart Stoper,Durdurucu,CB,2.8152257846006865,1.0954402663417306,7.271623555314159,71.18804073074607,78.00959065461953,0.0,0.0,,,0.0,0.0,0.0,2.0387682031757746,0.0,,,85.44779904621116,70.0,2.5,60.0,0.0,1.5,0.0,0.0,Süper Lig,0.0,,,,,,,,,,,,,,,,,,,,,,,,,,,,,,,,,,,,,,,,,,,,,,,,,,,,,,,,,,,,,,,,,,,,,,,,,,,,,,,,,,,,,,,,,,,,,,,,,,,,,,,,,,,,,,,,,,,,,,,,,,,,,,,,,,,,,,,,,,,,,,,,,,,,,,,,,,,,,,,,,,,,,,,,,,,,,,,,,,,,,,,,,,,,,,,,,,,,,,,,,,,,,,,,,,,,,,,,,,,,,,,,,,,,,,,,,,,,,,,,,,,,,,,,,,,,,,,,,,,,,,,,,6.5024229196450545,10.0,6.5920666480799195,0.0,0.0,0.0,7.919382497474006,3.2960333240399597
Andri Fannar Baldursson,Kasımpaşa,MF,0.0,0.0,0.0,MF,True,True,Kasımpaşa,Ön Libero,Defansif Oyun Kurucu (Destek),Defansif Oyun Kurucu,Destek,DM,0.0,,0.0,50.0,50.0,0.0,1.3082455444932772,0.1413325636429024,0.1477119910446736,1.2886377723156224,3.3794286219902183,1.91710438817462,5.8901262157232654,7.744338989033781,,,78.59537248006605,70.0,2.5,60.0,0.0,1.5,0.0,0.1477119910446736,Süper Lig,0.0,,,,,,,,,,,,,,,,,,,,,,,,,,,,,,,,,,,,,,,,,,,,,,,,,,,,,,,,,,,,,,,,,,,,,,,,,,,,,,,,,,,,,,,,,,,,,,,,,,,,,,,,,,,,,,,,,,,,,,,,,,,,,,,,,,,,,,,,,,,,,,,,,,,,,,,,,,,,,,,,,,,,,,,,,,,,,,,,,,,,,,,,,,,,,,,,,,,,,,,,,,,,,,,,,,,,,,,,,,,,,,,,,,,,,,,,,,,,,,,,,,,,,,,,,,,,,,,,,,,,,,,,,1.9360847472584453,6.904761904761905,8.07084826960507,4.590847964178694,1.2257613503770457,0.0,5.26711695121347,6.330848116891882
Attila Szalai,Kasımpaşa,DF,0.0,0.09,0.09,DF,False,True,Kasımpaşa,Stoper,Pas Dağıtan Stoper (Sıkı Defans),Pas Dağıtan Stoper,Sıkı Defans,CB,2.793946306733029,0.719139945400875,6.311441032646913,51.27291541408248,56.89628346963811,0.0,0.0,,,0.0,0.0,0.0,6.8003713577826455,0.0,,,82.18256101278973,70.0,2.5,60.0,0.0,1.5,0.0,0.09,Süper Lig,0.0,,,,,,,,,,,,,,,,,,,,,,,,,,,,,,,,,,,,,,,,,,,,,,,,,,,,,,,,,,,,,,,,,,,,,,,,,,,,,,,,,,,,,,,,,,,,,,,,,,,,,,,,,,,,,,,,,,,,,,,,,,,,,,,,,,,,,,,,,,,,,,,,,,,,,,,,,,,,,,,,,,,,,,,,,,,,,,,,,,,,,,,,,,,,,,,,,,,,,,,,,,,,,,,,,,,,,,,,,,,,,,,,,,,,,,,,,,,,,,,,,,,,,,,,,,,,,,,,,,,,,,,,,6.483507828207137,7.455436665648431,8.759917918855871,0.72,0.0,0.0,7.327561381313402,4.739958959427936
Cláudio Winck,Kasımpaşa,DF,0.29,0.0,0.29,DF,False,True,Kasımpaşa,Sağ Bek,Ofansif Bek (Hücum),Ofansif Bek,Hücum,FB,1.7045929249510363,,0.0,44.67609371393809,50.0,3.7457833409132686,0.0,,,3.4437241606941464,0.0,0.0,0.0,0.0,,,78.18728507646034,70.0,2.5,60.0,0.0,1.5,0.29,0.0,Süper Lig,0.0,,,,,,,,,,,,,,,,,,,,,,,,,,,,,,,,,,,,,,,,,,,,,,,,,,,,,,,,,,,,,,,,,,,,,,,,,,,,,,,,,,,,,,,,,,,,,,,,,,,,,,,,,,,,,,,,,,,,,,,,,,,,,,,,,,,,,,,,,,,,,,,,,,,,,,,,,,,,,,,,,,,,,,,,,,,,,,,,,,,,,,,,,,,,,,,,,,,,,,,,,,,,,,,,,,,,,,,,,,,,,,,,,,,,,,,,,,,,,,,,,,,,,,,,,,,,,,,,,,,,,,,,,1.5151937110675882,6.52448288432891,5.099170765856109,1.4983133363653076,3.7558898581248505,0.0,2.8542630917654868,3.2987420511107084
Godfried Frimpong,Kasımpaşa,MF,0.0,0.11,0.11,DF,False,True,Kasımpaşa,Sol Bek,Standart Bek (Hücum),Standart Bek,Hücum,FB,0.9821924192776194,,0.0,48.09198091010609,50.0,1.5996697093950951,0.0,,,0.0,0.0,0.0,0.0,0.0,,,79.58603785418182,70.0,2.5,60.0,0.0,1.5,0.0,0.11,Süper Lig,0.0,,,,,,,,,,,,,,,,,,,,,,,,,,,,,,,,,,,,,,,,,,,,,,,,,,,,,,,,,,,,,,,,,,,,,,,,,,,,,,,,,,,,,,,,,,,,,,,,,,,,,,,,,,,,,,,,,,,,,,,,,,,,,,,,,,,,,,,,,,,,,,,,,,,,,,,,,,,,,,,,,,,,,,,,,,,,,,,,,,,,,,,,,,,,,,,,,,,,,,,,,,,,,,,,,,,,,,,,,,,,,,,,,,,,,,,,,,,,,,,,,,,,,,,,,,,,,,,,,,,,,,,,,0.8730599282467728,6.76847482691234,5.190393773098815,1.5198678837580382,0.0,0.0,1.9718237904638083,3.3551308284284262
Pape Habib Guèye,Kasımpaşa,FW,0.33,0.0,0.33,FW,True,False,Kasımpaşa,Santrafor,Pivot Santrafor (Hücum),Pivot Santrafor,Hücum,FWD,0.0,,0.0,50.0,50.0,0.0,4.6893127695543,,,0.0,0.0,0.0,0.0,3.1135117261813545,8.035043576041895,0.9430876398764524,75.0,70.0,2.5,60.0,0.0,1.5,0.9430876398764524,0.0,Süper Lig,0.0,,,,,,,,,,,,,,,,,,,,,,,,,,,,,,,,,,,,,,,,,,,,,,,,,,,,,,,,,,,,,,,,,,,,,,,,,,,,,,,,,,,,,,,,,,,,,,,,,,,,,,,,,,,,,,,,,,,,,,,,,,,,,,,,,,,,,,,,,,,,,,,,,,,,,,,,,,,,,,,,,,,,,,,,,,,,,,,,,,,,,,,,,,,,,,,,,,,,,,,,,,,,,,,,,,,,,,,,,,,,,,,,,,,,,,,,,,,,,,,,,,,,,,,,,,,,,,,,,,,,,,,,,0.7783779315453387,6.904761904761905,4.891304347826086,0.0,5.783333333333333,0.0,5.541428571428572,2.445652173913043
Mortadha Ben Ouanes,Kasımpaşa,DF,0.11,0.4025,0.56,MF,True,True,Kasımpaşa,Sol Kanat,Defansif Kanat Oyuncusu (Destek),Defansif Kanat Oyuncusu,Destek,WING,2.0945744085626528,,0.0,55.28259930165578,50.0,8.576278388994181,3.533997727270673,0.2459098104948692,0.0256469244906077,4.517920861271849,0.0,0.0,0.0,0.0,,,75.0,70.0,2.5,60.0,0.0,1.5,0.11,0.0256469244906077,Süper Lig,0.0,,,,,,,,,,,,,,,,,,,,,,,,,,,,,,,,,,,,,,,,,,,,,,,,,,,,,,,,,,,,,,,,,,,,,,,,,,,,,,,,,,,,,,,,,,,,,,,,,,,,,,,,,,,,,,,,,,,,,,,,,,,,,,,,,,,,,,,,,,,,,,,,,,,,,,,,,,,,,,,,,,,,,,,,,,,,,,,,,,,,,,,,,,,,,,,,,,,,,,,,,,,,,,,,,,,,,,,,,,,,,,,,,,,,,,,,,,,,,,,,,,,,,,,,,,,,,,,,,,,,,,,,,1.861843918722358,7.282090426308746,4.891304347826086,3.712587697962431,4.342193434342522,0.0,4.384340838987108,4.301946022894258
Mamadou Fall,Kasımpaşa,FW,0.0,0.0,0.0,MF,True,True,Kasımpaşa,Sağ Kanat,Kanat Oyuncusu (Hücum),Kanat Oyuncusu,Hücum,WING,0.0,,0.0,50.0,50.0,5.018637088540905,2.293905119023044,0.2409797767866351,0.2462676903571446,4.517920861271849,0.0,0.0,0.0,0.0,,,75.0,70.0,2.5,60.0,0.0,1.5,0.0,0.2462676903571446,Süper Lig,0.0,,,,,,,,,,,,,,,,,,,,,,,,,,,,,,,,,,,,,,,,,,,,,,,,,,,,,,,,,,,,,,,,,,,,,,,,,,,,,,,,,,,,,,,,,,,,,,,,,,,,,,,,,,,,,,,,,,,,,,,,,,,,,,,,,,,,,,,,,,,,,,,,,,,,,,,,,,,,,,,,,,,,,,,,,,,,,,,,,,,,,,,,,,,,,,,,,,,,,,,,,,,,,,,,,,,,,,,,,,,,,,,,,,,,,,,,,,,,,,,,,,,,,,,,,,,,,,,,,,,,,,,,,0.0,6.904761904761905,4.891304347826086,2.9850707614285787,3.019513386232464,0.0,3.3942611881638545,3.9381875546273326
Haris Hajradinović,Kasımpaşa,MF,0.33,0.0,0.33,MF,True,True,Kasımpaşa,,Merkez Orta Saha,Merkez Orta Saha,,MID,0.0,,0.0,50.0,50.0,0.0,1.0548138794790451,0.115983121672084,0.1032642476789546,3.106839752097864,3.561354765114001,1.6048028425021887,5.8042566546539085,4.912515017592419,,,86.69517944217155,70.0,2.5,60.0,0.0,1.5,0.33,0.1032642476789546,Süper Lig,0.0,,,,,,,,,,,,,,,,,,,,,,,,,,,,,,,,,,,,,,,,,,,,,,,,,,,,,,,,,,,,,,,,,,,,,,,,,,,,,,,,,,,,,,,,,,,,,,,,,,,,,,,,,,,,,,,,,,,,,,,,,,,,,,,,,,,,,,,,,,,,,,,,,,,,,,,,,,,,,,,,,,,,,,,,,,,,,,,,,,,,,,,,,,,,,,,,,,,,,,,,,,,,,,,,,,,,,,,,,,,,,,,,,,,,,,,,,,,,,,,,,,,,,,,,,,,,,,,,,,,,,,,,,1.2281287543981048,6.904761904761905,8.556161769207709,4.413056990715819,4.336809378039619,0.0,5.275527354770885,6.484609379961764
Cafú,Kasımpaşa,MF,0.0,0.0,0.0,MF,True,True,Kasımpaşa,Merkez Orta Saha,İki Yönlü Orta Saha,İki Yönlü Orta Saha,,MID,1.3518226415225556,,0.0,50.0,50.0,0.0,1.462897911964513,0.2430013324078842,0.170100172829161,2.1291502124096944,1.6014235465852082,1.6117897407775197,6.68934759280765,6.755348258622055,,,75.0,70.0,2.5,60.0,0.0,1.5,0.0,0.170100172829161,Süper Lig,0.0,,,,,,,,,,,,,,,,,,,,,,,,,,,,,,,,,,,,,,,,,,,,,,,,,,,,,,,,,,,,,,,,,,,,,,,,,,,,,,,,,,,,,,,,,,,,,,,,,,,,,,,,,,,,,,,,,,,,,,,,,,,,,,,,,,,,,,,,,,,,,,,,,,,,,,,,,,,,,,,,,,,,,,,,,,,,,,,,,,,,,,,,,,,,,,,,,,,,,,,,,,,,,,,,,,,,,,,,,,,,,,,,,,,,,,,,,,,,,,,,,,,,,,,,,,,,,,,,,,,,,,,,,2.890457190453341,6.904761904761905,8.235978144229911,3.7480163890401164,1.714751955966853,0.0,5.444803407121318,5.991997266635014
Cem Üstündag,Kasımpaşa,MF,0.0,0.0,0.0,MF,True,True,Kasımpaşa,Merkez Orta Saha,Standart Orta Saha (Destek),Standart Orta Saha,Destek,MID,0.0,,0.0,50.0,50.0,0.0,1.3229745461291114,0.1521318181741166,0.2020199603570927,1.467523900888578,1.725931390951136,1.82449073724466,2.9386120284612605,8.315866489417122,,,79.33911599948696,70.0,2.5,60.0,0.0,1.5,0.0,0.2020199603570927,Süper Lig,0.0,,,,,,,,,,,,,,,,,,,,,,,,,,,,,,,,,,,,,,,,,,,,,,,,,,,,,,,,,,,,,,,,,,,,,,,,,,,,,,,,,,,,,,,,,,,,,,,,,,,,,,,,,,,,,,,,,,,,,,,,,,,,,,,,,,,,,,,,,,,,,,,,,,,,,,,,,,,,,,,,,,,,,,,,,,,,,,,,,,,,,,,,,,,,,,,,,,,,,,,,,,,,,,,,,,,,,,,,,,,,,,,,,,,,,,,,,,,,,,,,,,,,,,,,,,,,,,,,,,,,,,,,,2.0,6.904761904761905,6.643596188110214,3.9587007687291282,1.321750637612783,0.0,4.876764715400312,5.301148478419671
Ali Yavuz Kol,Kasımpaşa,MF,0.0,0.0,0.0,MF,True,True,Kasımpaşa,Sol Kanat,Kanat Oyuncusu (Destek),Kanat Oyuncusu,Destek,WING,0.0,,0.0,50.0,50.0,4.432631567196283,2.137121456149105,0.0652076455259544,0.22105351733986,4.517920861271849,0.0,0.0,0.0,0.0,,,75.0,70.0,2.5,60.0,0.0,1.5,0.0,0.22105351733986,Süper Lig,0.0,,,,,,,,,,,,,,,,,,,,,,,,,,,,,,,,,,,,,,,,,,,,,,,,,,,,,,,,,,,,,,,,,,,,,,,,,,,,,,,,,,,,,,,,,,,,,,,,,,,,,,,,,,,,,,,,,,,,,,,,,,,,,,,,,,,,,,,,,,,,,,,,,,,,,,,,,,,,,,,,,,,,,,,,,,,,,,,,,,,,,,,,,,,,,,,,,,,,,,,,,,,,,,,,,,,,,,,,,,,,,,,,,,,,,,,,,,,,,,,,,,,,,,,,,,,,,,,,,,,,,,,,,0.0,6.904761904761905,4.891304347826086,2.6572666962379534,2.949831758288491,0.0,3.228298748115618,3.7742855220320197
Kubilay Kanatsızkuş,Kasımpaşa,FW,0.23,0.23,0.47,FW,True,False,Kasımpaşa,Santrafor,Çalışkan Forvet (Destek),Çalışkan Forvet,Destek,FWD,1.7954583389486132,,0.0,50.0,50.0,0.0,2.8061135120252514,,,0.0,0.0,0.0,0.0,3.1135117261813545,4.33947057101292,0.4655772037886764,75.0,70.0,2.5,60.0,0.0,1.5,0.4655772037886764,0.23,Süper Lig,0.0,,,,,,,,,,,,,,,,,,,,,,,,,,,,,,,,,,,,,,,,,,,,,,,,,,,,,,,,,,,,,,,,,,,,,,,,,,,,,,,,,,,,,,,,,,,,,,,,,,,,,,,,,,,,,,,,,,,,,,,,,,,,,,,,,,,,,,,,,,,,,,,,,,,,,,,,,,,,,,,,,,,,,,,,,,,,,,,,,,,,,,,,,,,,,,,,,,,,,,,,,,,,,,,,,,,,,,,,,,,,,,,,,,,,,,,,,,,,,,,,,,,,,,,,,,,,,,,,,,,,,,,,,2.3743408994996615,6.904761904761905,4.891304347826086,1.8400000000000003,3.5965347671841696,0.0,4.413349431739074,3.365652173913043
Fousseni Diabaté,Kasımpaşa,FW,0.0,0.0,0.0,MF,True,True,Kasımpaşa,Sağ Kanat,İçe Kat Eden Oyuncu (Destek),İçe Kat Eden Oyuncu,Destek,WING,0.0,,0.0,50.0,50.0,2.3524466887854727,3.7451821975516673,0.0935251332372256,0.1672005894943743,2.384015241572108,0.0,0.0,0.0,0.0,,,75.0,70.0,2.5,60.0,0.0,1.5,0.0,0.1672005894943743,Süper Lig,0.0,,,,,,,,,,,,,,,,,,,,,,,,,,,,,,,,,,,,,,,,,,,,,,,,,,,,,,,,,,,,,,,,,,,,,,,,,,,,,,,,,,,,,,,,,,,,,,,,,,,,,,,,,,,,,,,,,,,,,,,,,,,,,,,,,,,,,,,,,,,,,,,,,,,,,,,,,,,,,,,,,,,,,,,,,,,,,,,,,,,,,,,,,,,,,,,,,,,,,,,,,,,,,,,,,,,,,,,,,,,,,,,,,,,,,,,,,,,,,,,,,,,,,,,,,,,,,,,,,,,,,,,,,0.0,6.904761904761905,4.891304347826086,1.6097810334916862,2.8565330419201285,0.0,2.7626551248329294,3.250542690658886
Jhon Espinoza,Kasımpaşa,DF,0.0,0.0,0.0,DF,False,True,Kasımpaşa,Sağ Bek,Standart Bek (Destek),Standart Bek,Destek,FB,1.5606010235998728,,0.0,50.63591096541042,50.0,1.917005580930566,0.0,,,0.0,0.0,0.0,0.0,0.0,,,78.18728507646034,70.0,2.5,60.0,0.0,1.5,0.0,0.0,Süper Lig,0.0,,,,,,,,,,,,,,,,,,,,,,,,,,,,,,,,,,,,,,,,,,,,,,,,,,,,,,,,,,,,,,,,,,,,,,,,,,,,,,,,,,,,,,,,,,,,,,,,,,,,,,,,,,,,,,,,,,,,,,,,,,,,,,,,,,,,,,,,,,,,,,,,,,,,,,,,,,,,,,,,,,,,,,,,,,,,,,,,,,,,,,,,,,,,,,,,,,,,,,,,,,,,,,,,,,,,,,,,,,,,,,,,,,,,,,,,,,,,,,,,,,,,,,,,,,,,,,,,,,,,,,,,,1.3872009098665536,6.950184116576934,5.099170765856109,0.7668022323722263,0.0,0.0,1.8516335886423336,2.932986499114168
Adam Arous,Kasımpaşa,DF,0.0,0.0,0.0,DF,False,True,Kasımpaşa,,Merkez Orta Saha,Merkez Orta Saha,,MID,0.0,,0.0,50.0,50.0,0.0,0.6218958369496622,0.0873765930217047,0.0166754062591058,3.151024733435781,3.880849047213319,0.8039489512030147,2.4419247349225937,6.695179129093828,,,85.29983400009326,70.0,2.5,60.0,0.0,1.5,0.0,0.0166754062591058,Süper Lig,0.0,,,,,,,,,,,,,,,,,,,,,,,,,,,,,,,,,,,,,,,,,,,,,,,,,,,,,,,,,,,,,,,,,,,,,,,,,,,,,,,,,,,,,,,,,,,,,,,,,,,,,,,,,,,,,,,,,,,,,,,,,,,,,,,,,,,,,,,,,,,,,,,,,,,,,,,,,,,,,,,,,,,,,,,,,,,,,,,,,,,,,,,,,,,,,,,,,,,,,,,,,,,,,,,,,,,,,,,,,,,,,,,,,,,,,,,,,,,,,,,,,,,,,,,,,,,,,,,,,,,,,,,,,1.673794782273457,6.904761904761905,6.783995019641291,4.066701625036424,1.851910516473296,0.0,4.857313332928269,5.425348322338857
Yusuf Barasi,Kasımpaşa,MF,0.0,0.0,0.0,MF,True,True,Kasımpaşa,,Merkez Orta Saha,Merkez Orta Saha,,MID,0.0,,0.0,50.0,50.0,0.0,1.745735260849433,0.0285239462219833,0.0430511532933109,2.002324188507197,1.5907771133602853,1.3813788066641028,5.494744142436928,4.397756848521802,,,81.37259700200266,70.0,2.5,60.0,0.0,1.5,0.0,0.0430511532933109,Süper Lig,0.0,,,,,,,,,,,,,,,,,,,,,,,,,,,,,,,,,,,,,,,,,,,,,,,,,,,,,,,,,,,,,,,,,,,,,,,,,,,,,,,,,,,,,,,,,,,,,,,,,,,,,,,,,,,,,,,,,,,,,,,,,,,,,,,,,,,,,,,,,,,,,,,,,,,,,,,,,,,,,,,,,,,,,,,,,,,,,,,,,,,,,,,,,,,,,,,,,,,,,,,,,,,,,,,,,,,,,,,,,,,,,,,,,,,,,,,,,,,,,,,,,,,,,,,,,,,,,,,,,,,,,,,,,1.0994392121304506,6.904761904761905,8.054280571349073,3.2327226887467675,1.7770444324089025,0.0,4.822801094247049,5.64350163004792
Atakan Müjde,Kasımpaşa,MF,0.0,0.0,0.0,MF,True,True,Kasımpaşa,Merkez Orta Saha,Savaşçı Orta Saha (Savunma),Savaşçı Orta Saha,Savunma,MID,1.9356102309527288,1.37172438361255,0.0,50.0,50.0,0.0,0.8536801832701593,0.0378117071837336,0.1955248387576488,2.1900068556101635,0.0,0.0,0.0,8.101053519174634,,,75.0,70.0,2.5,60.0,0.0,1.5,0.0,0.1955248387576488,Süper Lig,0.0,,,,,,,,,,,,,,,,,,,,,,,,,,,,,,,,,,,,,,,,,,,,,,,,,,,,,,,,,,,,,,,,,,,,,,,,,,,,,,,,,,,,,,,,,,,,,,,,,,,,,,,,,,,,,,,,,,,,,,,,,,,,,,,,,,,,,,,,,,,,,,,,,,,,,,,,,,,,,,,,,,,,,,,,,,,,,,,,,,,,,,,,,,,,,,,,,,,,,,,,,,,,,,,,,,,,,,,,,,,,,,,,,,,,,,,,,,,,,,,,,,,,,,,,,,,,,,,,,,,,,,,,,3.7205424275135366,6.904761904761905,4.891304347826086,0.7820993550305954,1.4744168425918194,0.0,4.074677008783031,2.836701851428341
Emre Taşdemir,Kasımpaşa,DF,0.0,0.0,0.0,DF,False,True,Kasımpaşa,Sol Bek,Standart Bek (Destek),Standart Bek,Destek,FB,1.7054493529735395,,0.0,52.690259467111375,50.0,3.889010273572265,0.0,,,0.0,0.0,0.0,0.0,0.0,,,78.69276138304261,70.0,2.5,60.0,0.0,1.5,0.0,0.0,Süper Lig,0.0,,,,,,,,,,,,,,,,,,,,,,,,,,,,,,,,,,,,,,,,,,,,,,,,,,,,,,,,,,,,,,,,,,,,,,,,,,,,,,,,,,,,,,,,,,,,,,,,,,,,,,,,,,,,,,,,,,,,,,,,,,,,,,,,,,,,,,,,,,,,,,,,,,,,,,,,,,,,,,,,,,,,,,,,,,,,,,,,,,,,,,,,,,,,,,,,,,,,,,,,,,,,,,,,,,,,,,,,,,,,,,,,,,,,,,,,,,,,,,,,,,,,,,,,,,,,,,,,,,,,,,,,,1.515954980420924,7.096923295269859,5.132136611937561,1.5556041094289064,0.0,0.0,2.128704130918293,3.343870360683234
Berk Yıldızlı,Kasımpaşa,FW,0.0,0.0,0.0,FW,True,False,Kasımpaşa,,Merkez Orta Saha,Merkez Orta Saha,,MID,0.0,,0.0,50.0,50.0,0.0,1.7011347052854422,0.0563292324878087,0.1201085736104303,1.7699300973793677,3.8542894310854967,1.5517093916262104,3.841736068971756,8.22059324340558,,,80.08195260426027,70.0,2.5,60.0,0.0,1.5,0.0,0.1201085736104303,Süper Lig,0.0,,,,,,,,,,,,,,,,,,,,,,,,,,,,,,,,,,,,,,,,,,,,,,,,,,,,,,,,,,,,,,,,,,,,,,,,,,,,,,,,,,,,,,,,,,,,,,,,,,,,,,,,,,,,,,,,,,,,,,,,,,,,,,,,,,,,,,,,,,,,,,,,,,,,,,,,,,,,,,,,,,,,,,,,,,,,,,,,,,,,,,,,,,,,,,,,,,,,,,,,,,,,,,,,,,,,,,,,,,,,,,,,,,,,,,,,,,,,,,,,,,,,,,,,,,,,,,,,,,,,,,,,,2.0,6.904761904761905,7.143604073894156,4.4804342944417215,1.641024917705436,0.0,5.132200068274446,5.812019184167939
Adnan Aktas,Kasımpaşa,DF,0.0,0.0,0.0,DF,False,True,Kasımpaşa,,Merkez Orta Saha,Merkez Orta Saha,,MID,0.0,,0.0,50.0,50.0,0.0,1.7654222940361222,0.0627416653350745,0.2552107206423067,2.4009672988743045,3.880849047213319,1.520167828170459,4.161731132016737,3.1276164651023226,,,82.55701827503181,70.0,2.5,60.0,0.0,1.5,0.0,0.2552107206423067,Süper Lig,0.0,,,,,,,,,,,,,,,,,,,,,,,,,,,,,,,,,,,,,,,,,,,,,,,,,,,,,,,,,,,,,,,,,,,,,,,,,,,,,,,,,,,,,,,,,,,,,,,,,,,,,,,,,,,,,,,,,,,,,,,,,,,,,,,,,,,,,,,,,,,,,,,,,,,,,,,,,,,,,,,,,,,,,,,,,,,,,,,,,,,,,,,,,,,,,,,,,,,,,,,,,,,,,,,,,,,,,,,,,,,,,,,,,,,,,,,,,,,,,,,,,,,,,,,,,,,,,,,,,,,,,,,,,0.7819041162755808,6.904761904761905,7.465018931771312,5.0208428825692275,1.985115780119873,0.0,5.043131958844507,6.24293090717027
Ege Albayrak,Kasımpaşa,GK,0.0,0.0,0.0,GK,False,False,Kasımpaşa,Kaleci,Kaleci (Savunma),Kaleci,Savunma,GK,0.0,,0.0,50.0,50.0,0.0,0.0,,,0.0,0.0,0.0,0.0,0.0,,,75.0,62.32723686587384,2.975990992289793,69.87591192728782,0.3332646862824382,0.7797777655997813,0.0,0.0,Süper Lig,0.0,,,,,,,,,,,,,,,,,,,,,,,,,,,,,,,,,,,,,,,,,,,,,,,,,,,,,,,,,,,,,,,,,,,,,,,,,,,,,,,,,,,,,,,,,,,,,,,,,,,,,,,,,,,,,,,,,,,,,,,,,,,,,,,,,,,,,,,,,,,,,,,,,,,,,,,,,,,,,,,,,,,,,,,,,,,,,,,,,,,,,,,,,,,,,,,,,,,,,,,,,,,,,,,,,,,,,,,,,,,,,,,,,,,,,,,,,,,,,,,,,,,,,,,,,,,,,,,,,,,,,,,,,0.0,6.904761904761905,4.891304347826086,0.0,0.0,6.6641534466652255,6.6641534466652255,2.445652173913043
Taylan Aydın,Kasımpaşa,DF,0.0,0.0,0.0,DF,False,True,Kasımpaşa,,Merkez Orta Saha,Merkez Orta Saha,,MID,0.0,,0.0,50.0,50.0,0.0,0.7192521915701611,0.2126540144602844,0.2283020770071788,1.2415144559795617,3.1351684172381464,1.1122275363000471,2.155745463966955,8.248210036105196,,,87.61734931467544,70.0,2.5,60.0,0.0,1.5,0.0,0.2283020770071788,Süper Lig,0.0,,,,,,,,,,,,,,,,,,,,,,,,,,,,,,,,,,,,,,,,,,,,,,,,,,,,,,,,,,,,,,,,,,,,,,,,,,,,,,,,,,,,,,,,,,,,,,,,,,,,,,,,,,,,,,,,,,,,,,,,,,,,,,,,,,,,,,,,,,,,,,,,,,,,,,,,,,,,,,,,,,,,,,,,,,,,,,,,,,,,,,,,,,,,,,,,,,,,,,,,,,,,,,,,,,,,,,,,,,,,,,,,,,,,,,,,,,,,,,,,,,,,,,,,,,,,,,,,,,,,,,,,,2.0,6.904761904761905,6.792047687288397,4.913208308028715,0.9404248686876302,0.0,5.152504475019755,5.852627997658557
Ali Emre Yanar,Kasımpaşa,GK,0.0,0.0,0.0,GK,False,False,Kasımpaşa,Kaleci,Kaleci (Savunma),Kaleci,Savunma,GK,0.0,,0.0,50.0,50.0,0.0,0.0,,,0.0,0.0,0.0,0.0,0.0,,,75.0,64.12139968434072,3.166031869068446,70.45465658763987,0.2719192204002097,0.5611627123321459,0.0,0.0,Süper Lig,0.0,,,,,,,,,,,,,,,,,,,,,,,,,,,,,,,,,,,,,,,,,,,,,,,,,,,,,,,,,,,,,,,,,,,,,,,,,,,,,,,,,,,,,,,,,,,,,,,,,,,,,,,,,,,,,,,,,,,,,,,,,,,,,,,,,,,,,,,,,,,,,,,,,,,,,,,,,,,,,,,,,,,,,,,,,,,,,,,,,,,,,,,,,,,,,,,,,,,,,,,,,,,,,,,,,,,,,,,,,,,,,,,,,,,,,,,,,,,,,,,,,,,,,,,,,,,,,,,,,,,,,,,,,0.0,6.904761904761905,4.891304347826086,0.0,0.0,7.312421715154642,7.312421715154642,2.445652173913043
Yasin Eratilla,Kasımpaşa,FW,0.0,0.0,0.0,FW,True,False,Kasımpaşa,,Merkez Orta Saha,Merkez Orta Saha,,MID,0.0,,0.0,50.0,50.0,0.0,0.5420451568519457,0.1403056970706312,0.2959615270464674,1.855920148959754,3.880849047213319,0.5834547459142635,3.297882246375246,6.173622804163272,,,82.70512292285487,70.0,2.5,60.0,0.0,1.5,0.0,0.2959615270464674,Süper Lig,0.0,,,,,,,,,,,,,,,,,,,,,,,,,,,,,,,,,,,,,,,,,,,,,,,,,,,,,,,,,,,,,,,,,,,,,,,,,,,,,,,,,,,,,,,,,,,,,,,,,,,,,,,,,,,,,,,,,,,,,,,,,,,,,,,,,,,,,,,,,,,,,,,,,,,,,,,,,,,,,,,,,,,,,,,,,,,,,,,,,,,,,,,,,,,,,,,,,,,,,,,,,,,,,,,,,,,,,,,,,,,,,,,,,,,,,,,,,,,,,,,,,,,,,,,,,,,,,,,,,,,,,,,,,1.5434057010408182,6.904761904761905,7.042753487721636,5.18384610818587,1.1688690330807419,0.0,5.168691800427557,6.1132997979537524
Berkay Muratoğlu,Kasımpaşa,DF,0.0,0.0,0.0,DF,False,True,Kasımpaşa,,Merkez Orta Saha,Merkez Orta Saha,,MID,0.0,,0.0,50.0,50.0,0.0,2.039599330743724,0.1308477278435916,0.2423724893342288,3.4174132703052766,2.708619338701311,1.3743890852063947,2.16838201937232,8.634406191077378,,,87.00923579053267,70.0,2.5,60.0,0.0,1.5,0.0,0.2423724893342288,Süper Lig,0.0,,,,,,,,,,,,,,,,,,,,,,,,,,,,,,,,,,,,,,,,,,,,,,,,,,,,,,,,,,,,,,,,,,,,,,,,,,,,,,,,,,,,,,,,,,,,,,,,,,,,,,,,,,,,,,,,,,,,,,,,,,,,,,,,,,,,,,,,,,,,,,,,,,,,,,,,,,,,,,,,,,,,,,,,,,,,,,,,,,,,,,,,,,,,,,,,,,,,,,,,,,,,,,,,,,,,,,,,,,,,,,,,,,,,,,,,,,,,,,,,,,,,,,,,,,,,,,,,,,,,,,,,,2.0,6.904761904761905,6.758706387329596,4.77523618313779,2.6151952265942935,0.0,5.1096761188073225,5.7669712852336925
Loret Sadiku,Kasımpaşa,MF,0.0,0.0,0.0,DF,False,True,Kasımpaşa,,Merkez Orta Saha,Merkez Orta Saha,,MID,0.0,,0.0,50.0,50.0,0.0,1.3655808899155724,0.0286922179673043,0.1504758770865518,1.4969602682930443,1.7786253495282711,0.8796523087694131,6.395928863006239,7.792699414641993,,,79.5058355615898,70.0,2.5,60.0,0.0,1.5,0.0,0.1504758770865518,Süper Lig,0.0,,,,,,,,,,,,,,,,,,,,,,,,,,,,,,,,,,,,,,,,,,,,,,,,,,,,,,,,,,,,,,,,,,,,,,,,,,,,,,,,,,,,,,,,,,,,,,,,,,,,,,,,,,,,,,,,,,,,,,,,,,,,,,,,,,,,,,,,,,,,,,,,,,,,,,,,,,,,,,,,,,,,,,,,,,,,,,,,,,,,,,,,,,,,,,,,,,,,,,,,,,,,,,,,,,,,,,,,,,,,,,,,,,,,,,,,,,,,,,,,,,,,,,,,,,,,,,,,,,,,,,,,,1.9481748536604981,6.904761904761905,8.383127620302455,3.7876537413650544,1.3554049741089989,0.0,5.2559295300224775,6.085390680833754
Emirhan Yigit,Kasımpaşa,MF,0.0,0.0,0.0,MF,True,True,Kasımpaşa,,Merkez Orta Saha,Merkez Orta Saha,,MID,0.0,,0.0,50.0,50.0,0.0,0.5420451568519457,0.2150349233373587,0.2355383178380513,2.573188994261489,2.3109876569968626,1.1753813692143356,3.2169834160926523,8.667274854121318,,,87.27325703598095,70.0,2.5,60.0,0.0,1.5,0.0,0.2355383178380513,Süper Lig,0.0,,,,,,,,,,,,,,,,,,,,,,,,,,,,,,,,,,,,,,,,,,,,,,,,,,,,,,,,,,,,,,,,,,,,,,,,,,,,,,,,,,,,,,,,,,,,,,,,,,,,,,,,,,,,,,,,,,,,,,,,,,,,,,,,,,,,,,,,,,,,,,,,,,,,,,,,,,,,,,,,,,,,,,,,,,,,,,,,,,,,,,,,,,,,,,,,,,,,,,,,,,,,,,,,,,,,,,,,,,,,,,,,,,,,,,,,,,,,,,,,,,,,,,,,,,,,,,,,,,,,,,,,,2.0,6.904761904761905,7.300225862566823,4.4828117093501145,1.5275034557316094,0.0,5.17194986916971,5.891518785958469
Oğuzhan Yılmaz,Kasımpaşa,MF,0.0,0.0,0.0,MF,True,True,Kasımpaşa,,Merkez Orta Saha,Merkez Orta Saha,,MID,0.0,,0.0,50.0,50.0,0.0,2.489219266056511,0.1807035758021209,0.0963834109893964,1.678013173406676,2.7806828061363578,1.9276198799136048,4.786685847865041,5.104270892710261,,,80.84319989887979,70.0,2.5,60.0,0.0,1.5,0.0,0.0963834109893964,Süper Lig,0.0,,,,,,,,,,,,,,,,,,,,,,,,,,,,,,,,,,,,,,,,,,,,,,,,,,,,,,,,,,,,,,,,,,,,,,,,,,,,,,,,,,,,,,,,,,,,,,,,,,,,,,,,,,,,,,,,,,,,,,,,,,,,,,,,,,,,,,,,,,,,,,,,,,,,,,,,,,,,,,,,,,,,,,,,,,,,,,,,,,,,,,,,,,,,,,,,,,,,,,,,,,,,,,,,,,,,,,,,,,,,,,,,,,,,,,,,,,,,,,,,,,,,,,,,,,,,,,,,,,,,,,,,,1.2760677231775652,6.904761904761905,7.665725526033375,4.239322181381825,1.9453262605062318,0.0,5.021469333838668,5.9525238537076
Opponent Total,Kasımpaşa,NAN,0.0,0.0,0.0,NAN,False,False,Kasımpaşa,,Merkez Orta Saha,Merkez Orta Saha,,MID,0.0,,0.0,50.0,50.0,0.0,0.5420451568519457,0.0169170904750003,0.1072097245723744,2.888377439353822,1.219244686081045,1.098552976463652,2.194896603305652,7.603129733586761,,,86.12871755866647,70.0,2.5,60.0,0.0,1.5,0.0,0.1072097245723744,Süper Lig,0.0,,,,,,,,,,,,,,,,,,,,,,,,,,,,,,,,,,,,,,,,,,,,,,,,,,,,,,,,,,,,,,,,,,,,,,,,,,,,,,,,,,,,,,,,,,,,,,,,,,,,,,,,,,,,,,,,,,,,,,,,,,,,,,,,,,,,,,,,,,,,,,,,,,,,,,,,,,,,,,,,,,,,,,,,,,,,,,,,,,,,,,,,,,,,,,,,,,,,,,,,,,,,,,,,,,,,,,,,,,,,,,,,,,,,,,,,,,,,,,,,,,,,,,,,,,,,,,,,,,,,,,,,,1.9007824333966905,6.904761904761905,6.71453857721803,3.2416686890101944,1.6850976782777758,0.0,4.690437901096705,4.978103633114112
Lionel Carole,kayserispor,DF,0.0,0.0,0.0,DF,False,True,Kayserispor,Sol Bek,Standart Bek (Destek),Standart Bek,Destek,FB,1.2121998561790406,,0.0,46.06024331037701,50.0,3.8801461461842974,0.0,,,0.0,0.0,0.0,0.0,0.0,,,85.23994828037216,70.0,2.5,60.0,0.0,1.5,0.0,0.0,Süper Lig,0.0,,,,,,,,,,,,,,,,,,,,,,,,,,,,,,,,,,,,,,,,,,,,,,,,,,,,,,,,,,,,,,,,,,,,,,,,,,,,,,,,,,,,,,,,,,,,,,,,,,,,,,,,,,,,,,,,,,,,,,,,,,,,,,,,,,,,,,,,,,,,,,,,,,,,,,,,,,,,,,,,,,,,,,,,,,,,,,,,,,,,,,,,,,,,,,,,,,,,,,,,,,,,,,,,,,,,,,,,,,,,,,,,,,,,,,,,,,,,,,,,,,,,,,,,,,,,,,,,,,,,,,,,,1.0775109832702583,6.623350712645976,5.559127061763402,1.5520584584737191,0.0,0.0,2.1247770488005306,3.5555927601185604
Miguel Filipe Nunes Cardoso,kayserispor,FW,0.2,0.1,0.3,MF,True,True,Kayserispor,,Merkez Orta Saha,Merkez Orta Saha,,MID,0.0,,0.0,50.0,50.0,0.0,1.8595739806029616,0.1769587743074421,0.2761448059722776,1.1533588839395446,2.867029793851738,1.75970240999664,5.33423695652829,5.411585481655453,,,84.78937865809196,70.0,2.5,60.0,0.0,1.5,0.2,0.2761448059722776,Süper Lig,0.0,,,,,,,,,,,,,,,,,,,,,,,,,,,,,,,,,,,,,,,,,,,,,,,,,,,,,,,,,,,,,,,,,,,,,,,,,,,,,,,,,,,,,,,,,,,,,,,,,,,,,,,,,,,,,,,,,,,,,,,,,,,,,,,,,,,,,,,,,,,,,,,,,,,,,,,,,,,,,,,,,,,,,,,,,,,,,,,,,,,,,,,,,,,,,,,,,,,,,,,,,,,,,,,,,,,,,,,,,,,,,,,,,,,,,,,,,,,,,,,,,,,,,,,,,,,,,,,,,,,,,,,,,1.3528963704138632,6.904761904761905,8.196860564661446,5.415932419790269,2.8059345444599777,0.0,5.467612814906871,6.806396492225858
Stefano Denswil,kayserispor,DF,0.1,0.0,0.1,DF,False,True,Kayserispor,Stoper,Standart Stoper (Sıkı Defans),Standart Stoper,Sıkı Defans,CB,2.6366172066709432,1.022951028690943,5.386354560566766,59.65256594501936,67.20313664369858,0.0,0.0,,,0.0,0.0,0.0,2.9476309063481905,0.0,,,82.98291459227195,70.0,2.5,60.0,0.0,1.5,0.1,0.0,Süper Lig,0.0,,,,,,,,,,,,,,,,,,,,,,,,,,,,,,,,,,,,,,,,,,,,,,,,,,,,,,,,,,,,,,,,,,,,,,,,,,,,,,,,,,,,,,,,,,,,,,,,,,,,,,,,,,,,,,,,,,,,,,,,,,,,,,,,,,,,,,,,,,,,,,,,,,,,,,,,,,,,,,,,,,,,,,,,,,,,,,,,,,,,,,,,,,,,,,,,,,,,,,,,,,,,,,,,,,,,,,,,,,,,,,,,,,,,,,,,,,,,,,,,,,,,,,,,,,,,,,,,,,,,,,,,,5.934562779640905,8.741106677081289,6.88574466571357,0.0,0.7013888888888888,0.0,7.247416715831592,3.442872332856785
Ramazan Civelek,kayserispor,MF,0.0,0.11,0.11,DF,False,True,Kayserispor,Sağ Bek,Standart Bek (Destek),Standart Bek,Destek,FB,1.2577134926139475,,0.0,43.10986083203685,50.0,3.564590531541189,0.0,,,0.0,0.0,0.0,0.0,0.0,,,78.18728507646034,70.0,2.5,60.0,0.0,1.5,0.0,0.11,Süper Lig,0.0,,,,,,,,,,,,,,,,,,,,,,,,,,,,,,,,,,,,,,,,,,,,,,,,,,,,,,,,,,,,,,,,,,,,,,,,,,,,,,,,,,,,,,,,,,,,,,,,,,,,,,,,,,,,,,,,,,,,,,,,,,,,,,,,,,,,,,,,,,,,,,,,,,,,,,,,,,,,,,,,,,,,,,,,,,,,,,,,,,,,,,,,,,,,,,,,,,,,,,,,,,,,,,,,,,,,,,,,,,,,,,,,,,,,,,,,,,,,,,,,,,,,,,,,,,,,,,,,,,,,,,,,,1.1179675489901755,6.412609107050251,5.099170765856109,2.3058362126164758,0.0,0.0,2.246035442496514,3.7025034892362925
Bilal Bayazit,kayserispor,GK,0.0,0.0,0.0,GK,False,False,Kayserispor,,Merkez Orta Saha,Merkez Orta Saha,,MID,0.0,,0.0,50.0,50.0,0.0,2.4657257430531687,0.1358845543356615,0.1562468307405537,3.418516821712071,3.880849047213319,0.7828109086238767,3.615136728770469,5.879253721823453,,,89.14603468984694,70.0,2.5,60.0,0.0,1.5,0.0,0.1562468307405537,Süper Lig,0.0,,,,,,,,,,,,,,,,,,,,,,,,,,,,,,,,,,,,,,,,,,,,,,,,,,,,,,,,,,,,,,,,,,,,,,,,,,,,,,,,,,,,,,,,,,,,,,,,,,,,,,,,,,,,,,,,,,,,,,,,,,,,,,,,,,,,,,,,,,,,,,,,,,,,,,,,,,,,,,,,,,,,,,,,,,,,,,,,,,,,,,,,,,,,,,,,,,,,,,,,,,,,,,,,,,,,,,,,,,,,,,,,,,,,,,,,,,,,,,,,,,,,,,,,,,,,,,,,,,,,,,,,,1.4698134304558632,6.904761904761905,7.6214401919839485,4.624987322962215,2.8051365188796664,0.0,5.155250712540983,6.123213757473081
László Bénes,kayserispor,MF,0.25,0.12,0.37,MF,True,True,Kayserispor,Merkez Orta Saha,Oyun Kurucu (Hücum),Oyun Kurucu,Hücum,MID,0.0,,0.0,50.0,50.0,0.0,0.9022782188534438,0.0204313364366945,0.2794331191814233,2.025231761735826,1.570322949351183,1.5086907470375432,6.489595934788329,6.7650327793102205,,,82.64787021570376,70.0,2.5,60.0,0.0,1.5,0.25,0.2794331191814233,Süper Lig,0.0,,,,,,,,,,,,,,,,,,,,,,,,,,,,,,,,,,,,,,,,,,,,,,,,,,,,,,,,,,,,,,,,,,,,,,,,,,,,,,,,,,,,,,,,,,,,,,,,,,,,,,,,,,,,,,,,,,,,,,,,,,,,,,,,,,,,,,,,,,,,,,,,,,,,,,,,,,,,,,,,,,,,,,,,,,,,,,,,,,,,,,,,,,,,,,,,,,,,,,,,,,,,,,,,,,,,,,,,,,,,,,,,,,,,,,,,,,,,,,,,,,,,,,,,,,,,,,,,,,,,,,,,,1.6912581948275551,6.904761904761905,8.63487645972267,4.644614442959815,3.167100644802777,0.0,5.468877750567986,6.639745451341243
Aaron Opoku,kayserispor,FW,0.0,0.15,0.15,MF,True,True,Kayserispor,Sol Kanat,Kanat Oyuncusu (Hücum),Kanat Oyuncusu,Hücum,WING,0.0,,0.0,50.0,50.0,2.3693568050172185,1.753507802645204,0.0140238381945519,0.1972861576594619,3.7733310249254144,0.0,0.0,0.0,0.0,,,75.0,70.0,2.5,60.0,0.0,1.5,0.0,0.1972861576594619,Süper Lig,0.0,,,,,,,,,,,,,,,,,,,,,,,,,,,,,,,,,,,,,,,,,,,,,,,,,,,,,,,,,,,,,,,,,,,,,,,,,,,,,,,,,,,,,,,,,,,,,,,,,,,,,,,,,,,,,,,,,,,,,,,,,,,,,,,,,,,,,,,,,,,,,,,,,,,,,,,,,,,,,,,,,,,,,,,,,,,,,,,,,,,,,,,,,,,,,,,,,,,,,,,,,,,,,,,,,,,,,,,,,,,,,,,,,,,,,,,,,,,,,,,,,,,,,,,,,,,,,,,,,,,,,,,,,0.0,6.904761904761905,4.891304347826086,2.3368873526447347,2.6660023136383537,0.0,2.9582322883532615,3.6140958502354104
Dorukhan Toköz,kayserispor,MF,0.0,0.0,0.0,MF,True,True,Kayserispor,Ön Libero,Savaşçı Orta Saha (Destek),Savaşçı Orta Saha,Destek,DM,1.99683495549334,1.0712347973791996,0.0,50.0,50.0,0.0,0.698723674243112,0.1145751603821641,0.2878478307838974,1.4373362510354528,0.0,0.0,0.0,8.373487039525816,,,75.0,70.0,2.5,60.0,0.0,1.5,0.0,0.2878478307838974,Süper Lig,0.0,,,,,,,,,,,,,,,,,,,,,,,,,,,,,,,,,,,,,,,,,,,,,,,,,,,,,,,,,,,,,,,,,,,,,,,,,,,,,,,,,,,,,,,,,,,,,,,,,,,,,,,,,,,,,,,,,,,,,,,,,,,,,,,,,,,,,,,,,,,,,,,,,,,,,,,,,,,,,,,,,,,,,,,,,,,,,,,,,,,,,,,,,,,,,,,,,,,,,,,,,,,,,,,,,,,,,,,,,,,,,,,,,,,,,,,,,,,,,,,,,,,,,,,,,,,,,,,,,,,,,,,,,3.7749644048829687,6.904761904761905,4.891304347826086,1.1513913231355897,1.0292119807368874,0.0,5.0488056377295845,3.021347835480838
João Mendes,kayserispor,MF,0.0,0.4025,0.48,MF,True,True,Kayserispor,On Numara,Serbest Oyuncu (Trequartista),Serbest Oyuncu,Trequartista,AM,0.0,,0.0,50.0,50.0,0.0,0.6549083727871008,0.1211740717825117,0.3001468181814493,0.9984412177910342,3.37778534886515,1.9276198799136048,6.440590944670179,8.667274854121318,,,78.79398226601329,70.0,2.5,60.0,0.0,1.5,0.0,0.3001468181814493,Süper Lig,0.0,,,,,,,,,,,,,,,,,,,,,,,,,,,,,,,,,,,,,,,,,,,,,,,,,,,,,,,,,,,,,,,,,,,,,,,,,,,,,,,,,,,,,,,,,,,,,,,,,,,,,,,,,,,,,,,,,,,,,,,,,,,,,,,,,,,,,,,,,,,,,,,,,,,,,,,,,,,,,,,,,,,,,,,,,,,,,,,,,,,,,,,,,,,,,,,,,,,,,,,,,,,,,,,,,,,,,,,,,,,,,,,,,,,,,,,,,,,,,,,,,,,,,,,,,,,,,,,,,,,,,,,,,2.0,6.904761904761905,8.359033446205522,6.8105872727257974,0.7902909968008953,0.0,5.314187624644272,7.58481035946566
German Onugkha,kayserispor,FW,0.48,0.0,0.48,FW,True,False,Kayserispor,Santrafor,Pivot Santrafor (Hücum),Pivot Santrafor,Hücum,FWD,0.0,,0.0,50.0,50.0,0.0,4.6893127695543,,,0.0,0.0,0.0,0.0,3.1135117261813545,8.093150135530593,0.5722695471515888,75.0,70.0,2.5,60.0,0.0,1.5,0.5722695471515888,0.0,Süper Lig,0.0,,,,,,,,,,,,,,,,,,,,,,,,,,,,,,,,,,,,,,,,,,,,,,,,,,,,,,,,,,,,,,,,,,,,,,,,,,,,,,,,,,,,,,,,,,,,,,,,,,,,,,,,,,,,,,,,,,,,,,,,,,,,,,,,,,,,,,,,,,,,,,,,,,,,,,,,,,,,,,,,,,,,,,,,,,,,,,,,,,,,,,,,,,,,,,,,,,,,,,,,,,,,,,,,,,,,,,,,,,,,,,,,,,,,,,,,,,,,,,,,,,,,,,,,,,,,,,,,,,,,,,,,,0.7783779315453387,6.904761904761905,4.891304347826086,0.0,5.655009001515381,0.0,5.4644339723378,2.445652173913043
Furkan Soyalp,kayserispor,MF,0.2,0.0,0.2,MF,True,True,Kayserispor,Merkez Orta Saha,Standart Orta Saha (Destek),Standart Orta Saha,Destek,MID,0.0,,0.0,50.0,50.0,0.0,1.0368778098919509,0.0414436350408189,0.3208223325444225,1.25834634373636,3.723696381338858,0.6528396513094052,3.626453091808739,7.609640483187109,,,78.22986582661504,70.0,2.5,60.0,0.0,1.5,0.2,0.3208223325444225,Süper Lig,0.0,,,,,,,,,,,,,,,,,,,,,,,,,,,,,,,,,,,,,,,,,,,,,,,,,,,,,,,,,,,,,,,,,,,,,,,,,,,,,,,,,,,,,,,,,,,,,,,,,,,,,,,,,,,,,,,,,,,,,,,,,,,,,,,,,,,,,,,,,,,,,,,,,,,,,,,,,,,,,,,,,,,,,,,,,,,,,,,,,,,,,,,,,,,,,,,,,,,,,,,,,,,,,,,,,,,,,,,,,,,,,,,,,,,,,,,,,,,,,,,,,,,,,,,,,,,,,,,,,,,,,,,,,1.9024101207967772,6.904761904761905,6.91517431720535,5.28328933017769,2.492785531820158,0.0,5.25140891823543,6.09923182369152
Abdulsamet Burak,kayserispor,DF,0.0,0.0,0.0,DF,False,True,Kayserispor,Stoper,Standart Stoper (Durdurucu),Standart Stoper,Durdurucu,CB,1.687349535656185,1.590297271026365,5.251496341368688,71.18804073074607,68.95511636509397,0.0,0.0,,,0.0,0.0,0.0,3.2381346377962696,0.0,,,81.7475671552937,70.0,2.5,60.0,0.0,1.5,0.0,0.0,Süper Lig,0.0,,,,,,,,,,,,,,,,,,,,,,,,,,,,,,,,,,,,,,,,,,,,,,,,,,,,,,,,,,,,,,,,,,,,,,,,,,,,,,,,,,,,,,,,,,,,,,,,,,,,,,,,,,,,,,,,,,,,,,,,,,,,,,,,,,,,,,,,,,,,,,,,,,,,,,,,,,,,,,,,,,,,,,,,,,,,,,,,,,,,,,,,,,,,,,,,,,,,,,,,,,,,,,,,,,,,,,,,,,,,,,,,,,,,,,,,,,,,,,,,,,,,,,,,,,,,,,,,,,,,,,,,,5.000863814829069,9.59700775767293,6.9504303942433765,0.0,0.0,0.0,7.229234707849475,3.4752151971216882
Carlos Mané,kayserispor,MF,0.0,0.0,0.0,MF,True,True,Kayserispor,Sağ Kanat,Kanat Oyuncusu (Hücum),Kanat Oyuncusu,Hücum,WING,0.0,,0.0,50.0,50.0,6.844078791626583,3.5326369758584293,0.2459098104948692,0.2649702934651164,4.517920861271849,0.0,0.0,0.0,0.0,,,75.0,70.0,2.5,60.0,0.0,1.5,0.0,0.2649702934651164,Süper Lig,0.0,,,,,,,,,,,,,,,,,,,,,,,,,,,,,,,,,,,,,,,,,,,,,,,,,,,,,,,,,,,,,,,,,,,,,,,,,,,,,,,,,,,,,,,,,,,,,,,,,,,,,,,,,,,,,,,,,,,,,,,,,,,,,,,,,,,,,,,,,,,,,,,,,,,,,,,,,,,,,,,,,,,,,,,,,,,,,,,,,,,,,,,,,,,,,,,,,,,,,,,,,,,,,,,,,,,,,,,,,,,,,,,,,,,,,,,,,,,,,,,,,,,,,,,,,,,,,,,,,,,,,,,,,0.0,6.904761904761905,4.891304347826086,3.059881173860466,3.5700608781593024,0.0,3.6994590991000282,3.975592760843276
Gideon Jung,kayserispor,DF,0.0,0.0,0.0,MF,True,True,Kayserispor,Stoper,Çakılı Stoper,Çakılı Stoper,,CB,2.235431606118868,1.5911247341470989,6.001943185316763,71.18804073074607,63.45336565934959,0.0,0.0,,,0.0,0.0,0.0,2.750106295291479,0.0,,,79.60067339919681,70.0,2.5,60.0,0.0,1.5,0.0,0.0,Süper Lig,0.0,,,,,,,,,,,,,,,,,,,,,,,,,,,,,,,,,,,,,,,,,,,,,,,,,,,,,,,,,,,,,,,,,,,,,,,,,,,,,,,,,,,,,,,,,,,,,,,,,,,,,,,,,,,,,,,,,,,,,,,,,,,,,,,,,,,,,,,,,,,,,,,,,,,,,,,,,,,,,,,,,,,,,,,,,,,,,,,,,,,,,,,,,,,,,,,,,,,,,,,,,,,,,,,,,,,,,,,,,,,,,,,,,,,,,,,,,,,,,,,,,,,,,,,,,,,,,,,,,,,,,,,,,5.987050316550105,9.230224377289973,6.566401412810748,0.0,0.0,0.0,7.400190160098181,3.283200706405374
Indrit Tuci,kayserispor,FW,0.5,0.0,0.5,FW,True,False,Kayserispor,Santrafor,Yaratıcı Forvet,Yaratıcı Forvet,,FWD,0.0,,0.0,50.0,50.0,0.0,4.6893127695543,,,0.0,0.0,0.0,0.0,0.0,1.8074576026246465,0.2524195665261111,75.0,70.0,2.5,60.0,0.0,1.5,0.2524195665261111,0.0,Süper Lig,0.0,,,,,,,,,,,,,,,,,,,,,,,,,,,,,,,,,,,,,,,,,,,,,,,,,,,,,,,,,,,,,,,,,,,,,,,,,,,,,,,,,,,,,,,,,,,,,,,,,,,,,,,,,,,,,,,,,,,,,,,,,,,,,,,,,,,,,,,,,,,,,,,,,,,,,,,,,,,,,,,,,,,,,,,,,,,,,,,,,,,,,,,,,,,,,,,,,,,,,,,,,,,,,,,,,,,,,,,,,,,,,,,,,,,,,,,,,,,,,,,,,,,,,,,,,,,,,,,,,,,,,,,,,0.0,6.904761904761905,4.891304347826086,0.0,4.733255589838541,0.0,4.911381925331696,2.445652173913043
Gökhan Sazdağı,kayserispor,DF,0.0,0.0,0.0,DF,False,True,Kayserispor,,Merkez Orta Saha,Merkez Orta Saha,,MID,0.0,,0.0,50.0,50.0,0.0,0.6121962031223581,0.2364245367500705,0.1508448271796536,2.203389661101248,3.8311047784606624,0.5834547459142635,6.504804478452339,5.506600693004002,,,87.92230273167304,70.0,2.5,60.0,0.0,1.5,0.0,0.1508448271796536,Süper Lig,0.0,,,,,,,,,,,,,,,,,,,,,,,,,,,,,,,,,,,,,,,,,,,,,,,,,,,,,,,,,,,,,,,,,,,,,,,,,,,,,,,,,,,,,,,,,,,,,,,,,,,,,,,,,,,,,,,,,,,,,,,,,,,,,,,,,,,,,,,,,,,,,,,,,,,,,,,,,,,,,,,,,,,,,,,,,,,,,,,,,,,,,,,,,,,,,,,,,,,,,,,,,,,,,,,,,,,,,,,,,,,,,,,,,,,,,,,,,,,,,,,,,,,,,,,,,,,,,,,,,,,,,,,,,1.3766501732510006,6.904761904761905,8.986465460857021,4.603379308718615,1.3737820319383387,0.0,5.467814211897135,6.794922384787817
Arif Kocaman,kayserispor,DF,0.0,0.0,0.0,DF,False,True,Kayserispor,Stoper,Standart Stoper (Savunma),Standart Stoper,Savunma,CB,2.030404735363451,1.653779550438114,8.393813317648963,54.89477836973241,58.79632315094194,0.0,0.0,,,0.0,0.0,0.0,3.8865176454236257,0.0,,,85.26001331689415,70.0,2.5,60.0,0.0,1.5,0.0,0.0,Süper Lig,0.0,,,,,,,,,,,,,,,,,,,,,,,,,,,,,,,,,,,,,,,,,,,,,,,,,,,,,,,,,,,,,,,,,,,,,,,,,,,,,,,,,,,,,,,,,,,,,,,,,,,,,,,,,,,,,,,,,,,,,,,,,,,,,,,,,,,,,,,,,,,,,,,,,,,,,,,,,,,,,,,,,,,,,,,,,,,,,,,,,,,,,,,,,,,,,,,,,,,,,,,,,,,,,,,,,,,,,,,,,,,,,,,,,,,,,,,,,,,,,,,,,,,,,,,,,,,,,,,,,,,,,,,,,5.804804209211957,7.840810474567492,7.503694473813605,0.0,0.0,0.0,6.958984768274501,3.7518472369068023
Yaw Ackah,kayserispor,MF,0.0,0.0,0.0,MF,True,True,Kayserispor,Ön Libero,Defansif Orta Saha (Savunma),Defansif Orta Saha,Savunma,DM,0.0,,0.0,50.0,50.0,0.0,1.853538817557677,0.2124938428701654,0.1116033864123985,1.709908576364473,3.8804068132163416,1.1503741889489216,6.8003713577826455,5.528142013662421,,,84.29682765193718,70.0,2.5,60.0,0.0,1.5,0.0,0.1116033864123985,Süper Lig,0.0,,,,,,,,,,,,,,,,,,,,,,,,,,,,,,,,,,,,,,,,,,,,,,,,,,,,,,,,,,,,,,,,,,,,,,,,,,,,,,,,,,,,,,,,,,,,,,,,,,,,,,,,,,,,,,,,,,,,,,,,,,,,,,,,,,,,,,,,,,,,,,,,,,,,,,,,,,,,,,,,,,,,,,,,,,,,,,,,,,,,,,,,,,,,,,,,,,,,,,,,,,,,,,,,,,,,,,,,,,,,,,,,,,,,,,,,,,,,,,,,,,,,,,,,,,,,,,,,,,,,,,,,,1.3820355034156053,6.904761904761905,8.897804873582878,4.446413545649595,1.6787493182078708,0.0,5.293584234869677,6.672109209616236
Majid Hosseini,kayserispor,DF,0.0,0.0,0.0,DF,False,True,Kayserispor,Stoper,Pas Dağıtan Stoper (Sıkı Defans),Pas Dağıtan Stoper,Sıkı Defans,CB,1.9997770700847293,1.0045306159652712,6.365627829212317,48.349071976029165,63.662601006836205,0.0,0.0,,,0.0,0.0,0.0,5.9725096617250495,0.0,,,84.14800739988635,70.0,2.5,60.0,0.0,1.5,0.0,0.0,Süper Lig,0.0,,,,,,,,,,,,,,,,,,,,,,,,,,,,,,,,,,,,,,,,,,,,,,,,,,,,,,,,,,,,,,,,,,,,,,,,,,,,,,,,,,,,,,,,,,,,,,,,,,,,,,,,,,,,,,,,,,,,,,,,,,,,,,,,,,,,,,,,,,,,,,,,,,,,,,,,,,,,,,,,,,,,,,,,,,,,,,,,,,,,,,,,,,,,,,,,,,,,,,,,,,,,,,,,,,,,,,,,,,,,,,,,,,,,,,,,,,,,,,,,,,,,,,,,,,,,,,,,,,,,,,,,,5.7775796178530925,7.697678541600688,8.47416835694207,0.0,0.0,0.0,7.084936935169926,4.237084178471035
Onurcan Piri,kayserispor,GK,0.0,0.0,0.0,GK,False,False,Kayserispor,Kaleci,Kaleci (Savunma),Kaleci,Savunma,GK,0.0,,0.0,50.0,50.0,0.0,0.0,,,0.0,0.0,0.0,0.0,0.0,,,75.0,70.70351922786027,2.814047095321688,68.55082036717099,0.4025691028421768,1.3863394147823629,0.0,0.0,Süper Lig,0.0,,,,,,,,,,,,,,,,,,,,,,,,,,,,,,,,,,,,,,,,,,,,,,,,,,,,,,,,,,,,,,,,,,,,,,,,,,,,,,,,,,,,,,,,,,,,,,,,,,,,,,,,,,,,,,,,,,,,,,,,,,,,,,,,,,,,,,,,,,,,,,,,,,,,,,,,,,,,,,,,,,,,,,,,,,,,,,,,,,,,,,,,,,,,,,,,,,,,,,,,,,,,,,,,,,,,,,,,,,,,,,,,,,,,,,,,,,,,,,,,,,,,,,,,,,,,,,,,,,,,,,,,,0.0,6.904761904761905,4.891304347826086,0.0,0.0,5.679292446483303,5.679292446483303,2.445652173913043
Youssef Aït Bennasser,kayserispor,MF,0.0,0.0,0.0,MF,True,True,Kayserispor,Ön Libero,Defansif Oyun Kurucu (Destek),Defansif Oyun Kurucu,Destek,DM,0.0,,0.0,50.0,50.0,0.0,0.5420451568519457,0.167255584332277,0.2037695613079398,3.0379850878830457,2.564378916164416,0.6389382245770507,6.127078320619741,7.425493809533349,,,87.3029286220194,70.0,2.5,60.0,0.0,1.5,0.0,0.2037695613079398,Süper Lig,0.0,,,,,,,,,,,,,,,,,,,,,,,,,,,,,,,,,,,,,,,,,,,,,,,,,,,,,,,,,,,,,,,,,,,,,,,,,,,,,,,,,,,,,,,,,,,,,,,,,,,,,,,,,,,,,,,,,,,,,,,,,,,,,,,,,,,,,,,,,,,,,,,,,,,,,,,,,,,,,,,,,,,,,,,,,,,,,,,,,,,,,,,,,,,,,,,,,,,,,,,,,,,,,,,,,,,,,,,,,,,,,,,,,,,,,,,,,,,,,,,,,,,,,,,,,,,,,,,,,,,,,,,,,1.8563734523833375,6.904761904761905,8.757208418267657,4.52466418934137,1.7599015025423879,0.0,5.441140477862204,6.640936303804514
Nurettin Korkmaz,kayserispor,DF,0.0,0.4025,0.6179999999999995,DF,False,True,Kayserispor,,Merkez Orta Saha,Merkez Orta Saha,,MID,0.0,,0.0,50.0,50.0,0.0,1.4697864691145583,0.1155738902501518,0.1299103482031696,1.963396313886876,3.880849047213319,1.622576524514347,6.2243567387761445,4.432662874609815,,,80.81310720013818,70.0,2.5,60.0,0.0,1.5,0.0,0.1299103482031696,Süper Lig,0.0,,,,,,,,,,,,,,,,,,,,,,,,,,,,,,,,,,,,,,,,,,,,,,,,,,,,,,,,,,,,,,,,,,,,,,,,,,,,,,,,,,,,,,,,,,,,,,,,,,,,,,,,,,,,,,,,,,,,,,,,,,,,,,,,,,,,,,,,,,,,,,,,,,,,,,,,,,,,,,,,,,,,,,,,,,,,,,,,,,,,,,,,,,,,,,,,,,,,,,,,,,,,,,,,,,,,,,,,,,,,,,,,,,,,,,,,,,,,,,,,,,,,,,,,,,,,,,,,,,,,,,,,,1.1081657186524538,6.904761904761905,8.382598404179692,6.12964139281268,1.6349365876610196,0.0,5.631291855101683,7.256119898496186
Kayra Cihan,kayserispor,DF,0.0,0.0,0.0,DF,False,True,Kayserispor,,Merkez Orta Saha,Merkez Orta Saha,,MID,0.0,,0.0,50.0,50.0,0.0,2.493063393091252,0.1029413853961271,0.2103759583800815,1.4715285359866008,3.2719306214033166,1.8718229957728385,3.2450436805454497,3.662844678788368,,,82.1410049461588,70.0,2.5,60.0,0.0,1.5,0.0,0.2103759583800815,Süper Lig,0.0,,,,,,,,,,,,,,,,,,,,,,,,,,,,,,,,,,,,,,,,,,,,,,,,,,,,,,,,,,,,,,,,,,,,,,,,,,,,,,,,,,,,,,,,,,,,,,,,,,,,,,,,,,,,,,,,,,,,,,,,,,,,,,,,,,,,,,,,,,,,,,,,,,,,,,,,,,,,,,,,,,,,,,,,,,,,,,,,,,,,,,,,,,,,,,,,,,,,,,,,,,,,,,,,,,,,,,,,,,,,,,,,,,,,,,,,,,,,,,,,,,,,,,,,,,,,,,,,,,,,,,,,,0.9157111696970921,6.904761904761905,6.979543901978733,4.841503833520326,1.8437924427005234,0.0,4.910380202489514,5.9105238677495295
Burak Kapacak,kayserispor,DF,0.0,0.4025,0.42,DF,False,True,Kayserispor,Sağ Bek,Ofansif Bek (Hücum),Ofansif Bek,Hücum,FB,1.4413830772778584,,0.0,55.265501061040816,50.0,7.385204851221865,0.0,,,2.9955916620886005,0.0,0.0,0.0,0.0,,,86.6944694525694,70.0,2.5,60.0,0.0,1.5,0.0,0.4025,Süper Lig,0.0,,,,,,,,,,,,,,,,,,,,,,,,,,,,,,,,,,,,,,,,,,,,,,,,,,,,,,,,,,,,,,,,,,,,,,,,,,,,,,,,,,,,,,,,,,,,,,,,,,,,,,,,,,,,,,,,,,,,,,,,,,,,,,,,,,,,,,,,,,,,,,,,,,,,,,,,,,,,,,,,,,,,,,,,,,,,,,,,,,,,,,,,,,,,,,,,,,,,,,,,,,,,,,,,,,,,,,,,,,,,,,,,,,,,,,,,,,,,,,,,,,,,,,,,,,,,,,,,,,,,,,,,,1.281229402024763,7.280869123407677,5.653987138211047,5.220000000000001,1.4977958310443005,0.0,3.5993633012678123,5.436993569105524
Mehmet Eray Özbek,kayserispor,MF,0.0,0.0,0.0,MF,True,True,Kayserispor,,Merkez Orta Saha,Merkez Orta Saha,,MID,0.0,,0.0,50.0,50.0,0.0,2.1093375659626394,0.1627433667877385,0.2469550519253386,2.4662914638308813,1.4850143087108858,1.1510314590631383,4.8835119942887815,5.127732945844659,,,78.36124646653583,70.0,2.5,60.0,0.0,1.5,0.0,0.2469550519253386,Süper Lig,0.0,,,,,,,,,,,,,,,,,,,,,,,,,,,,,,,,,,,,,,,,,,,,,,,,,,,,,,,,,,,,,,,,,,,,,,,,,,,,,,,,,,,,,,,,,,,,,,,,,,,,,,,,,,,,,,,,,,,,,,,,,,,,,,,,,,,,,,,,,,,,,,,,,,,,,,,,,,,,,,,,,,,,,,,,,,,,,,,,,,,,,,,,,,,,,,,,,,,,,,,,,,,,,,,,,,,,,,,,,,,,,,,,,,,,,,,,,,,,,,,,,,,,,,,,,,,,,,,,,,,,,,,,,1.2819332364611649,6.904761904761905,7.552272071048902,3.977829746841945,2.170629094565503,0.0,4.929199239778479,5.765050908945423
Ali Karimi,kayserispor,MF,0.0,0.0,0.0,MF,True,True,Kayserispor,Merkez Orta Saha,Standart Orta Saha (Destek),Standart Orta Saha,Destek,MID,0.0,,0.0,50.0,50.0,0.0,1.6919608202851228,0.1363579673517263,0.2409417564722479,2.708298485590704,2.43070031940391,0.8880674632331614,2.33627956983684,4.72343394992449,,,89.14603468984694,70.0,2.5,60.0,0.0,1.5,0.0,0.2409417564722479,Süper Lig,0.0,,,,,,,,,,,,,,,,,,,,,,,,,,,,,,,,,,,,,,,,,,,,,,,,,,,,,,,,,,,,,,,,,,,,,,,,,,,,,,,,,,,,,,,,,,,,,,,,,,,,,,,,,,,,,,,,,,,,,,,,,,,,,,,,,,,,,,,,,,,,,,,,,,,,,,,,,,,,,,,,,,,,,,,,,,,,,,,,,,,,,,,,,,,,,,,,,,,,,,,,,,,,,,,,,,,,,,,,,,,,,,,,,,,,,,,,,,,,,,,,,,,,,,,,,,,,,,,,,,,,,,,,,1.1808584874811225,6.904761904761905,6.982011612517134,4.584233905491598,2.1061318295887403,0.0,4.912966477562939,5.783122759004366
Talha Sarıarslan,kayserispor,FW,0.0,0.0,0.0,FW,True,False,Kayserispor,Santrafor,Fırsatçı Golcü,Fırsatçı Golcü,,FWD,0.0,,0.0,50.0,50.0,0.0,4.519916315861579,,,0.0,0.0,0.0,0.0,0.0,1.5665133859628857,0.7552828455252949,75.0,70.0,2.5,60.0,0.0,1.5,0.7552828455252949,0.0,Süper Lig,0.0,,,,,,,,,,,,,,,,,,,,,,,,,,,,,,,,,,,,,,,,,,,,,,,,,,,,,,,,,,,,,,,,,,,,,,,,,,,,,,,,,,,,,,,,,,,,,,,,,,,,,,,,,,,,,,,,,,,,,,,,,,,,,,,,,,,,,,,,,,,,,,,,,,,,,,,,,,,,,,,,,,,,,,,,,,,,,,,,,,,,,,,,,,,,,,,,,,,,,,,,,,,,,,,,,,,,,,,,,,,,,,,,,,,,,,,,,,,,,,,,,,,,,,,,,,,,,,,,,,,,,,,,,0.0,6.904761904761905,4.891304347826086,0.0,4.360258892266547,0.0,4.6875839067884995,2.445652173913043
Yiğit Çeltik,kayserispor,MF,0.0,0.0,0.0,MF,True,True,Kayserispor,,Merkez Orta Saha,Merkez Orta Saha,,MID,0.0,,0.0,50.0,50.0,0.0,1.0431326036518844,0.0155682764704714,0.1310935104570424,1.2510131513325646,3.154993526116012,1.1516049785099147,2.474589684108349,4.777848722735941,,,86.01441488040976,70.0,2.5,60.0,0.0,1.5,0.0,0.1310935104570424,Süper Lig,0.0,,,,,,,,,,,,,,,,,,,,,,,,,,,,,,,,,,,,,,,,,,,,,,,,,,,,,,,,,,,,,,,,,,,,,,,,,,,,,,,,,,,,,,,,,,,,,,,,,,,,,,,,,,,,,,,,,,,,,,,,,,,,,,,,,,,,,,,,,,,,,,,,,,,,,,,,,,,,,,,,,,,,,,,,,,,,,,,,,,,,,,,,,,,,,,,,,,,,,,,,,,,,,,,,,,,,,,,,,,,,,,,,,,,,,,,,,,,,,,,,,,,,,,,,,,,,,,,,,,,,,,,,,1.1944621806839852,6.904761904761905,6.846930595124377,4.524374041828169,1.0891210661782311,0.0,4.867632180599609,5.685652318476273
Deniz Donmezer,kayserispor,GK,0.0,0.0,0.0,GK,False,False,Kayserispor,,Merkez Orta Saha,Merkez Orta Saha,,MID,0.0,,0.0,50.0,50.0,0.0,1.710181256212441,0.1281256621925829,0.0584010705945634,1.2525718839784576,1.74202094745725,1.5851717267750014,6.8003713577826455,4.40164650629946,,,89.14603468984694,70.0,2.5,60.0,0.0,1.5,0.0,0.0584010705945634,Süper Lig,0.0,,,,,,,,,,,,,,,,,,,,,,,,,,,,,,,,,,,,,,,,,,,,,,,,,,,,,,,,,,,,,,,,,,,,,,,,,,,,,,,,,,,,,,,,,,,,,,,,,,,,,,,,,,,,,,,,,,,,,,,,,,,,,,,,,,,,,,,,,,,,,,,,,,,,,,,,,,,,,,,,,,,,,,,,,,,,,,,,,,,,,,,,,,,,,,,,,,,,,,,,,,,,,,,,,,,,,,,,,,,,,,,,,,,,,,,,,,,,,,,,,,,,,,,,,,,,,,,,,,,,,,,,,1.100411626574865,6.904761904761905,9.214057506490036,3.3949515806830872,1.3863665003058694,0.0,5.153545654627473,6.304504543586562
Baran Gezek,kayserispor,MF,0.0,0.0,0.0,MF,True,True,Kayserispor,,Merkez Orta Saha,Merkez Orta Saha,,MID,0.0,,0.0,50.0,50.0,0.0,1.5067870742144684,0.2016009043082098,0.1506852684617726,0.926837998108643,2.921845550646662,0.5834547459142635,3.633196247129555,3.252559137818172,,,81.18595688914887,70.0,2.5,60.0,0.0,1.5,0.0,0.1506852684617726,Süper Lig,0.0,,,,,,,,,,,,,,,,,,,,,,,,,,,,,,,,,,,,,,,,,,,,,,,,,,,,,,,,,,,,,,,,,,,,,,,,,,,,,,,,,,,,,,,,,,,,,,,,,,,,,,,,,,,,,,,,,,,,,,,,,,,,,,,,,,,,,,,,,,,,,,,,,,,,,,,,,,,,,,,,,,,,,,,,,,,,,,,,,,,,,,,,,,,,,,,,,,,,,,,,,,,,,,,,,,,,,,,,,,,,,,,,,,,,,,,,,,,,,,,,,,,,,,,,,,,,,,,,,,,,,,,,,0.813139784454543,6.904761904761905,7.111334442422312,4.550638107611532,1.1331021431496406,0.0,4.844968559812573,5.830986275016922
Arda Kaya,kayserispor,MF,0.0,0.0,0.0,MF,True,True,Kayserispor,,Merkez Orta Saha,Merkez Orta Saha,,MID,0.0,,0.0,50.0,50.0,0.0,1.29477510616978,0.1148099693992395,0.049907950428668,2.788285440677229,2.999801437139858,1.3841809842270458,5.740919560244231,3.1135117261813545,,,85.33756333470794,70.0,2.5,60.0,0.0,1.5,0.0,0.049907950428668,Süper Lig,0.0,,,,,,,,,,,,,,,,,,,,,,,,,,,,,,,,,,,,,,,,,,,,,,,,,,,,,,,,,,,,,,,,,,,,,,,,,,,,,,,,,,,,,,,,,,,,,,,,,,,,,,,,,,,,,,,,,,,,,,,,,,,,,,,,,,,,,,,,,,,,,,,,,,,,,,,,,,,,,,,,,,,,,,,,,,,,,,,,,,,,,,,,,,,,,,,,,,,,,,,,,,,,,,,,,,,,,,,,,,,,,,,,,,,,,,,,,,,,,,,,,,,,,,,,,,,,,,,,,,,,,,,,,0.7783779315453387,6.904761904761905,8.43595304108133,4.199499426474577,1.969598323080739,0.0,5.079648075965788,6.317726233777954
Mustafa Obut,kayserispor,DF,0.0,0.0,0.0,DF,False,True,Kayserispor,,Merkez Orta Saha,Merkez Orta Saha,,MID,0.0,,0.0,50.0,50.0,0.0,0.6744917911544189,0.0140238381945519,0.3115339623143329,2.592272224578874,1.4880992314256978,1.4199375273310686,6.033325265134082,8.667274854121318,,,86.14199961951165,70.0,2.5,60.0,0.0,1.5,0.0,0.3115339623143329,Süper Lig,0.0,,,,,,,,,,,,,,,,,,,,,,,,,,,,,,,,,,,,,,,,,,,,,,,,,,,,,,,,,,,,,,,,,,,,,,,,,,,,,,,,,,,,,,,,,,,,,,,,,,,,,,,,,,,,,,,,,,,,,,,,,,,,,,,,,,,,,,,,,,,,,,,,,,,,,,,,,,,,,,,,,,,,,,,,,,,,,,,,,,,,,,,,,,,,,,,,,,,,,,,,,,,,,,,,,,,,,,,,,,,,,,,,,,,,,,,,,,,,,,,,,,,,,,,,,,,,,,,,,,,,,,,,,2.0,6.904761904761905,8.634619129491714,4.23820200354113,1.595910241691401,0.0,5.444395759448687,6.436410566516422
Mehmet Öztürk,kayserispor,GK,0.0,0.0,0.0,GK,False,False,Kayserispor,,Merkez Orta Saha,Merkez Orta Saha,,MID,0.0,,0.0,50.0,50.0,0.0,2.26186885200498,0.1965695498460082,0.12105711125825,2.0815033645244974,2.6952559373582687,1.4565323703439033,6.290116355036146,5.566638802415174,,,81.81059640309107,70.0,2.5,60.0,0.0,1.5,0.0,0.12105711125825,Süper Lig,0.0,,,,,,,,,,,,,,,,,,,,,,,,,,,,,,,,,,,,,,,,,,,,,,,,,,,,,,,,,,,,,,,,,,,,,,,,,,,,,,,,,,,,,,,,,,,,,,,,,,,,,,,,,,,,,,,,,,,,,,,,,,,,,,,,,,,,,,,,,,,,,,,,,,,,,,,,,,,,,,,,,,,,,,,,,,,,,,,,,,,,,,,,,,,,,,,,,,,,,,,,,,,,,,,,,,,,,,,,,,,,,,,,,,,,,,,,,,,,,,,,,,,,,,,,,,,,,,,,,,,,,,,,,1.3916597006037934,6.904761904761905,8.480531855980534,4.281065736605179,2.0460267275977957,0.0,5.264504799487852,6.380798796292856
Opponent Total,kayserispor,NAN,0.0,0.0,0.0,NAN,False,False,Kayserispor,,Merkez Orta Saha,Merkez Orta Saha,,MID,0.0,,0.0,50.0,50.0,0.0,1.3445477625247777,0.0503409455339936,0.0540609115281633,3.079260212216832,3.314880732935823,0.8630331199713158,6.8003713577826455,5.30595988295809,,,88.17731082018756,70.0,2.5,60.0,0.0,1.5,0.0,0.0540609115281633,Süper Lig,0.0,,,,,,,,,,,,,,,,,,,,,,,,,,,,,,,,,,,,,,,,,,,,,,,,,,,,,,,,,,,,,,,,,,,,,,,,,,,,,,,,,,,,,,,,,,,,,,,,,,,,,,,,,,,,,,,,,,,,,,,,,,,,,,,,,,,,,,,,,,,,,,,,,,,,,,,,,,,,,,,,,,,,,,,,,,,,,,,,,,,,,,,,,,,,,,,,,,,,,,,,,,,,,,,,,,,,,,,,,,,,,,,,,,,,,,,,,,,,,,,,,,,,,,,,,,,,,,,,,,,,,,,,,1.3264899707395226,6.904761904761905,9.150879862816598,4.216243646112654,2.137206889452762,0.0,5.3995938461076705,6.683561754464626
Aleksandar Jovanović,kocaelispor,GK,0.0,0.0,0.0,GK,False,False,Kocaelispor,,Merkez Orta Saha,Merkez Orta Saha,,MID,0.0,,0.0,50.0,50.0,0.0,0.8087072748236066,0.0646552087220097,0.0166754062591058,2.975309412965144,2.4966869936078258,1.57107908506719,3.207482426284339,7.077883696158419,,,89.14603468984694,70.0,2.5,60.0,0.0,1.5,0.0,0.0166754062591058,Süper Lig,0.0,,,,,,,,,,,,,,,,,,,,,,,,,,,,,,,,,,,,,,,,,,,,,,,,,,,,,,,,,,,,,,,,,,,,,,,,,,,,,,,,,,,,,,,,,,,,,,,,,,,,,,,,,,,,,,,,,,,,,,,,,,,,,,,,,,,,,,,,,,,,,,,,,,,,,,,,,,,,,,,,,,,,,,,,,,,,,,,,,,,,,,,,,,,,,,,,,,,,,,,,,,,,,,,,,,,,,,,,,,,,,,,,,,,,,,,,,,,,,,,,,,,,,,,,,,,,,,,,,,,,,,,,,1.7694709240396047,6.904761904761905,7.417613040740882,3.7311596207749744,1.8470801619597306,0.0,4.955751372579341,5.574386330757928
Anfernee Dijksteel,kocaelispor,DF,0.0,0.0,0.0,DF,False,True,Kocaelispor,,Merkez Orta Saha,Merkez Orta Saha,,MID,0.0,,0.0,50.0,50.0,0.0,1.1722946368423082,0.0411765883580739,0.2260378352002694,2.3804567838712307,1.1272268465434114,0.6370872294976646,2.2017541342984988,4.3095233271903854,,,88.61826141235206,70.0,2.5,60.0,0.0,1.5,0.0,0.2260378352002694,Süper Lig,0.0,,,,,,,,,,,,,,,,,,,,,,,,,,,,,,,,,,,,,,,,,,,,,,,,,,,,,,,,,,,,,,,,,,,,,,,,,,,,,,,,,,,,,,,,,,,,,,,,,,,,,,,,,,,,,,,,,,,,,,,,,,,,,,,,,,,,,,,,,,,,,,,,,,,,,,,,,,,,,,,,,,,,,,,,,,,,,,,,,,,,,,,,,,,,,,,,,,,,,,,,,,,,,,,,,,,,,,,,,,,,,,,,,,,,,,,,,,,,,,,,,,,,,,,,,,,,,,,,,,,,,,,,,1.0773808317975964,6.904761904761905,6.8803288983896005,3.655635905163352,1.7112482305321968,0.0,4.629526885028113,5.267982401776476
Tayfur Bingöl,kocaelispor,DF,0.48,0.0,0.48,MF,True,True,Kocaelispor,Merkez Orta Saha,Savaşçı Orta Saha (Destek),Savaşçı Orta Saha,Destek,MID,2.88775786310812,1.5685712506110128,0.0,50.0,50.0,0.0,1.2696724803107469,0.0825537662178743,0.2229158111091601,3.144332457385799,0.0,0.0,0.0,4.502430643585591,,,75.0,70.0,2.5,60.0,0.0,1.5,0.48,0.2229158111091601,Süper Lig,0.0,,,,,,,,,,,,,,,,,,,,,,,,,,,,,,,,,,,,,,,,,,,,,,,,,,,,,,,,,,,,,,,,,,,,,,,,,,,,,,,,,,,,,,,,,,,,,,,,,,,,,,,,,,,,,,,,,,,,,,,,,,,,,,,,,,,,,,,,,,,,,,,,,,,,,,,,,,,,,,,,,,,,,,,,,,,,,,,,,,,,,,,,,,,,,,,,,,,,,,,,,,,,,,,,,,,,,,,,,,,,,,,,,,,,,,,,,,,,,,,,,,,,,,,,,,,,,,,,,,,,,,,,,3.6925035392147265,6.904761904761905,4.891304347826086,0.8916632444366404,5.5031317754976765,0.0,4.095058259059839,2.891483796131363
Show,kocaelispor,MF,0.0,0.0,0.0,MF,True,True,Kocaelispor,,Merkez Orta Saha,Merkez Orta Saha,,MID,0.0,,0.0,50.0,50.0,0.0,2.137829580690436,0.1891878764221587,0.119211458303452,1.3557712670992743,1.1272268465434114,0.7989055047002012,4.05595758997293,7.718070086493312,,,86.86880371127248,70.0,2.5,60.0,0.0,1.5,0.0,0.119211458303452,Süper Lig,0.0,,,,,,,,,,,,,,,,,,,,,,,,,,,,,,,,,,,,,,,,,,,,,,,,,,,,,,,,,,,,,,,,,,,,,,,,,,,,,,,,,,,,,,,,,,,,,,,,,,,,,,,,,,,,,,,,,,,,,,,,,,,,,,,,,,,,,,,,,,,,,,,,,,,,,,,,,,,,,,,,,,,,,,,,,,,,,,,,,,,,,,,,,,,,,,,,,,,,,,,,,,,,,,,,,,,,,,,,,,,,,,,,,,,,,,,,,,,,,,,,,,,,,,,,,,,,,,,,,,,,,,,,,1.9295175216233282,6.904761904761905,7.693335558765105,3.2283303975760824,1.628032113856498,0.0,4.938986345681605,5.460832978170593
Bruno Petković,kocaelispor,FW,0.5,0.0,0.5,FW,True,False,Kocaelispor,Santrafor,Pivot Santrafor (Destek),Pivot Santrafor,Destek,FWD,0.0,,0.0,50.0,50.0,0.0,4.224762770520046,,,0.0,0.0,0.0,0.0,3.1135117261813545,5.891436607896705,0.4068732729078272,75.0,70.0,2.5,60.0,0.0,1.5,0.4068732729078272,0.0,Süper Lig,0.0,,,,,,,,,,,,,,,,,,,,,,,,,,,,,,,,,,,,,,,,,,,,,,,,,,,,,,,,,,,,,,,,,,,,,,,,,,,,,,,,,,,,,,,,,,,,,,,,,,,,,,,,,,,,,,,,,,,,,,,,,,,,,,,,,,,,,,,,,,,,,,,,,,,,,,,,,,,,,,,,,,,,,,,,,,,,,,,,,,,,,,,,,,,,,,,,,,,,,,,,,,,,,,,,,,,,,,,,,,,,,,,,,,,,,,,,,,,,,,,,,,,,,,,,,,,,,,,,,,,,,,,,,0.7783779315453387,6.904761904761905,4.891304347826086,0.0,5.093595764734759,0.0,5.127586030269427,2.445652173913043
Botond Balogh,kocaelispor,DF,0.0,0.0,0.0,DF,False,True,Kocaelispor,Stoper,Standart Stoper (Durdurucu),Standart Stoper,Durdurucu,CB,1.9879792867581672,1.7045646078121184,9.716767381600498,51.734032521879136,59.85993636109748,0.0,0.0,,,0.0,0.0,0.0,2.124611738571112,0.0,,,84.5267027845045,70.0,2.5,60.0,0.0,1.5,0.0,0.0,Süper Lig,0.0,,,,,,,,,,,,,,,,,,,,,,,,,,,,,,,,,,,,,,,,,,,,,,,,,,,,,,,,,,,,,,,,,,,,,,,,,,,,,,,,,,,,,,,,,,,,,,,,,,,,,,,,,,,,,,,,,,,,,,,,,,,,,,,,,,,,,,,,,,,,,,,,,,,,,,,,,,,,,,,,,,,,,,,,,,,,,,,,,,,,,,,,,,,,,,,,,,,,,,,,,,,,,,,,,,,,,,,,,,,,,,,,,,,,,,,,,,,,,,,,,,,,,,,,,,,,,,,,,,,,,,,,,5.767092699340593,7.685950461350246,6.574916920448892,0.0,0.0,0.0,6.696200648366114,3.287458460224446
Joseph Nonge,kocaelispor,MF,0.0,0.0,0.0,MF,True,True,Kocaelispor,,Merkez Orta Saha,Merkez Orta Saha,,MID,0.0,,0.0,50.0,50.0,0.0,1.9405901991789445,0.1298464648759843,0.0250991610966778,1.1021829723738654,2.0710880319100364,1.816205069981723,2.6504033491447347,3.5364660138735573,,,81.32957615669945,70.0,2.5,60.0,0.0,1.5,0.0,0.0250991610966778,Süper Lig,0.0,,,,,,,,,,,,,,,,,,,,,,,,,,,,,,,,,,,,,,,,,,,,,,,,,,,,,,,,,,,,,,,,,,,,,,,,,,,,,,,,,,,,,,,,,,,,,,,,,,,,,,,,,,,,,,,,,,,,,,,,,,,,,,,,,,,,,,,,,,,,,,,,,,,,,,,,,,,,,,,,,,,,,,,,,,,,,,,,,,,,,,,,,,,,,,,,,,,,,,,,,,,,,,,,,,,,,,,,,,,,,,,,,,,,,,,,,,,,,,,,,,,,,,,,,,,,,,,,,,,,,,,,,0.8841165034683894,6.904761904761905,6.629304467400592,3.4811219989934017,1.4135760191553526,0.0,4.474826218656072,5.055213233196997
Hrvoje Smolčić,kocaelispor,DF,0.0,0.0,0.0,DF,False,True,Kocaelispor,Stoper,Standart Stoper (Sıkı Defans),Standart Stoper,Sıkı Defans,CB,3.294336567705979,1.2624766387470316,9.281579013741853,52.519450034435664,70.17555368231115,0.0,0.0,,,0.0,0.0,0.0,2.0387682031757746,0.0,,,78.18728507646034,70.0,2.5,60.0,0.0,1.5,0.0,0.0,Süper Lig,0.0,,,,,,,,,,,,,,,,,,,,,,,,,,,,,,,,,,,,,,,,,,,,,,,,,,,,,,,,,,,,,,,,,,,,,,,,,,,,,,,,,,,,,,,,,,,,,,,,,,,,,,,,,,,,,,,,,,,,,,,,,,,,,,,,,,,,,,,,,,,,,,,,,,,,,,,,,,,,,,,,,,,,,,,,,,,,,,,,,,,,,,,,,,,,,,,,,,,,,,,,,,,,,,,,,,,,,,,,,,,,,,,,,,,,,,,,,,,,,,,,,,,,,,,,,,,,,,,,,,,,,,,,,6.928299171294203,8.429759533661386,6.118554867443997,0.0,0.0,0.0,7.366934455471036,3.0592774337219986
Habib Keita,kocaelispor,MF,0.19,0.38,0.57,MF,True,True,Kocaelispor,,Merkez Orta Saha,Merkez Orta Saha,,MID,0.0,,0.0,50.0,50.0,0.0,2.0155402766468136,0.0512203185376781,0.1433701132133312,1.5283239510958722,3.778582205295346,1.6080847260898494,2.112129445810276,5.50548465470957,,,81.37939250526757,70.0,2.5,60.0,0.0,1.5,0.19,0.1433701132133312,Süper Lig,0.0,,,,,,,,,,,,,,,,,,,,,,,,,,,,,,,,,,,,,,,,,,,,,,,,,,,,,,,,,,,,,,,,,,,,,,,,,,,,,,,,,,,,,,,,,,,,,,,,,,,,,,,,,,,,,,,,,,,,,,,,,,,,,,,,,,,,,,,,,,,,,,,,,,,,,,,,,,,,,,,,,,,,,,,,,,,,,,,,,,,,,,,,,,,,,,,,,,,,,,,,,,,,,,,,,,,,,,,,,,,,,,,,,,,,,,,,,,,,,,,,,,,,,,,,,,,,,,,,,,,,,,,,,1.3763711636773925,6.904761904761905,6.363416408031284,6.093480452853326,2.9925965429465196,0.0,5.184507482330977,6.228448430442305
Ahmet Oğuz,kocaelispor,DF,0.0,0.0,0.0,DF,False,True,Kocaelispor,Sağ Bek,Standart Bek (Destek),Standart Bek,Destek,FB,0.9491279076858888,,0.0,47.21576383100639,50.0,3.7757937778684,0.0,,,0.0,0.0,0.0,0.0,0.0,,,78.66898840367602,70.0,2.5,60.0,0.0,1.5,0.0,0.0,Süper Lig,0.0,,,,,,,,,,,,,,,,,,,,,,,,,,,,,,,,,,,,,,,,,,,,,,,,,,,,,,,,,,,,,,,,,,,,,,,,,,,,,,,,,,,,,,,,,,,,,,,,,,,,,,,,,,,,,,,,,,,,,,,,,,,,,,,,,,,,,,,,,,,,,,,,,,,,,,,,,,,,,,,,,,,,,,,,,,,,,,,,,,,,,,,,,,,,,,,,,,,,,,,,,,,,,,,,,,,,,,,,,,,,,,,,,,,,,,,,,,,,,,,,,,,,,,,,,,,,,,,,,,,,,,,,,0.8436692512763456,6.705887892690932,5.13058620023974,1.5103175111473601,0.0,0.0,1.9466591162232296,3.32045185569355
Massadio Haïdara,kocaelispor,DF,0.0,0.0,0.0,DF,False,True,Kocaelispor,Sol Bek,Standart Bek (Savunma),Standart Bek,Savunma,FB,1.347534581491403,,0.0,54.530955535565305,50.0,3.1708977733903847,0.0,,,0.0,0.0,0.0,0.0,0.0,,,79.57436171027321,70.0,2.5,60.0,0.0,1.5,0.0,0.0,Süper Lig,0.0,,,,,,,,,,,,,,,,,,,,,,,,,,,,,,,,,,,,,,,,,,,,,,,,,,,,,,,,,,,,,,,,,,,,,,,,,,,,,,,,,,,,,,,,,,,,,,,,,,,,,,,,,,,,,,,,,,,,,,,,,,,,,,,,,,,,,,,,,,,,,,,,,,,,,,,,,,,,,,,,,,,,,,,,,,,,,,,,,,,,,,,,,,,,,,,,,,,,,,,,,,,,,,,,,,,,,,,,,,,,,,,,,,,,,,,,,,,,,,,,,,,,,,,,,,,,,,,,,,,,,,,,,1.1978085168812471,7.228401585873712,5.1896322854526,1.268359109356154,0.0,0.0,1.9773679333903078,3.2289956974043768
Karol Linetty,kocaelispor,MF,0.0,0.22,0.22,MF,True,True,Kocaelispor,Merkez Orta Saha,İki Yönlü Orta Saha,İki Yönlü Orta Saha,,MID,2.002287228129802,,0.0,50.0,50.0,0.0,0.5420451568519457,0.2194575195380102,0.1089261232721877,0.95413451144115,1.3277926309288643,1.5695454041519512,6.8003713577826455,8.274709845372989,,,75.0,70.0,2.5,60.0,0.0,1.5,0.0,0.1089261232721877,Süper Lig,0.0,,,,,,,,,,,,,,,,,,,,,,,,,,,,,,,,,,,,,,,,,,,,,,,,,,,,,,,,,,,,,,,,,,,,,,,,,,,,,,,,,,,,,,,,,,,,,,,,,,,,,,,,,,,,,,,,,,,,,,,,,,,,,,,,,,,,,,,,,,,,,,,,,,,,,,,,,,,,,,,,,,,,,,,,,,,,,,,,,,,,,,,,,,,,,,,,,,,,,,,,,,,,,,,,,,,,,,,,,,,,,,,,,,,,,,,,,,,,,,,,,,,,,,,,,,,,,,,,,,,,,,,,,3.7798108694487134,6.904761904761905,8.29149002671741,4.200899580374661,0.7179762143214398,0.0,5.794240595325673,6.246194803546036
Can Keles,kocaelispor,MF,0.0,0.23,0.23,FW,True,False,Kocaelispor,,Merkez Orta Saha,Merkez Orta Saha,,MID,0.0,,0.0,50.0,50.0,0.0,1.2739233961774992,0.2198954637378823,0.2369922239072532,2.2341577256027865,1.6860303388108262,0.5834547459142635,3.802134135707431,8.667274854121318,,,89.14603468984694,70.0,2.5,60.0,0.0,1.5,0.0,0.2369922239072532,Süper Lig,0.0,,,,,,,,,,,,,,,,,,,,,,,,,,,,,,,,,,,,,,,,,,,,,,,,,,,,,,,,,,,,,,,,,,,,,,,,,,,,,,,,,,,,,,,,,,,,,,,,,,,,,,,,,,,,,,,,,,,,,,,,,,,,,,,,,,,,,,,,,,,,,,,,,,,,,,,,,,,,,,,,,,,,,,,,,,,,,,,,,,,,,,,,,,,,,,,,,,,,,,,,,,,,,,,,,,,,,,,,,,,,,,,,,,,,,,,,,,,,,,,,,,,,,,,,,,,,,,,,,,,,,,,,,2.0,6.904761904761905,7.714938895452429,4.991989121502897,1.6832670388802817,0.0,5.402922480429307,6.353464008477663
Oleksandr Syrota,kocaelispor,DF,0.0,0.0,0.0,DF,False,True,Kocaelispor,Stoper,Pas Dağıtan Stoper (Sıkı Defans),Pas Dağıtan Stoper,Sıkı Defans,CB,2.384177347324919,0.9563154164121064,8.25992161595007,56.41410141135833,70.87091126240236,0.0,0.0,,,0.0,0.0,0.0,6.8003713577826455,0.0,,,89.14603468984694,70.0,2.5,60.0,0.0,1.5,0.0,0.0,Süper Lig,0.0,,,,,,,,,,,,,,,,,,,,,,,,,,,,,,,,,,,,,,,,,,,,,,,,,,,,,,,,,,,,,,,,,,,,,,,,,,,,,,,,,,,,,,,,,,,,,,,,,,,,,,,,,,,,,,,,,,,,,,,,,,,,,,,,,,,,,,,,,,,,,,,,,,,,,,,,,,,,,,,,,,,,,,,,,,,,,,,,,,,,,,,,,,,,,,,,,,,,,,,,,,,,,,,,,,,,,,,,,,,,,,,,,,,,,,,,,,,,,,,,,,,,,,,,,,,,,,,,,,,,,,,,,6.119268753177706,8.75430608973337,9.214057506490036,0.0,0.0,0.0,7.7922414384624386,4.607028753245018
Aaron Appindangoyé,kocaelispor,DF,0.0,0.0,0.0,DF,False,True,Kocaelispor,,Merkez Orta Saha,Merkez Orta Saha,,MID,0.0,,0.0,50.0,50.0,0.0,1.4108227184341795,0.2176446062615017,0.2120227373084416,3.328835369196396,2.9030910666150613,0.8725643905547003,5.918691255376182,5.804409067499218,,,78.18728507646034,70.0,2.5,60.0,0.0,1.5,0.0,0.2120227373084416,Süper Lig,0.0,,,,,,,,,,,,,,,,,,,,,,,,,,,,,,,,,,,,,,,,,,,,,,,,,,,,,,,,,,,,,,,,,,,,,,,,,,,,,,,,,,,,,,,,,,,,,,,,,,,,,,,,,,,,,,,,,,,,,,,,,,,,,,,,,,,,,,,,,,,,,,,,,,,,,,,,,,,,,,,,,,,,,,,,,,,,,,,,,,,,,,,,,,,,,,,,,,,,,,,,,,,,,,,,,,,,,,,,,,,,,,,,,,,,,,,,,,,,,,,,,,,,,,,,,,,,,,,,,,,,,,,,,1.4511022668748046,6.904761904761905,8.0585163935442,4.783484993643807,2.291450003902278,0.0,5.299466389706179,6.421000693594004
Ryan Mendes,kocaelispor,FW,0.0,0.0,0.0,FW,True,False,Kocaelispor,Sol Kanat,Kanat Oyuncusu (Hücum),Kanat Oyuncusu,Hücum,WING,0.0,,0.0,50.0,50.0,5.205502961038196,2.4520617175282124,0.2459098104948692,0.0806836791941915,4.0160387806662605,0.0,0.0,0.0,0.0,,,75.0,70.0,2.5,60.0,0.0,1.5,0.0,0.0806836791941915,Süper Lig,0.0,,,,,,,,,,,,,,,,,,,,,,,,,,,,,,,,,,,,,,,,,,,,,,,,,,,,,,,,,,,,,,,,,,,,,,,,,,,,,,,,,,,,,,,,,,,,,,,,,,,,,,,,,,,,,,,,,,,,,,,,,,,,,,,,,,,,,,,,,,,,,,,,,,,,,,,,,,,,,,,,,,,,,,,,,,,,,,,,,,,,,,,,,,,,,,,,,,,,,,,,,,,,,,,,,,,,,,,,,,,,,,,,,,,,,,,,,,,,,,,,,,,,,,,,,,,,,,,,,,,,,,,,,0.0,6.904761904761905,4.891304347826086,2.322734716776766,3.089805207790317,0.0,3.1644726810820556,3.6070195323014262
Dan Agyei,kocaelispor,MF,0.0,0.0,0.0,MF,True,True,Kocaelispor,Santrafor,Yaratıcı Forvet,Yaratıcı Forvet,,FWD,0.0,,0.0,50.0,50.0,0.0,4.6893127695543,,,0.0,0.0,0.0,0.0,0.0,6.510385252489348,0.2524195665261111,75.0,70.0,2.5,60.0,0.0,1.5,0.2524195665261111,0.0,Süper Lig,0.0,,,,,,,,,,,,,,,,,,,,,,,,,,,,,,,,,,,,,,,,,,,,,,,,,,,,,,,,,,,,,,,,,,,,,,,,,,,,,,,,,,,,,,,,,,,,,,,,,,,,,,,,,,,,,,,,,,,,,,,,,,,,,,,,,,,,,,,,,,,,,,,,,,,,,,,,,,,,,,,,,,,,,,,,,,,,,,,,,,,,,,,,,,,,,,,,,,,,,,,,,,,,,,,,,,,,,,,,,,,,,,,,,,,,,,,,,,,,,,,,,,,,,,,,,,,,,,,,,,,,,,,,,0.0,6.904761904761905,4.891304347826086,0.0,2.788811145394097,0.0,3.74471525866503,2.445652173913043
Muharrem Cinan,kocaelispor,DF,0.0,0.0,0.0,DF,False,True,Kocaelispor,Sol Bek,Standart Bek (Destek),Standart Bek,Destek,FB,1.159461611894126,,0.0,43.859067881855054,50.0,2.007196235627811,0.0,,,0.0,0.0,0.0,0.0,0.0,,,81.52353844113092,70.0,2.5,60.0,0.0,1.5,0.0,0.0,Süper Lig,0.0,,,,,,,,,,,,,,,,,,,,,,,,,,,,,,,,,,,,,,,,,,,,,,,,,,,,,,,,,,,,,,,,,,,,,,,,,,,,,,,,,,,,,,,,,,,,,,,,,,,,,,,,,,,,,,,,,,,,,,,,,,,,,,,,,,,,,,,,,,,,,,,,,,,,,,,,,,,,,,,,,,,,,,,,,,,,,,,,,,,,,,,,,,,,,,,,,,,,,,,,,,,,,,,,,,,,,,,,,,,,,,,,,,,,,,,,,,,,,,,,,,,,,,,,,,,,,,,,,,,,,,,,,1.0306325439058899,6.46612389632298,5.316752507030278,0.8028784942511246,0.0,0.0,1.8277098110093795,3.0598155006407013
Serdar Dursun,kocaelispor,FW,0.31,0.0,0.31,FW,True,False,Kocaelispor,Santrafor,Pivot Santrafor (Hücum),Pivot Santrafor,Hücum,FWD,0.0,,0.0,50.0,50.0,0.0,2.064801589357869,,,0.0,0.0,0.0,0.0,3.549877991509616,4.799259544819773,0.7051002608386008,75.0,70.0,2.5,60.0,0.0,1.5,0.7051002608386008,0.0,Süper Lig,0.0,,,,,,,,,,,,,,,,,,,,,,,,,,,,,,,,,,,,,,,,,,,,,,,,,,,,,,,,,,,,,,,,,,,,,,,,,,,,,,,,,,,,,,,,,,,,,,,,,,,,,,,,,,,,,,,,,,,,,,,,,,,,,,,,,,,,,,,,,,,,,,,,,,,,,,,,,,,,,,,,,,,,,,,,,,,,,,,,,,,,,,,,,,,,,,,,,,,,,,,,,,,,,,,,,,,,,,,,,,,,,,,,,,,,,,,,,,,,,,,,,,,,,,,,,,,,,,,,,,,,,,,,,0.887469497877404,6.904761904761905,4.891304347826086,0.0,4.326683465946347,0.0,4.66743865099638,2.445652173913043
Rigoberto Rivas,kocaelispor,MF,0.0,0.4,0.4,MF,True,True,Kocaelispor,Sağ Kanat,Çalışkan Kanat Oyuncusu (Hücum),Çalışkan Kanat Oyuncusu,Hücum,WING,0.0,,0.0,50.0,50.0,3.58565138225274,2.542286327653779,0.0541838147178763,0.2859979391417964,4.517920861271849,0.0,0.0,0.0,0.0,,,75.0,70.0,2.5,60.0,0.0,1.5,0.0,0.2859979391417964,Süper Lig,0.0,,,,,,,,,,,,,,,,,,,,,,,,,,,,,,,,,,,,,,,,,,,,,,,,,,,,,,,,,,,,,,,,,,,,,,,,,,,,,,,,,,,,,,,,,,,,,,,,,,,,,,,,,,,,,,,,,,,,,,,,,,,,,,,,,,,,,,,,,,,,,,,,,,,,,,,,,,,,,,,,,,,,,,,,,,,,,,,,,,,,,,,,,,,,,,,,,,,,,,,,,,,,,,,,,,,,,,,,,,,,,,,,,,,,,,,,,,,,,,,,,,,,,,,,,,,,,,,,,,,,,,,,,0.0,6.904761904761905,4.891304347826086,4.178252309468283,3.129905034512791,0.0,3.9267296315198994,4.534778328647184
Darko Churlinov,kocaelispor,FW,0.0,0.0,0.0,MF,True,True,Kocaelispor,Sol Kanat,Kanat Oyuncusu (Hücum),Kanat Oyuncusu,Hücum,WING,0.0,,0.0,50.0,50.0,6.297792144276628,1.925404844468452,0.0925900855061192,0.3420414376440454,4.517920861271849,0.0,0.0,0.0,0.0,,,75.0,70.0,2.5,60.0,0.0,1.5,0.0,0.3420414376440454,Süper Lig,0.0,,,,,,,,,,,,,,,,,,,,,,,,,,,,,,,,,,,,,,,,,,,,,,,,,,,,,,,,,,,,,,,,,,,,,,,,,,,,,,,,,,,,,,,,,,,,,,,,,,,,,,,,,,,,,,,,,,,,,,,,,,,,,,,,,,,,,,,,,,,,,,,,,,,,,,,,,,,,,,,,,,,,,,,,,,,,,,,,,,,,,,,,,,,,,,,,,,,,,,,,,,,,,,,,,,,,,,,,,,,,,,,,,,,,,,,,,,,,,,,,,,,,,,,,,,,,,,,,,,,,,,,,,0.0,6.904761904761905,4.891304347826086,3.368165750576182,2.855735486430423,0.0,3.465610233921875,4.129735049201134
Samet Yalçın,kocaelispor,MF,0.0,0.0,0.0,MF,True,True,Kocaelispor,,Merkez Orta Saha,Merkez Orta Saha,,MID,0.0,,0.0,50.0,50.0,0.0,0.5420451568519457,0.0596990528453848,0.127607804869139,0.926837998108643,1.6662276120799615,0.8216097244897469,4.8309034561253545,6.680468335264246,,,86.59259967890573,70.0,2.5,60.0,0.0,1.5,0.0,0.127607804869139,Süper Lig,0.0,,,,,,,,,,,,,,,,,,,,,,,,,,,,,,,,,,,,,,,,,,,,,,,,,,,,,,,,,,,,,,,,,,,,,,,,,,,,,,,,,,,,,,,,,,,,,,,,,,,,,,,,,,,,,,,,,,,,,,,,,,,,,,,,,,,,,,,,,,,,,,,,,,,,,,,,,,,,,,,,,,,,,,,,,,,,,,,,,,,,,,,,,,,,,,,,,,,,,,,,,,,,,,,,,,,,,,,,,,,,,,,,,,,,,,,,,,,,,,,,,,,,,,,,,,,,,,,,,,,,,,,,,1.6701170838160617,6.904761904761905,8.062795185382615,3.621249627529864,0.7043279576551863,0.0,5.064730950372612,5.842022406456239
Oğulcan Çağlayan,kocaelispor,FW,0.0,0.0,0.0,FW,True,False,Kocaelispor,Santrafor,Çalışkan Forvet (Destek),Çalışkan Forvet,Destek,FWD,1.720336515542645,,0.0,50.0,50.0,0.0,4.6893127695543,,,0.0,0.0,0.0,0.0,3.1135117261813545,1.6206046891629002,0.541118685441298,75.0,70.0,2.5,60.0,0.0,1.5,0.541118685441298,0.0,Süper Lig,0.0,,,,,,,,,,,,,,,,,,,,,,,,,,,,,,,,,,,,,,,,,,,,,,,,,,,,,,,,,,,,,,,,,,,,,,,,,,,,,,,,,,,,,,,,,,,,,,,,,,,,,,,,,,,,,,,,,,,,,,,,,,,,,,,,,,,,,,,,,,,,,,,,,,,,,,,,,,,,,,,,,,,,,,,,,,,,,,,,,,,,,,,,,,,,,,,,,,,,,,,,,,,,,,,,,,,,,,,,,,,,,,,,,,,,,,,,,,,,,,,,,,,,,,,,,,,,,,,,,,,,,,,,,2.3075659453610236,6.904761904761905,4.891304347826086,0.0,3.6909958920040564,0.0,4.286026106631006,2.445652173913043
Tarkan Serbest,kocaelispor,MF,0.0,0.0,0.0,MF,True,True,Kocaelispor,Ön Libero,Gizli Libero,Gizli Libero,,DM,0.0,,0.0,50.0,50.0,0.0,0.945607738364572,0.112809836045247,0.0762623939892465,1.1296967678270724,1.965009968978646,0.9062094920554588,3.5638899460517703,4.002203676552451,,,86.47495395066315,70.0,2.5,60.0,0.0,1.5,0.0,0.0762623939892465,Süper Lig,0.0,,,,,,,,,,,,,,,,,,,,,,,,,,,,,,,,,,,,,,,,,,,,,,,,,,,,,,,,,,,,,,,,,,,,,,,,,,,,,,,,,,,,,,,,,,,,,,,,,,,,,,,,,,,,,,,,,,,,,,,,,,,,,,,,,,,,,,,,,,,,,,,,,,,,,,,,,,,,,,,,,,,,,,,,,,,,,,,,,,,,,,,,,,,,,,,,,,,,,,,,,,,,,,,,,,,,,,,,,,,,,,,,,,,,,,,,,,,,,,,,,,,,,,,,,,,,,,,,,,,,,,,,,1.0005509191381128,6.904761904761905,7.421615882851742,3.61505622194275,0.985118489853346,0.0,4.698133703939339,5.518336052397246
Mateusz Wieteska,kocaelispor,DF,0.0,0.0,0.0,DF,False,True,Kocaelispor,,Merkez Orta Saha,Merkez Orta Saha,,MID,0.0,,0.0,50.0,50.0,0.0,1.996608628556484,0.2459098104948692,0.3420414376440454,2.020937376365276,3.544126268804452,0.8713396554198296,5.271710027463598,8.667274854121318,,,85.47227449139757,70.0,2.5,60.0,0.0,1.5,0.0,0.3420414376440454,Süper Lig,0.0,,,,,,,,,,,,,,,,,,,,,,,,,,,,,,,,,,,,,,,,,,,,,,,,,,,,,,,,,,,,,,,,,,,,,,,,,,,,,,,,,,,,,,,,,,,,,,,,,,,,,,,,,,,,,,,,,,,,,,,,,,,,,,,,,,,,,,,,,,,,,,,,,,,,,,,,,,,,,,,,,,,,,,,,,,,,,,,,,,,,,,,,,,,,,,,,,,,,,,,,,,,,,,,,,,,,,,,,,,,,,,,,,,,,,,,,,,,,,,,,,,,,,,,,,,,,,,,,,,,,,,,,,2.0,6.904761904761905,8.210133784909901,5.368165750576182,1.8978503008744085,0.0,5.620765360061997,6.789149767743042
Mesut Can Tunalı,kocaelispor,MF,0.0,0.0,0.0,MF,True,True,Kocaelispor,,Merkez Orta Saha,Merkez Orta Saha,,MID,0.0,,0.0,50.0,50.0,0.0,0.6879303820308981,0.1930031190774976,0.1589005674186402,3.321462547325344,3.1865843268098404,0.5937894436142686,3.160090901544053,4.390030208300661,,,89.14603468984694,70.0,2.5,60.0,0.0,1.5,0.0,0.1589005674186402,Süper Lig,0.0,,,,,,,,,,,,,,,,,,,,,,,,,,,,,,,,,,,,,,,,,,,,,,,,,,,,,,,,,,,,,,,,,,,,,,,,,,,,,,,,,,,,,,,,,,,,,,,,,,,,,,,,,,,,,,,,,,,,,,,,,,,,,,,,,,,,,,,,,,,,,,,,,,,,,,,,,,,,,,,,,,,,,,,,,,,,,,,,,,,,,,,,,,,,,,,,,,,,,,,,,,,,,,,,,,,,,,,,,,,,,,,,,,,,,,,,,,,,,,,,,,,,,,,,,,,,,,,,,,,,,,,,,1.0975075520751651,6.904761904761905,7.39391727837074,4.635602269674561,1.9664781101208493,0.0,5.0079472512205925,6.01475977402265
Furkan Gedik,kocaelispor,MF,0.0,0.0,0.0,MF,True,True,Kocaelispor,,Merkez Orta Saha,Merkez Orta Saha,,MID,0.0,,0.0,50.0,50.0,0.0,1.5241512760504428,0.0140238381945519,0.2408959825230829,1.6536214834372265,1.286197831939632,1.1884107748952304,2.0719072303604253,8.656390644810754,,,81.7425532291647,70.0,2.5,60.0,0.0,1.5,0.0,0.2408959825230829,Süper Lig,0.0,,,,,,,,,,,,,,,,,,,,,,,,,,,,,,,,,,,,,,,,,,,,,,,,,,,,,,,,,,,,,,,,,,,,,,,,,,,,,,,,,,,,,,,,,,,,,,,,,,,,,,,,,,,,,,,,,,,,,,,,,,,,,,,,,,,,,,,,,,,,,,,,,,,,,,,,,,,,,,,,,,,,,,,,,,,,,,,,,,,,,,,,,,,,,,,,,,,,,,,,,,,,,,,,,,,,,,,,,,,,,,,,,,,,,,,,,,,,,,,,,,,,,,,,,,,,,,,,,,,,,,,,,2.0,6.904761904761905,6.366989695343128,3.82104915138542,1.5042113088521436,0.0,4.773200187872614,5.094019423364275
Cihat Çelik,kocaelispor,MF,0.0,0.0,0.0,MF,True,True,Kocaelispor,,Merkez Orta Saha,Merkez Orta Saha,,MID,0.0,,0.0,50.0,50.0,0.0,0.8519239312361988,0.016301147815123,0.0491935386524262,2.16953398345866,2.286106062959301,1.5991002121792477,5.821766932182137,6.897879893954211,,,82.07966236551897,70.0,2.5,60.0,0.0,1.5,0.0,0.0491935386524262,Süper Lig,0.0,,,,,,,,,,,,,,,,,,,,,,,,,,,,,,,,,,,,,,,,,,,,,,,,,,,,,,,,,,,,,,,,,,,,,,,,,,,,,,,,,,,,,,,,,,,,,,,,,,,,,,,,,,,,,,,,,,,,,,,,,,,,,,,,,,,,,,,,,,,,,,,,,,,,,,,,,,,,,,,,,,,,,,,,,,,,,,,,,,,,,,,,,,,,,,,,,,,,,,,,,,,,,,,,,,,,,,,,,,,,,,,,,,,,,,,,,,,,,,,,,,,,,,,,,,,,,,,,,,,,,,,,,1.7244699734885527,6.904761904761905,8.263904924711872,3.720844863249239,1.4633998500565295,0.0,5.153495416552892,5.992374893980555
Gökhan Değirmenci,kocaelispor,GK,0.0,0.0,0.0,GK,False,False,Kocaelispor,Kaleci,Kaleci (Savunma),Kaleci,Savunma,GK,0.0,,0.0,50.0,50.0,0.0,0.0,,,0.0,0.0,0.0,0.0,0.0,,,75.0,58.9934756431672,4.486212527455788,60.61055353690677,0.7657458223475115,1.5163465427634235,0.0,0.0,Süper Lig,0.0,,,,,,,,,,,,,,,,,,,,,,,,,,,,,,,,,,,,,,,,,,,,,,,,,,,,,,,,,,,,,,,,,,,,,,,,,,,,,,,,,,,,,,,,,,,,,,,,,,,,,,,,,,,,,,,,,,,,,,,,,,,,,,,,,,,,,,,,,,,,,,,,,,,,,,,,,,,,,,,,,,,,,,,,,,,,,,,,,,,,,,,,,,,,,,,,,,,,,,,,,,,,,,,,,,,,,,,,,,,,,,,,,,,,,,,,,,,,,,,,,,,,,,,,,,,,,,,,,,,,,,,,,0.0,6.904761904761905,4.891304347826086,0.0,0.0,5.568015514467674,5.568015514467674,2.445652173913043
Ege Bilim,kocaelispor,NAN,0.0,0.0,0.0,NAN,False,False,Kocaelispor,,Merkez Orta Saha,Merkez Orta Saha,,MID,0.0,,0.0,50.0,50.0,0.0,0.5420451568519457,0.1159828442030831,0.1699563948807892,0.926837998108643,1.1272268465434114,1.4100975870761547,5.118715424320046,6.6464207692731545,,,78.94727283535866,70.0,2.5,60.0,0.0,1.5,0.0,0.1699563948807892,Süper Lig,0.0,,,,,,,,,,,,,,,,,,,,,,,,,,,,,,,,,,,,,,,,,,,,,,,,,,,,,,,,,,,,,,,,,,,,,,,,,,,,,,,,,,,,,,,,,,,,,,,,,,,,,,,,,,,,,,,,,,,,,,,,,,,,,,,,,,,,,,,,,,,,,,,,,,,,,,,,,,,,,,,,,,,,,,,,,,,,,,,,,,,,,,,,,,,,,,,,,,,,,,,,,,,,,,,,,,,,,,,,,,,,,,,,,,,,,,,,,,,,,,,,,,,,,,,,,,,,,,,,,,,,,,,,,1.6616051923182886,6.904761904761905,7.708092897074717,3.431310143885431,0.7043279576551863,0.0,4.926442534510086,5.569701520480074
Bünyamin Dalkılıç,kocaelispor,FW,0.0,0.0,0.0,FW,True,False,Kocaelispor,,Merkez Orta Saha,Merkez Orta Saha,,MID,0.0,,0.0,50.0,50.0,0.0,0.9065230609590372,0.22730505146539,0.0166754062591058,1.20052664259764,2.442670439809027,1.5093075028971197,5.8115131225048,6.076131066099052,,,83.31357763852485,70.0,2.5,60.0,0.0,1.5,0.0,0.0166754062591058,Süper Lig,0.0,,,,,,,,,,,,,,,,,,,,,,,,,,,,,,,,,,,,,,,,,,,,,,,,,,,,,,,,,,,,,,,,,,,,,,,,,,,,,,,,,,,,,,,,,,,,,,,,,,,,,,,,,,,,,,,,,,,,,,,,,,,,,,,,,,,,,,,,,,,,,,,,,,,,,,,,,,,,,,,,,,,,,,,,,,,,,,,,,,,,,,,,,,,,,,,,,,,,,,,,,,,,,,,,,,,,,,,,,,,,,,,,,,,,,,,,,,,,,,,,,,,,,,,,,,,,,,,,,,,,,,,,,1.519032766524763,6.904761904761905,8.339250755069239,3.6951485849091084,1.0031624595028366,0.0,5.114548502816254,6.017199669989173
Onur Öztonga,kocaelispor,DF,0.0,0.0,0.0,DF,False,True,Kocaelispor,,Merkez Orta Saha,Merkez Orta Saha,,MID,0.0,,0.0,50.0,50.0,0.0,2.4493348853111128,0.1346754494881785,0.1769092912686574,3.463901331988887,2.9873020351032045,0.6217237678043588,2.194690083438328,4.384018870306552,,,81.13258231481818,70.0,2.5,60.0,0.0,1.5,0.0,0.1769092912686574,Süper Lig,0.0,,,,,,,,,,,,,,,,,,,,,,,,,,,,,,,,,,,,,,,,,,,,,,,,,,,,,,,,,,,,,,,,,,,,,,,,,,,,,,,,,,,,,,,,,,,,,,,,,,,,,,,,,,,,,,,,,,,,,,,,,,,,,,,,,,,,,,,,,,,,,,,,,,,,,,,,,,,,,,,,,,,,,,,,,,,,,,,,,,,,,,,,,,,,,,,,,,,,,,,,,,,,,,,,,,,,,,,,,,,,,,,,,,,,,,,,,,,,,,,,,,,,,,,,,,,,,,,,,,,,,,,,,1.096004717576638,6.904761904761905,6.388600410076871,4.699171855143432,2.8205439483549384,0.0,4.772134721889712,5.543886132610152
Ahmet Sagat,kocaelispor,FW,0.0,0.0,0.0,FW,True,False,Kocaelispor,,Merkez Orta Saha,Merkez Orta Saha,,MID,0.0,,0.0,50.0,50.0,0.0,2.0832279349542784,0.1244531270085725,0.3374060924911958,3.405820480377323,1.3555078707944546,1.9272360652651808,6.185598139153261,4.05916819203305,,,82.12064042613173,70.0,2.5,60.0,0.0,1.5,0.0,0.3374060924911958,Süper Lig,0.0,,,,,,,,,,,,,,,,,,,,,,,,,,,,,,,,,,,,,,,,,,,,,,,,,,,,,,,,,,,,,,,,,,,,,,,,,,,,,,,,,,,,,,,,,,,,,,,,,,,,,,,,,,,,,,,,,,,,,,,,,,,,,,,,,,,,,,,,,,,,,,,,,,,,,,,,,,,,,,,,,,,,,,,,,,,,,,,,,,,,,,,,,,,,,,,,,,,,,,,,,,,,,,,,,,,,,,,,,,,,,,,,,,,,,,,,,,,,,,,,,,,,,,,,,,,,,,,,,,,,,,,,,1.0147920480082624,6.904761904761905,8.448493010411308,4.253296283827753,2.6287893223905634,0.0,5.155335811752307,6.350894647119531
Umut Nayir,Konyaspor,FW,0.525,0.09,0.6179999999999995,FW,True,False,Konyaspor,Santrafor,Pivot Santrafor (Destek),Pivot Santrafor,Destek,FWD,0.0,,0.0,50.0,50.0,0.0,2.160555436341466,,,0.0,0.0,0.0,0.0,3.1135117261813545,7.794377538793052,0.6385161621824176,75.0,70.0,2.5,60.0,0.0,1.5,0.6385161621824176,0.09,Süper Lig,0.0,,,,,,,,,,,,,,,,,,,,,,,,,,,,,,,,,,,,,,,,,,,,,,,,,,,,,,,,,,,,,,,,,,,,,,,,,,,,,,,,,,,,,,,,,,,,,,,,,,,,,,,,,,,,,,,,,,,,,,,,,,,,,,,,,,,,,,,,,,,,,,,,,,,,,,,,,,,,,,,,,,,,,,,,,,,,,,,,,,,,,,,,,,,,,,,,,,,,,,,,,,,,,,,,,,,,,,,,,,,,,,,,,,,,,,,,,,,,,,,,,,,,,,,,,,,,,,,,,,,,,,,,,0.7783779315453387,6.904761904761905,4.891304347826086,0.72,4.997276534082929,0.0,5.141794491878329,2.805652173913043
Guilherme Sityá,Konyaspor,MF,0.0,0.09,0.09,DF,False,True,Konyaspor,,Merkez Orta Saha,Merkez Orta Saha,,MID,0.0,,0.0,50.0,50.0,0.0,2.41511095307417,0.0263684249891576,0.13447234954503,0.926837998108643,1.866654816727497,1.7577377507645373,5.097631000181517,4.322917254421052,,,88.01486148306753,70.0,2.5,60.0,0.0,1.5,0.0,0.13447234954503,Süper Lig,0.0,,,,,,,,,,,,,,,,,,,,,,,,,,,,,,,,,,,,,,,,,,,,,,,,,,,,,,,,,,,,,,,,,,,,,,,,,,,,,,,,,,,,,,,,,,,,,,,,,,,,,,,,,,,,,,,,,,,,,,,,,,,,,,,,,,,,,,,,,,,,,,,,,,,,,,,,,,,,,,,,,,,,,,,,,,,,,,,,,,,,,,,,,,,,,,,,,,,,,,,,,,,,,,,,,,,,,,,,,,,,,,,,,,,,,,,,,,,,,,,,,,,,,,,,,,,,,,,,,,,,,,,,,1.080729313605263,6.904761904761905,8.288915162029946,4.142325942665118,1.536801644865064,0.0,5.104183080765559,6.2156205523475325
Yhoan Andzouana,Konyaspor,MF,0.09,0.28,0.37,DF,False,True,Konyaspor,Sağ Bek,Standart Bek (Destek),Standart Bek,Destek,FB,1.356745498702455,,0.0,52.02850254637043,50.0,2.3827839740156778,0.0,,,0.0,0.0,0.0,0.0,0.0,,,86.87797862977865,70.0,2.5,60.0,0.0,1.5,0.09,0.28,Süper Lig,0.0,,,,,,,,,,,,,,,,,,,,,,,,,,,,,,,,,,,,,,,,,,,,,,,,,,,,,,,,,,,,,,,,,,,,,,,,,,,,,,,,,,,,,,,,,,,,,,,,,,,,,,,,,,,,,,,,,,,,,,,,,,,,,,,,,,,,,,,,,,,,,,,,,,,,,,,,,,,,,,,,,,,,,,,,,,,,,,,,,,,,,,,,,,,,,,,,,,,,,,,,,,,,,,,,,,,,,,,,,,,,,,,,,,,,,,,,,,,,,,,,,,,,,,,,,,,,,,,,,,,,,,,,,1.205995998846627,7.049654943788363,5.665955128029042,3.1931135896062712,0.6312499999999999,0.0,2.802171858600799,4.429534358817657
Melih Ibrahimoglu,Konyaspor,MF,0.0,0.11,0.11,MF,True,True,Konyaspor,,Merkez Orta Saha,Merkez Orta Saha,,MID,0.0,,0.0,50.0,50.0,0.0,1.4244934922453614,0.1641950261810735,0.0166754062591058,3.3698918206427457,2.1935098765064707,1.707635477743494,4.816976753563201,4.118629572865527,,,89.14603468984694,70.0,2.5,60.0,0.0,1.5,0.0,0.0166754062591058,Süper Lig,0.0,,,,,,,,,,,,,,,,,,,,,,,,,,,,,,,,,,,,,,,,,,,,,,,,,,,,,,,,,,,,,,,,,,,,,,,,,,,,,,,,,,,,,,,,,,,,,,,,,,,,,,,,,,,,,,,,,,,,,,,,,,,,,,,,,,,,,,,,,,,,,,,,,,,,,,,,,,,,,,,,,,,,,,,,,,,,,,,,,,,,,,,,,,,,,,,,,,,,,,,,,,,,,,,,,,,,,,,,,,,,,,,,,,,,,,,,,,,,,,,,,,,,,,,,,,,,,,,,,,,,,,,,,1.0296573932163817,6.904761904761905,8.222360204380314,3.9690415427074033,2.318054129097089,0.0,5.031455261266501,6.0957008735438585
Adil Demirbağ,Konyaspor,DF,0.1,0.2,0.3,DF,False,True,Konyaspor,Stoper,Standart Stoper (Savunma),Standart Stoper,Savunma,CB,2.286195449333521,1.2516679241559197,6.239471175567543,50.45554564128874,72.5712358831304,0.0,0.0,,,0.0,0.0,0.0,3.6057973845683806,0.0,,,78.18728507646034,70.0,2.5,60.0,0.0,1.5,0.1,0.2,Süper Lig,0.0,,,,,,,,,,,,,,,,,,,,,,,,,,,,,,,,,,,,,,,,,,,,,,,,,,,,,,,,,,,,,,,,,,,,,,,,,,,,,,,,,,,,,,,,,,,,,,,,,,,,,,,,,,,,,,,,,,,,,,,,,,,,,,,,,,,,,,,,,,,,,,,,,,,,,,,,,,,,,,,,,,,,,,,,,,,,,,,,,,,,,,,,,,,,,,,,,,,,,,,,,,,,,,,,,,,,,,,,,,,,,,,,,,,,,,,,,,,,,,,,,,,,,,,,,,,,,,,,,,,,,,,,,6.032173732740907,8.442049938015032,6.9020694581403,1.6000000000000003,0.7013888888888888,0.0,7.170103359930436,4.25103472907015
Alassane Ndao,Konyaspor,FW,0.25,0.37,0.6179999999999995,MF,True,True,Konyaspor,Sağ Kanat,Kanat Oyuncusu (Hücum),Kanat Oyuncusu,Hücum,WING,0.0,,0.0,50.0,50.0,3.770006827750778,2.719126601857047,0.2459098104948692,0.3420414376440454,4.517920861271849,0.0,0.0,0.0,0.0,,,75.0,70.0,2.5,60.0,0.0,1.5,0.25,0.3420414376440454,Süper Lig,0.0,,,,,,,,,,,,,,,,,,,,,,,,,,,,,,,,,,,,,,,,,,,,,,,,,,,,,,,,,,,,,,,,,,,,,,,,,,,,,,,,,,,,,,,,,,,,,,,,,,,,,,,,,,,,,,,,,,,,,,,,,,,,,,,,,,,,,,,,,,,,,,,,,,,,,,,,,,,,,,,,,,,,,,,,,,,,,,,,,,,,,,,,,,,,,,,,,,,,,,,,,,,,,,,,,,,,,,,,,,,,,,,,,,,,,,,,,,,,,,,,,,,,,,,,,,,,,,,,,,,,,,,,,0.0,6.904761904761905,4.891304347826086,4.356168481676494,4.961972934158688,0.0,4.913930050226132,4.62373641475129
Enis Bardhi,Konyaspor,MF,0.35,0.0,0.35,MF,True,True,Konyaspor,On Numara,Ofansif Orta Saha (Hücum),Ofansif Orta Saha,Hücum,AM,0.0,,0.0,50.0,50.0,0.0,0.6304460172227574,0.2055257901500563,0.0166754062591058,2.525623832101851,3.758593073968149,1.7344757075626511,5.123070240572658,7.67750684140052,,,80.22879686406223,70.0,2.5,60.0,0.0,1.5,0.35,0.0166754062591058,Süper Lig,0.0,,,,,,,,,,,,,,,,,,,,,,,,,,,,,,,,,,,,,,,,,,,,,,,,,,,,,,,,,,,,,,,,,,,,,,,,,,,,,,,,,,,,,,,,,,,,,,,,,,,,,,,,,,,,,,,,,,,,,,,,,,,,,,,,,,,,,,,,,,,,,,,,,,,,,,,,,,,,,,,,,,,,,,,,,,,,,,,,,,,,,,,,,,,,,,,,,,,,,,,,,,,,,,,,,,,,,,,,,,,,,,,,,,,,,,,,,,,,,,,,,,,,,,,,,,,,,,,,,,,,,,,,,1.9193767103501302,6.904761904761905,7.793847959246909,4.066701625036424,3.9978712570388177,0.0,4.791481781479239,5.930274792141667
Deniz Ertaş,Konyaspor,GK,0.0,0.12,0.12,GK,False,False,Konyaspor,Kaleci,Kaleci (Savunma),Kaleci,Savunma,GK,0.0,,0.0,50.0,50.0,0.0,0.0,,,0.0,0.0,0.0,0.0,0.0,,,75.0,65.28468876827223,3.070259980080768,62.15782853986609,0.3939217592124532,0.5602878686370939,0.0,0.12,Süper Lig,0.0,,,,,,,,,,,,,,,,,,,,,,,,,,,,,,,,,,,,,,,,,,,,,,,,,,,,,,,,,,,,,,,,,,,,,,,,,,,,,,,,,,,,,,,,,,,,,,,,,,,,,,,,,,,,,,,,,,,,,,,,,,,,,,,,,,,,,,,,,,,,,,,,,,,,,,,,,,,,,,,,,,,,,,,,,,,,,,,,,,,,,,,,,,,,,,,,,,,,,,,,,,,,,,,,,,,,,,,,,,,,,,,,,,,,,,,,,,,,,,,,,,,,,,,,,,,,,,,,,,,,,,,,,0.0,6.904761904761905,4.891304347826086,0.96,0.0,7.32850821768152,7.32850821768152,2.925652173913043
Jackson Muleka,Konyaspor,FW,0.14,0.14,0.28,MF,True,True,Konyaspor,Sol Kanat,Çalışkan Forvet (Destek),Çalışkan Forvet,Destek,WING,0.0,,0.0,50.0,50.0,6.043422280410958,1.975633588828634,0.2459098104948692,0.0769499523468868,3.867289725663526,0.0,0.0,0.0,0.0,,,75.0,70.0,2.5,60.0,0.0,1.5,0.14,0.0769499523468868,Süper Lig,0.0,,,,,,,,,,,,,,,,,,,,,,,,,,,,,,,,,,,,,,,,,,,,,,,,,,,,,,,,,,,,,,,,,,,,,,,,,,,,,,,,,,,,,,,,,,,,,,,,,,,,,,,,,,,,,,,,,,,,,,,,,,,,,,,,,,,,,,,,,,,,,,,,,,,,,,,,,,,,,,,,,,,,,,,,,,,,,,,,,,,,,,,,,,,,,,,,,,,,,,,,,,,,,,,,,,,,,,,,,,,,,,,,,,,,,,,,,,,,,,,,,,,,,,,,,,,,,,,,,,,,,,,,,0.0,6.904761904761905,4.891304347826086,2.8677998093875474,3.793648680088934,0.0,3.7344204542756767,3.8795520786068165
Riechedly Bazoer,Konyaspor,DF,0.0,0.0,0.0,DF,False,True,Konyaspor,Stoper,Pas Dağıtan Stoper (Savunma),Pas Dağıtan Stoper,Savunma,CB,2.7005783137883705,0.7223464462295565,5.420897197274382,62.1580244845112,73.48561870972927,0.0,0.0,,,0.0,0.0,0.0,5.440873712669158,0.0,,,85.68753968315447,70.0,2.5,60.0,0.0,1.5,0.0,0.0,Süper Lig,0.0,,,,,,,,,,,,,,,,,,,,,,,,,,,,,,,,,,,,,,,,,,,,,,,,,,,,,,,,,,,,,,,,,,,,,,,,,,,,,,,,,,,,,,,,,,,,,,,,,,,,,,,,,,,,,,,,,,,,,,,,,,,,,,,,,,,,,,,,,,,,,,,,,,,,,,,,,,,,,,,,,,,,,,,,,,,,,,,,,,,,,,,,,,,,,,,,,,,,,,,,,,,,,,,,,,,,,,,,,,,,,,,,,,,,,,,,,,,,,,,,,,,,,,,,,,,,,,,,,,,,,,,,,6.014445521550362,9.338900139066084,8.308754661757696,0.0,0.0,0.0,7.803089196598118,4.154377330878848
Marko Jevtović,Konyaspor,MF,0.0,0.0,0.0,DF,False,True,Konyaspor,,Merkez Orta Saha,Merkez Orta Saha,,MID,0.0,,0.0,50.0,50.0,0.0,1.550714926844755,0.0951050018768905,0.1357953659814043,3.14337939520406,3.880849047213319,1.899065762199142,6.322166234341821,5.100751555000381,,,82.4701071786416,70.0,2.5,60.0,0.0,1.5,0.0,0.1357953659814043,Süper Lig,0.0,,,,,,,,,,,,,,,,,,,,,,,,,,,,,,,,,,,,,,,,,,,,,,,,,,,,,,,,,,,,,,,,,,,,,,,,,,,,,,,,,,,,,,,,,,,,,,,,,,,,,,,,,,,,,,,,,,,,,,,,,,,,,,,,,,,,,,,,,,,,,,,,,,,,,,,,,,,,,,,,,,,,,,,,,,,,,,,,,,,,,,,,,,,,,,,,,,,,,,,,,,,,,,,,,,,,,,,,,,,,,,,,,,,,,,,,,,,,,,,,,,,,,,,,,,,,,,,,,,,,,,,,,1.2751878887500954,6.904761904761905,8.539568367951883,4.543181463925618,2.260896331755254,0.0,5.315674906347375,6.54137491593875
Uğurcan Yazgılı,Konyaspor,DF,0.0,0.0,0.0,DF,False,True,Konyaspor,,Merkez Orta Saha,Merkez Orta Saha,,MID,0.0,,0.0,50.0,50.0,0.0,1.3541924025759178,0.1939029627313318,0.0560087277621179,2.02779761021142,1.1347338969868477,1.3163809491705465,4.934682532794535,3.347056059380378,,,89.14356674538473,70.0,2.5,60.0,0.0,1.5,0.0,0.0560087277621179,Süper Lig,0.0,,,,,,,,,,,,,,,,,,,,,,,,,,,,,,,,,,,,,,,,,,,,,,,,,,,,,,,,,,,,,,,,,,,,,,,,,,,,,,,,,,,,,,,,,,,,,,,,,,,,,,,,,,,,,,,,,,,,,,,,,,,,,,,,,,,,,,,,,,,,,,,,,,,,,,,,,,,,,,,,,,,,,,,,,,,,,,,,,,,,,,,,,,,,,,,,,,,,,,,,,,,,,,,,,,,,,,,,,,,,,,,,,,,,,,,,,,,,,,,,,,,,,,,,,,,,,,,,,,,,,,,,,0.8367640148450946,6.904761904761905,8.281052141096271,2.9805241757063703,1.6157620951394513,0.0,4.750775559102411,5.630788158401321
Pedrinho,Konyaspor,MF,0.24,0.0,0.24,MF,True,True,Konyaspor,On Numara,Oyun Kurucu (Destek),Oyun Kurucu,Destek,AM,0.0,,0.0,50.0,50.0,0.0,2.173149873753194,0.2411191634752029,0.0166754062591058,2.192109277163976,3.283023770486176,0.8004230268014388,4.904751899440896,8.667274854121318,,,78.74170152827067,70.0,2.5,60.0,0.0,1.5,0.24,0.0166754062591058,Süper Lig,0.0,,,,,,,,,,,,,,,,,,,,,,,,,,,,,,,,,,,,,,,,,,,,,,,,,,,,,,,,,,,,,,,,,,,,,,,,,,,,,,,,,,,,,,,,,,,,,,,,,,,,,,,,,,,,,,,,,,,,,,,,,,,,,,,,,,,,,,,,,,,,,,,,,,,,,,,,,,,,,,,,,,,,,,,,,,,,,,,,,,,,,,,,,,,,,,,,,,,,,,,,,,,,,,,,,,,,,,,,,,,,,,,,,,,,,,,,,,,,,,,,,,,,,,,,,,,,,,,,,,,,,,,,,2.0,6.904761904761905,7.58770431025984,4.066701625036424,3.7452323602500743,0.0,4.674461382645202,5.827202967648132
Jo Jinho,Konyaspor,MF,0.0,0.0,0.0,MF,True,True,Konyaspor,,Merkez Orta Saha,Merkez Orta Saha,,MID,0.0,,0.0,50.0,50.0,0.0,0.6059734196469136,0.0509416147819222,0.2646747648825618,2.119885766693685,2.11517219920703,1.4251754117788118,6.8003713577826455,8.302715309780554,,,79.10832633733654,70.0,2.5,60.0,0.0,1.5,0.0,0.2646747648825618,Süper Lig,0.0,,,,,,,,,,,,,,,,,,,,,,,,,,,,,,,,,,,,,,,,,,,,,,,,,,,,,,,,,,,,,,,,,,,,,,,,,,,,,,,,,,,,,,,,,,,,,,,,,,,,,,,,,,,,,,,,,,,,,,,,,,,,,,,,,,,,,,,,,,,,,,,,,,,,,,,,,,,,,,,,,,,,,,,,,,,,,,,,,,,,,,,,,,,,,,,,,,,,,,,,,,,,,,,,,,,,,,,,,,,,,,,,,,,,,,,,,,,,,,,,,,,,,,,,,,,,,,,,,,,,,,,,,2.0,6.904761904761905,8.559424353065445,4.4688138590016,1.3292644031899155,0.0,5.4832500292072375,6.514119106033522
Bahadır Güngördü,Konyaspor,GK,0.0,0.0,0.0,GK,False,False,Konyaspor,Kaleci,Kaleci (Savunma),Kaleci,Savunma,GK,0.0,,0.0,50.0,50.0,0.0,0.0,,,0.0,0.0,0.0,0.0,0.0,,,75.0,66.84829137724086,2.8428035290621425,60.628583713734685,0.5112743730460196,1.2681395874489214,0.0,0.0,Süper Lig,0.0,,,,,,,,,,,,,,,,,,,,,,,,,,,,,,,,,,,,,,,,,,,,,,,,,,,,,,,,,,,,,,,,,,,,,,,,,,,,,,,,,,,,,,,,,,,,,,,,,,,,,,,,,,,,,,,,,,,,,,,,,,,,,,,,,,,,,,,,,,,,,,,,,,,,,,,,,,,,,,,,,,,,,,,,,,,,,,,,,,,,,,,,,,,,,,,,,,,,,,,,,,,,,,,,,,,,,,,,,,,,,,,,,,,,,,,,,,,,,,,,,,,,,,,,,,,,,,,,,,,,,,,,,0.0,6.904761904761905,4.891304347826086,0.0,0.0,5.761529152238532,5.761529152238532,2.445652173913043
Danijel Aleksić,Konyaspor,MF,0.46,0.0,0.46,MF,True,True,Konyaspor,,Merkez Orta Saha,Merkez Orta Saha,,MID,0.0,,0.0,50.0,50.0,0.0,1.425306387745734,0.1308324077986853,0.1604830531086617,2.600533495374482,2.17737455868844,1.6143222405019084,5.78365083534284,8.566513699171278,,,79.95349187047475,70.0,2.5,60.0,0.0,1.5,0.46,0.1604830531086617,Süper Lig,0.0,,,,,,,,,,,,,,,,,,,,,,,,,,,,,,,,,,,,,,,,,,,,,,,,,,,,,,,,,,,,,,,,,,,,,,,,,,,,,,,,,,,,,,,,,,,,,,,,,,,,,,,,,,,,,,,,,,,,,,,,,,,,,,,,,,,,,,,,,,,,,,,,,,,,,,,,,,,,,,,,,,,,,,,,,,,,,,,,,,,,,,,,,,,,,,,,,,,,,,,,,,,,,,,,,,,,,,,,,,,,,,,,,,,,,,,,,,,,,,,,,,,,,,,,,,,,,,,,,,,,,,,,,2.0,6.904761904761905,8.106183583137165,4.093515251560273,5.1601251422409,0.0,5.276115184864835,6.099849417348719
Morten Bjørlo,Konyaspor,MF,0.0,0.0,0.0,MF,True,True,Konyaspor,Merkez Orta Saha,İki Yönlü Orta Saha,İki Yönlü Orta Saha,,MID,1.455295627220024,,0.0,50.0,50.0,0.0,0.7151021958573669,0.0717844895211438,0.101235670190429,1.1770583878420449,3.561885900866266,0.7882091811713705,6.702380659767596,8.667274854121318,,,75.0,70.0,2.5,60.0,0.0,1.5,0.0,0.101235670190429,Süper Lig,0.0,,,,,,,,,,,,,,,,,,,,,,,,,,,,,,,,,,,,,,,,,,,,,,,,,,,,,,,,,,,,,,,,,,,,,,,,,,,,,,,,,,,,,,,,,,,,,,,,,,,,,,,,,,,,,,,,,,,,,,,,,,,,,,,,,,,,,,,,,,,,,,,,,,,,,,,,,,,,,,,,,,,,,,,,,,,,,,,,,,,,,,,,,,,,,,,,,,,,,,,,,,,,,,,,,,,,,,,,,,,,,,,,,,,,,,,,,,,,,,,,,,,,,,,,,,,,,,,,,,,,,,,,,3.293596113084466,6.904761904761905,8.242494677709884,4.4049426807617165,0.9063523920798522,0.0,5.711448844079492,6.3237186792357996
Muhammet Tunahan Taşçı,Konyaspor,MF,0.525,0.4025,0.9275,MF,True,True,Konyaspor,,Merkez Orta Saha,Merkez Orta Saha,,MID,0.0,,0.0,50.0,50.0,0.0,1.081819446469126,0.1982136047584598,0.3150291140557682,0.926837998108643,3.262794920041068,1.6068760900310382,4.211469027255676,4.043371495316924,,,85.1425540095225,70.0,2.5,60.0,0.0,1.5,0.525,0.3150291140557682,Süper Lig,0.0,,,,,,,,,,,,,,,,,,,,,,,,,,,,,,,,,,,,,,,,,,,,,,,,,,,,,,,,,,,,,,,,,,,,,,,,,,,,,,,,,,,,,,,,,,,,,,,,,,,,,,,,,,,,,,,,,,,,,,,,,,,,,,,,,,,,,,,,,,,,,,,,,,,,,,,,,,,,,,,,,,,,,,,,,,,,,,,,,,,,,,,,,,,,,,,,,,,,,,,,,,,,,,,,,,,,,,,,,,,,,,,,,,,,,,,,,,,,,,,,,,,,,,,,,,,,,,,,,,,,,,,,,1.010842873829231,6.904761904761905,7.658509775118436,6.870116456223073,4.626519308596155,0.0,5.611057752483161,7.264313115670754
Josip Čalušić,Konyaspor,DF,0.0,0.0,0.0,DF,False,True,Konyaspor,,Merkez Orta Saha,Merkez Orta Saha,,MID,0.0,,0.0,50.0,50.0,0.0,1.94844986251438,0.1443983414702893,0.0406486360701839,1.6314108422962157,3.755279296436226,1.2821735362503202,5.536985000164639,5.377452113415952,,,79.80566725207197,70.0,2.5,60.0,0.0,1.5,0.0,0.0406486360701839,Süper Lig,0.0,,,,,,,,,,,,,,,,,,,,,,,,,,,,,,,,,,,,,,,,,,,,,,,,,,,,,,,,,,,,,,,,,,,,,,,,,,,,,,,,,,,,,,,,,,,,,,,,,,,,,,,,,,,,,,,,,,,,,,,,,,,,,,,,,,,,,,,,,,,,,,,,,,,,,,,,,,,,,,,,,,,,,,,,,,,,,,,,,,,,,,,,,,,,,,,,,,,,,,,,,,,,,,,,,,,,,,,,,,,,,,,,,,,,,,,,,,,,,,,,,,,,,,,,,,,,,,,,,,,,,,,,,1.344363028353988,6.904761904761905,7.973209929565275,4.162594544280736,1.6816831378211659,0.0,5.096232351740476,6.067902236923006
Marius Ştefănescu,Konyaspor,FW,0.0,0.0,0.0,DF,False,True,Konyaspor,,Merkez Orta Saha,Merkez Orta Saha,,MID,0.0,,0.0,50.0,50.0,0.0,1.39963807167441,0.1586456043875759,0.3345715901343617,2.7026380593889465,3.852785783507645,0.602688079000367,3.946152358458942,7.549430854224548,,,89.14603468984694,70.0,2.5,60.0,0.0,1.5,0.0,0.3345715901343617,Süper Lig,0.0,,,,,,,,,,,,,,,,,,,,,,,,,,,,,,,,,,,,,,,,,,,,,,,,,,,,,,,,,,,,,,,,,,,,,,,,,,,,,,,,,,,,,,,,,,,,,,,,,,,,,,,,,,,,,,,,,,,,,,,,,,,,,,,,,,,,,,,,,,,,,,,,,,,,,,,,,,,,,,,,,,,,,,,,,,,,,,,,,,,,,,,,,,,,,,,,,,,,,,,,,,,,,,,,,,,,,,,,,,,,,,,,,,,,,,,,,,,,,,,,,,,,,,,,,,,,,,,,,,,,,,,,,1.887357713556137,6.904761904761905,7.786948006828185,5.338286360537447,1.9733803948831,0.0,5.479338496420919,6.562617183682816
Melih Bostan,Konyaspor,FW,0.0,0.0,0.0,FW,True,False,Konyaspor,Santrafor,Fırsatçı Golcü,Fırsatçı Golcü,,FWD,0.0,,0.0,50.0,50.0,0.0,4.6893127695543,,,0.0,0.0,0.0,0.0,0.0,5.373635200630943,0.8254974132040132,75.0,70.0,2.5,60.0,0.0,1.5,0.8254974132040132,0.0,Süper Lig,0.0,,,,,,,,,,,,,,,,,,,,,,,,,,,,,,,,,,,,,,,,,,,,,,,,,,,,,,,,,,,,,,,,,,,,,,,,,,,,,,,,,,,,,,,,,,,,,,,,,,,,,,,,,,,,,,,,,,,,,,,,,,,,,,,,,,,,,,,,,,,,,,,,,,,,,,,,,,,,,,,,,,,,,,,,,,,,,,,,,,,,,,,,,,,,,,,,,,,,,,,,,,,,,,,,,,,,,,,,,,,,,,,,,,,,,,,,,,,,,,,,,,,,,,,,,,,,,,,,,,,,,,,,,0.0,6.904761904761905,4.891304347826086,0.0,4.5,0.0,4.771428571428571,2.445652173913043
Kaan Akyazi,Konyaspor,FW,0.0,0.0,0.0,FW,True,False,Konyaspor,,Merkez Orta Saha,Merkez Orta Saha,,MID,0.0,,0.0,50.0,50.0,0.0,1.1893653988061157,0.1994785399039735,0.1098883510820734,1.3450043207319606,2.7313677581149625,1.0566694076451917,3.144377312417495,7.176123708322754,,,83.36057432710224,70.0,2.5,60.0,0.0,1.5,0.0,0.1098883510820734,Süper Lig,0.0,,,,,,,,,,,,,,,,,,,,,,,,,,,,,,,,,,,,,,,,,,,,,,,,,,,,,,,,,,,,,,,,,,,,,,,,,,,,,,,,,,,,,,,,,,,,,,,,,,,,,,,,,,,,,,,,,,,,,,,,,,,,,,,,,,,,,,,,,,,,,,,,,,,,,,,,,,,,,,,,,,,,,,,,,,,,,,,,,,,,,,,,,,,,,,,,,,,,,,,,,,,,,,,,,,,,,,,,,,,,,,,,,,,,,,,,,,,,,,,,,,,,,,,,,,,,,,,,,,,,,,,,,1.7940309270806887,6.904761904761905,7.008747851454546,4.260465243071602,1.2011090042798096,0.0,4.992001481592185,5.634606547263074
Ufuk Akyol,Konyaspor,MF,0.0,0.0,0.0,MF,True,True,Konyaspor,Ön Libero,Defansif Orta Saha (Destek),Defansif Orta Saha,Destek,DM,0.0,,0.0,50.0,50.0,0.0,1.2284001849970745,0.0989926181656137,0.3109412853080384,2.618267569977277,2.0713634779015084,1.881149912695036,4.984259384438797,3.9233754380391295,,,84.01821552420199,70.0,2.5,60.0,0.0,1.5,0.0,0.3109412853080384,Süper Lig,0.0,,,,,,,,,,,,,,,,,,,,,,,,,,,,,,,,,,,,,,,,,,,,,,,,,,,,,,,,,,,,,,,,,,,,,,,,,,,,,,,,,,,,,,,,,,,,,,,,,,,,,,,,,,,,,,,,,,,,,,,,,,,,,,,,,,,,,,,,,,,,,,,,,,,,,,,,,,,,,,,,,,,,,,,,,,,,,,,,,,,,,,,,,,,,,,,,,,,,,,,,,,,,,,,,,,,,,,,,,,,,,,,,,,,,,,,,,,,,,,,,,,,,,,,,,,,,,,,,,,,,,,,,,0.9808438595097824,6.904761904761905,7.971578530754311,4.624674126499826,1.855089422765116,0.0,4.855239674458778,6.298126328627069
Mücahit Ibrahimoglu,Konyaspor,MF,0.0,0.0,0.0,MF,True,True,Konyaspor,,Merkez Orta Saha,Merkez Orta Saha,,MID,0.0,,0.0,50.0,50.0,0.0,1.364838213652572,0.2287725171017608,0.2110300067678115,3.4187625244896305,3.362647257576338,1.376673364636139,6.640910490569757,7.894998749943706,,,80.95990338966487,70.0,2.5,60.0,0.0,1.5,0.0,0.2110300067678115,Süper Lig,0.0,,,,,,,,,,,,,,,,,,,,,,,,,,,,,,,,,,,,,,,,,,,,,,,,,,,,,,,,,,,,,,,,,,,,,,,,,,,,,,,,,,,,,,,,,,,,,,,,,,,,,,,,,,,,,,,,,,,,,,,,,,,,,,,,,,,,,,,,,,,,,,,,,,,,,,,,,,,,,,,,,,,,,,,,,,,,,,,,,,,,,,,,,,,,,,,,,,,,,,,,,,,,,,,,,,,,,,,,,,,,,,,,,,,,,,,,,,,,,,,,,,,,,,,,,,,,,,,,,,,,,,,,,1.9737496874859266,6.904761904761905,8.600448944610848,4.844120027071247,2.315976023868181,0.0,5.580770140982482,6.7222844858410475
Karahan Yasir Subaşı,Konyaspor,DF,0.0,0.0,0.0,DF,False,True,Konyaspor,,Merkez Orta Saha,Merkez Orta Saha,,MID,0.0,,0.0,50.0,50.0,0.0,2.04853474205782,0.133257216811535,0.2893475759095206,1.0535319326314296,1.753004149786901,1.30749791488357,6.645697600077313,4.346643431019964,,,83.6515230292168,70.0,2.5,60.0,0.0,1.5,0.0,0.2893475759095206,Süper Lig,0.0,,,,,,,,,,,,,,,,,,,,,,,,,,,,,,,,,,,,,,,,,,,,,,,,,,,,,,,,,,,,,,,,,,,,,,,,,,,,,,,,,,,,,,,,,,,,,,,,,,,,,,,,,,,,,,,,,,,,,,,,,,,,,,,,,,,,,,,,,,,,,,,,,,,,,,,,,,,,,,,,,,,,,,,,,,,,,,,,,,,,,,,,,,,,,,,,,,,,,,,,,,,,,,,,,,,,,,,,,,,,,,,,,,,,,,,,,,,,,,,,,,,,,,,,,,,,,,,,,,,,,,,,,1.086660857754991,6.904761904761905,8.778382910639753,4.326059736829349,1.437225851674746,0.0,5.273966352496499,6.5522213237345515
Egemen Aydın,Konyaspor,GK,0.0,0.0,0.0,GK,False,False,Konyaspor,Kaleci,Kaleci (Savunma),Kaleci,Savunma,GK,0.0,,0.0,50.0,50.0,0.0,0.0,,,0.0,0.0,0.0,0.0,0.0,,,75.0,56.126772645019386,3.628088249474745,72.72820822527561,0.6218113753371068,0.8397436627969069,0.0,0.0,Süper Lig,0.0,,,,,,,,,,,,,,,,,,,,,,,,,,,,,,,,,,,,,,,,,,,,,,,,,,,,,,,,,,,,,,,,,,,,,,,,,,,,,,,,,,,,,,,,,,,,,,,,,,,,,,,,,,,,,,,,,,,,,,,,,,,,,,,,,,,,,,,,,,,,,,,,,,,,,,,,,,,,,,,,,,,,,,,,,,,,,,,,,,,,,,,,,,,,,,,,,,,,,,,,,,,,,,,,,,,,,,,,,,,,,,,,,,,,,,,,,,,,,,,,,,,,,,,,,,,,,,,,,,,,,,,,,0.0,6.904761904761905,4.891304347826086,0.0,0.0,6.520868124345676,6.520868124345676,2.445652173913043
İsmail Buğa,Konyaspor,MF,0.0,0.0,0.0,MF,True,True,Konyaspor,,Merkez Orta Saha,Merkez Orta Saha,,MID,0.0,,0.0,50.0,50.0,0.0,2.2733778467744923,0.039488705708837,0.3420414376440454,2.6160257192078413,2.692222086500553,0.9032802715732904,3.709526390527452,4.342905688935739,,,85.94296359164414,70.0,2.5,60.0,0.0,1.5,0.0,0.3420414376440454,Süper Lig,0.0,,,,,,,,,,,,,,,,,,,,,,,,,,,,,,,,,,,,,,,,,,,,,,,,,,,,,,,,,,,,,,,,,,,,,,,,,,,,,,,,,,,,,,,,,,,,,,,,,,,,,,,,,,,,,,,,,,,,,,,,,,,,,,,,,,,,,,,,,,,,,,,,,,,,,,,,,,,,,,,,,,,,,,,,,,,,,,,,,,,,,,,,,,,,,,,,,,,,,,,,,,,,,,,,,,,,,,,,,,,,,,,,,,,,,,,,,,,,,,,,,,,,,,,,,,,,,,,,,,,,,,,,,1.0857264222339347,6.904761904761905,7.4597390816753,5.162980474909884,2.3184030137259173,0.0,5.1533019708952565,6.3113597782925925
Muzaffer Eriş,Konyaspor,DF,0.0,0.0,0.0,DF,False,True,Konyaspor,,Merkez Orta Saha,Merkez Orta Saha,,MID,0.0,,0.0,50.0,50.0,0.0,2.4062028416582493,0.1739747795422006,0.1009419032365609,1.9981255921223424,2.07573538457462,1.0526733798748684,4.638387331108475,6.221846537360482,,,87.01412564344851,70.0,2.5,60.0,0.0,1.5,0.0,0.1009419032365609,Süper Lig,0.0,,,,,,,,,,,,,,,,,,,,,,,,,,,,,,,,,,,,,,,,,,,,,,,,,,,,,,,,,,,,,,,,,,,,,,,,,,,,,,,,,,,,,,,,,,,,,,,,,,,,,,,,,,,,,,,,,,,,,,,,,,,,,,,,,,,,,,,,,,,,,,,,,,,,,,,,,,,,,,,,,,,,,,,,,,,,,,,,,,,,,,,,,,,,,,,,,,,,,,,,,,,,,,,,,,,,,,,,,,,,,,,,,,,,,,,,,,,,,,,,,,,,,,,,,,,,,,,,,,,,,,,,,1.5554616343401206,6.904761904761905,7.994027946648705,3.7875912026626573,2.0684862812426155,0.0,5.060460672103347,5.890809574655681
Opponent Total,Konyaspor,NAN,0.0,0.0,0.0,NAN,False,False,Konyaspor,,Merkez Orta Saha,Merkez Orta Saha,,MID,0.0,,0.0,50.0,50.0,0.0,2.05249711113612,0.1983153376095636,0.3363974198926575,3.1439840868192643,2.969893221123628,1.843019133729754,3.0581794928493062,6.557639609050219,,,87.04641699251896,70.0,2.5,60.0,0.0,1.5,0.0,0.3363974198926575,Süper Lig,0.0,,,,,,,,,,,,,,,,,,,,,,,,,,,,,,,,,,,,,,,,,,,,,,,,,,,,,,,,,,,,,,,,,,,,,,,,,,,,,,,,,,,,,,,,,,,,,,,,,,,,,,,,,,,,,,,,,,,,,,,,,,,,,,,,,,,,,,,,,,,,,,,,,,,,,,,,,,,,,,,,,,,,,,,,,,,,,,,,,,,,,,,,,,,,,,,,,,,,,,,,,,,,,,,,,,,,,,,,,,,,,,,,,,,,,,,,,,,,,,,,,,,,,,,,,,,,,,,,,,,,,,,,,1.639409902262555,6.904761904761905,7.206029985067194,5.325518493653049,2.4842129816923526,0.0,5.268930071436175,6.2657742393601215
Casper Højer Nielsen,Rizespor,DF,0.0,0.0,0.0,DF,False,True,Rizespor,,Merkez Orta Saha,Merkez Orta Saha,,MID,0.0,,0.0,50.0,50.0,0.0,1.0623544810708268,0.0791904192668816,0.1363186632158471,1.2783044315079422,1.7211967386805207,1.4996945712902536,6.8003713577826455,6.480517247026867,,,84.93469335232906,70.0,2.5,60.0,0.0,1.5,0.0,0.1363186632158471,Süper Lig,0.0,,,,,,,,,,,,,,,,,,,,,,,,,,,,,,,,,,,,,,,,,,,,,,,,,,,,,,,,,,,,,,,,,,,,,,,,,,,,,,,,,,,,,,,,,,,,,,,,,,,,,,,,,,,,,,,,,,,,,,,,,,,,,,,,,,,,,,,,,,,,,,,,,,,,,,,,,,,,,,,,,,,,,,,,,,,,,,,,,,,,,,,,,,,,,,,,,,,,,,,,,,,,,,,,,,,,,,,,,,,,,,,,,,,,,,,,,,,,,,,,,,,,,,,,,,,,,,,,,,,,,,,,,1.620129311756717,6.904761904761905,8.939404810564959,3.6927391453170695,1.111309762896561,0.0,5.289258793100163,6.316071977941014
Giannis Papanikolaou,Rizespor,MF,0.09,0.0,0.09,MF,True,True,Rizespor,Ön Libero,Savaşçı Orta Saha (Savunma),Savaşçı Orta Saha,Savunma,DM,2.597284333929447,1.7791072578513183,0.0,50.0,50.0,0.0,1.8450828827817385,0.2142948142496882,0.1349291666579228,2.670090071010645,0.0,0.0,0.0,8.667274854121318,,,75.0,70.0,2.5,60.0,0.0,1.5,0.09,0.1349291666579228,Süper Lig,0.0,,,,,,,,,,,,,,,,,,,,,,,,,,,,,,,,,,,,,,,,,,,,,,,,,,,,,,,,,,,,,,,,,,,,,,,,,,,,,,,,,,,,,,,,,,,,,,,,,,,,,,,,,,,,,,,,,,,,,,,,,,,,,,,,,,,,,,,,,,,,,,,,,,,,,,,,,,,,,,,,,,,,,,,,,,,,,,,,,,,,,,,,,,,,,,,,,,,,,,,,,,,,,,,,,,,,,,,,,,,,,,,,,,,,,,,,,,,,,,,,,,,,,,,,,,,,,,,,,,,,,,,,,4.308697185715064,6.904761904761905,4.891304347826086,0.5397166666316912,2.7863318722972066,0.0,5.262298750062423,2.7155105072288888
Qazim Laçi,Rizespor,MF,0.0,0.19,0.19,MF,True,True,Rizespor,Merkez Orta Saha,İki Yönlü Orta Saha,İki Yönlü Orta Saha,,MID,3.058940983021211,,0.0,50.0,50.0,0.0,1.3189665605163232,0.2265358136914416,0.1191354864890769,3.062911282049898,2.317449449901245,1.0191538237203537,3.7142514365041928,8.264765175782282,,,75.0,70.0,2.5,60.0,0.0,1.5,0.0,0.1191354864890769,Süper Lig,0.0,,,,,,,,,,,,,,,,,,,,,,,,,,,,,,,,,,,,,,,,,,,,,,,,,,,,,,,,,,,,,,,,,,,,,,,,,,,,,,,,,,,,,,,,,,,,,,,,,,,,,,,,,,,,,,,,,,,,,,,,,,,,,,,,,,,,,,,,,,,,,,,,,,,,,,,,,,,,,,,,,,,,,,,,,,,,,,,,,,,,,,,,,,,,,,,,,,,,,,,,,,,,,,,,,,,,,,,,,,,,,,,,,,,,,,,,,,,,,,,,,,,,,,,,,,,,,,,,,,,,,,,,,4.71905865157441,6.904761904761905,6.748430066078183,4.781508245890471,2.117663001254426,0.0,5.788439717076242,5.764969155984327
Muhammet Taha Şahin,Rizespor,DF,0.0,0.0,0.0,DF,False,True,Rizespor,Sağ Bek,Standart Bek (Destek),Standart Bek,Destek,FB,1.003595624092727,,0.0,53.314735813789646,50.0,1.726390867205703,0.0,,,0.0,0.0,0.0,0.0,0.0,,,78.84884392112346,70.0,2.5,60.0,0.0,1.5,0.0,0.0,Süper Lig,0.0,,,,,,,,,,,,,,,,,,,,,,,,,,,,,,,,,,,,,,,,,,,,,,,,,,,,,,,,,,,,,,,,,,,,,,,,,,,,,,,,,,,,,,,,,,,,,,,,,,,,,,,,,,,,,,,,,,,,,,,,,,,,,,,,,,,,,,,,,,,,,,,,,,,,,,,,,,,,,,,,,,,,,,,,,,,,,,,,,,,,,,,,,,,,,,,,,,,,,,,,,,,,,,,,,,,,,,,,,,,,,,,,,,,,,,,,,,,,,,,,,,,,,,,,,,,,,,,,,,,,,,,,,0.8920849991935352,7.141528748604022,5.1423159078993566,0.6905563468822812,0.0,0.0,1.7157671308379072,2.916436127390819
Samet Akaydın,Rizespor,DF,0.0,0.09,0.09,DF,False,True,Rizespor,Stoper,Çakılı Stoper,Çakılı Stoper,,CB,3.2840931103542266,1.5781246968634526,10.83050315627883,52.36107401889821,73.74737131177545,0.0,0.0,,,0.0,0.0,0.0,2.0387682031757746,0.0,,,79.14109703565855,70.0,2.5,60.0,0.0,1.5,0.0,0.09,Süper Lig,0.0,,,,,,,,,,,,,,,,,,,,,,,,,,,,,,,,,,,,,,,,,,,,,,,,,,,,,,,,,,,,,,,,,,,,,,,,,,,,,,,,,,,,,,,,,,,,,,,,,,,,,,,,,,,,,,,,,,,,,,,,,,,,,,,,,,,,,,,,,,,,,,,,,,,,,,,,,,,,,,,,,,,,,,,,,,,,,,,,,,,,,,,,,,,,,,,,,,,,,,,,,,,,,,,,,,,,,,,,,,,,,,,,,,,,,,,,,,,,,,,,,,,,,,,,,,,,,,,,,,,,,,,,,6.919193875870424,8.656568136420617,6.180759995217793,0.72,0.0,0.0,7.466456803959975,3.4503799976088962
Attila Mocsi,Rizespor,DF,0.11,0.0,0.11,DF,False,True,Rizespor,Stoper,Standart Stoper (Durdurucu),Standart Stoper,Durdurucu,CB,2.762277251994526,1.4149603238555415,9.903175333566148,67.07516933540893,73.68854428383662,0.0,0.0,,,0.0,0.0,0.0,3.889667618321834,0.0,,,83.91608663860016,70.0,2.5,60.0,0.0,1.5,0.11,0.0,Süper Lig,0.0,,,,,,,,,,,,,,,,,,,,,,,,,,,,,,,,,,,,,,,,,,,,,,,,,,,,,,,,,,,,,,,,,,,,,,,,,,,,,,,,,,,,,,,,,,,,,,,,,,,,,,,,,,,,,,,,,,,,,,,,,,,,,,,,,,,,,,,,,,,,,,,,,,,,,,,,,,,,,,,,,,,,,,,,,,,,,,,,,,,,,,,,,,,,,,,,,,,,,,,,,,,,,,,,,,,,,,,,,,,,,,,,,,,,,,,,,,,,,,,,,,,,,,,,,,,,,,,,,,,,,,,,,6.455357557328467,9.703653142880222,7.417622068200059,0.0,0.7715277777777776,0.0,7.947128693723489,3.7088110341000293
Ali Sowe,Rizespor,FW,0.12,0.36,0.48,FW,True,False,Rizespor,Santrafor,Pivot Santrafor (Destek),Pivot Santrafor,Destek,FWD,0.0,,0.0,50.0,50.0,0.0,4.6893127695543,,,0.0,0.0,0.0,0.0,3.1135117261813545,4.769955173132587,0.4367456235492929,75.0,70.0,2.5,60.0,0.0,1.5,0.4367456235492929,0.36,Süper Lig,0.0,,,,,,,,,,,,,,,,,,,,,,,,,,,,,,,,,,,,,,,,,,,,,,,,,,,,,,,,,,,,,,,,,,,,,,,,,,,,,,,,,,,,,,,,,,,,,,,,,,,,,,,,,,,,,,,,,,,,,,,,,,,,,,,,,,,,,,,,,,,,,,,,,,,,,,,,,,,,,,,,,,,,,,,,,,,,,,,,,,,,,,,,,,,,,,,,,,,,,,,,,,,,,,,,,,,,,,,,,,,,,,,,,,,,,,,,,,,,,,,,,,,,,,,,,,,,,,,,,,,,,,,,,0.7783779315453387,6.904761904761905,4.891304347826086,2.88,3.8314967402582067,0.0,4.658326615583496,3.885652173913043
Yahia Fofana,Rizespor,GK,0.0,0.0,0.0,GK,False,False,Rizespor,Kaleci,Kaleci (Savunma),Kaleci,Savunma,GK,0.0,,0.0,50.0,50.0,0.0,0.0,,,0.0,0.0,0.0,0.0,0.0,,,75.0,67.15089703802877,2.422772674924288,66.28711962152653,0.4181777614275764,1.4677591856141747,0.0,0.0,Süper Lig,0.0,,,,,,,,,,,,,,,,,,,,,,,,,,,,,,,,,,,,,,,,,,,,,,,,,,,,,,,,,,,,,,,,,,,,,,,,,,,,,,,,,,,,,,,,,,,,,,,,,,,,,,,,,,,,,,,,,,,,,,,,,,,,,,,,,,,,,,,,,,,,,,,,,,,,,,,,,,,,,,,,,,,,,,,,,,,,,,,,,,,,,,,,,,,,,,,,,,,,,,,,,,,,,,,,,,,,,,,,,,,,,,,,,,,,,,,,,,,,,,,,,,,,,,,,,,,,,,,,,,,,,,,,,0.0,6.904761904761905,4.891304347826086,0.0,0.0,5.15470893904011,5.15470893904011,2.445652173913043
Muhamed Buljubasic,Rizespor,MF,0.0,0.0,0.0,MF,True,True,Rizespor,Merkez Orta Saha,Standart Orta Saha (Destek),Standart Orta Saha,Destek,MID,0.0,,0.0,50.0,50.0,0.0,0.9348083062967076,0.0692261218444522,0.1894926625716548,3.3504583925798626,1.5747788372044773,1.6810805401284994,6.8003713577826455,4.593600255532237,,,88.85231729992628,70.0,2.5,60.0,0.0,1.5,0.0,0.1894926625716548,Süper Lig,0.0,,,,,,,,,,,,,,,,,,,,,,,,,,,,,,,,,,,,,,,,,,,,,,,,,,,,,,,,,,,,,,,,,,,,,,,,,,,,,,,,,,,,,,,,,,,,,,,,,,,,,,,,,,,,,,,,,,,,,,,,,,,,,,,,,,,,,,,,,,,,,,,,,,,,,,,,,,,,,,,,,,,,,,,,,,,,,,,,,,,,,,,,,,,,,,,,,,,,,,,,,,,,,,,,,,,,,,,,,,,,,,,,,,,,,,,,,,,,,,,,,,,,,,,,,,,,,,,,,,,,,,,,,1.1484000638830592,6.904761904761905,9.194902024538688,3.807823208422938,2.0906995546440235,0.0,5.263971800401648,6.501362616480813
Jesurun Rak Sakyi,Rizespor,FW,0.525,0.0,0.6179999999999995,MF,True,True,Rizespor,,Merkez Orta Saha,Merkez Orta Saha,,MID,0.0,,0.0,50.0,50.0,0.0,2.165830316794437,0.2458803681788055,0.0539507651124704,2.644769676382044,3.754717260026311,1.1815181346014827,5.247544648537237,3.777089527696825,,,87.80889416767332,70.0,2.5,60.0,0.0,1.5,0.525,0.0539507651124704,Süper Lig,0.0,,,,,,,,,,,,,,,,,,,,,,,,,,,,,,,,,,,,,,,,,,,,,,,,,,,,,,,,,,,,,,,,,,,,,,,,,,,,,,,,,,,,,,,,,,,,,,,,,,,,,,,,,,,,,,,,,,,,,,,,,,,,,,,,,,,,,,,,,,,,,,,,,,,,,,,,,,,,,,,,,,,,,,,,,,,,,,,,,,,,,,,,,,,,,,,,,,,,,,,,,,,,,,,,,,,,,,,,,,,,,,,,,,,,,,,,,,,,,,,,,,,,,,,,,,,,,,,,,,,,,,,,,0.9442723819242063,6.904761904761905,8.350439335203834,4.215803060449882,5.9672677567663275,0.0,5.103819170584957,6.283121197826858
Erdem Canpolat,Rizespor,GK,0.0,0.0,0.0,GK,False,False,Rizespor,Kaleci,Kaleci (Savunma),Kaleci,Savunma,GK,0.0,,0.0,50.0,50.0,0.0,0.0,,,0.0,0.0,0.0,0.0,0.0,,,75.0,58.41048247374583,4.406590942262119,70.17141382329406,0.7830692496325764,0.7615496435074871,0.0,0.0,Süper Lig,0.0,,,,,,,,,,,,,,,,,,,,,,,,,,,,,,,,,,,,,,,,,,,,,,,,,,,,,,,,,,,,,,,,,,,,,,,,,,,,,,,,,,,,,,,,,,,,,,,,,,,,,,,,,,,,,,,,,,,,,,,,,,,,,,,,,,,,,,,,,,,,,,,,,,,,,,,,,,,,,,,,,,,,,,,,,,,,,,,,,,,,,,,,,,,,,,,,,,,,,,,,,,,,,,,,,,,,,,,,,,,,,,,,,,,,,,,,,,,,,,,,,,,,,,,,,,,,,,,,,,,,,,,,,0.0,6.904761904761905,4.891304347826086,0.0,0.0,7.1486271410899604,7.1486271410899604,2.445652173913043
Mithat Pala,Rizespor,DF,0.0,0.0,0.0,MF,True,True,Rizespor,Merkez Orta Saha,Standart Orta Saha (Destek),Standart Orta Saha,Destek,MID,0.0,,0.0,50.0,50.0,0.0,0.5420451568519457,0.0351778820121896,0.1937990198753039,2.142371862822754,1.3054110488486108,1.4453708291842369,6.022070298387367,8.332488479213863,,,87.0845773763835,70.0,2.5,60.0,0.0,1.5,0.0,0.1937990198753039,Süper Lig,0.0,,,,,,,,,,,,,,,,,,,,,,,,,,,,,,,,,,,,,,,,,,,,,,,,,,,,,,,,,,,,,,,,,,,,,,,,,,,,,,,,,,,,,,,,,,,,,,,,,,,,,,,,,,,,,,,,,,,,,,,,,,,,,,,,,,,,,,,,,,,,,,,,,,,,,,,,,,,,,,,,,,,,,,,,,,,,,,,,,,,,,,,,,,,,,,,,,,,,,,,,,,,,,,,,,,,,,,,,,,,,,,,,,,,,,,,,,,,,,,,,,,,,,,,,,,,,,,,,,,,,,,,,,2.0,6.904761904761905,8.690464108523043,3.645470112066956,1.3120948900122418,0.0,5.310174031337976,6.167967110295
Ibrahim Olawoyin,Rizespor,MF,0.22,0.0,0.22,MF,True,True,Rizespor,On Numara,Ofansif Orta Saha (Hücum),Ofansif Orta Saha,Hücum,AM,0.0,,0.0,50.0,50.0,0.0,2.2937001834843893,0.0505039171006224,0.1895966843435013,2.468187548543278,2.517873723204795,0.8725754131148113,5.5755008064185,8.667274854121318,,,78.66726626016553,70.0,2.5,60.0,0.0,1.5,0.22,0.1895966843435013,Süper Lig,0.0,,,,,,,,,,,,,,,,,,,,,,,,,,,,,,,,,,,,,,,,,,,,,,,,,,,,,,,,,,,,,,,,,,,,,,,,,,,,,,,,,,,,,,,,,,,,,,,,,,,,,,,,,,,,,,,,,,,,,,,,,,,,,,,,,,,,,,,,,,,,,,,,,,,,,,,,,,,,,,,,,,,,,,,,,,,,,,,,,,,,,,,,,,,,,,,,,,,,,,,,,,,,,,,,,,,,,,,,,,,,,,,,,,,,,,,,,,,,,,,,,,,,,,,,,,,,,,,,,,,,,,,,,2.0,6.904761904761905,7.918224289741785,4.4369692195105355,3.796571633598034,0.0,4.941100957783035,6.17759675462616
Emrecan Bulut,Rizespor,FW,0.22,0.4025,0.6179999999999995,MF,True,True,Rizespor,Sol Kanat,Kanat Oyuncusu (Hücum),Kanat Oyuncusu,Hücum,WING,0.0,,0.0,50.0,50.0,4.514461228878832,1.117808242724957,0.1678509531227241,0.0746247348707369,3.2766818688162207,0.0,0.0,0.0,0.0,,,75.0,70.0,2.5,60.0,0.0,1.5,0.22,0.0746247348707369,Süper Lig,0.0,,,,,,,,,,,,,,,,,,,,,,,,,,,,,,,,,,,,,,,,,,,,,,,,,,,,,,,,,,,,,,,,,,,,,,,,,,,,,,,,,,,,,,,,,,,,,,,,,,,,,,,,,,,,,,,,,,,,,,,,,,,,,,,,,,,,,,,,,,,,,,,,,,,,,,,,,,,,,,,,,,,,,,,,,,,,,,,,,,,,,,,,,,,,,,,,,,,,,,,,,,,,,,,,,,,,,,,,,,,,,,,,,,,,,,,,,,,,,,,,,,,,,,,,,,,,,,,,,,,,,,,,,0.0,6.904761904761905,4.891304347826086,3.714283431034481,3.67820015339698,0.0,4.015289639588473,4.3027938894302835
Václav Jurečka,Rizespor,FW,0.23,0.0,0.23,FW,True,False,Rizespor,,Merkez Orta Saha,Merkez Orta Saha,,MID,0.0,,0.0,50.0,50.0,0.0,1.3691026757119418,0.0460562098095065,0.2666656344117045,3.14604345809254,1.6625583488890268,1.5581912454252294,4.965791095197341,8.172765703592704,,,78.18728507646034,70.0,2.5,60.0,0.0,1.5,0.23,0.2666656344117045,Süper Lig,0.0,,,,,,,,,,,,,,,,,,,,,,,,,,,,,,,,,,,,,,,,,,,,,,,,,,,,,,,,,,,,,,,,,,,,,,,,,,,,,,,,,,,,,,,,,,,,,,,,,,,,,,,,,,,,,,,,,,,,,,,,,,,,,,,,,,,,,,,,,,,,,,,,,,,,,,,,,,,,,,,,,,,,,,,,,,,,,,,,,,,,,,,,,,,,,,,,,,,,,,,,,,,,,,,,,,,,,,,,,,,,,,,,,,,,,,,,,,,,,,,,,,,,,,,,,,,,,,,,,,,,,,,,,2.0,6.904761904761905,7.58206631345478,4.1750347702395025,3.794706251584911,0.0,5.165465747114046,5.878550541847141
Loide Augusto,Rizespor,FW,0.0,0.33,0.33,MF,True,True,Rizespor,Sağ Kanat,Kanat Oyuncusu (Destek),Kanat Oyuncusu,Destek,WING,0.0,,0.0,50.0,50.0,7.764865586282733,1.8159958160330685,0.0202489889076296,0.1340871838724566,2.5293715910656465,0.0,0.0,0.0,0.0,,,75.0,70.0,2.5,60.0,0.0,1.5,0.0,0.1340871838724566,Süper Lig,0.0,,,,,,,,,,,,,,,,,,,,,,,,,,,,,,,,,,,,,,,,,,,,,,,,,,,,,,,,,,,,,,,,,,,,,,,,,,,,,,,,,,,,,,,,,,,,,,,,,,,,,,,,,,,,,,,,,,,,,,,,,,,,,,,,,,,,,,,,,,,,,,,,,,,,,,,,,,,,,,,,,,,,,,,,,,,,,,,,,,,,,,,,,,,,,,,,,,,,,,,,,,,,,,,,,,,,,,,,,,,,,,,,,,,,,,,,,,,,,,,,,,,,,,,,,,,,,,,,,,,,,,,,,0.0,6.904761904761905,4.891304347826086,3.856348735489827,2.071795047103076,0.0,3.2689132082236596,4.373826541657957
Halil Dervişoğlu,Rizespor,FW,0.0,0.0,0.0,FW,True,False,Rizespor,Santrafor,Yardımcı Forvet (Hücum),Yardımcı Forvet,Hücum,FWD,0.0,,0.0,50.0,50.0,0.0,3.176269848707112,,,0.0,0.0,0.0,0.0,0.0,1.7093117337465316,0.7310595798821802,75.0,70.0,2.5,60.0,0.0,1.5,0.7310595798821802,0.0,Süper Lig,0.0,,,,,,,,,,,,,,,,,,,,,,,,,,,,,,,,,,,,,,,,,,,,,,,,,,,,,,,,,,,,,,,,,,,,,,,,,,,,,,,,,,,,,,,,,,,,,,,,,,,,,,,,,,,,,,,,,,,,,,,,,,,,,,,,,,,,,,,,,,,,,,,,,,,,,,,,,,,,,,,,,,,,,,,,,,,,,,,,,,,,,,,,,,,,,,,,,,,,,,,,,,,,,,,,,,,,,,,,,,,,,,,,,,,,,,,,,,,,,,,,,,,,,,,,,,,,,,,,,,,,,,,,,0.0,6.904761904761905,4.891304347826086,0.0,3.696236675446085,0.0,4.289170576696223,2.445652173913043
Altin Zeqiri,Rizespor,FW,0.3,0.0,0.3,MF,True,True,Rizespor,Sol Kanat,Kanat Oyuncusu (Destek),Kanat Oyuncusu,Destek,WING,0.0,,0.0,50.0,50.0,7.744873125367455,1.019137130219772,0.0157567334771277,0.1805373631705186,3.77448841743277,0.0,0.0,0.0,0.0,,,75.0,70.0,2.5,60.0,0.0,1.5,0.3,0.1805373631705186,Süper Lig,0.0,,,,,,,,,,,,,,,,,,,,,,,,,,,,,,,,,,,,,,,,,,,,,,,,,,,,,,,,,,,,,,,,,,,,,,,,,,,,,,,,,,,,,,,,,,,,,,,,,,,,,,,,,,,,,,,,,,,,,,,,,,,,,,,,,,,,,,,,,,,,,,,,,,,,,,,,,,,,,,,,,,,,,,,,,,,,,,,,,,,,,,,,,,,,,,,,,,,,,,,,,,,,,,,,,,,,,,,,,,,,,,,,,,,,,,,,,,,,,,,,,,,,,,,,,,,,,,,,,,,,,,,,,0.0,6.904761904761905,4.891304347826086,2.7221494526820744,4.444360711036284,0.0,4.001516327067162,3.8067269002540804
Xusniddin Aliqulov,Rizespor,DF,0.0,0.0,0.0,DF,False,True,Rizespor,,Merkez Orta Saha,Merkez Orta Saha,,MID,0.0,,0.0,50.0,50.0,0.0,1.738123101297389,0.2234974275019676,0.2917774866781549,2.3406463159248405,1.1272268465434114,1.141402000555006,2.2667399849444885,7.857096448349268,,,80.54936732634567,70.0,2.5,60.0,0.0,1.5,0.0,0.2917774866781549,Süper Lig,0.0,,,,,,,,,,,,,,,,,,,,,,,,,,,,,,,,,,,,,,,,,,,,,,,,,,,,,,,,,,,,,,,,,,,,,,,,,,,,,,,,,,,,,,,,,,,,,,,,,,,,,,,,,,,,,,,,,,,,,,,,,,,,,,,,,,,,,,,,,,,,,,,,,,,,,,,,,,,,,,,,,,,,,,,,,,,,,,,,,,,,,,,,,,,,,,,,,,,,,,,,,,,,,,,,,,,,,,,,,,,,,,,,,,,,,,,,,,,,,,,,,,,,,,,,,,,,,,,,,,,,,,,,,1.9642741120873173,6.904761904761905,6.386589600712179,3.9185945110748936,1.9428223140945933,0.0,4.793555032159073,5.152592055893536
Modibo Sagnan,Rizespor,DF,0.0,0.0,0.0,DF,False,True,Rizespor,Stoper,Standart Stoper (Sıkı Defans),Standart Stoper,Sıkı Defans,CB,3.089622607083297,1.4721635649834737,8.434832420091205,51.77971621150572,52.73823772176552,0.0,0.0,,,0.0,0.0,0.0,2.0387682031757746,0.0,,,85.86003742246439,70.0,2.5,60.0,0.0,1.5,0.0,0.0,Süper Lig,0.0,,,,,,,,,,,,,,,,,,,,,,,,,,,,,,,,,,,,,,,,,,,,,,,,,,,,,,,,,,,,,,,,,,,,,,,,,,,,,,,,,,,,,,,,,,,,,,,,,,,,,,,,,,,,,,,,,,,,,,,,,,,,,,,,,,,,,,,,,,,,,,,,,,,,,,,,,,,,,,,,,,,,,,,,,,,,,,,,,,,,,,,,,,,,,,,,,,,,,,,,,,,,,,,,,,,,,,,,,,,,,,,,,,,,,,,,,,,,,,,,,,,,,,,,,,,,,,,,,,,,,,,,,6.746331206296263,7.214433672749063,6.618951759574696,0.0,0.0,0.0,6.908096303533069,3.309475879787348
Valentin Mihaila,Rizespor,MF,0.525,0.0,0.6,MF,True,True,Rizespor,,Merkez Orta Saha,Merkez Orta Saha,,MID,0.0,,0.0,50.0,50.0,0.0,1.7846432366321436,0.1635731380812404,0.1541544726093484,0.926837998108643,1.1272268465434114,1.1638182722221184,4.273821712763305,6.93145188383413,,,85.96228312696142,70.0,2.5,60.0,0.0,1.5,0.525,0.1541544726093484,Süper Lig,0.0,,,,,,,,,,,,,,,,,,,,,,,,,,,,,,,,,,,,,,,,,,,,,,,,,,,,,,,,,,,,,,,,,,,,,,,,,,,,,,,,,,,,,,,,,,,,,,,,,,,,,,,,,,,,,,,,,,,,,,,,,,,,,,,,,,,,,,,,,,,,,,,,,,,,,,,,,,,,,,,,,,,,,,,,,,,,,,,,,,,,,,,,,,,,,,,,,,,,,,,,,,,,,,,,,,,,,,,,,,,,,,,,,,,,,,,,,,,,,,,,,,,,,,,,,,,,,,,,,,,,,,,,,1.7328629709585328,6.904761904761905,7.743146712487833,3.368102454799668,4.938885437557497,0.0,4.937218510751984,5.55562458364375
Taylan Antalyalı,Rizespor,MF,0.0,0.0,0.0,MF,True,True,Rizespor,Ön Libero,Defansif Oyun Kurucu (Savunma),Defansif Oyun Kurucu,Savunma,DM,0.0,,0.0,50.0,50.0,0.0,2.2797472554837266,0.0380260708055682,0.1058166372730228,3.3135614778688405,1.525665316317482,1.4739834868653223,5.3739315108370524,6.305144223654835,,,82.93436986659054,70.0,2.5,60.0,0.0,1.5,0.0,0.1058166372730228,Süper Lig,0.0,,,,,,,,,,,,,,,,,,,,,,,,,,,,,,,,,,,,,,,,,,,,,,,,,,,,,,,,,,,,,,,,,,,,,,,,,,,,,,,,,,,,,,,,,,,,,,,,,,,,,,,,,,,,,,,,,,,,,,,,,,,,,,,,,,,,,,,,,,,,,,,,,,,,,,,,,,,,,,,,,,,,,,,,,,,,,,,,,,,,,,,,,,,,,,,,,,,,,,,,,,,,,,,,,,,,,,,,,,,,,,,,,,,,,,,,,,,,,,,,,,,,,,,,,,,,,,,,,,,,,,,,,1.576286055913709,6.904761904761905,8.095729007587472,3.4403767599704125,2.670001741371632,0.0,5.130661696070296,5.768052883778942
Dal Varesanovic,Rizespor,MF,0.0,0.0,0.0,MF,True,True,Rizespor,,Merkez Orta Saha,Merkez Orta Saha,,MID,0.0,,0.0,50.0,50.0,0.0,1.7370063325511356,0.1100808545920872,0.090767214060983,2.661722227785216,3.6003110635180007,1.90442093220339,5.387658069418423,3.5219205594684606,,,82.82887511159174,70.0,2.5,60.0,0.0,1.5,0.0,0.090767214060983,Süper Lig,0.0,,,,,,,,,,,,,,,,,,,,,,,,,,,,,,,,,,,,,,,,,,,,,,,,,,,,,,,,,,,,,,,,,,,,,,,,,,,,,,,,,,,,,,,,,,,,,,,,,,,,,,,,,,,,,,,,,,,,,,,,,,,,,,,,,,,,,,,,,,,,,,,,,,,,,,,,,,,,,,,,,,,,,,,,,,,,,,,,,,,,,,,,,,,,,,,,,,,,,,,,,,,,,,,,,,,,,,,,,,,,,,,,,,,,,,,,,,,,,,,,,,,,,,,,,,,,,,,,,,,,,,,,,0.8804801398671153,6.904761904761905,8.095712194160846,4.363068856243933,2.10286392835978,0.0,5.06100577375845,6.22939052520239
Seyfettin Anıl Yaşar,Rizespor,DF,0.0,0.0,0.0,DF,False,True,Rizespor,,Merkez Orta Saha,Merkez Orta Saha,,MID,0.0,,0.0,50.0,50.0,0.0,1.68926052799613,0.1538245062674505,0.0681183428467051,2.626586141598566,1.84743623193108,0.5960095199129314,3.865613092111918,5.4507192784241925,,,88.61504265875536,70.0,2.5,60.0,0.0,1.5,0.0,0.0681183428467051,Süper Lig,0.0,,,,,,,,,,,,,,,,,,,,,,,,,,,,,,,,,,,,,,,,,,,,,,,,,,,,,,,,,,,,,,,,,,,,,,,,,,,,,,,,,,,,,,,,,,,,,,,,,,,,,,,,,,,,,,,,,,,,,,,,,,,,,,,,,,,,,,,,,,,,,,,,,,,,,,,,,,,,,,,,,,,,,,,,,,,,,,,,,,,,,,,,,,,,,,,,,,,,,,,,,,,,,,,,,,,,,,,,,,,,,,,,,,,,,,,,,,,,,,,,,,,,,,,,,,,,,,,,,,,,,,,,,1.3626798196060483,6.904761904761905,7.7120484585834825,3.504097526007541,2.0640755276864517,0.0,4.870896927239745,5.6080729922955115
Yakup Ayan,Rizespor,NAN,0.0,0.0,0.0,NAN,False,False,Rizespor,,Merkez Orta Saha,Merkez Orta Saha,,MID,0.0,,0.0,50.0,50.0,0.0,0.5420451568519457,0.0208660212473458,0.0201766537696587,1.3823229114738365,3.8513775117258873,1.7371148560205114,6.708459933290153,5.236131102073884,,,88.74675417758206,70.0,2.5,60.0,0.0,1.5,0.0,0.0201766537696587,Süper Lig,0.0,,,,,,,,,,,,,,,,,,,,,,,,,,,,,,,,,,,,,,,,,,,,,,,,,,,,,,,,,,,,,,,,,,,,,,,,,,,,,,,,,,,,,,,,,,,,,,,,,,,,,,,,,,,,,,,,,,,,,,,,,,,,,,,,,,,,,,,,,,,,,,,,,,,,,,,,,,,,,,,,,,,,,,,,,,,,,,,,,,,,,,,,,,,,,,,,,,,,,,,,,,,,,,,,,,,,,,,,,,,,,,,,,,,,,,,,,,,,,,,,,,,,,,,,,,,,,,,,,,,,,,,,,1.309032775518471,6.904761904761905,9.142061760835212,4.080706615078635,0.9320704143377829,0.0,5.359140764048556,6.611384187956924
Bayram Çapoğlu,Rizespor,MF,0.0,0.0,0.0,MF,True,True,Rizespor,,Merkez Orta Saha,Merkez Orta Saha,,MID,0.0,,0.0,50.0,50.0,0.0,1.4886568460849283,0.2206040921018346,0.1198567925921496,2.578990769628174,2.7448668789675805,0.9385746656182896,2.836785161183905,4.558522702561957,,,88.91010316864303,70.0,2.5,60.0,0.0,1.5,0.0,0.1198567925921496,Süper Lig,0.0,,,,,,,,,,,,,,,,,,,,,,,,,,,,,,,,,,,,,,,,,,,,,,,,,,,,,,,,,,,,,,,,,,,,,,,,,,,,,,,,,,,,,,,,,,,,,,,,,,,,,,,,,,,,,,,,,,,,,,,,,,,,,,,,,,,,,,,,,,,,,,,,,,,,,,,,,,,,,,,,,,,,,,,,,,,,,,,,,,,,,,,,,,,,,,,,,,,,,,,,,,,,,,,,,,,,,,,,,,,,,,,,,,,,,,,,,,,,,,,,,,,,,,,,,,,,,,,,,,,,,,,,,1.1396306756404893,6.904761904761905,7.216877569851281,4.309338423013652,1.9511206497407219,0.0,4.892652143316832,5.763107996432467
Emir Çoban,Rizespor,DF,0.0,0.0,0.0,DF,False,True,Rizespor,,Merkez Orta Saha,Merkez Orta Saha,,MID,0.0,,0.0,50.0,50.0,0.0,0.7153549017157875,0.2009008838603838,0.0945866922457741,1.863433895266228,2.3098425693062983,1.1658791817595668,4.501797231077803,7.34052068213151,,,81.76653691818032,70.0,2.5,60.0,0.0,1.5,0.0,0.0945866922457741,Süper Lig,0.0,,,,,,,,,,,,,,,,,,,,,,,,,,,,,,,,,,,,,,,,,,,,,,,,,,,,,,,,,,,,,,,,,,,,,,,,,,,,,,,,,,,,,,,,,,,,,,,,,,,,,,,,,,,,,,,,,,,,,,,,,,,,,,,,,,,,,,,,,,,,,,,,,,,,,,,,,,,,,,,,,,,,,,,,,,,,,,,,,,,,,,,,,,,,,,,,,,,,,,,,,,,,,,,,,,,,,,,,,,,,,,,,,,,,,,,,,,,,,,,,,,,,,,,,,,,,,,,,,,,,,,,,,1.8351301705328775,6.904761904761905,7.58349884933327,3.9182418151872955,1.2496524595067973,0.0,5.060408184953837,5.750870332260282
Efe Doğan,Rizespor,GK,0.0,0.0,0.0,GK,False,False,Rizespor,Kaleci,Kaleci (Savunma),Kaleci,Savunma,GK,0.0,,0.0,50.0,50.0,0.0,0.0,,,0.0,0.0,0.0,0.0,0.0,,,75.0,56.30103185970559,2.2236519310393126,77.80531604557584,0.7774683769652668,1.5364066071536988,0.0,0.0,Süper Lig,0.0,,,,,,,,,,,,,,,,,,,,,,,,,,,,,,,,,,,,,,,,,,,,,,,,,,,,,,,,,,,,,,,,,,,,,,,,,,,,,,,,,,,,,,,,,,,,,,,,,,,,,,,,,,,,,,,,,,,,,,,,,,,,,,,,,,,,,,,,,,,,,,,,,,,,,,,,,,,,,,,,,,,,,,,,,,,,,,,,,,,,,,,,,,,,,,,,,,,,,,,,,,,,,,,,,,,,,,,,,,,,,,,,,,,,,,,,,,,,,,,,,,,,,,,,,,,,,,,,,,,,,,,,,0.0,6.904761904761905,4.891304347826086,0.0,0.0,4.387390462039466,4.387390462039466,2.445652173913043
Furkan Orak,Rizespor,DF,0.0,0.0,0.0,DF,False,True,Rizespor,Sağ Bek,Standart Bek (Savunma),Standart Bek,Savunma,FB,2.313896377257821,,0.0,43.10986083203685,50.0,4.633802245334513,0.0,,,0.0,0.0,0.0,0.0,0.0,,,78.85734482654719,70.0,2.5,60.0,0.0,1.5,0.0,0.0,Süper Lig,0.0,,,,,,,,,,,,,,,,,,,,,,,,,,,,,,,,,,,,,,,,,,,,,,,,,,,,,,,,,,,,,,,,,,,,,,,,,,,,,,,,,,,,,,,,,,,,,,,,,,,,,,,,,,,,,,,,,,,,,,,,,,,,,,,,,,,,,,,,,,,,,,,,,,,,,,,,,,,,,,,,,,,,,,,,,,,,,,,,,,,,,,,,,,,,,,,,,,,,,,,,,,,,,,,,,,,,,,,,,,,,,,,,,,,,,,,,,,,,,,,,,,,,,,,,,,,,,,,,,,,,,,,,,2.05679677978473,6.412609107050251,5.142870314774816,1.8535208981338052,0.0,0.0,2.355973043080028,3.4981956064543107
Osman Topçu,Rizespor,GK,0.0,0.0,0.0,GK,False,False,Rizespor,,Merkez Orta Saha,Merkez Orta Saha,,MID,0.0,,0.0,50.0,50.0,0.0,1.94861091431512,0.1263016933941595,0.3382460850532425,2.5583290380120287,2.740266504008364,0.5834547459142635,5.454419882754114,5.975254410472624,,,86.29266975287115,70.0,2.5,60.0,0.0,1.5,0.0,0.3382460850532425,Süper Lig,0.0,,,,,,,,,,,,,,,,,,,,,,,,,,,,,,,,,,,,,,,,,,,,,,,,,,,,,,,,,,,,,,,,,,,,,,,,,,,,,,,,,,,,,,,,,,,,,,,,,,,,,,,,,,,,,,,,,,,,,,,,,,,,,,,,,,,,,,,,,,,,,,,,,,,,,,,,,,,,,,,,,,,,,,,,,,,,,,,,,,,,,,,,,,,,,,,,,,,,,,,,,,,,,,,,,,,,,,,,,,,,,,,,,,,,,,,,,,,,,,,,,,,,,,,,,,,,,,,,,,,,,,,,,1.493813602618156,6.904761904761905,8.354992751346915,5.179828676218547,2.145213814257179,0.0,5.48334923373638,6.767410713782731
Deniz Yaşar,Rizespor,FW,0.0,0.0,0.0,FW,True,False,Rizespor,Stoper,Standart Stoper (Savunma),Standart Stoper,Savunma,CB,2.505274186210384,1.5753719363797112,8.893765969874817,57.97439075734403,64.83260914107744,0.0,0.0,,,0.0,0.0,0.0,3.909636480122917,0.0,,,78.18728507646034,70.0,2.5,60.0,0.0,1.5,0.0,0.0,Süper Lig,0.0,,,,,,,,,,,,,,,,,,,,,,,,,,,,,,,,,,,,,,,,,,,,,,,,,,,,,,,,,,,,,,,,,,,,,,,,,,,,,,,,,,,,,,,,,,,,,,,,,,,,,,,,,,,,,,,,,,,,,,,,,,,,,,,,,,,,,,,,,,,,,,,,,,,,,,,,,,,,,,,,,,,,,,,,,,,,,,,,,,,,,,,,,,,,,,,,,,,,,,,,,,,,,,,,,,,,,,,,,,,,,,,,,,,,,,,,,,,,,,,,,,,,,,,,,,,,,,,,,,,,,,,,,6.226910387742564,8.463201853977356,7.053989005917568,0.0,0.0,0.0,7.286842697871482,3.526994502958784
Opponent Total,Rizespor,NAN,0.0,0.0,0.0,NAN,False,False,Rizespor,,Merkez Orta Saha,Merkez Orta Saha,,MID,0.0,,0.0,50.0,50.0,0.0,1.4756660337066163,0.2417816538147926,0.1951980891875153,1.087801181831575,2.5500951556788034,0.9515691167514696,5.485679029459046,3.486277295445888,,,81.25959817529244,70.0,2.5,60.0,0.0,1.5,0.0,0.1951980891875153,Süper Lig,0.0,,,,,,,,,,,,,,,,,,,,,,,,,,,,,,,,,,,,,,,,,,,,,,,,,,,,,,,,,,,,,,,,,,,,,,,,,,,,,,,,,,,,,,,,,,,,,,,,,,,,,,,,,,,,,,,,,,,,,,,,,,,,,,,,,,,,,,,,,,,,,,,,,,,,,,,,,,,,,,,,,,,,,,,,,,,,,,,,,,,,,,,,,,,,,,,,,,,,,,,,,,,,,,,,,,,,,,,,,,,,,,,,,,,,,,,,,,,,,,,,,,,,,,,,,,,,,,,,,,,,,,,,,0.871569323861472,6.904761904761905,8.042378526161638,4.480855793869264,1.1997521614520614,0.0,5.07489138716357,6.261617160015451
Rick van Drongelen,Samsunspor,DF,0.18,0.0,0.18,DF,False,True,Samsunspor,,Merkez Orta Saha,Merkez Orta Saha,,MID,0.0,,0.0,50.0,50.0,0.0,1.8284783363375416,0.1044402448187749,0.1215469636606776,2.576182322428197,3.276328761271976,1.2539468639451958,5.2431947838440776,4.3210992116988685,,,80.28731799689339,70.0,2.5,60.0,0.0,1.5,0.18,0.1215469636606776,Süper Lig,0.0,,,,,,,,,,,,,,,,,,,,,,,,,,,,,,,,,,,,,,,,,,,,,,,,,,,,,,,,,,,,,,,,,,,,,,,,,,,,,,,,,,,,,,,,,,,,,,,,,,,,,,,,,,,,,,,,,,,,,,,,,,,,,,,,,,,,,,,,,,,,,,,,,,,,,,,,,,,,,,,,,,,,,,,,,,,,,,,,,,,,,,,,,,,,,,,,,,,,,,,,,,,,,,,,,,,,,,,,,,,,,,,,,,,,,,,,,,,,,,,,,,,,,,,,,,,,,,,,,,,,,,,,,1.0802748029247171,6.904761904761905,7.857726826502043,4.4861878546427105,3.3632481995863395,0.0,5.0822378472078436,6.171957340572376
Okan Kocuk,Samsunspor,GK,0.0,0.0,0.0,GK,False,False,Samsunspor,Kaleci,Kaleci (Savunma),Kaleci,Savunma,GK,0.0,,0.0,50.0,50.0,0.0,0.0,,,0.0,0.0,0.0,0.0,0.0,,,75.0,73.97771074506667,4.960660809801552,64.9858445829775,0.3510693774952185,1.080103019450806,0.0,0.0,Süper Lig,0.0,,,,,,,,,,,,,,,,,,,,,,,,,,,,,,,,,,,,,,,,,,,,,,,,,,,,,,,,,,,,,,,,,,,,,,,,,,,,,,,,,,,,,,,,,,,,,,,,,,,,,,,,,,,,,,,,,,,,,,,,,,,,,,,,,,,,,,,,,,,,,,,,,,,,,,,,,,,,,,,,,,,,,,,,,,,,,,,,,,,,,,,,,,,,,,,,,,,,,,,,,,,,,,,,,,,,,,,,,,,,,,,,,,,,,,,,,,,,,,,,,,,,,,,,,,,,,,,,,,,,,,,,,0.0,6.904761904761905,4.891304347826086,0.0,0.0,7.255503197113982,7.255503197113982,2.445652173913043
Ľubomír Šatka,Samsunspor,DF,0.0,0.1,0.1,DF,False,True,Samsunspor,Stoper,Standart Stoper (Savunma),Standart Stoper,Savunma,CB,2.653807769252718,1.679005875999323,7.356800499422319,71.12188277423637,52.73823772176552,0.0,0.0,,,0.0,0.0,0.0,2.0387682031757746,0.0,,,81.53543786887349,70.0,2.5,60.0,0.0,1.5,0.0,0.1,Süper Lig,0.0,,,,,,,,,,,,,,,,,,,,,,,,,,,,,,,,,,,,,,,,,,,,,,,,,,,,,,,,,,,,,,,,,,,,,,,,,,,,,,,,,,,,,,,,,,,,,,,,,,,,,,,,,,,,,,,,,,,,,,,,,,,,,,,,,,,,,,,,,,,,,,,,,,,,,,,,,,,,,,,,,,,,,,,,,,,,,,,,,,,,,,,,,,,,,,,,,,,,,,,,,,,,,,,,,,,,,,,,,,,,,,,,,,,,,,,,,,,,,,,,,,,,,,,,,,,,,,,,,,,,,,,,,6.35894023933575,8.515882514784368,6.336912658253548,0.8000000000000002,0.0,0.0,7.217311633298757,3.568456329126774
Logi Tómasson,Samsunspor,DF,0.0,0.2,0.2,DF,False,True,Samsunspor,,Merkez Orta Saha,Merkez Orta Saha,,MID,0.0,,0.0,50.0,50.0,0.0,0.5420451568519457,0.2459098104948692,0.2031636603477936,3.4984170595808,1.847488197918557,0.5842641160211586,3.376441067259301,7.099552581957576,,,80.21558948816843,70.0,2.5,60.0,0.0,1.5,0.0,0.2031636603477936,Süper Lig,0.0,,,,,,,,,,,,,,,,,,,,,,,,,,,,,,,,,,,,,,,,,,,,,,,,,,,,,,,,,,,,,,,,,,,,,,,,,,,,,,,,,,,,,,,,,,,,,,,,,,,,,,,,,,,,,,,,,,,,,,,,,,,,,,,,,,,,,,,,,,,,,,,,,,,,,,,,,,,,,,,,,,,,,,,,,,,,,,,,,,,,,,,,,,,,,,,,,,,,,,,,,,,,,,,,,,,,,,,,,,,,,,,,,,,,,,,,,,,,,,,,,,,,,,,,,,,,,,,,,,,,,,,,,1.774888145489394,6.904761904761905,6.919672021988461,4.844313440003546,1.9901174883912651,0.0,5.110908878060826,5.881992730996004
Carlo Holse,Samsunspor,MF,0.525,0.11,0.6179999999999995,MF,True,True,Samsunspor,On Numara,Serbest Oyuncu (Trequartista),Serbest Oyuncu,Trequartista,AM,0.0,,0.0,50.0,50.0,0.0,0.5780632336961868,0.1669799997009067,0.0487188454709934,0.9301725049235012,2.059151174800907,1.2366435940747478,2.7810328434331097,3.456785156941801,,,82.10529145036313,70.0,2.5,60.0,0.0,1.5,0.525,0.0487188454709934,Süper Lig,0.0,,,,,,,,,,,,,,,,,,,,,,,,,,,,,,,,,,,,,,,,,,,,,,,,,,,,,,,,,,,,,,,,,,,,,,,,,,,,,,,,,,,,,,,,,,,,,,,,,,,,,,,,,,,,,,,,,,,,,,,,,,,,,,,,,,,,,,,,,,,,,,,,,,,,,,,,,,,,,,,,,,,,,,,,,,,,,,,,,,,,,,,,,,,,,,,,,,,,,,,,,,,,,,,,,,,,,,,,,,,,,,,,,,,,,,,,,,,,,,,,,,,,,,,,,,,,,,,,,,,,,,,,,0.8641962892354503,6.904761904761905,6.74520934239241,4.0076428317512445,4.404294911882277,0.0,4.6741517579187875,5.3764260870718275
Zeki Yavru,Samsunspor,DF,0.0,0.0,0.0,DF,False,True,Samsunspor,Sağ Bek,Standart Bek (Destek),Standart Bek,Destek,FB,1.809107171041883,,0.0,48.415106954848014,50.0,3.333567179064482,0.0,,,0.0,0.0,0.0,0.0,0.0,,,84.32501747353648,70.0,2.5,60.0,0.0,1.5,0.0,0.0,Süper Lig,0.0,,,,,,,,,,,,,,,,,,,,,,,,,,,,,,,,,,,,,,,,,,,,,,,,,,,,,,,,,,,,,,,,,,,,,,,,,,,,,,,,,,,,,,,,,,,,,,,,,,,,,,,,,,,,,,,,,,,,,,,,,,,,,,,,,,,,,,,,,,,,,,,,,,,,,,,,,,,,,,,,,,,,,,,,,,,,,,,,,,,,,,,,,,,,,,,,,,,,,,,,,,,,,,,,,,,,,,,,,,,,,,,,,,,,,,,,,,,,,,,,,,,,,,,,,,,,,,,,,,,,,,,,,1.6080952631483403,6.791555258679621,5.499457661317596,1.3334268716257927,0.0,0.0,2.176916292604222,3.4164422664716945
Anthony Musaba,Samsunspor,MF,0.23,0.23,0.47,MF,True,True,Samsunspor,Sağ Kanat,Kanat Oyuncusu (Hücum),Kanat Oyuncusu,Hücum,WING,0.0,,0.0,50.0,50.0,5.341452786856809,3.93506436117057,0.2295799464276041,0.2042277907042413,4.065862586038598,0.0,0.0,0.0,0.0,,,75.0,70.0,2.5,60.0,0.0,1.5,0.23,0.2042277907042413,Süper Lig,0.0,,,,,,,,,,,,,,,,,,,,,,,,,,,,,,,,,,,,,,,,,,,,,,,,,,,,,,,,,,,,,,,,,,,,,,,,,,,,,,,,,,,,,,,,,,,,,,,,,,,,,,,,,,,,,,,,,,,,,,,,,,,,,,,,,,,,,,,,,,,,,,,,,,,,,,,,,,,,,,,,,,,,,,,,,,,,,,,,,,,,,,,,,,,,,,,,,,,,,,,,,,,,,,,,,,,,,,,,,,,,,,,,,,,,,,,,,,,,,,,,,,,,,,,,,,,,,,,,,,,,,,,,,0.0,6.904761904761905,4.891304347826086,3.7369111628169653,5.362111938298031,0.0,4.8662966247519925,4.314107755321526
Olivier Ntcham,Samsunspor,MF,0.0,0.0,0.0,MF,True,True,Samsunspor,Merkez Orta Saha,İki Yönlü Orta Saha,İki Yönlü Orta Saha,,MID,3.294336567705979,,0.0,50.0,50.0,0.0,1.904279114931633,0.1586678183134853,0.155415312220771,3.438370297397557,3.5409065626211813,1.1022017355838187,6.767139611284845,8.107241484292611,,,75.0,70.0,2.5,60.0,0.0,1.5,0.0,0.155415312220771,Süper Lig,0.0,,,,,,,,,,,,,,,,,,,,,,,,,,,,,,,,,,,,,,,,,,,,,,,,,,,,,,,,,,,,,,,,,,,,,,,,,,,,,,,,,,,,,,,,,,,,,,,,,,,,,,,,,,,,,,,,,,,,,,,,,,,,,,,,,,,,,,,,,,,,,,,,,,,,,,,,,,,,,,,,,,,,,,,,,,,,,,,,,,,,,,,,,,,,,,,,,,,,,,,,,,,,,,,,,,,,,,,,,,,,,,,,,,,,,,,,,,,,,,,,,,,,,,,,,,,,,,,,,,,,,,,,,4.928299171294204,6.904761904761905,8.27487415346851,4.621661248883084,2.565531422001727,0.0,6.182399119601926,6.448267701175797
Marius Mouandilmadji,Samsunspor,FW,0.25,0.0,0.25,FW,True,False,Samsunspor,Santrafor,Pivot Santrafor (Destek),Pivot Santrafor,Destek,FWD,0.0,,0.0,50.0,50.0,0.0,2.841274225143174,,,0.0,0.0,0.0,0.0,3.890439842422983,7.470955049375981,0.9664112710987464,75.0,70.0,2.5,60.0,0.0,1.5,0.9664112710987464,0.0,Süper Lig,0.0,,,,,,,,,,,,,,,,,,,,,,,,,,,,,,,,,,,,,,,,,,,,,,,,,,,,,,,,,,,,,,,,,,,,,,,,,,,,,,,,,,,,,,,,,,,,,,,,,,,,,,,,,,,,,,,,,,,,,,,,,,,,,,,,,,,,,,,,,,,,,,,,,,,,,,,,,,,,,,,,,,,,,,,,,,,,,,,,,,,,,,,,,,,,,,,,,,,,,,,,,,,,,,,,,,,,,,,,,,,,,,,,,,,,,,,,,,,,,,,,,,,,,,,,,,,,,,,,,,,,,,,,,0.9726099606057459,6.904761904761905,4.891304347826086,0.0,4.7350107667303,0.0,4.912435031466751,2.445652173913043
Antoine Makoumbou,Samsunspor,MF,0.0,0.0,0.0,MF,True,True,Samsunspor,Ön Libero,Defansif Oyun Kurucu (Destek),Defansif Oyun Kurucu,Destek,DM,0.0,,0.0,50.0,50.0,0.0,0.5513771055972141,0.0414887238239462,0.2191820124973723,1.8986514939517507,3.682282907599752,1.890665943287641,5.179701634133554,5.970879162083846,,,83.15949143735786,70.0,2.5,60.0,0.0,1.5,0.0,0.2191820124973723,Süper Lig,0.0,,,,,,,,,,,,,,,,,,,,,,,,,,,,,,,,,,,,,,,,,,,,,,,,,,,,,,,,,,,,,,,,,,,,,,,,,,,,,,,,,,,,,,,,,,,,,,,,,,,,,,,,,,,,,,,,,,,,,,,,,,,,,,,,,,,,,,,,,,,,,,,,,,,,,,,,,,,,,,,,,,,,,,,,,,,,,,,,,,,,,,,,,,,,,,,,,,,,,,,,,,,,,,,,,,,,,,,,,,,,,,,,,,,,,,,,,,,,,,,,,,,,,,,,,,,,,,,,,,,,,,,,,1.4927197905209617,6.904761904761905,8.013295910807507,4.87672804998949,1.194382238352415,0.0,5.0725052608792085,6.445011980398498
Celil Yüksel,Samsunspor,MF,0.0,0.19,0.19,MF,True,True,Samsunspor,Merkez Orta Saha,Standart Orta Saha (Destek),Standart Orta Saha,Destek,MID,0.0,,0.0,50.0,50.0,0.0,0.5496391283070431,0.220481939576161,0.1711142411273579,3.1510343159106,3.8393695394512166,0.6580898271617078,4.996510580697189,5.883519463959888,,,87.97139005266082,70.0,2.5,60.0,0.0,1.5,0.0,0.1711142411273579,Süper Lig,0.0,,,,,,,,,,,,,,,,,,,,,,,,,,,,,,,,,,,,,,,,,,,,,,,,,,,,,,,,,,,,,,,,,,,,,,,,,,,,,,,,,,,,,,,,,,,,,,,,,,,,,,,,,,,,,,,,,,,,,,,,,,,,,,,,,,,,,,,,,,,,,,,,,,,,,,,,,,,,,,,,,,,,,,,,,,,,,,,,,,,,,,,,,,,,,,,,,,,,,,,,,,,,,,,,,,,,,,,,,,,,,,,,,,,,,,,,,,,,,,,,,,,,,,,,,,,,,,,,,,,,,,,,,1.4708798659899722,6.904761904761905,8.235519859000387,5.444456964509432,1.8198012149806524,0.0,5.513904648565424,6.839988411754909
Emre Kılınç,Samsunspor,FW,0.0,0.23,0.23,MF,True,True,Samsunspor,Sol Kanat,Çalışkan Kanat Oyuncusu (Destek),Çalışkan Kanat Oyuncusu,Destek,WING,0.0,,0.0,50.0,50.0,4.455733765345109,3.897241629459242,0.1571580435572716,0.3398486084166726,4.517920861271849,0.0,0.0,0.0,0.0,,,75.0,70.0,2.5,60.0,0.0,1.5,0.0,0.3398486084166726,Süper Lig,0.0,,,,,,,,,,,,,,,,,,,,,,,,,,,,,,,,,,,,,,,,,,,,,,,,,,,,,,,,,,,,,,,,,,,,,,,,,,,,,,,,,,,,,,,,,,,,,,,,,,,,,,,,,,,,,,,,,,,,,,,,,,,,,,,,,,,,,,,,,,,,,,,,,,,,,,,,,,,,,,,,,,,,,,,,,,,,,,,,,,,,,,,,,,,,,,,,,,,,,,,,,,,,,,,,,,,,,,,,,,,,,,,,,,,,,,,,,,,,,,,,,,,,,,,,,,,,,,,,,,,,,,,,,0.0,6.904761904761905,4.891304347826086,4.061687939804734,3.732107390870774,0.0,4.181205061833471,4.47649614381541
Tanguy Coulibaly,Samsunspor,MF,0.0,0.0,0.0,MF,True,True,Samsunspor,Sağ Kanat,Kanat Oyuncusu (Hücum),Kanat Oyuncusu,Hücum,WING,0.0,,0.0,50.0,50.0,4.537918575913662,2.1854658924169152,0.0140238381945519,0.0283402160829177,4.517920861271849,0.0,0.0,0.0,0.0,,,75.0,70.0,2.5,60.0,0.0,1.5,0.0,0.0283402160829177,Süper Lig,0.0,,,,,,,,,,,,,,,,,,,,,,,,,,,,,,,,,,,,,,,,,,,,,,,,,,,,,,,,,,,,,,,,,,,,,,,,,,,,,,,,,,,,,,,,,,,,,,,,,,,,,,,,,,,,,,,,,,,,,,,,,,,,,,,,,,,,,,,,,,,,,,,,,,,,,,,,,,,,,,,,,,,,,,,,,,,,,,,,,,,,,,,,,,,,,,,,,,,,,,,,,,,,,,,,,,,,,,,,,,,,,,,,,,,,,,,,,,,,,,,,,,,,,,,,,,,,,,,,,,,,,,,,,0.0,6.904761904761905,4.891304347826086,1.9285282946971358,2.971318174407518,0.0,2.947546595558804,3.409916321261611
Cherif Ndiaye,Samsunspor,FW,0.0,0.0,0.0,FW,True,False,Samsunspor,Santrafor,Pivot Santrafor (Hücum),Pivot Santrafor,Hücum,FWD,0.0,,0.0,50.0,50.0,0.0,4.6893127695543,,,0.0,0.0,0.0,0.0,3.1135117261813545,8.160532768337854,0.2524195665261111,75.0,70.0,2.5,60.0,0.0,1.5,0.2524195665261111,0.0,Süper Lig,0.0,,,,,,,,,,,,,,,,,,,,,,,,,,,,,,,,,,,,,,,,,,,,,,,,,,,,,,,,,,,,,,,,,,,,,,,,,,,,,,,,,,,,,,,,,,,,,,,,,,,,,,,,,,,,,,,,,,,,,,,,,,,,,,,,,,,,,,,,,,,,,,,,,,,,,,,,,,,,,,,,,,,,,,,,,,,,,,,,,,,,,,,,,,,,,,,,,,,,,,,,,,,,,,,,,,,,,,,,,,,,,,,,,,,,,,,,,,,,,,,,,,,,,,,,,,,,,,,,,,,,,,,,,0.7783779315453387,6.904761904761905,4.891304347826086,0.0,2.788811145394097,0.0,3.74471525866503,2.445652173913043
Yunus Emre Çift,Samsunspor,MF,0.0,0.0,0.0,MF,True,True,Samsunspor,Stoper,Standart Stoper (Savunma),Standart Stoper,Savunma,CB,2.485035387637728,1.0717946725366894,5.98184791600926,50.58179839339565,66.48586646971206,0.0,0.0,,,0.0,0.0,0.0,3.673429341094213,0.0,,,79.18979942294123,70.0,2.5,60.0,0.0,1.5,0.0,0.0,Süper Lig,0.0,,,,,,,,,,,,,,,,,,,,,,,,,,,,,,,,,,,,,,,,,,,,,,,,,,,,,,,,,,,,,,,,,,,,,,,,,,,,,,,,,,,,,,,,,,,,,,,,,,,,,,,,,,,,,,,,,,,,,,,,,,,,,,,,,,,,,,,,,,,,,,,,,,,,,,,,,,,,,,,,,,,,,,,,,,,,,,,,,,,,,,,,,,,,,,,,,,,,,,,,,,,,,,,,,,,,,,,,,,,,,,,,,,,,,,,,,,,,,,,,,,,,,,,,,,,,,,,,,,,,,,,,,6.196818955239709,8.045376697509067,7.001266806825884,0.0,0.0,0.0,7.097131622464687,3.500633403412942
Landry Dimata,Samsunspor,FW,0.0,0.0,0.0,MF,True,True,Samsunspor,,Merkez Orta Saha,Merkez Orta Saha,,MID,0.0,,0.0,50.0,50.0,0.0,0.5420451568519457,0.1068724219801537,0.1406225802290134,2.9124408069573384,3.677674682459424,1.6466610921132565,2.8967800514462048,6.554446707957106,,,79.43869312167254,70.0,2.5,60.0,0.0,1.5,0.0,0.1406225802290134,Süper Lig,0.0,,,,,,,,,,,,,,,,,,,,,,,,,,,,,,,,,,,,,,,,,,,,,,,,,,,,,,,,,,,,,,,,,,,,,,,,,,,,,,,,,,,,,,,,,,,,,,,,,,,,,,,,,,,,,,,,,,,,,,,,,,,,,,,,,,,,,,,,,,,,,,,,,,,,,,,,,,,,,,,,,,,,,,,,,,,,,,,,,,,,,,,,,,,,,,,,,,,,,,,,,,,,,,,,,,,,,,,,,,,,,,,,,,,,,,,,,,,,,,,,,,,,,,,,,,,,,,,,,,,,,,,,,1.6386116769892767,6.904761904761905,6.629174359745225,4.562490320916054,1.6971293620795342,0.0,4.933759565603115,5.59583234033064
Joe Mendes,Samsunspor,MF,0.0,0.0,0.0,MF,True,True,Samsunspor,Sağ Bek,Standart Bek (Hücum),Standart Bek,Hücum,FB,1.9544739425456323,,0.0,43.36036692347436,50.0,2.60340566705456,0.0,,,0.0,0.0,0.0,0.0,0.0,,,80.33105117245731,70.0,2.5,60.0,0.0,1.5,0.0,0.0,Süper Lig,0.0,,,,,,,,,,,,,,,,,,,,,,,,,,,,,,,,,,,,,,,,,,,,,,,,,,,,,,,,,,,,,,,,,,,,,,,,,,,,,,,,,,,,,,,,,,,,,,,,,,,,,,,,,,,,,,,,,,,,,,,,,,,,,,,,,,,,,,,,,,,,,,,,,,,,,,,,,,,,,,,,,,,,,,,,,,,,,,,,,,,,,,,,,,,,,,,,,,,,,,,,,,,,,,,,,,,,,,,,,,,,,,,,,,,,,,,,,,,,,,,,,,,,,,,,,,,,,,,,,,,,,,,,,1.7373101711516734,6.430502399295788,5.238981598203738,1.041362266821824,0.0,0.0,2.0564816223854,3.1401719325127813
Toni Borevkovic,Samsunspor,DF,0.0,0.0,0.0,DF,False,True,Samsunspor,,Merkez Orta Saha,Merkez Orta Saha,,MID,0.0,,0.0,50.0,50.0,0.0,2.408652936428908,0.0405583514456198,0.3420414376440454,2.330943904664004,2.2583439818719406,1.1145065800639888,5.525695727852817,7.948085795550895,,,86.81911016873873,70.0,2.5,60.0,0.0,1.5,0.0,0.3420414376440454,Süper Lig,0.0,,,,,,,,,,,,,,,,,,,,,,,,,,,,,,,,,,,,,,,,,,,,,,,,,,,,,,,,,,,,,,,,,,,,,,,,,,,,,,,,,,,,,,,,,,,,,,,,,,,,,,,,,,,,,,,,,,,,,,,,,,,,,,,,,,,,,,,,,,,,,,,,,,,,,,,,,,,,,,,,,,,,,,,,,,,,,,,,,,,,,,,,,,,,,,,,,,,,,,,,,,,,,,,,,,,,,,,,,,,,,,,,,,,,,,,,,,,,,,,,,,,,,,,,,,,,,,,,,,,,,,,,,1.9870214488877238,6.904761904761905,8.424963744496326,4.873728405157475,2.235984368522628,0.0,5.547618875825858,6.649346074826901
Afonso Sousa,Samsunspor,MF,0.0,0.0,0.0,MF,True,True,Samsunspor,On Numara,Ofansif Orta Saha (Hücum),Ofansif Orta Saha,Hücum,AM,0.0,,0.0,50.0,50.0,0.0,1.9487675548639145,0.0140238381945519,0.3081101667521244,2.793812864978582,3.341096509020645,1.482760571786507,4.275859958668282,5.086855247413158,,,84.37745897027166,70.0,2.5,60.0,0.0,1.5,0.0,0.3081101667521244,Süper Lig,0.0,,,,,,,,,,,,,,,,,,,,,,,,,,,,,,,,,,,,,,,,,,,,,,,,,,,,,,,,,,,,,,,,,,,,,,,,,,,,,,,,,,,,,,,,,,,,,,,,,,,,,,,,,,,,,,,,,,,,,,,,,,,,,,,,,,,,,,,,,,,,,,,,,,,,,,,,,,,,,,,,,,,,,,,,,,,,,,,,,,,,,,,,,,,,,,,,,,,,,,,,,,,,,,,,,,,,,,,,,,,,,,,,,,,,,,,,,,,,,,,,,,,,,,,,,,,,,,,,,,,,,,,,,1.2717138118532898,6.904761904761905,7.6408077382649005,5.232440667008498,2.263025345762142,0.0,4.823289484885871,6.436624202636699
Soner Gönül,Samsunspor,DF,0.0,0.0,0.0,DF,False,True,Samsunspor,Sol Bek,Standart Bek (Savunma),Standart Bek,Savunma,FB,2.1415911056324752,,0.0,43.10986083203685,50.0,2.8480232145765307,0.0,,,0.0,0.0,0.0,0.0,0.0,,,78.18728507646034,70.0,2.5,60.0,0.0,1.5,0.0,0.0,Süper Lig,0.0,,,,,,,,,,,,,,,,,,,,,,,,,,,,,,,,,,,,,,,,,,,,,,,,,,,,,,,,,,,,,,,,,,,,,,,,,,,,,,,,,,,,,,,,,,,,,,,,,,,,,,,,,,,,,,,,,,,,,,,,,,,,,,,,,,,,,,,,,,,,,,,,,,,,,,,,,,,,,,,,,,,,,,,,,,,,,,,,,,,,,,,,,,,,,,,,,,,,,,,,,,,,,,,,,,,,,,,,,,,,,,,,,,,,,,,,,,,,,,,,,,,,,,,,,,,,,,,,,,,,,,,,,1.903636538339978,6.412609107050251,5.099170765856109,1.1392092858306122,0.0,0.0,2.0924646117982055,3.119190025843361
Soner Aydoğdu,Samsunspor,MF,0.0,0.0,0.0,MF,True,True,Samsunspor,Merkez Orta Saha,Oyun Kurucu (Destek),Oyun Kurucu,Destek,MID,0.0,,0.0,50.0,50.0,0.0,1.1418279578543349,0.1399389209095956,0.218192085355804,3.17199201551364,2.4290071999032965,0.8903548969778441,5.338802958015765,7.068096915354381,,,81.45534411211192,70.0,2.5,60.0,0.0,1.5,0.0,0.218192085355804,Süper Lig,0.0,,,,,,,,,,,,,,,,,,,,,,,,,,,,,,,,,,,,,,,,,,,,,,,,,,,,,,,,,,,,,,,,,,,,,,,,,,,,,,,,,,,,,,,,,,,,,,,,,,,,,,,,,,,,,,,,,,,,,,,,,,,,,,,,,,,,,,,,,,,,,,,,,,,,,,,,,,,,,,,,,,,,,,,,,,,,,,,,,,,,,,,,,,,,,,,,,,,,,,,,,,,,,,,,,,,,,,,,,,,,,,,,,,,,,,,,,,,,,,,,,,,,,,,,,,,,,,,,,,,,,,,,,1.7670242288385953,6.904761904761905,7.98170652979779,4.492106474692081,2.0934751001365246,0.0,5.286399784522592,6.236906502244935
Arbnor Muja,Samsunspor,MF,0.0,0.0,0.0,FW,True,False,Samsunspor,,Merkez Orta Saha,Merkez Orta Saha,,MID,0.0,,0.0,50.0,50.0,0.0,1.0227247207040762,0.131849905530669,0.1992820764137989,1.891178868457789,2.4926195564383065,0.7392383938120375,6.186835398850754,6.394391783974746,,,83.9138350143939,70.0,2.5,60.0,0.0,1.5,0.0,0.1992820764137989,Süper Lig,0.0,,,,,,,,,,,,,,,,,,,,,,,,,,,,,,,,,,,,,,,,,,,,,,,,,,,,,,,,,,,,,,,,,,,,,,,,,,,,,,,,,,,,,,,,,,,,,,,,,,,,,,,,,,,,,,,,,,,,,,,,,,,,,,,,,,,,,,,,,,,,,,,,,,,,,,,,,,,,,,,,,,,,,,,,,,,,,,,,,,,,,,,,,,,,,,,,,,,,,,,,,,,,,,,,,,,,,,,,,,,,,,,,,,,,,,,,,,,,,,,,,,,,,,,,,,,,,,,,,,,,,,,,,1.5985979459936868,6.904761904761905,8.566059113407587,4.458874676614066,1.4001337545418173,0.0,5.382073410194311,6.512466895010826
Polat Yaldır,Samsunspor,FW,0.0,0.0,0.0,FW,True,False,Samsunspor,Sağ Kanat,Kanat Oyuncusu (Destek),Kanat Oyuncusu,Destek,WING,0.0,,0.0,50.0,50.0,7.640001679677525,3.185112563018938,0.2333009569250227,0.0173363521130331,2.350540698206285,0.0,0.0,0.0,0.0,,,75.0,70.0,2.5,60.0,0.0,1.5,0.0,0.0173363521130331,Süper Lig,0.0,,,,,,,,,,,,,,,,,,,,,,,,,,,,,,,,,,,,,,,,,,,,,,,,,,,,,,,,,,,,,,,,,,,,,,,,,,,,,,,,,,,,,,,,,,,,,,,,,,,,,,,,,,,,,,,,,,,,,,,,,,,,,,,,,,,,,,,,,,,,,,,,,,,,,,,,,,,,,,,,,,,,,,,,,,,,,,,,,,,,,,,,,,,,,,,,,,,,,,,,,,,,,,,,,,,,,,,,,,,,,,,,,,,,,,,,,,,,,,,,,,,,,,,,,,,,,,,,,,,,,,,,,0.0,6.904761904761905,4.891304347826086,2.0693454084521328,2.5908759326671147,0.0,2.8136523201906014,3.4803248781391094
Ebrima Ceesay,Samsunspor,FW,0.0,0.0,0.0,FW,True,False,Samsunspor,Sol Kanat,Kanat Oyuncusu (Destek),Kanat Oyuncusu,Destek,WING,0.0,,0.0,50.0,50.0,4.297256379583284,2.0374182952312747,0.0140238381945519,0.1959552814719545,3.976296577155789,0.0,0.0,0.0,0.0,,,75.0,70.0,2.5,60.0,0.0,1.5,0.0,0.1959552814719545,Süper Lig,0.0,,,,,,,,,,,,,,,,,,,,,,,,,,,,,,,,,,,,,,,,,,,,,,,,,,,,,,,,,,,,,,,,,,,,,,,,,,,,,,,,,,,,,,,,,,,,,,,,,,,,,,,,,,,,,,,,,,,,,,,,,,,,,,,,,,,,,,,,,,,,,,,,,,,,,,,,,,,,,,,,,,,,,,,,,,,,,,,,,,,,,,,,,,,,,,,,,,,,,,,,,,,,,,,,,,,,,,,,,,,,,,,,,,,,,,,,,,,,,,,,,,,,,,,,,,,,,,,,,,,,,,,,,0.0,6.904761904761905,4.891304347826086,2.5027236777211312,2.893667530902906,0.0,3.138399427016096,3.6970140127736086
Tahsin Bülbül,Samsunspor,MF,0.0,0.0,0.0,MF,True,True,Samsunspor,,Merkez Orta Saha,Merkez Orta Saha,,MID,0.0,,0.0,50.0,50.0,0.0,1.1343767824662845,0.1798384055922896,0.2172311679386044,1.6829895362207443,1.614040327171852,0.7406939214068397,2.848642142884616,4.602169621016528,,,81.59930483732427,70.0,2.5,60.0,0.0,1.5,0.0,0.2172311679386044,Süper Lig,0.0,,,,,,,,,,,,,,,,,,,,,,,,,,,,,,,,,,,,,,,,,,,,,,,,,,,,,,,,,,,,,,,,,,,,,,,,,,,,,,,,,,,,,,,,,,,,,,,,,,,,,,,,,,,,,,,,,,,,,,,,,,,,,,,,,,,,,,,,,,,,,,,,,,,,,,,,,,,,,,,,,,,,,,,,,,,,,,,,,,,,,,,,,,,,,,,,,,,,,,,,,,,,,,,,,,,,,,,,,,,,,,,,,,,,,,,,,,,,,,,,,,,,,,,,,,,,,,,,,,,,,,,,,1.150542405254132,6.904761904761905,6.746014865180847,3.9449515565356523,1.3456622269842766,0.0,4.686567682933134,5.34548321085825
Eyüp Aydın,Samsunspor,MF,0.0,0.0,0.0,MF,True,True,Samsunspor,Ön Libero,Defansif Oyun Kurucu (Savunma),Defansif Oyun Kurucu,Savunma,DM,0.0,,0.0,50.0,50.0,0.0,2.026772415480482,0.2225645132544505,0.0704592377378516,2.602502141021679,2.773390909775549,0.6057379184647169,2.095724339984184,8.271779918130948,,,85.15298346285967,70.0,2.5,60.0,0.0,1.5,0.0,0.0704592377378516,Süper Lig,0.0,,,,,,,,,,,,,,,,,,,,,,,,,,,,,,,,,,,,,,,,,,,,,,,,,,,,,,,,,,,,,,,,,,,,,,,,,,,,,,,,,,,,,,,,,,,,,,,,,,,,,,,,,,,,,,,,,,,,,,,,,,,,,,,,,,,,,,,,,,,,,,,,,,,,,,,,,,,,,,,,,,,,,,,,,,,,,,,,,,,,,,,,,,,,,,,,,,,,,,,,,,,,,,,,,,,,,,,,,,,,,,,,,,,,,,,,,,,,,,,,,,,,,,,,,,,,,,,,,,,,,,,,,2.0,6.904761904761905,6.6013176132220694,4.130764224135106,2.202038810724387,0.0,4.8518238553951925,5.366040918678587
Bedirhan Çetin,Samsunspor,DF,0.0,0.0,0.0,DF,False,True,Samsunspor,Stoper,Standart Stoper (Savunma),Standart Stoper,Savunma,CB,1.890485975596089,1.1131412479039384,6.847781429210093,70.36171206472339,63.245915041201314,0.0,0.0,,,0.0,0.0,0.0,2.5831033272588995,0.0,,,85.66905837596063,70.0,2.5,60.0,0.0,1.5,0.0,0.0,Süper Lig,0.0,,,,,,,,,,,,,,,,,,,,,,,,,,,,,,,,,,,,,,,,,,,,,,,,,,,,,,,,,,,,,,,,,,,,,,,,,,,,,,,,,,,,,,,,,,,,,,,,,,,,,,,,,,,,,,,,,,,,,,,,,,,,,,,,,,,,,,,,,,,,,,,,,,,,,,,,,,,,,,,,,,,,,,,,,,,,,,,,,,,,,,,,,,,,,,,,,,,,,,,,,,,,,,,,,,,,,,,,,,,,,,,,,,,,,,,,,,,,,,,,,,,,,,,,,,,,,,,,,,,,,,,,,5.680431978307635,9.216394336080088,6.878664166409491,0.0,0.0,0.0,7.334463359036988,3.4393320832047456
Albert Posiadala,Samsunspor,GK,0.0,0.0,0.0,GK,False,False,Samsunspor,Kaleci,Kaleci (Savunma),Kaleci,Savunma,GK,0.0,,0.0,50.0,50.0,0.0,0.0,,,0.0,0.0,0.0,0.0,0.0,,,75.0,74.05903930819225,4.3167343078899725,68.2076584607126,0.4983491035354313,1.8688032520732485,0.0,0.0,Süper Lig,0.0,,,,,,,,,,,,,,,,,,,,,,,,,,,,,,,,,,,,,,,,,,,,,,,,,,,,,,,,,,,,,,,,,,,,,,,,,,,,,,,,,,,,,,,,,,,,,,,,,,,,,,,,,,,,,,,,,,,,,,,,,,,,,,,,,,,,,,,,,,,,,,,,,,,,,,,,,,,,,,,,,,,,,,,,,,,,,,,,,,,,,,,,,,,,,,,,,,,,,,,,,,,,,,,,,,,,,,,,,,,,,,,,,,,,,,,,,,,,,,,,,,,,,,,,,,,,,,,,,,,,,,,,,0.0,6.904761904761905,4.891304347826086,0.0,0.0,5.531184645098689,5.531184645098689,2.445652173913043
Efe Töruz,Samsunspor,GK,0.0,0.0,0.0,GK,False,False,Samsunspor,,Merkez Orta Saha,Merkez Orta Saha,,MID,0.0,,0.0,50.0,50.0,0.0,1.7888782832478705,0.0198516461607573,0.1382982101425115,2.9811840432413987,1.558407693260044,0.7784700573518646,5.895512931978934,7.784556129641569,,,83.20612707426292,70.0,2.5,60.0,0.0,1.5,0.0,0.1382982101425115,Süper Lig,0.0,,,,,,,,,,,,,,,,,,,,,,,,,,,,,,,,,,,,,,,,,,,,,,,,,,,,,,,,,,,,,,,,,,,,,,,,,,,,,,,,,,,,,,,,,,,,,,,,,,,,,,,,,,,,,,,,,,,,,,,,,,,,,,,,,,,,,,,,,,,,,,,,,,,,,,,,,,,,,,,,,,,,,,,,,,,,,,,,,,,,,,,,,,,,,,,,,,,,,,,,,,,,,,,,,,,,,,,,,,,,,,,,,,,,,,,,,,,,,,,,,,,,,,,,,,,,,,,,,,,,,,,,,1.9461390324103922,6.904761904761905,8.374243014310961,3.5921313027434087,2.2856490363975306,0.0,5.204318813556667,5.983187158527185
Efe Üstün,Samsunspor,GK,0.0,0.0,0.0,GK,False,False,Samsunspor,,Merkez Orta Saha,Merkez Orta Saha,,MID,0.0,,0.0,50.0,50.0,0.0,0.7889106925216827,0.1828741225850906,0.0166754062591058,2.8581698638968627,1.9946940972015808,1.4963290774834523,5.04848712576308,6.950711007950553,,,79.97286634894654,70.0,2.5,60.0,0.0,1.5,0.0,0.0166754062591058,Süper Lig,0.0,,,,,,,,,,,,,,,,,,,,,,,,,,,,,,,,,,,,,,,,,,,,,,,,,,,,,,,,,,,,,,,,,,,,,,,,,,,,,,,,,,,,,,,,,,,,,,,,,,,,,,,,,,,,,,,,,,,,,,,,,,,,,,,,,,,,,,,,,,,,,,,,,,,,,,,,,,,,,,,,,,,,,,,,,,,,,,,,,,,,,,,,,,,,,,,,,,,,,,,,,,,,,,,,,,,,,,,,,,,,,,,,,,,,,,,,,,,,,,,,,,,,,,,,,,,,,,,,,,,,,,,,,1.7376777519876385,6.904761904761905,7.739865281291096,3.396497689837477,1.7797119064025126,0.0,4.944700656969529,5.568181485564287
Opponent Total,Samsunspor,NAN,0.525,0.4025,0.9275,NAN,False,False,Samsunspor,,Merkez Orta Saha,Merkez Orta Saha,,MID,0.0,,0.0,50.0,50.0,0.0,0.7656296042015771,0.0468529860243955,0.1664411131203893,2.954096851918313,3.565090604859805,1.822535917765262,5.498197848110609,8.103490374565451,,,79.39899689466836,70.0,2.5,60.0,0.0,1.5,0.525,0.1664411131203893,Süper Lig,0.0,,,,,,,,,,,,,,,,,,,,,,,,,,,,,,,,,,,,,,,,,,,,,,,,,,,,,,,,,,,,,,,,,,,,,,,,,,,,,,,,,,,,,,,,,,,,,,,,,,,,,,,,,,,,,,,,,,,,,,,,,,,,,,,,,,,,,,,,,,,,,,,,,,,,,,,,,,,,,,,,,,,,,,,,,,,,,,,,,,,,,,,,,,,,,,,,,,,,,,,,,,,,,,,,,,,,,,,,,,,,,,,,,,,,,,,,,,,,,,,,,,,,,,,,,,,,,,,,,,,,,,,,,2.0,6.904761904761905,7.927294373707588,6.275764452481559,5.499619916715412,0.0,5.776955182737763,7.101529413094573
Tim Jabol-Folcarelli,Trabzonspor,MF,0.0,0.26,0.26,MF,True,True,Trabzonspor,Merkez Orta Saha,Standart Orta Saha (Destek),Standart Orta Saha,Destek,MID,0.0,,0.0,50.0,50.0,0.0,0.6066308643981344,0.214544263289291,0.1900586043851821,1.9760749499949195,1.6212274276325656,1.7211885283867427,6.190774874943212,8.203765205758813,,,84.56034818486556,70.0,2.5,60.0,0.0,1.5,0.0,0.1900586043851821,Süper Lig,0.0,,,,,,,,,,,,,,,,,,,,,,,,,,,,,,,,,,,,,,,,,,,,,,,,,,,,,,,,,,,,,,,,,,,,,,,,,,,,,,,,,,,,,,,,,,,,,,,,,,,,,,,,,,,,,,,,,,,,,,,,,,,,,,,,,,,,,,,,,,,,,,,,,,,,,,,,,,,,,,,,,,,,,,,,,,,,,,,,,,,,,,,,,,,,,,,,,,,,,,,,,,,,,,,,,,,,,,,,,,,,,,,,,,,,,,,,,,,,,,,,,,,,,,,,,,,,,,,,,,,,,,,,,2.0,6.904761904761905,8.610192753875882,4.8810527026291055,1.2576511925077416,0.0,5.599001840316723,6.745622728252494
Paul Onuachu,Trabzonspor,FW,0.525,0.09,0.6179999999999995,FW,True,False,Trabzonspor,Santrafor,Pivot Santrafor (Hücum),Pivot Santrafor,Hücum,FWD,0.0,,0.0,50.0,50.0,0.0,3.012105363681013,,,0.0,0.0,0.0,0.0,3.1135117261813545,8.20366897836671,0.9123074566842128,75.0,70.0,2.5,60.0,0.0,1.5,0.9123074566842128,0.09,Süper Lig,0.0,,,,,,,,,,,,,,,,,,,,,,,,,,,,,,,,,,,,,,,,,,,,,,,,,,,,,,,,,,,,,,,,,,,,,,,,,,,,,,,,,,,,,,,,,,,,,,,,,,,,,,,,,,,,,,,,,,,,,,,,,,,,,,,,,,,,,,,,,,,,,,,,,,,,,,,,,,,,,,,,,,,,,,,,,,,,,,,,,,,,,,,,,,,,,,,,,,,,,,,,,,,,,,,,,,,,,,,,,,,,,,,,,,,,,,,,,,,,,,,,,,,,,,,,,,,,,,,,,,,,,,,,,0.7783779315453387,6.904761904761905,4.891304347826086,0.72,5.880380161636005,0.0,5.671656668410175,2.805652173913043
Stefan Savić,Trabzonspor,DF,0.09,0.09,0.19,DF,False,True,Trabzonspor,Stoper,Standart Stoper (Sıkı Defans),Standart Stoper,Sıkı Defans,CB,2.94490423052301,0.8033801338249559,10.062768883714952,57.046369369335,76.63112548274898,0.0,0.0,,,0.0,0.0,0.0,3.978894388357901,0.0,,,84.26330815449279,70.0,2.5,60.0,0.0,1.5,0.09,0.09,Süper Lig,0.0,,,,,,,,,,,,,,,,,,,,,,,,,,,,,,,,,,,,,,,,,,,,,,,,,,,,,,,,,,,,,,,,,,,,,,,,,,,,,,,,,,,,,,,,,,,,,,,,,,,,,,,,,,,,,,,,,,,,,,,,,,,,,,,,,,,,,,,,,,,,,,,,,,,,,,,,,,,,,,,,,,,,,,,,,,,,,,,,,,,,,,,,,,,,,,,,,,,,,,,,,,,,,,,,,,,,,,,,,,,,,,,,,,,,,,,,,,,,,,,,,,,,,,,,,,,,,,,,,,,,,,,,,6.617692649353787,9.074740669238215,7.48488033468935,0.72,0.6312499999999999,0.0,7.773949394374672,4.1024401673446755
Arsenii Batahov,Trabzonspor,DF,0.0,0.0,0.0,DF,False,True,Trabzonspor,,Merkez Orta Saha,Merkez Orta Saha,,MID,0.0,,0.0,50.0,50.0,0.0,1.78663571137281,0.204765878465414,0.0797124076361233,3.0081523836725585,1.2134748555202983,1.5277014648117262,6.014054674122503,7.250177860290209,,,88.82895639943324,70.0,2.5,60.0,0.0,1.5,0.0,0.0797124076361233,Süper Lig,0.0,,,,,,,,,,,,,,,,,,,,,,,,,,,,,,,,,,,,,,,,,,,,,,,,,,,,,,,,,,,,,,,,,,,,,,,,,,,,,,,,,,,,,,,,,,,,,,,,,,,,,,,,,,,,,,,,,,,,,,,,,,,,,,,,,,,,,,,,,,,,,,,,,,,,,,,,,,,,,,,,,,,,,,,,,,,,,,,,,,,,,,,,,,,,,,,,,,,,,,,,,,,,,,,,,,,,,,,,,,,,,,,,,,,,,,,,,,,,,,,,,,,,,,,,,,,,,,,,,,,,,,,,,1.8125444650725522,6.904761904761905,8.80022014571994,3.127832867558026,2.298136508001973,0.0,5.161339845778106,5.964026506638984
Mustafa Eskihellaç,Trabzonspor,DF,0.0,0.1,0.1,DF,False,True,Trabzonspor,Sol Bek,Standart Bek (Destek),Standart Bek,Destek,FB,1.6473517381793974,,0.0,64.74900580974864,50.0,4.789133358447261,0.0,,,0.0,0.0,0.0,0.0,0.0,,,80.3341532258577,70.0,2.5,60.0,0.0,1.5,0.0,0.1,Süper Lig,0.0,,,,,,,,,,,,,,,,,,,,,,,,,,,,,,,,,,,,,,,,,,,,,,,,,,,,,,,,,,,,,,,,,,,,,,,,,,,,,,,,,,,,,,,,,,,,,,,,,,,,,,,,,,,,,,,,,,,,,,,,,,,,,,,,,,,,,,,,,,,,,,,,,,,,,,,,,,,,,,,,,,,,,,,,,,,,,,,,,,,,,,,,,,,,,,,,,,,,,,,,,,,,,,,,,,,,,,,,,,,,,,,,,,,,,,,,,,,,,,,,,,,,,,,,,,,,,,,,,,,,,,,,,1.4643126561594644,7.95826231974395,5.239183906034198,2.7156533433789045,0.0,0.0,2.4905701435620866,3.977418624706551
Wagner Pina,Trabzonspor,DF,0.0,0.19,0.19,DF,False,True,Trabzonspor,Sağ Bek,Ofansif Bek (Hücum),Ofansif Bek,Hücum,FB,0.9491279076858888,,0.0,48.05884612436808,50.0,8.576278388994181,0.0,,,2.569196274307358,0.0,0.0,0.0,0.0,,,79.99058587785174,70.0,2.5,60.0,0.0,1.5,0.0,0.19,Süper Lig,0.0,,,,,,,,,,,,,,,,,,,,,,,,,,,,,,,,,,,,,,,,,,,,,,,,,,,,,,,,,,,,,,,,,,,,,,,,,,,,,,,,,,,,,,,,,,,,,,,,,,,,,,,,,,,,,,,,,,,,,,,,,,,,,,,,,,,,,,,,,,,,,,,,,,,,,,,,,,,,,,,,,,,,,,,,,,,,,,,,,,,,,,,,,,,,,,,,,,,,,,,,,,,,,,,,,,,,,,,,,,,,,,,,,,,,,,,,,,,,,,,,,,,,,,,,,,,,,,,,,,,,,,,,,0.8436692512763456,6.766108056502482,5.216777339859896,3.5200000000000005,1.284598137153679,0.0,2.828031275214796,4.368388669929948
Oleksandr Zubkov,Trabzonspor,MF,0.11,0.11,0.22,MF,True,True,Trabzonspor,Sağ Kanat,Kanat Oyuncusu (Destek),Kanat Oyuncusu,Destek,WING,0.0,,0.0,50.0,50.0,3.4634156159479224,3.013279471257928,0.2459098104948692,0.3420414376440454,2.9088943360868096,0.0,0.0,0.0,0.0,,,75.0,70.0,2.5,60.0,0.0,1.5,0.11,0.3420414376440454,Süper Lig,0.0,,,,,,,,,,,,,,,,,,,,,,,,,,,,,,,,,,,,,,,,,,,,,,,,,,,,,,,,,,,,,,,,,,,,,,,,,,,,,,,,,,,,,,,,,,,,,,,,,,,,,,,,,,,,,,,,,,,,,,,,,,,,,,,,,,,,,,,,,,,,,,,,,,,,,,,,,,,,,,,,,,,,,,,,,,,,,,,,,,,,,,,,,,,,,,,,,,,,,,,,,,,,,,,,,,,,,,,,,,,,,,,,,,,,,,,,,,,,,,,,,,,,,,,,,,,,,,,,,,,,,,,,,0.0,6.904761904761905,4.891304347826086,3.1935319969553504,3.5652102663802623,0.0,3.750494122448462,4.042418172390718
Felipe Augusto,Trabzonspor,FW,0.525,0.0,0.6,MF,True,True,Trabzonspor,Santrafor,Yaratıcı Forvet,Yaratıcı Forvet,,FWD,0.0,,0.0,50.0,50.0,0.0,4.6893127695543,,,0.0,0.0,0.0,0.0,0.0,2.5268879897095617,0.6615049610489667,75.0,70.0,2.5,60.0,0.0,1.5,0.6615049610489667,0.0,Süper Lig,0.0,,,,,,,,,,,,,,,,,,,,,,,,,,,,,,,,,,,,,,,,,,,,,,,,,,,,,,,,,,,,,,,,,,,,,,,,,,,,,,,,,,,,,,,,,,,,,,,,,,,,,,,,,,,,,,,,,,,,,,,,,,,,,,,,,,,,,,,,,,,,,,,,,,,,,,,,,,,,,,,,,,,,,,,,,,,,,,,,,,,,,,,,,,,,,,,,,,,,,,,,,,,,,,,,,,,,,,,,,,,,,,,,,,,,,,,,,,,,,,,,,,,,,,,,,,,,,,,,,,,,,,,,,0.0,6.904761904761905,4.891304347826086,0.0,6.108869669944688,0.0,5.736750373395385,2.445652173913043
Kazeem Olaigbe,Trabzonspor,MF,0.0,0.0,0.0,MF,True,True,Trabzonspor,Sol Kanat,Kanat Oyuncusu (Hücum),Kanat Oyuncusu,Hücum,WING,0.0,,0.0,50.0,50.0,2.592818393127148,3.4162901291379373,0.1225731290813486,0.0967176714782412,2.784063526584029,0.0,0.0,0.0,0.0,,,75.0,70.0,2.5,60.0,0.0,1.5,0.0,0.0967176714782412,Süper Lig,0.0,,,,,,,,,,,,,,,,,,,,,,,,,,,,,,,,,,,,,,,,,,,,,,,,,,,,,,,,,,,,,,,,,,,,,,,,,,,,,,,,,,,,,,,,,,,,,,,,,,,,,,,,,,,,,,,,,,,,,,,,,,,,,,,,,,,,,,,,,,,,,,,,,,,,,,,,,,,,,,,,,,,,,,,,,,,,,,,,,,,,,,,,,,,,,,,,,,,,,,,,,,,,,,,,,,,,,,,,,,,,,,,,,,,,,,,,,,,,,,,,,,,,,,,,,,,,,,,,,,,,,,,,,0.0,6.904761904761905,4.891304347826086,1.4239980431638242,2.9103829317977645,0.0,2.7152668736406027,3.157651195494955
André Onana,Trabzonspor,GK,0.0,0.12,0.12,GK,False,False,Trabzonspor,Kaleci,Libero Kaleci (Destek),Libero Kaleci,Destek,GK,0.0,,0.0,50.0,50.0,0.0,0.0,,,0.0,0.0,0.0,0.0,0.0,,,75.0,57.60989098853355,5.042965300359907,77.80531604557584,0.8655290447975682,0.6627784363506775,0.0,0.12,Süper Lig,0.0,,,,,,,,,,,,,,,,,,,,,,,,,,,,,,,,,,,,,,,,,,,,,,,,,,,,,,,,,,,,,,,,,,,,,,,,,,,,,,,,,,,,,,,,,,,,,,,,,,,,,,,,,,,,,,,,,,,,,,,,,,,,,,,,,,,,,,,,,,,,,,,,,,,,,,,,,,,,,,,,,,,,,,,,,,,,,,,,,,,,,,,,,,,,,,,,,,,,,,,,,,,,,,,,,,,,,,,,,,,,,,,,,,,,,,,,,,,,,,,,,,,,,,,,,,,,,,,,,,,,,,,,,0.0,6.904761904761905,4.891304347826086,0.96,0.0,7.366276849837714,7.366276849837714,2.925652173913043
Okay Yokuşlu,Trabzonspor,DF,0.15,0.0,0.15,MF,True,True,Trabzonspor,Ön Libero,Ön Libero (Çapa),Ön Libero,Çapa,DM,2.6050019348157782,,0.0,50.0,50.0,0.0,2.0051825906656457,0.1351984387463861,0.3374100965079298,1.1245644495006428,0.0,0.0,4.483477114089733,8.022079970182032,,,75.0,70.0,2.5,60.0,0.0,1.5,0.15,0.3374100965079298,Süper Lig,0.0,,,,,,,,,,,,,,,,,,,,,,,,,,,,,,,,,,,,,,,,,,,,,,,,,,,,,,,,,,,,,,,,,,,,,,,,,,,,,,,,,,,,,,,,,,,,,,,,,,,,,,,,,,,,,,,,,,,,,,,,,,,,,,,,,,,,,,,,,,,,,,,,,,,,,,,,,,,,,,,,,,,,,,,,,,,,,,,,,,,,,,,,,,,,,,,,,,,,,,,,,,,,,,,,,,,,,,,,,,,,,,,,,,,,,,,,,,,,,,,,,,,,,,,,,,,,,,,,,,,,,,,,,4.315557275391803,6.904761904761905,7.133042904870953,1.3496403860317194,2.5055578206017195,0.0,5.937564353046579,4.241341645451336
Christ Inao Oulaï,Trabzonspor,MF,0.18,0.37,0.55,MF,True,True,Trabzonspor,Ön Libero,Defansif Orta Saha (Savunma),Defansif Orta Saha,Savunma,DM,0.0,,0.0,50.0,50.0,0.0,0.9565974994825084,0.1775606996558278,0.3183091138280347,2.270120564494294,1.207022777838449,0.665647795116654,6.8003713577826455,7.184828770015702,,,82.12749223869223,70.0,2.5,60.0,0.0,1.5,0.18,0.3183091138280347,Süper Lig,0.0,,,,,,,,,,,,,,,,,,,,,,,,,,,,,,,,,,,,,,,,,,,,,,,,,,,,,,,,,,,,,,,,,,,,,,,,,,,,,,,,,,,,,,,,,,,,,,,,,,,,,,,,,,,,,,,,,,,,,,,,,,,,,,,,,,,,,,,,,,,,,,,,,,,,,,,,,,,,,,,,,,,,,,,,,,,,,,,,,,,,,,,,,,,,,,,,,,,,,,,,,,,,,,,,,,,,,,,,,,,,,,,,,,,,,,,,,,,,,,,,,,,,,,,,,,,,,,,,,,,,,,,,,1.7962071925039258,6.904761904761905,8.756326477066903,5.557918307204438,2.822714726461595,0.0,5.416809391550213,7.157122392135671
Uğurcan Çakır,Trabzonspor,GK,0.0,0.0,0.0,GK,False,False,Trabzonspor,,Merkez Orta Saha,Merkez Orta Saha,,MID,0.0,,0.0,50.0,50.0,0.0,0.5420451568519457,0.0785875282959371,0.252750132409567,0.926837998108643,3.822353561509324,0.9337811694439248,4.679675394260591,7.080844630561803,,,86.79600128667148,70.0,2.5,60.0,0.0,1.5,0.0,0.252750132409567,Süper Lig,0.0,,,,,,,,,,,,,,,,,,,,,,,,,,,,,,,,,,,,,,,,,,,,,,,,,,,,,,,,,,,,,,,,,,,,,,,,,,,,,,,,,,,,,,,,,,,,,,,,,,,,,,,,,,,,,,,,,,,,,,,,,,,,,,,,,,,,,,,,,,,,,,,,,,,,,,,,,,,,,,,,,,,,,,,,,,,,,,,,,,,,,,,,,,,,,,,,,,,,,,,,,,,,,,,,,,,,,,,,,,,,,,,,,,,,,,,,,,,,,,,,,,,,,,,,,,,,,,,,,,,,,,,,,1.770211157640451,6.904761904761905,8.000446476695828,5.0110005296382685,0.7043279576551863,0.0,5.421605017184113,6.505723503167048
Ernest Muçi,Trabzonspor,FW,0.0,0.0,0.0,MF,True,True,Trabzonspor,On Numara,Serbest Oyuncu (Trequartista),Serbest Oyuncu,Trequartista,AM,0.0,,0.0,50.0,50.0,0.0,0.5725605017004974,0.1177919747332036,0.1866853200678769,1.6763817407307298,2.520761313885504,0.9647103129837036,4.442478163299526,6.711668269291106,,,85.9039362592772,70.0,2.5,60.0,0.0,1.5,0.0,0.1866853200678769,Süper Lig,0.0,,,,,,,,,,,,,,,,,,,,,,,,,,,,,,,,,,,,,,,,,,,,,,,,,,,,,,,,,,,,,,,,,,,,,,,,,,,,,,,,,,,,,,,,,,,,,,,,,,,,,,,,,,,,,,,,,,,,,,,,,,,,,,,,,,,,,,,,,,,,,,,,,,,,,,,,,,,,,,,,,,,,,,,,,,,,,,,,,,,,,,,,,,,,,,,,,,,,,,,,,,,,,,,,,,,,,,,,,,,,,,,,,,,,,,,,,,,,,,,,,,,,,,,,,,,,,,,,,,,,,,,,,1.6779170673227766,6.904761904761905,7.823669707254798,4.427248822861843,1.092662204454475,0.0,4.1061570142182235,6.12545926505832
Ozan Tufan,Trabzonspor,DF,0.0,0.0,0.0,MF,True,True,Trabzonspor,Merkez Orta Saha,İki Yönlü Orta Saha,İki Yönlü Orta Saha,,MID,1.3663278930932587,,0.0,50.0,50.0,0.0,2.432506073174564,0.2054092244276179,0.3044892058766897,1.7894461441527745,3.679270615586245,1.7262120907513068,6.8003713577826455,7.516299837345848,,,75.0,70.0,2.5,60.0,0.0,1.5,0.0,0.3044892058766897,Süper Lig,0.0,,,,,,,,,,,,,,,,,,,,,,,,,,,,,,,,,,,,,,,,,,,,,,,,,,,,,,,,,,,,,,,,,,,,,,,,,,,,,,,,,,,,,,,,,,,,,,,,,,,,,,,,,,,,,,,,,,,,,,,,,,,,,,,,,,,,,,,,,,,,,,,,,,,,,,,,,,,,,,,,,,,,,,,,,,,,,,,,,,,,,,,,,,,,,,,,,,,,,,,,,,,,,,,,,,,,,,,,,,,,,,,,,,,,,,,,,,,,,,,,,,,,,,,,,,,,,,,,,,,,,,,,,3.0935886420860252,6.904761904761905,8.29149002671741,5.21795682350676,1.9758368823761936,0.0,5.876949349268025,6.7547234251120845
Arif Boşluk,Trabzonspor,DF,0.0,0.0,0.0,DF,False,True,Trabzonspor,Sol Bek,Standart Bek (Destek),Standart Bek,Destek,FB,1.713081121091531,,0.0,60.24686114636587,50.0,1.6134056124643208,0.0,,,0.0,0.0,0.0,0.0,0.0,,,78.18728507646034,70.0,2.5,60.0,0.0,1.5,0.0,0.0,Süper Lig,0.0,,,,,,,,,,,,,,,,,,,,,,,,,,,,,,,,,,,,,,,,,,,,,,,,,,,,,,,,,,,,,,,,,,,,,,,,,,,,,,,,,,,,,,,,,,,,,,,,,,,,,,,,,,,,,,,,,,,,,,,,,,,,,,,,,,,,,,,,,,,,,,,,,,,,,,,,,,,,,,,,,,,,,,,,,,,,,,,,,,,,,,,,,,,,,,,,,,,,,,,,,,,,,,,,,,,,,,,,,,,,,,,,,,,,,,,,,,,,,,,,,,,,,,,,,,,,,,,,,,,,,,,,,1.5227387743035834,7.636680558073753,5.099170765856109,0.6453622449857284,0.0,0.0,1.8490860585356417,2.8722665054209187
Rayyan Baniya,Trabzonspor,DF,0.0,0.0,0.0,DF,False,True,Trabzonspor,Stoper,Standart Stoper (Savunma),Standart Stoper,Savunma,CB,2.061544724881712,1.3361081550957914,4.237822591684085,52.95412069054141,60.52745037656236,0.0,0.0,,,0.0,0.0,0.0,2.0387682031757746,0.0,,,84.22161575182251,70.0,2.5,60.0,0.0,1.5,0.0,0.0,Süper Lig,0.0,,,,,,,,,,,,,,,,,,,,,,,,,,,,,,,,,,,,,,,,,,,,,,,,,,,,,,,,,,,,,,,,,,,,,,,,,,,,,,,,,,,,,,,,,,,,,,,,,,,,,,,,,,,,,,,,,,,,,,,,,,,,,,,,,,,,,,,,,,,,,,,,,,,,,,,,,,,,,,,,,,,,,,,,,,,,,,,,,,,,,,,,,,,,,,,,,,,,,,,,,,,,,,,,,,,,,,,,,,,,,,,,,,,,,,,,,,,,,,,,,,,,,,,,,,,,,,,,,,,,,,,,,4.657699261017578,7.817600550619019,6.51209817235892,0.0,0.0,0.0,6.292539559126423,3.25604908617946
Edin Višća,Trabzonspor,MF,0.0,0.0,0.0,MF,True,True,Trabzonspor,Sağ Kanat,Çalışkan Kanat Oyuncusu (Destek),Çalışkan Kanat Oyuncusu,Destek,WING,0.0,,0.0,50.0,50.0,5.266851846190859,3.840268734076722,0.0161032012036928,0.3207522406281258,4.517920861271849,0.0,0.0,0.0,0.0,,,75.0,70.0,2.5,60.0,0.0,1.5,0.0,0.3207522406281258,Süper Lig,0.0,,,,,,,,,,,,,,,,,,,,,,,,,,,,,,,,,,,,,,,,,,,,,,,,,,,,,,,,,,,,,,,,,,,,,,,,,,,,,,,,,,,,,,,,,,,,,,,,,,,,,,,,,,,,,,,,,,,,,,,,,,,,,,,,,,,,,,,,,,,,,,,,,,,,,,,,,,,,,,,,,,,,,,,,,,,,,,,,,,,,,,,,,,,,,,,,,,,,,,,,,,,,,,,,,,,,,,,,,,,,,,,,,,,,,,,,,,,,,,,,,,,,,,,,,,,,,,,,,,,,,,,,,0.0,6.904761904761905,4.891304347826086,3.2830089625125036,3.706786104034099,0.0,3.8570728274982415,4.087156655169295
Anthony Nwakaeme,Trabzonspor,MF,0.0,0.0,0.0,MF,True,True,Trabzonspor,Sol Kanat,İçe Kat Eden Oyuncu (Destek),İçe Kat Eden Oyuncu,Destek,WING,0.0,,0.0,50.0,50.0,5.374924692438893,2.200636827549016,0.2353408883932613,0.1299140689701497,2.209576083581288,0.0,0.0,0.0,0.0,,,75.0,70.0,2.5,60.0,0.0,1.5,0.0,0.1299140689701497,Süper Lig,0.0,,,,,,,,,,,,,,,,,,,,,,,,,,,,,,,,,,,,,,,,,,,,,,,,,,,,,,,,,,,,,,,,,,,,,,,,,,,,,,,,,,,,,,,,,,,,,,,,,,,,,,,,,,,,,,,,,,,,,,,,,,,,,,,,,,,,,,,,,,,,,,,,,,,,,,,,,,,,,,,,,,,,,,,,,,,,,,,,,,,,,,,,,,,,,,,,,,,,,,,,,,,,,,,,,,,,,,,,,,,,,,,,,,,,,,,,,,,,,,,,,,,,,,,,,,,,,,,,,,,,,,,,,0.0,6.904761904761905,4.891304347826086,2.519656275880599,2.0828488540346513,0.0,2.739763127845756,3.705480311853343
Danylo Sikan,Trabzonspor,FW,0.525,0.0,0.6179999999999995,FW,True,False,Trabzonspor,Santrafor,Çalışkan Forvet (Destek),Çalışkan Forvet,Destek,FWD,0.9491279076858888,,0.0,50.0,50.0,0.0,2.411370368629907,,,0.0,0.0,0.0,0.0,4.3423507354904505,1.161241430490398,0.651135653404499,75.0,70.0,2.5,60.0,0.0,1.5,0.651135653404499,0.0,Süper Lig,0.0,,,,,,,,,,,,,,,,,,,,,,,,,,,,,,,,,,,,,,,,,,,,,,,,,,,,,,,,,,,,,,,,,,,,,,,,,,,,,,,,,,,,,,,,,,,,,,,,,,,,,,,,,,,,,,,,,,,,,,,,,,,,,,,,,,,,,,,,,,,,,,,,,,,,,,,,,,,,,,,,,,,,,,,,,,,,,,,,,,,,,,,,,,,,,,,,,,,,,,,,,,,,,,,,,,,,,,,,,,,,,,,,,,,,,,,,,,,,,,,,,,,,,,,,,,,,,,,,,,,,,,,,,1.9292569351489584,6.904761904761905,4.891304347826086,0.0,5.14818574739124,0.0,5.160340019863316,2.445652173913043
Benjamin Bouchouari,Trabzonspor,MF,0.0,0.0,0.0,MF,True,True,Trabzonspor,Merkez Orta Saha,Defansif Oyun Kurucu (Destek),Defansif Oyun Kurucu,Destek,MID,0.0,,0.0,50.0,50.0,0.0,1.0204340327025827,0.1148162992933034,0.045728320338212,1.8696662673449893,2.228236215451055,0.8749354195964318,4.00943599945365,3.951630631758442,,,89.14603468984694,70.0,2.5,60.0,0.0,1.5,0.0,0.045728320338212,Süper Lig,0.0,,,,,,,,,,,,,,,,,,,,,,,,,,,,,,,,,,,,,,,,,,,,,,,,,,,,,,,,,,,,,,,,,,,,,,,,,,,,,,,,,,,,,,,,,,,,,,,,,,,,,,,,,,,,,,,,,,,,,,,,,,,,,,,,,,,,,,,,,,,,,,,,,,,,,,,,,,,,,,,,,,,,,,,,,,,,,,,,,,,,,,,,,,,,,,,,,,,,,,,,,,,,,,,,,,,,,,,,,,,,,,,,,,,,,,,,,,,,,,,,,,,,,,,,,,,,,,,,,,,,,,,,,0.9879076579396107,6.904761904761905,7.818589827325538,3.668404091653551,1.3883593704291979,0.0,4.8449158704201505,5.743496959489544
Batista Mendy,Trabzonspor,MF,0.0,0.0,0.0,DF,False,True,Trabzonspor,,Merkez Orta Saha,Merkez Orta Saha,,MID,0.0,,0.0,50.0,50.0,0.0,2.0153686104600808,0.0894495663313604,0.2766784279962097,2.677761458062628,3.432635743023756,1.2725084895645846,2.7684552142210226,8.28522455519357,,,87.85177220758969,70.0,2.5,60.0,0.0,1.5,0.0,0.2766784279962097,Süper Lig,0.0,,,,,,,,,,,,,,,,,,,,,,,,,,,,,,,,,,,,,,,,,,,,,,,,,,,,,,,,,,,,,,,,,,,,,,,,,,,,,,,,,,,,,,,,,,,,,,,,,,,,,,,,,,,,,,,,,,,,,,,,,,,,,,,,,,,,,,,,,,,,,,,,,,,,,,,,,,,,,,,,,,,,,,,,,,,,,,,,,,,,,,,,,,,,,,,,,,,,,,,,,,,,,,,,,,,,,,,,,,,,,,,,,,,,,,,,,,,,,,,,,,,,,,,,,,,,,,,,,,,,,,,,,2.0,6.904761904761905,7.113691011953318,5.106713711984839,2.2346001114580165,0.0,5.281291657175015,6.110202361969078
Salih Malkoçoglu,Trabzonspor,MF,0.0,0.0,0.0,MF,True,True,Trabzonspor,,Merkez Orta Saha,Merkez Orta Saha,,MID,0.0,,0.0,50.0,50.0,0.0,1.711793494593954,0.1235531118125749,0.0436872848883969,1.8491068734299336,3.507477783731548,1.303330722319509,4.863036164410112,8.231061166471392,,,84.79926310686555,70.0,2.5,60.0,0.0,1.5,0.0,0.0436872848883969,Süper Lig,0.0,,,,,,,,,,,,,,,,,,,,,,,,,,,,,,,,,,,,,,,,,,,,,,,,,,,,,,,,,,,,,,,,,,,,,,,,,,,,,,,,,,,,,,,,,,,,,,,,,,,,,,,,,,,,,,,,,,,,,,,,,,,,,,,,,,,,,,,,,,,,,,,,,,,,,,,,,,,,,,,,,,,,,,,,,,,,,,,,,,,,,,,,,,,,,,,,,,,,,,,,,,,,,,,,,,,,,,,,,,,,,,,,,,,,,,,,,,,,,,,,,,,,,,,,,,,,,,,,,,,,,,,,,2.0,6.904761904761905,7.961904806565854,4.174749139553588,1.6853505454233908,0.0,5.260353962720337,6.068326973059721
Cihan Çanak,Trabzonspor,MF,0.0,0.0,0.0,MF,True,True,Trabzonspor,Sol Kanat,İçe Kat Eden Oyuncu (Destek),İçe Kat Eden Oyuncu,Destek,WING,0.0,,0.0,50.0,50.0,7.88636097282035,3.349893948868143,0.1590737657732218,0.3420414376440454,4.095914379510607,0.0,0.0,0.0,0.0,,,75.0,70.0,2.5,60.0,0.0,1.5,0.0,0.3420414376440454,Süper Lig,0.0,,,,,,,,,,,,,,,,,,,,,,,,,,,,,,,,,,,,,,,,,,,,,,,,,,,,,,,,,,,,,,,,,,,,,,,,,,,,,,,,,,,,,,,,,,,,,,,,,,,,,,,,,,,,,,,,,,,,,,,,,,,,,,,,,,,,,,,,,,,,,,,,,,,,,,,,,,,,,,,,,,,,,,,,,,,,,,,,,,,,,,,,,,,,,,,,,,,,,,,,,,,,,,,,,,,,,,,,,,,,,,,,,,,,,,,,,,,,,,,,,,,,,,,,,,,,,,,,,,,,,,,,,0.0,6.904761904761905,4.891304347826086,3.368165750576182,3.488841755052508,0.0,3.7821633682329177,4.129735049201134
Muhammed Cham,Trabzonspor,MF,0.0,0.0,0.0,MF,True,True,Trabzonspor,,Merkez Orta Saha,Merkez Orta Saha,,MID,0.0,,0.0,50.0,50.0,0.0,1.2020732432710814,0.2070623131093046,0.2779737318922918,2.011472781080833,1.9965730993468136,1.0353289627566653,3.385062621629894,3.175483698207355,,,85.88436597880929,70.0,2.5,60.0,0.0,1.5,0.0,0.2779737318922918,Süper Lig,0.0,,,,,,,,,,,,,,,,,,,,,,,,,,,,,,,,,,,,,,,,,,,,,,,,,,,,,,,,,,,,,,,,,,,,,,,,,,,,,,,,,,,,,,,,,,,,,,,,,,,,,,,,,,,,,,,,,,,,,,,,,,,,,,,,,,,,,,,,,,,,,,,,,,,,,,,,,,,,,,,,,,,,,,,,,,,,,,,,,,,,,,,,,,,,,,,,,,,,,,,,,,,,,,,,,,,,,,,,,,,,,,,,,,,,,,,,,,,,,,,,,,,,,,,,,,,,,,,,,,,,,,,,,0.7938709245518388,6.904761904761905,7.293685613780769,4.4429436604670425,1.5399911653275637,0.0,4.858815525890389,5.868314637123905
Boran Başkan,Trabzonspor,MF,0.0,0.0,0.0,MF,True,True,Trabzonspor,,Merkez Orta Saha,Merkez Orta Saha,,MID,0.0,,0.0,50.0,50.0,0.0,0.8319432506106658,0.0838020118427181,0.0965186488879749,1.4413691533606845,3.0808541724213856,1.030683738104654,6.6065375610648776,7.954900503388576,,,88.78063759900841,70.0,2.5,60.0,0.0,1.5,0.0,0.0965186488879749,Süper Lig,0.0,,,,,,,,,,,,,,,,,,,,,,,,,,,,,,,,,,,,,,,,,,,,,,,,,,,,,,,,,,,,,,,,,,,,,,,,,,,,,,,,,,,,,,,,,,,,,,,,,,,,,,,,,,,,,,,,,,,,,,,,,,,,,,,,,,,,,,,,,,,,,,,,,,,,,,,,,,,,,,,,,,,,,,,,,,,,,,,,,,,,,,,,,,,,,,,,,,,,,,,,,,,,,,,,,,,,,,,,,,,,,,,,,,,,,,,,,,,,,,,,,,,,,,,,,,,,,,,,,,,,,,,,,1.988725125847144,6.904761904761905,9.093310363076466,4.3860745955519,1.0904371325073048,0.0,5.593217997309353,6.739692479314183
Onuralp Çevikkan,Trabzonspor,GK,0.0,0.0,0.0,GK,False,False,Trabzonspor,Kaleci,Kaleci (Savunma),Kaleci,Savunma,GK,0.0,,0.0,50.0,50.0,0.0,0.0,,,0.0,0.0,0.0,0.0,0.0,,,75.0,71.16794696232922,2.596147044602517,75.11102277086097,0.3805269858900618,0.7062814162189899,0.0,0.0,Süper Lig,0.0,,,,,,,,,,,,,,,,,,,,,,,,,,,,,,,,,,,,,,,,,,,,,,,,,,,,,,,,,,,,,,,,,,,,,,,,,,,,,,,,,,,,,,,,,,,,,,,,,,,,,,,,,,,,,,,,,,,,,,,,,,,,,,,,,,,,,,,,,,,,,,,,,,,,,,,,,,,,,,,,,,,,,,,,,,,,,,,,,,,,,,,,,,,,,,,,,,,,,,,,,,,,,,,,,,,,,,,,,,,,,,,,,,,,,,,,,,,,,,,,,,,,,,,,,,,,,,,,,,,,,,,,,0.0,6.904761904761905,4.891304347826086,0.0,0.0,7.086710830941867,7.086710830941867,2.445652173913043
Ahmet Doğan Yıldırım,Trabzonspor,GK,0.0,0.0,0.0,GK,False,False,Trabzonspor,,Merkez Orta Saha,Merkez Orta Saha,,MID,0.0,,0.0,50.0,50.0,0.0,0.6549114781347536,0.0434403982839359,0.3069817033563661,1.8077798373992184,3.31336844755566,1.742833396859122,4.915954021385488,3.773219204840671,,,82.79422541504321,70.0,2.5,60.0,0.0,1.5,0.0,0.3069817033563661,Süper Lig,0.0,,,,,,,,,,,,,,,,,,,,,,,,,,,,,,,,,,,,,,,,,,,,,,,,,,,,,,,,,,,,,,,,,,,,,,,,,,,,,,,,,,,,,,,,,,,,,,,,,,,,,,,,,,,,,,,,,,,,,,,,,,,,,,,,,,,,,,,,,,,,,,,,,,,,,,,,,,,,,,,,,,,,,,,,,,,,,,,,,,,,,,,,,,,,,,,,,,,,,,,,,,,,,,,,,,,,,,,,,,,,,,,,,,,,,,,,,,,,,,,,,,,,,,,,,,,,,,,,,,,,,,,,,0.9433048012101679,6.904761904761905,7.8576004073259975,5.227926813425466,1.1949616867594997,0.0,5.233398481680884,6.542763610375731
Taha Emre İnce,Trabzonspor,DF,0.0,0.0,0.0,DF,False,True,Trabzonspor,,Merkez Orta Saha,Merkez Orta Saha,,MID,0.0,,0.0,50.0,50.0,0.0,1.69152723288162,0.1780035050826952,0.3304147328388892,1.413627993610509,2.9639520605978635,1.6839392724795283,4.964200902540551,5.010713125554851,,,81.92153647029333,70.0,2.5,60.0,0.0,1.5,0.0,0.3304147328388892,Süper Lig,0.0,,,,,,,,,,,,,,,,,,,,,,,,,,,,,,,,,,,,,,,,,,,,,,,,,,,,,,,,,,,,,,,,,,,,,,,,,,,,,,,,,,,,,,,,,,,,,,,,,,,,,,,,,,,,,,,,,,,,,,,,,,,,,,,,,,,,,,,,,,,,,,,,,,,,,,,,,,,,,,,,,,,,,,,,,,,,,,,,,,,,,,,,,,,,,,,,,,,,,,,,,,,,,,,,,,,,,,,,,,,,,,,,,,,,,,,,,,,,,,,,,,,,,,,,,,,,,,,,,,,,,,,,,1.2526782813887127,6.904761904761905,7.824809351506796,5.297626971754132,1.4586038780859745,0.0,5.319969127352886,6.561218161630464
Serdar Saatçı,Trabzonspor,DF,0.0,0.0,0.0,DF,False,True,Trabzonspor,Stoper,Standart Stoper (Durdurucu),Standart Stoper,Durdurucu,CB,1.5486319328629077,0.7395365011764162,4.92858112405533,67.41842913410377,53.512010492828175,0.0,0.0,,,0.0,0.0,0.0,2.6615628532039626,0.0,,,80.15562475774468,70.0,2.5,60.0,0.0,1.5,0.0,0.0,Süper Lig,0.0,,,,,,,,,,,,,,,,,,,,,,,,,,,,,,,,,,,,,,,,,,,,,,,,,,,,,,,,,,,,,,,,,,,,,,,,,,,,,,,,,,,,,,,,,,,,,,,,,,,,,,,,,,,,,,,,,,,,,,,,,,,,,,,,,,,,,,,,,,,,,,,,,,,,,,,,,,,,,,,,,,,,,,,,,,,,,,,,,,,,,,,,,,,,,,,,,,,,,,,,,,,,,,,,,,,,,,,,,,,,,,,,,,,,,,,,,,,,,,,,,,,,,,,,,,,,,,,,,,,,,,,,,4.6622824674705825,8.383069447195957,6.558322171672286,0.0,0.0,0.0,6.529805200201073,3.279161085836143
