Player,Team,Pos,Gls_p90,Ast_p90,G+A_p90,PosGroup,Is_Attacker,Is_Defender,TeamSheet,FM_Mevki,FM_Rol,FM_Rol_Base,FM_Rol_Gorev,MevkiGroup,top_calma_p90,kayarak_mudahale_p90,uzaklastirma_p90,ikili_mucadele_kazanma_yuzde,hava_topu_kazanma_yuzde,orta_sayisi_p90,sut_p90,asist_p90_sentetik,xA_p90_sentetik,dribbling_p90,kilit_pas_p90,ara_pas_p90,uzun_pas_p90,sahipsiz_top_kazanma_p90,hava_topu_mucadele_p90,xG_p90_sentetik,pas_isabet_yuzde,kaleci_sut_karsilama_yuzde,kaleci_kurtaris_sayisi_p90,kaleci_pas_isabet_yuzde,kaleci_sahipsiz_top_kazanma_p90,kaleci_yenilen_gol_p90,Defans_Skoru,OyunKurucu_Skoru,Hucum_Skoru,Kaleci_Skoru,Overall_Skoru
Nuno Lima,Alanya,DF,0.0,0.0,0.0,DF,False,True,Alanya,Stoper,Pas Dağıtan Stoper (Savunma),Pas Dağıtan Stoper,Savunma,CB,1.7466751042077973,1.1646826516096702,4.237822591684085,51.21636548281538,56.76732135299197,0.0,0.0,0.0,0.0,0.0,0.0,0.0,4.882440885574228,0.0,0.0,0.0,80.91035993730397,0.0,0.0,0.0,0.0,0.0,0.5984348915405167,0.24383740791525413,0.0,0.0,0.4676719056614125
Ertuğrul Taşkıran,Alanya,GK,0.0,0.0,0.0,GK,False,False,Alanya,Kaleci,Kaleci (Savunma),Kaleci,Savunma,GK,0.0,0.0,0.0,0.0,0.0,0.0,0.0,0.0,0.0,0.0,0.0,0.0,0.0,0.0,0.0,0.0,0.0,62.49080237694725,2.913841307520112,60.61055353690677,0.3372788992949735,0.9272607415662014,0.0,0.0,0.0,0.7994714898418389,0.7994714898418389
Gaius Makouta,Alanya,MF,0.0,0.0,0.0,MF,True,True,Alanya,Merkez Orta Saha,İki Yönlü Orta Saha,İki Yönlü Orta Saha,,MID,2.714643186041126,0.0,0.0,0.0,0.0,0.0,0.5537114399137317,0.193658445159447,0.2890923744478286,2.8074722919873407,2.4769764400035457,0.6874406310667,4.393799362072765,4.05832191903734,0.0,0.0,0.0,0.0,0.0,0.0,0.0,0.0,0.20600833659897386,0.5411550204932633,0.2884041110324095,0.0,0.3900608334328057
Ümit Akdag,Alanya,DF,0.09,0.0,0.09,DF,False,True,Alanya,,Merkez Orta Saha,Merkez Orta Saha,,MID,0.0,0.0,0.0,0.0,0.0,0.0,1.6672420461008937,0.1609760633852826,0.0352231174832366,1.234051719330432,1.85282227878255,0.7273926122001491,3.538979158403728,5.990206636436879,0.0,0.0,82.25909593052413,0.0,0.0,0.0,0.0,0.0,0.0,0.44034334920708695,0.2411985144469251,0.0,0.2684113774929285
Fidan Aliti,Alanya,DF,0.0,0.0,0.0,DF,False,True,Alanya,Stoper,Standart Stoper (Sıkı Defans),Standart Stoper,Sıkı Defans,CB,1.6862055356117984,1.4100195254978845,7.724784145059681,51.15006605054382,68.86828540339653,0.0,0.0,0.0,0.0,0.0,0.0,0.0,2.0387682031757746,0.0,0.0,0.0,85.6623278918101,0.0,0.0,0.0,0.0,0.0,0.7097603476935703,0.18910857443025791,0.0,0.0,0.5346539582715508
Yusuf Özdemir,Alanya,MF,0.1,0.1,0.2,MF,True,True,Alanya,Sol Bek,Standart Bek (Hücum),Standart Bek,Hücum,FB,1.9348481554857464,0.0,0.0,54.671027950521975,0.0,3.4969519836559684,0.0,0.0,0.0,0.0,0.0,0.0,0.0,0.0,0.0,0.0,82.20721764823516,0.0,0.0,0.0,0.0,0.0,0.3004274988775788,0.13832452211853333,0.05848258925762316,0.0,0.20340762392587403
Maestro,Alanya,MF,0.11,0.11,0.21,MF,True,True,Alanya,,Merkez Orta Saha,Merkez Orta Saha,,MID,0.0,0.0,0.0,0.0,0.0,0.0,1.803246876965534,0.1325755333122895,0.0839559394645806,3.0085109651214683,1.4014850889990793,1.8138246252755847,6.5689422193662965,5.513552697027287,0.0,0.0,78.62387222373249,0.0,0.0,0.0,0.0,0.0,0.0,0.6242990010717722,0.29081809513833223,0.0,0.3703131195635525
Uchenna Ogundu,Alanya,FW,0.26,0.13,0.39,FW,True,False,Alanya,Santrafor,Yaratıcı Forvet,Yaratıcı Forvet,,FWD,0.0,0.0,0.0,0.0,0.0,0.0,2.962126340720595,0.0,0.0,0.0,0.0,0.0,0.0,0.0,4.0016712112465616,0.3007641571034866,0.0,0.0,0.0,0.0,0.0,0.0,0.0,0.0,0.287626331242657,0.0,0.23010106499412564
İbrahim Kaya,Alanya,FW,0.28,0.0,0.28,MF,True,True,Alanya,On Numara,Ofansif Orta Saha (Destek),Ofansif Orta Saha,Destek,AM,0.0,0.0,0.0,0.0,0.0,0.0,1.7009297266201906,0.0140238381945519,0.0496901964163478,3.046762280485903,2.88867309067521,1.3086418291040132,6.76407508501253,8.4890754064086,0.0,0.0,78.38092518447587,0.0,0.0,0.0,0.0,0.0,0.0,0.6654966294105631,0.26973067287118935,0.0,0.41366751656663836
Hwang Ui-jo,Alanya,FW,0.14,0.14,0.28,MF,True,True,Alanya,,Merkez Orta Saha,Merkez Orta Saha,,MID,0.0,0.0,0.0,0.0,0.0,0.0,1.373337491981202,0.2421221943985959,0.1217794940537583,2.170162881154258,1.1629961044687116,0.9237086395550056,3.633712710150204,5.174363394699799,0.0,0.0,83.08002172983836,0.0,0.0,0.0,0.0,0.0,0.0,0.48598457188958616,0.3432343193689193,0.0,0.31163914981857693
Ianis Hagi,Alanya,FW,0.34,0.17,0.51,MF,True,True,Alanya,On Numara,Oyun Kurucu (Hücum),Oyun Kurucu,Hücum,AM,0.0,0.0,0.0,0.0,0.0,0.0,1.1975501383763827,0.1996785479136436,0.1576228426168944,0.926837998108643,3.2459357023786,1.137842278156541,3.772124743965274,6.4835301016682605,0.0,0.0,79.01478453716686,0.0,0.0,0.0,0.0,0.0,0.0,0.6264796723693964,0.36899706564198853,0.0,0.42393895587729474
Ruan,Alanya,MF,0.0,0.0,0.0,MF,True,True,Alanya,,Merkez Orta Saha,Merkez Orta Saha,,MID,0.0,0.0,0.0,0.0,0.0,0.0,2.213000664100833,0.0732055091752411,0.2620892179371572,1.5750029595722643,1.95276038578335,0.5834547459142635,4.528170767109794,6.793585727517183,0.0,0.0,85.28216346648168,0.0,0.0,0.0,0.0,0.0,0.0,0.6026872822456582,0.2505249616144469,0.0,0.3514486334457185
Florent Hadergjonaj,Alanya,MF,0.21,0.21,0.42,MF,True,True,Alanya,Sağ Bek,Ofansif Bek (Destek),Ofansif Bek,Destek,FB,1.092943781042771,0.0,0.0,58.63598685460825,0.0,4.527843928582583,0.0,0.0,0.0,1.5436991984969803,0.0,0.0,0.0,0.0,0.0,0.0,79.66479629360553,0.0,0.0,0.0,0.0,0.0,0.24767661254921042,0.16821491586707987,0.14056584101517666,0.0,0.20241594923776451
Enes Keskin,Alanya,MF,0.0,0.25,0.25,MF,True,True,Alanya,,Merkez Orta Saha,Merkez Orta Saha,,MID,0.0,0.0,0.0,0.0,0.0,0.0,1.490071748786058,0.2449925823397126,0.2279016547085859,2.465702679614504,1.1272268465434114,0.6918002018336263,6.705604062668368,3.1135117261813545,0.0,0.0,88.5716760676759,0.0,0.0,0.0,0.0,0.0,0.0,0.6112268977808555,0.3341982131718096,0.0,0.37245309152478967
Nicolas Janvier,Alanya,MF,0.0,0.0,0.0,MF,True,True,Alanya,Merkez Orta Saha,Standart Orta Saha (Destek),Standart Orta Saha,Destek,MID,0.0,0.0,0.0,0.0,0.0,0.0,1.4062819430224351,0.1504703974090805,0.2173249986174509,3.449202680674044,2.533387417711689,1.6483201257737914,6.3815971657115576,6.981224232100264,0.0,0.0,88.59497779822466,0.0,0.0,0.0,0.0,0.0,0.0,0.784719745054757,0.2916445946835286,0.0,0.4506887914640842
Güven Yalçın,Alanya,MF,0.45,0.0,0.45,MF,True,True,Alanya,Santrafor,Yardımcı Forvet (Hücum),Yardımcı Forvet,Hücum,FWD,0.0,0.0,0.0,0.0,0.0,0.0,4.6893127695543,0.0,0.0,0.0,0.0,0.0,0.0,0.0,1.4163645154251003,0.9664112710987464,0.0,0.0,0.0,0.0,0.0,0.0,0.0,0.0,0.5714285714285714,0.0,0.45714285714285713
Bruno Viana,Alanya,DF,0.0,0.0,0.0,DF,False,True,Alanya,Stoper,Standart Stoper (Durdurucu),Standart Stoper,Durdurucu,CB,3.294336567705979,0.8948217473477538,8.341157077660613,51.018220057974254,76.3241604058116,0.0,0.0,0.0,0.0,0.0,0.0,0.0,3.2845318951524165,0.0,0.0,0.0,80.75407628587163,0.0,0.0,0.0,0.0,0.0,0.8184875952002472,0.20832837239349167,0.0,0.0,0.6146069911188713
Andraž Šporar,Alanya,FW,0.0,0.0,0.0,FW,True,False,Alanya,,Merkez Orta Saha,Merkez Orta Saha,,MID,0.0,0.0,0.0,0.0,0.0,0.0,0.5420451568519457,0.1456056645518116,0.123331231313379,2.5058965229450045,1.1405557255828094,0.5834547459142635,2.512839812917949,4.068215801218509,0.0,0.0,85.90854492158678,0.0,0.0,0.0,0.0,0.0,0.0,0.4464358017828466,0.20345792043730357,0.0,0.263909484978884
Meschak Elia,Alanya,MF,0.0,0.0,0.0,MF,True,True,Alanya,,Merkez Orta Saha,Merkez Orta Saha,,MID,0.0,0.0,0.0,0.0,0.0,0.0,1.1166204380149285,0.187018294857383,0.2945066435796659,1.5014696688732316,1.8285086734626983,1.1248487427234384,3.963653716357081,8.667274854121318,0.0,0.0,80.53478197767517,0.0,0.0,0.0,0.0,0.0,0.0,0.6337000040510036,0.28103768757868264,0.0,0.3730575395412383
Steve Mounié,Alanya,FW,0.0,0.0,0.0,FW,True,False,Alanya,Santrafor,Pivot Santrafor (Hücum),Pivot Santrafor,Hücum,FWD,0.0,0.0,0.0,0.0,0.0,0.0,4.6893127695543,0.0,0.0,0.0,0.0,0.0,0.0,3.2604163319787904,8.740608136685365,0.7390711186160037,0.0,0.0,0.0,0.0,0.0,0.0,0.0,0.0,0.35295167610694944,0.0,0.2823613408855596
İzzet Çelik,Alanya,MF,0.0,0.0,0.0,MF,True,True,Alanya,Merkez Orta Saha,Standart Orta Saha (Destek),Standart Orta Saha,Destek,MID,0.0,0.0,0.0,0.0,0.0,0.0,1.1984107994503,0.2029424470225344,0.1649505085893576,2.51181539836895,3.1209294623671484,1.2837652716283827,4.766855948748859,3.8919763665186777,0.0,0.0,88.35596197630646,0.0,0.0,0.0,0.0,0.0,0.0,0.7068079210838852,0.2787252175159258,0.0,0.4091490040451278
Efecan Karaca,Alanya,MF,0.0,0.0,0.0,FW,True,False,Alanya,On Numara,Serbest Oyuncu (Trequartista),Serbest Oyuncu,Trequartista,AM,0.0,0.0,0.0,0.0,0.0,0.0,1.2375278398834912,0.1641196518328756,0.3420414376440454,2.25796052523281,1.1880688648655977,0.5834547459142635,4.5156623627577,5.487744742362143,0.0,0.0,88.6331212237585,0.0,0.0,0.0,0.0,0.0,0.0,0.6206558789107296,0.3028683052912088,0.0,0.40118843104272744
Fatih Aksoy,Alanya,MF,0.0,0.0,0.0,DF,False,True,Alanya,Stoper,Standart Stoper (Savunma),Standart Stoper,Savunma,CB,3.294336567705979,1.7345044427882057,6.292330017026275,71.18804073074607,72.05213131411656,0.0,0.0,0.0,0.0,0.0,0.0,0.0,2.854654189948783,0.0,0.0,0.0,81.92338501948788,0.0,0.0,0.0,0.0,0.0,0.8971622395840666,0.20081381046327149,0.0,0.0,0.6681763298015009
Mert Furkan Bayram,Alanya,GK,0.0,0.0,0.0,GK,False,False,Alanya,Kaleci,Kaleci (Savunma),Kaleci,Savunma,GK,0.0,0.0,0.0,0.0,0.0,0.0,0.0,0.0,0.0,0.0,0.0,0.0,0.0,0.0,0.0,0.0,0.0,74.01428612819832,2.2930163420191514,76.30922856909669,0.2630546733937066,0.5602878686370939,0.0,0.0,0.0,0.8954487375107131,0.8954487375107131
Rony Lopes,Alanya,MF,0.0,0.0,0.0,FW,True,False,Alanya,,Merkez Orta Saha,Merkez Orta Saha,,MID,0.0,0.0,0.0,0.0,0.0,0.0,1.6183619753773977,0.03202393659155,0.2219497484035078,2.9055825669080875,3.518015477068007,1.9276198799136048,2.969315339684464,3.512098008471863,0.0,0.0,80.3598430194355,0.0,0.0,0.0,0.0,0.0,0.0,0.7714305921694331,0.21775947816099095,0.0,0.42926719171691474
Baran Mogultay,Alanya,DF,0.0,0.0,0.0,DF,False,True,Alanya,,Merkez Orta Saha,Merkez Orta Saha,,MID,0.0,0.0,0.0,0.0,0.0,0.0,1.520565348126445,0.0845668764986246,0.0441926595475759,1.0888477248327877,1.1272268465434114,0.839187996874508,6.294083855840773,8.667274854121318,0.0,0.0,86.84911302924813,0.0,0.0,0.0,0.0,0.0,0.0,0.47282589881858905,0.153457357655088,0.0,0.2671044209403121
Bedirhan Özyurt,Alanya,DF,0.0,0.0,0.0,DF,False,True,Alanya,,Merkez Orta Saha,Merkez Orta Saha,,MID,0.0,0.0,0.0,0.0,0.0,0.0,1.676600694866234,0.2320209100815124,0.2366621467264018,2.854775336755476,1.7404716076057067,0.9562980794544214,5.384703914984186,6.013170061987456,0.0,0.0,81.43823458712548,0.0,0.0,0.0,0.0,0.0,0.0,0.6439090250033014,0.3454142482960112,0.0,0.39103736216085294
Arda Usluoğlu,Alanya,FW,0.0,0.0,0.0,FW,True,False,Alanya,,Merkez Orta Saha,Merkez Orta Saha,,MID,0.0,0.0,0.0,0.0,0.0,0.0,2.006254849238469,0.0561539029609629,0.1137864054010946,2.261419762425498,3.2227121684562143,0.9559137683825408,6.189541874259018,6.572310103920263,0.0,0.0,87.63168374823516,0.0,0.0,0.0,0.0,0.0,0.0,0.6825556922470973,0.20314114174451575,0.0,0.38190607447245184
Paulo Victor Vidotti,Alanya,GK,0.0,0.0,0.0,GK,False,False,Alanya,,Merkez Orta Saha,Merkez Orta Saha,,MID,0.0,0.0,0.0,0.0,0.0,0.0,2.1072700513037965,0.0930417559593783,0.2402145188401341,3.400078410419286,1.9488104491879203,0.8456249931760249,6.293821396747361,3.4024588643305647,0.0,0.0,89.14603468984694,0.0,0.0,0.0,0.0,0.0,0.0,0.6958871254262846,0.2921162624469067,0.0,0.40636681520252366
Opponent Total,Alanya,NAN,0.525,0.4025,0.0,NAN,False,False,Alanya,,Merkez Orta Saha,Merkez Orta Saha,,MID,0.0,0.0,0.0,0.0,0.0,0.0,1.9080584600756385,0.108019220736049,0.024374401856842,1.7230548483044523,1.3056771641980407,0.5834547459142635,5.741779268328699,7.499762822395066,0.0,0.0,78.36031206395272,0.0,0.0,0.0,0.0,0.0,0.0,0.4404046008966933,0.3925329384581408,0.0,0.2987088881399748
Kenneth Paal,Antalya,DF,0.0,0.0,0.0,DF,False,True,Antalya,Sol Bek,Standart Bek (Destek),Standart Bek,Destek,FB,1.1268913319747402,0.0,0.0,50.79148865574199,0.0,1.5613464325277038,0.0,0.0,0.0,0.0,0.0,0.0,0.0,0.0,0.0,0.0,81.08244150438253,0.0,0.0,0.0,0.0,0.0,0.22821400887417215,0.13643193741563672,0.009102703770270318,0.0,0.15685712641583113
Georgi Dzhikiya,Antalya,DF,0.18,0.0,0.18,DF,False,True,Antalya,,Merkez Orta Saha,Merkez Orta Saha,,MID,0.0,0.0,0.0,0.0,0.0,0.0,2.4065997615053627,0.109851247423613,0.0612085030115857,2.50807911146166,2.080701756401284,1.5940171911319945,4.196053006248587,4.259433558573514,0.0,0.0,88.76839038949119,0.0,0.0,0.0,0.0,0.0,0.0,0.5913004429860453,0.3116294251217571,0.0,0.3579761065173741
Abdülkadir Ömür,Antalya,MF,0.0,0.11,0.11,MF,True,True,Antalya,On Numara,Serbest Oyuncu (Trequartista),Serbest Oyuncu,Trequartista,AM,0.0,0.0,0.0,0.0,0.0,0.0,0.5420451568519457,0.1532348956236313,0.2995080406170252,3.316475884877048,1.8111798591535768,1.9276198799136048,5.052733775077122,8.388325736644283,0.0,0.0,85.4715664031839,0.0,0.0,0.0,0.0,0.0,0.0,0.7704795071408636,0.27756046743828006,0.0,0.4685078938019158
Bünyamin Balcı,Antalya,DF,0.0,0.2,0.2,DF,False,True,Antalya,Sağ Bek,Ofansif Bek (Hücum),Ofansif Bek,Hücum,FB,0.9491279076858888,0.0,0.0,43.189507569889095,0.0,7.089016333343576,0.0,0.0,0.0,1.1994888021003325,0.0,0.0,0.0,0.0,0.0,0.0,86.40360703057041,0.0,0.0,0.0,0.0,0.0,0.19336646442377003,0.17193507788275034,0.06787878603550349,0.0,0.1618395127838108
Sander van de Streek,Antalya,FW,0.0,0.25,0.25,MF,True,True,Antalya,On Numara,Ofansif Orta Saha (Hücum),Ofansif Orta Saha,Hücum,AM,0.0,0.0,0.0,0.0,0.0,0.0,0.8111337699354468,0.2357689594361769,0.0795128449582302,1.076776265574834,3.528135706481665,0.8364402249275675,2.801827030598716,4.230837842892044,0.0,0.0,89.14603468984694,0.0,0.0,0.0,0.0,0.0,0.0,0.5744953596334619,0.22548928193410103,0.0,0.35489446439696126
Lautaro Gianetti,Antalya,DF,0.0,0.11,0.11,DF,False,True,Antalya,Stoper,Standart Stoper (Sıkı Defans),Standart Stoper,Sıkı Defans,CB,2.766202914546536,1.749321434702846,8.726666084552086,67.5914464845006,74.10442791154546,0.0,0.0,0.0,0.0,0.0,0.0,0.0,2.0387682031757746,0.0,0.0,0.0,82.65323557883079,0.0,0.0,0.0,0.0,0.0,0.8984430755496439,0.1840453784225245,0.0,0.0,0.6657192285692556
Soner Dikmen,Antalya,MF,0.25,0.0,0.25,MF,True,True,Antalya,Merkez Orta Saha,İki Yönlü Orta Saha,İki Yönlü Orta Saha,,MID,2.9620666454298483,0.0,0.0,0.0,0.0,0.0,0.5420451568519457,0.0601731779581262,0.292964393835029,3.3305169155384187,2.7318370876993936,1.8368506681804848,4.053524819336015,4.144126323981999,0.0,0.0,0.0,0.0,0.0,0.0,0.0,0.0,0.2247847620114672,0.6533510777171682,0.31443047120372536,0.0,0.4569970617027693
Nikola Storm,Antalya,FW,0.25,0.13,0.38,MF,True,True,Antalya,Sol Kanat,Kanat Oyuncusu (Hücum),Kanat Oyuncusu,Hücum,WING,0.0,0.0,0.0,0.0,0.0,2.0756775854463743,1.504610967299555,0.1063713802528475,0.3420414376440454,3.10619348223032,0.0,0.0,0.0,0.0,0.0,0.0,0.0,0.0,0.0,0.0,0.0,0.0,0.0,0.2687527200588434,0.4051483911613338,0.0,0.3237148507144533
Jesper Ceesay,Antalya,DF,0.0,0.0,0.0,MF,True,True,Antalya,Ön Libero,Defansif Orta Saha (Destek),Defansif Orta Saha,Destek,DM,0.0,0.0,0.0,0.0,0.0,0.0,1.7596968997246665,0.0303753440752295,0.0977466309590436,2.6572914502121963,1.9400437527554293,1.4945707877051335,5.368227087374539,3.219298007088569,0.0,0.0,83.58011421031713,0.0,0.0,0.0,0.0,0.0,0.0,0.6162936944241595,0.18097383353573468,0.0,0.3443416139192267
Julián Cuesta,Antalya,GK,0.0,0.0,0.0,GK,False,False,Antalya,Kaleci,Kaleci (Savunma),Kaleci,Savunma,GK,0.0,0.0,0.0,0.0,0.0,0.0,0.0,0.0,0.0,0.0,0.0,0.0,0.0,0.0,0.0,0.0,0.0,69.6398788362281,4.05269907953647,74.13714687695234,0.3738508717482608,1.4143465009698453,0.0,0.0,0.0,0.8677764962691823,0.8677764962691823
Abdullah Yiğiter,Antalya,GK,0.0,0.0,0.0,GK,False,False,Antalya,Kaleci,Kaleci (Savunma),Kaleci,Savunma,GK,0.0,0.0,0.0,0.0,0.0,0.0,0.0,0.0,0.0,0.0,0.0,0.0,0.0,0.0,0.0,0.0,0.0,66.97316968394074,3.320457481218804,74.58014336081975,0.2967327723524027,1.2540185348432922,0.0,0.0,0.0,0.8236403882323594,0.8236403882323594
Tomáš Čvančara,Antalya,FW,0.17,0.0,0.17,FW,True,False,Antalya,Santrafor,Pivot Santrafor (Hücum),Pivot Santrafor,Hücum,FWD,0.0,0.0,0.0,0.0,0.0,0.0,4.6893127695543,0.0,0.0,0.0,0.0,0.0,0.0,3.6185782646969935,8.740608136685365,0.8775097795431623,0.0,0.0,0.0,0.0,0.0,0.0,0.0,0.0,0.4463636318496883,0.0,0.35709090547975064
Ramzi Safouri,Antalya,MF,0.0,0.19,0.19,MF,True,True,Antalya,,Merkez Orta Saha,Merkez Orta Saha,,MID,0.0,0.0,0.0,0.0,0.0,0.0,2.285864152794973,0.0493676224649843,0.2250086685205476,0.9831600595839642,3.366797415328022,1.6128444904380728,2.8962662786964035,5.832401670659996,0.0,0.0,88.16865516685648,0.0,0.0,0.0,0.0,0.0,0.0,0.7079603287604439,0.21515112664615932,0.0,0.3970103897094538
Yohan Boli,Antalya,FW,0.52,0.26,0.6179999999999995,FW,True,False,Antalya,Santrafor,Yaratıcı Forvet,Yaratıcı Forvet,,FWD,0.0,0.0,0.0,0.0,0.0,0.0,4.6893127695543,0.0,0.0,0.0,0.0,0.0,0.0,0.0,3.04575142861335,0.4594635018812144,0.0,0.0,0.0,0.0,0.0,0.0,0.0,0.0,0.4931817743602456,0.0,0.3945454194881965
Dario Šarić,Antalya,MF,0.0,0.0,0.0,MF,True,True,Antalya,Merkez Orta Saha,Savaşçı Orta Saha (Destek),Savaşçı Orta Saha,Destek,MID,3.294336567705979,1.0788611876672574,0.0,0.0,0.0,0.0,0.9113128228102284,0.2217312250523173,0.2429527007284408,1.612601630756404,0.0,0.0,0.0,8.224451672303651,0.0,0.0,0.0,0.0,0.0,0.0,0.0,0.0,0.34096088919649203,0.17775383607475442,0.28084284324421704,0.0,0.24733375344516823
Güray Vural,Antalya,FW,0.525,0.0,0.6179999999999995,MF,True,True,Antalya,,Merkez Orta Saha,Merkez Orta Saha,,MID,0.0,0.0,0.0,0.0,0.0,0.0,2.346772544072244,0.1614527031638015,0.1794291636007685,2.7120646393422607,3.675616434432204,1.772638068635787,5.469747952550784,3.394251836570114,0.0,0.0,78.74872882317932,0.0,0.0,0.0,0.0,0.0,0.0,0.7928194900534682,0.5110604853165504,0.0,0.4986218420900442
Veysel Sarı,Antalya,DF,0.0,0.38,0.38,DF,False,True,Antalya,Stoper,Çakılı Stoper,Çakılı Stoper,,CB,2.1780595820974016,1.7063508292424934,4.244001999512395,61.85434572718313,58.4610371771392,0.0,0.0,0.0,0.0,0.0,0.0,0.0,2.0387682031757746,0.0,0.0,0.0,79.99995171244551,0.0,0.0,0.0,0.0,0.0,0.7111842414859783,0.1795808772100761,0.0,0.0,0.5337451444822
Hasan İlçin,Antalya,MF,0.0,0.0,0.0,MF,True,True,Antalya,,Merkez Orta Saha,Merkez Orta Saha,,MID,0.0,0.0,0.0,0.0,0.0,0.0,0.5420451568519457,0.07147669730979,0.1068587368438559,0.9818466239656836,2.3014522587295887,1.1339437955204137,3.147990803769843,7.653165700170064,0.0,0.0,82.02334860093956,0.0,0.0,0.0,0.0,0.0,0.0,0.5281636778762961,0.119691382575715,0.0,0.2880201154532911
Jakub Kałuziński,Antalya,MF,0.0,0.0,0.0,MF,True,True,Antalya,,Merkez Orta Saha,Merkez Orta Saha,,MID,0.0,0.0,0.0,0.0,0.0,0.0,2.36231565629158,0.2039867347421543,0.0744255317298836,2.371860242475938,3.729829431563176,0.954396358460644,2.5877565007511,5.7197330084881655,0.0,0.0,78.80419845301452,0.0,0.0,0.0,0.0,0.0,0.0,0.6002345563056259,0.29943909242184513,0.0,0.360005096637182
Samuel Ballet,Antalya,MF,0.0,0.0,0.0,MF,True,True,Antalya,Sağ Kanat,Kanat Oyuncusu (Hücum),Kanat Oyuncusu,Hücum,WING,0.0,0.0,0.0,0.0,0.0,7.78585751934025,3.637990647035422,0.2459098104948692,0.2720993312518511,3.904956368342,0.0,0.0,0.0,0.0,0.0,0.0,0.0,0.0,0.0,0.0,0.0,0.0,0.0,0.2455357364015197,0.516536915865736,0.0,0.38358287043989747
Samet Karakoç,Antalya,DF,0.0,0.0,0.0,DF,False,True,Antalya,,Merkez Orta Saha,Merkez Orta Saha,,MID,0.0,0.0,0.0,0.0,0.0,0.0,1.1384076432032324,0.215342499090859,0.0166754062591058,1.7338842537729833,2.1319541618895785,0.9879427010345468,2.826422450714788,6.14634161596548,0.0,0.0,89.14603468984694,0.0,0.0,0.0,0.0,0.0,0.0,0.4746886383337397,0.2231610258446111,0.0,0.28197652433579207
Doğukan Sınık,Antalya,MF,0.0,0.0,0.0,MF,True,True,Antalya,,Merkez Orta Saha,Merkez Orta Saha,,MID,0.0,0.0,0.0,0.0,0.0,0.0,0.6129837397433547,0.2116285846725695,0.1063812404342533,2.4764718979721883,3.880849047213319,1.5689319996477693,2.0387682031757746,5.644576481629369,0.0,0.0,87.80368688726205,0.0,0.0,0.0,0.0,0.0,0.0,0.6818181066593172,0.24114928217791837,0.0,0.3891389097652423
Bachir Gueye,Antalya,FW,0.525,0.0,0.6179999999999995,FW,True,False,Antalya,,Merkez Orta Saha,Merkez Orta Saha,,MID,0.0,0.0,0.0,0.0,0.0,0.0,1.420330694291284,0.2297316334098886,0.228606976685949,0.926837998108643,1.2678685735767188,1.725169199758454,5.593698089267651,5.404578365251956,0.0,0.0,88.23056905495164,0.0,0.0,0.0,0.0,0.0,0.0,0.6419508183126149,0.48805973858517243,0.0,0.4185873568733419
Bahadır Öztürk,Antalya,DF,0.0,0.0,0.0,DF,False,True,Antalya,Stoper,Standart Stoper (Savunma),Standart Stoper,Savunma,CB,2.198419149225322,1.1071745702809888,4.298785509993715,52.44585401627504,55.32318631339169,0.0,0.0,0.0,0.0,0.0,0.0,0.0,3.10290739437736,0.0,0.0,0.0,81.9031388809247,0.0,0.0,0.0,0.0,0.0,0.6287456490177106,0.20625561823769348,0.0,0.0,0.48137307795993606
Engin Yıldırım,Antalya,FW,0.0,0.0,0.0,FW,True,False,Antalya,,Merkez Orta Saha,Merkez Orta Saha,,MID,0.0,0.0,0.0,0.0,0.0,0.0,0.9392307922130668,0.0630602550433404,0.3284066864569689,3.153149376611416,3.061057799509728,0.772420951634904,5.662005245291896,6.357841987849307,0.0,0.0,89.14603468984694,0.0,0.0,0.0,0.0,0.0,0.0,0.7940066235234933,0.24432959198531926,0.0,0.44586923015881047
Hüseyin Türkmen,Antalya,DF,0.0,0.0,0.0,DF,False,True,Antalya,Stoper,Standart Stoper (Savunma),Standart Stoper,Savunma,CB,2.951911357740479,0.719139945400875,10.580804485277266,62.29039687792081,72.51844254922575,0.0,0.0,0.0,0.0,0.0,0.0,0.0,2.0387682031757746,0.0,0.0,0.0,81.4274574311541,0.0,0.0,0.0,0.0,0.0,0.8409594471233759,0.18198284448266722,0.0,0.0,0.6250681818828965
Mert Yilmaz,Antalya,MF,0.0,0.0,0.0,DF,False,True,Antalya,,Merkez Orta Saha,Merkez Orta Saha,,MID,0.0,0.0,0.0,0.0,0.0,0.0,0.998233094120038,0.1887604821865695,0.3049215687920681,3.428420216778972,2.481442121370786,1.0564115122366478,4.574666749566298,3.931441475584275,0.0,0.0,79.02124183343743,0.0,0.0,0.0,0.0,0.0,0.0,0.7301076217946831,0.3227473449934556,0.0,0.4296032798960327
Kerem Kayaarası,Antalya,FW,0.0,0.0,0.0,FW,True,False,Antalya,,Merkez Orta Saha,Merkez Orta Saha,,MID,0.0,0.0,0.0,0.0,0.0,0.0,1.0453089263452018,0.115134874318535,0.2681226717873559,3.415970209271367,2.162946416366941,1.852910295123725,2.8068140052769186,4.091568782971627,0.0,0.0,82.62717111016,0.0,0.0,0.0,0.0,0.0,0.0,0.7168510131391653,0.26881083164285313,0.0,0.4121876728981533
Ali Demirbilek,Antalya,FW,0.0,0.0,0.0,FW,True,False,Antalya,,Merkez Orta Saha,Merkez Orta Saha,,MID,0.0,0.0,0.0,0.0,0.0,0.0,2.086354385448593,0.2104996382225153,0.2759565701386545,2.824059945705897,2.8981356362458026,1.7100402795421088,2.417771687553449,8.170713726081104,0.0,0.0,78.85241866852803,0.0,0.0,0.0,0.0,0.0,0.0,0.7296399093631561,0.3605711231683234,0.0,0.43693417931524275
Alp Abay,Antalya,NAN,0.0,0.0,0.0,NAN,False,False,Antalya,,Merkez Orta Saha,Merkez Orta Saha,,MID,0.0,0.0,0.0,0.0,0.0,0.0,1.5322386810180344,0.1821226692904033,0.2327447162165983,1.1512328483527063,3.1115712749029933,1.9276198799136048,2.095644832186435,8.667274854121318,0.0,0.0,80.52951721860035,0.0,0.0,0.0,0.0,0.0,0.0,0.6937434880399904,0.2699686217146754,0.0,0.4008654683629303
Kagan Arican,Antalya,GK,0.0,0.0,0.0,GK,False,False,Antalya,,Merkez Orta Saha,Merkez Orta Saha,,MID,0.0,0.0,0.0,0.0,0.0,0.0,1.0537461682276077,0.1941118616249311,0.091100400148101,2.847310629008361,1.1272268465434114,1.6313723895231211,2.828740884826104,5.239855897678518,0.0,0.0,80.75238932445207,0.0,0.0,0.0,0.0,0.0,0.0,0.5141249507025838,0.2530036616106729,0.0,0.3076632076734265
Mehmet Dadakdeniz,Antalya,GK,0.0,0.0,0.0,GK,False,False,Antalya,,Merkez Orta Saha,Merkez Orta Saha,,MID,0.0,0.0,0.0,0.0,0.0,0.0,1.6817009449529283,0.1640404594202678,0.3175182607470404,0.926837998108643,1.500859266241596,1.0897928015418834,6.454277674915733,4.624468038861322,0.0,0.0,83.62928653257094,0.0,0.0,0.0,0.0,0.0,0.0,0.6707459355068787,0.2851312422599784,0.0,0.392399216205435
Ege Izmirli,Antalya,DF,0.0,0.0,0.0,DF,False,True,Antalya,,Merkez Orta Saha,Merkez Orta Saha,,MID,0.0,0.0,0.0,0.0,0.0,0.0,1.9039164158687067,0.0443571923674267,0.2347563091670419,0.926837998108643,3.139138151902956,1.3859567509919566,3.2076842085084087,6.863997259434095,0.0,0.0,81.22274600944371,0.0,0.0,0.0,0.0,0.0,0.0,0.6752740096930236,0.1974079341444037,0.0,0.3771185916753926
Berkay Topdemir,Antalya,FW,0.0,0.0,0.0,FW,True,False,Antalya,,Merkez Orta Saha,Merkez Orta Saha,,MID,0.0,0.0,0.0,0.0,0.0,0.0,0.972510401540421,0.1362567297242345,0.1961542208431539,1.6737475917037614,2.9991562407346195,1.4915213813709804,3.7713566360860784,5.452405026588578,0.0,0.0,79.21173728181313,0.0,0.0,0.0,0.0,0.0,0.0,0.6774812159301564,0.2189865219141368,0.0,0.3825379123479056
Opponent Total,Antalya,NAN,0.0,0.0,0.0,NAN,False,False,Antalya,,Merkez Orta Saha,Merkez Orta Saha,,MID,0.0,0.0,0.0,0.0,0.0,0.0,1.2684531132032384,0.2459098104948692,0.0388463142247183,2.1193366140925978,3.880849047213319,0.6176837244756859,2.526727422406666,3.152318133962069,0.0,0.0,80.00989306912929,0.0,0.0,0.0,0.0,0.0,0.0,0.5580505529072372,0.26236649577446486,0.0,0.33149857560851154
Eldor Shomurodov,Başakşehir,MF,0.525,0.09,0.6179999999999995,FW,True,False,Başakşehir,Santrafor,Yaratıcı Forvet,Yaratıcı Forvet,,FWD,0.0,0.0,0.0,0.0,0.0,0.0,3.5879686488298965,0.0,0.0,0.0,0.0,0.0,0.0,0.0,6.503608399466084,0.7411869996164835,0.0,0.0,0.0,0.0,0.0,0.0,0.0,0.0,0.5064170432033304,0.0,0.4051336345626643
Jerome Opoku,Başakşehir,DF,0.0,0.0,0.0,DF,False,True,Başakşehir,Stoper,Standart Stoper (Durdurucu),Standart Stoper,Durdurucu,CB,3.294220519905154,1.721150418846498,6.881525131290103,61.836794269514144,74.20504217801792,0.0,0.0,0.0,0.0,0.0,0.0,0.0,3.4655801778710686,0.0,0.0,0.0,84.91273811540088,0.0,0.0,0.0,0.0,0.0,0.8861554664185758,0.2193193652629149,0.0,0.0,0.664172699545586
Muhammed Şengezer,Başakşehir,GK,0.0,0.0,0.0,GK,False,False,Başakşehir,Kaleci,Kaleci (Savunma),Kaleci,Savunma,GK,0.0,0.0,0.0,0.0,0.0,0.0,0.0,0.0,0.0,0.0,0.0,0.0,0.0,0.0,0.0,0.0,0.0,58.12037280884873,2.3661147045343363,75.42540693371892,0.757818591405544,0.5772181268749841,0.0,0.0,0.0,0.9337481554448842,0.9337481554448842
Crespo,Başakşehir,FW,0.0,0.4025,0.43,MF,True,True,Başakşehir,,Merkez Orta Saha,Merkez Orta Saha,,MID,0.0,0.0,0.0,0.0,0.0,0.0,0.6559607960075899,0.2343470166242797,0.1564694403322488,2.880100028081042,3.283113370752349,1.3167454386557975,3.111806523740851,3.936915584197142,0.0,0.0,79.7673067626251,0.0,0.0,0.0,0.0,0.0,0.0,0.672056572334295,0.28041787762715553,0.0,0.3921118616925786
Christopher Operi,Başakşehir,MF,0.0,0.0,0.0,DF,False,True,Başakşehir,Sol Bek,Standart Bek (Hücum),Standart Bek,Hücum,FB,1.0871896072226797,0.0,0.0,47.09439764496811,0.0,4.7593284944539,0.0,0.0,0.0,0.0,0.0,0.0,0.0,0.0,0.0,0.0,82.56035929608507,0.0,0.0,0.0,0.0,0.0,0.21481430002255095,0.13891872967203564,0.027747049935794296,0.0,0.15463217890004502
Berat Özdemir,Başakşehir,DF,0.0,0.0,0.0,MF,True,True,Başakşehir,Ön Libero,Gizli Libero,Gizli Libero,,DM,0.0,0.0,0.0,0.0,0.0,0.0,0.7804136340228287,0.0140238381945519,0.1611253949206741,2.644897516837564,3.852318123194014,1.5639812427089144,4.596122853901026,7.295833373084385,0.0,0.0,89.14603468984694,0.0,0.0,0.0,0.0,0.0,0.0,0.7740009516210922,0.14748837484860622,0.0,0.4164981507802673
Yusuf Sari,Başakşehir,MF,0.0,0.14,0.14,MF,True,True,Başakşehir,,Merkez Orta Saha,Merkez Orta Saha,,MID,0.0,0.0,0.0,0.0,0.0,0.0,1.830347493326464,0.0412037039323592,0.3025972633329344,2.0039373072172206,3.107621504604421,0.7509819560015906,5.038763415478263,6.953543651460908,0.0,0.0,87.11151008302168,0.0,0.0,0.0,0.0,0.0,0.0,0.7376391699092113,0.23602137309025387,0.0,0.4160238595726564
Festy Ebosele,Başakşehir,DF,0.0,0.0,0.0,DF,False,True,Başakşehir,Sağ Bek,Ofansif Bek (Hücum),Ofansif Bek,Hücum,FB,1.2736035763543296,0.0,0.0,49.07705740996588,0.0,7.561367159338119,0.0,0.0,0.0,3.223361947870177,0.0,0.0,0.0,0.0,0.0,0.0,80.10178639649426,0.0,0.0,0.0,0.0,0.0,0.23453105321404494,0.2061279911132127,0.11542916807126839,0.0,0.20218975755523996
Léo Duarte,Başakşehir,DF,0.0,0.0,0.0,DF,False,True,Başakşehir,Stoper,Standart Stoper (Sıkı Defans),Standart Stoper,Sıkı Defans,CB,3.2741728485302346,1.1710025631490455,5.016484101215078,54.33004674775038,78.00959065461953,0.0,0.0,0.0,0.0,0.0,0.0,0.0,3.1187266814694885,0.0,0.0,0.0,78.18728507646034,0.0,0.0,0.0,0.0,0.0,0.7924736717542036,0.20035213830170748,0.0,0.0,0.594801997888284
Olivier Kemen,Başakşehir,MF,0.0,0.17,0.17,MF,True,True,Başakşehir,Merkez Orta Saha,Savaşçı Orta Saha (Destek),Savaşçı Orta Saha,Destek,MID,3.210956818209212,1.1372053986904564,0.0,0.0,0.0,0.0,0.7810205301608166,0.0329321933636404,0.1913268770657259,1.538791998960498,0.0,0.0,0.0,6.504698588794842,0.0,0.0,0.0,0.0,0.0,0.0,0.0,0.0,0.33955249642457985,0.1459332455062133,0.1433951226729582,0.0,0.20351139621507225
Nuno da Costa,Başakşehir,FW,0.34,0.0,0.34,MF,True,True,Başakşehir,,Merkez Orta Saha,Merkez Orta Saha,,MID,0.0,0.0,0.0,0.0,0.0,0.0,1.5028431057008262,0.1814949774963238,0.1331401921396433,3.4922361504258204,1.894156625918329,1.6709475761383357,3.226761570831055,4.331832971597697,0.0,0.0,89.14603468984694,0.0,0.0,0.0,0.0,0.0,0.0,0.6283686406615656,0.42055116716773955,0.0,0.3982945537643307
Ousseynou Ba,Başakşehir,DF,0.0,0.0,0.0,DF,False,True,Başakşehir,Stoper,Çakılı Stoper,Çakılı Stoper,,CB,3.059751091715248,1.7633203009480365,8.177946080438435,60.846291230949326,62.37853030734279,0.0,0.0,0.0,0.0,0.0,0.0,0.0,2.0387682031757746,0.0,0.0,0.0,78.18728507646034,0.0,0.0,0.0,0.0,0.0,0.8627542579781533,0.17653082572608403,0.0,0.0,0.6392341457299241
Umut Güneş,Başakşehir,MF,0.0,0.0,0.0,MF,True,True,Başakşehir,Merkez Orta Saha,Standart Orta Saha (Destek),Standart Orta Saha,Destek,MID,0.0,0.0,0.0,0.0,0.0,0.0,1.8889971496171087,0.2044463324642362,0.3418801149787308,1.9506895160371271,1.3160947667525695,1.3756591707711674,2.288660796125586,4.386448779528428,0.0,0.0,83.2768858380949,0.0,0.0,0.0,0.0,0.0,0.0,0.625519065865438,0.3484037174552774,0.0,0.3824402764237745
Deniz Turuc,Başakşehir,MF,0.0,0.19,0.19,MF,True,True,Başakşehir,,Merkez Orta Saha,Merkez Orta Saha,,MID,0.0,0.0,0.0,0.0,0.0,0.0,0.6244415384989621,0.0533778415776679,0.0387522076642104,2.018744965690124,3.3454715900348067,1.9276198799136048,3.955164345636993,7.03135646159237,0.0,0.0,81.34042177995188,0.0,0.0,0.0,0.0,0.0,0.0,0.6569615252338955,0.11520467594114123,0.0,0.351521697805176
Onur Bulut,Başakşehir,DF,0.0,0.0,0.0,DF,False,True,Başakşehir,Sağ Bek,Çalışkan Kanat Oyuncusu (Destek),Çalışkan Kanat Oyuncusu,Destek,FB,1.1009178232704695,0.0,0.0,56.14793103329004,0.0,3.5108322122856714,0.0,0.0,0.0,0.0,0.0,0.0,0.0,0.0,0.0,0.0,78.18728507646034,0.0,0.0,0.0,0.0,0.0,0.24129165022738186,0.13156045361157037,0.0204682733759615,0.0,0.16420761587235433
Ömer Ali Şahiner,Başakşehir,MF,0.0,0.0,0.0,DF,False,True,Başakşehir,Sağ Bek,Standart Bek (Destek),Standart Bek,Destek,FB,0.9507943073869946,0.0,0.0,54.2694576167228,0.0,2.3396224586283445,0.0,0.0,0.0,0.0,0.0,0.0,0.0,0.0,0.0,0.0,86.20973472521813,0.0,0.0,0.0,0.0,0.0,0.22462160764158923,0.1450592867509284,0.013640079953740478,0.0,0.15855660583682124
Ivan Brnić,Başakşehir,MF,0.5,0.0,0.5,MF,True,True,Başakşehir,,Merkez Orta Saha,Merkez Orta Saha,,MID,0.0,0.0,0.0,0.0,0.0,0.0,1.5913556612206974,0.1264631732379572,0.1478919499091806,1.241784317217507,2.932447664427748,0.5834547459142635,3.1710168546316706,3.118263226526185,0.0,0.0,87.57951836651024,0.0,0.0,0.0,0.0,0.0,0.0,0.5655782480802409,0.4062115256063149,0.0,0.3640314291613834
Amine Harit,Başakşehir,MF,0.0,0.31,0.31,MF,True,True,Başakşehir,On Numara,Serbest Oyuncu (Trequartista),Serbest Oyuncu,Trequartista,AM,0.0,0.0,0.0,0.0,0.0,0.0,0.938781845772864,0.2101757570028,0.0166754062591058,2.9459857816248096,1.144558037179889,0.8979892063332005,3.0977696161490096,3.624651491907443,0.0,0.0,81.91504701649376,0.0,0.0,0.0,0.0,0.0,0.0,0.42472876138008153,0.23832408948132655,0.0,0.28386160753443873
Jakub Kałuziński,Başakşehir,MF,0.0,0.0,0.0,MF,True,True,Başakşehir,,Merkez Orta Saha,Merkez Orta Saha,,MID,0.0,0.0,0.0,0.0,0.0,0.0,2.4221464379989177,0.1832003861915626,0.2589664422684256,2.67294200961002,2.080151397702935,1.402330818949736,6.799314013567276,7.799496512239136,0.0,0.0,81.59260048446419,0.0,0.0,0.0,0.0,0.0,0.0,0.7409792079470626,0.3499285942782375,0.0,0.44047532282917884
Onur Ergün,Başakşehir,MF,0.0,0.4025,0.6179999999999995,MF,True,True,Başakşehir,Ön Libero,Defansif Orta Saha (Savunma),Defansif Orta Saha,Savunma,DM,0.0,0.0,0.0,0.0,0.0,0.0,1.415445858111842,0.135559301372962,0.3213267932697027,1.396077954529653,3.8703994464528586,0.944839868308896,5.08150242962862,4.071267972326002,0.0,0.0,80.79007190649398,0.0,0.0,0.0,0.0,0.0,0.0,0.7896650358460382,0.2679021512382588,0.0,0.44841294817067084
Abbosbek Fayzullayev,Başakşehir,MF,0.0,0.0,0.0,MF,True,True,Başakşehir,,Merkez Orta Saha,Merkez Orta Saha,,MID,0.0,0.0,0.0,0.0,0.0,0.0,2.092584354527832,0.1475869226146932,0.0980130653426712,1.0224288231627754,2.501203437130604,1.5716362461068634,4.784392215860479,6.916476647111248,0.0,0.0,79.55614773869083,0.0,0.0,0.0,0.0,0.0,0.0,0.6027606743356179,0.23055995118829303,0.0,0.34749232740546754
Hamza Güreler,Başakşehir,DF,0.0,0.0,0.0,DF,False,True,Başakşehir,Stoper,Standart Stoper (Savunma),Standart Stoper,Savunma,CB,2.784063292308576,1.7599819747981782,10.159948424788888,59.96261835993434,61.160542573783495,0.0,0.0,0.0,0.0,0.0,0.0,0.0,2.0387682031757746,0.0,0.0,0.0,85.45452632484215,0.0,0.0,0.0,0.0,0.0,0.8725465213774521,0.18875892079559387,0.0,0.0,0.6485343491233352
Deniz Dilmen,Başakşehir,GK,0.0,0.0,0.0,GK,False,False,Başakşehir,,Merkez Orta Saha,Merkez Orta Saha,,MID,0.0,0.0,0.0,0.0,0.0,0.0,1.5554757385281497,0.12709013672907,0.3004195868796923,2.6373481156017258,2.298187408059114,1.6385079237828966,4.078875517616609,4.429096686280359,0.0,0.0,81.07755673220119,0.0,0.0,0.0,0.0,0.0,0.0,0.7359810499415484,0.290070320493062,0.0,0.42600458906938665
Davie Selke,Başakşehir,FW,0.0,0.0,0.0,FW,True,False,Başakşehir,Santrafor,Pivot Santrafor (Hücum),Pivot Santrafor,Hücum,FWD,0.0,0.0,0.0,0.0,0.0,0.0,2.6252678828354434,0.0,0.0,0.0,0.0,0.0,0.0,3.1135117261813545,7.496286696068089,0.6753934618468778,0.0,0.0,0.0,0.0,0.0,0.0,0.0,0.0,0.25174163568250757,0.0,0.20139330854600607
Ömer Faruk Beyaz,Başakşehir,MF,0.0,0.0,0.0,MF,True,True,Başakşehir,,Merkez Orta Saha,Merkez Orta Saha,,MID,0.0,0.0,0.0,0.0,0.0,0.0,0.5420451568519457,0.0743871128297051,0.1022763806616642,2.567180278559065,2.373098815477882,0.6537739460997116,4.144721667150721,3.596648356556071,0.0,0.0,82.26383698168665,0.0,0.0,0.0,0.0,0.0,0.0,0.5502147317671149,0.15521686344082275,0.0,0.306150738571722
Bertuğ Yıldırım,Başakşehir,FW,0.0,0.0,0.0,FW,True,False,Başakşehir,Santrafor,Pivot Santrafor (Destek),Pivot Santrafor,Destek,FWD,0.0,0.0,0.0,0.0,0.0,0.0,4.6893127695543,0.0,0.0,0.0,0.0,0.0,0.0,3.190747568588713,8.740608136685365,0.6825200960983576,0.0,0.0,0.0,0.0,0.0,0.0,0.0,0.0,0.3412483725117107,0.0,0.27299869800936855
Doğan Alemdar,Başakşehir,GK,0.0,0.0,0.0,GK,False,False,Başakşehir,Kaleci,Kaleci (Savunma),Kaleci,Savunma,GK,0.0,0.0,0.0,0.0,0.0,0.0,0.0,0.0,0.0,0.0,0.0,0.0,0.0,0.0,0.0,0.0,0.0,58.11989040672405,3.4855307303338106,61.480893034681806,0.6848722277386503,0.9179696963549172,0.0,0.0,0.0,0.8909550867473138,0.8909550867473138
Berkay Aslan,Başakşehir,MF,0.0,0.0,0.0,MF,True,True,Başakşehir,,Merkez Orta Saha,Merkez Orta Saha,,MID,0.0,0.0,0.0,0.0,0.0,0.0,1.729617888747447,0.141255498214754,0.3187695565753703,1.5378007228951651,1.626648172015491,1.2707816963101517,4.704525019190404,4.459033145996725,0.0,0.0,86.08793049774877,0.0,0.0,0.0,0.0,0.0,0.0,0.6727293552345854,0.28716547022228145,0.0,0.393797771661749
Volkan Babacan,Başakşehir,GK,0.0,0.0,0.0,GK,False,False,Başakşehir,Kaleci,Kaleci (Savunma),Kaleci,Savunma,GK,0.0,0.0,0.0,0.0,0.0,0.0,0.0,0.0,0.0,0.0,0.0,0.0,0.0,0.0,0.0,0.0,0.0,56.16167224336399,2.210456421393158,67.16931457088545,0.5800422539062542,1.8623988289499804,0.0,0.0,0.0,0.6825475134126905,0.6825475134126905
Luca Stančič,Başakşehir,GK,0.0,0.0,0.0,GK,False,False,Başakşehir,,Merkez Orta Saha,Merkez Orta Saha,,MID,0.0,0.0,0.0,0.0,0.0,0.0,2.39794701863398,0.1722213255125226,0.2638866662588743,3.3673316180761086,2.106121512594385,1.2633358333865838,5.482149035180536,7.333601591133955,0.0,0.0,78.75077810663342,0.0,0.0,0.0,0.0,0.0,0.0,0.7162474981250374,0.35900763987553974,0.0,0.4299252770376267
Opponent Total,Başakşehir,NAN,0.525,0.4025,0.0,NAN,False,False,Başakşehir,,Merkez Orta Saha,Merkez Orta Saha,,MID,0.0,0.0,0.0,0.0,0.0,0.0,1.6633848223072958,0.2183307289652019,0.2817173718945035,1.2078563078084308,2.10943976796153,1.0539211553233117,5.510730480909148,8.134178808637714,0.0,0.0,80.52608327598412,0.0,0.0,0.0,0.0,0.0,0.0,0.6664110935021534,0.5132192728917051,0.0,0.43584940132941774
Tammy Abraham,Besiktas,FW,0.51,0.1,0.61,FW,True,False,Beşiktaş,Santrafor,Pivot Santrafor (Hücum),Pivot Santrafor,Hücum,FWD,0.0,0.0,0.0,0.0,0.0,0.0,3.4418980205662155,0.0,0.0,0.0,0.0,0.0,0.0,3.1135117261813545,5.961646146020051,0.7460259676301773,0.0,0.0,0.0,0.0,0.0,0.0,0.0,0.0,0.4954742503267182,0.0,0.3963794002613746
Wilfred Ndidi,Besiktas,MF,0.11,0.0,0.11,MF,True,True,Beşiktaş,Ön Libero,Ön Libero (Çapa),Ön Libero,Çapa,DM,1.9838633606310592,0.0,0.0,0.0,0.0,0.0,2.1202966047962595,0.159072838494812,0.0166754062591058,1.9673039628150253,0.0,0.0,4.600849461553755,7.981319187401949,0.0,0.0,0.0,0.0,0.0,0.0,0.0,0.0,0.1505510532893523,0.1547787561645177,0.27778669861274646,0.0,0.17811203379161383
Rafa Silva,Besiktas,MF,0.525,0.11,0.6179999999999995,MF,True,True,Beşiktaş,On Numara,Serbest Oyuncu (Trequartista),Serbest Oyuncu,Trequartista,AM,0.0,0.0,0.0,0.0,0.0,0.0,2.2568335730316567,0.1902803842607895,0.336983624975909,3.347762984452517,1.157065060562417,1.899387293854508,2.858469538527248,5.383101177710729,0.0,0.0,87.70828368350011,0.0,0.0,0.0,0.0,0.0,0.0,0.7041139349103077,0.5849424436188329,0.0,0.5275397005408037
Orkun Kökçü,Besiktas,MF,0.0,0.22,0.22,MF,True,True,Beşiktaş,Merkez Orta Saha,Regista,Regista,,MID,0.0,0.0,0.0,0.0,0.0,0.0,0.8789675210927582,0.0400179087386432,0.2543348472246131,1.9332637557005303,2.5951838776204625,1.9276198799136048,6.251979447517611,7.008510819423877,0.0,0.0,89.14603468984694,0.0,0.0,0.0,0.0,0.0,0.0,0.7965894683542772,0.1790471401705462,0.0,0.43410416221124787
Mert Günok,Besiktas,GK,0.0,0.0,0.0,GK,False,False,Beşiktaş,Kaleci,Kaleci (Savunma),Kaleci,Savunma,GK,0.0,0.0,0.0,0.0,0.0,0.0,0.0,0.0,0.0,0.0,0.0,0.0,0.0,0.0,0.0,0.0,0.0,72.3235229154987,4.727961206236346,62.317381190502594,0.7228763541126306,0.8593428360004587,0.0,0.0,0.0,1.0384478858754151,1.0384478858754151
Emir Topçu,Besiktas,DF,0.13,0.0,0.13,DF,False,True,Beşiktaş,,Merkez Orta Saha,Merkez Orta Saha,,MID,0.0,0.0,0.0,0.0,0.0,0.0,0.845294163807276,0.1153893686049474,0.1066628833851466,2.524020058693031,3.302702885553755,1.7412594798098318,4.500563760383135,4.229905772494925,0.0,0.0,79.76306308300525,0.0,0.0,0.0,0.0,0.0,0.0,0.6999734885039246,0.24301197665517033,0.0,0.39858913958299635
Václav Černý,Besiktas,MF,0.16,0.4025,0.6179999999999995,MF,True,True,Beşiktaş,,Merkez Orta Saha,Merkez Orta Saha,,MID,0.0,0.0,0.0,0.0,0.0,0.0,1.683060076587083,0.0140238381945519,0.2902881327005964,1.8735048744995448,2.249513295711637,1.5458140728644552,4.05979047517051,4.75888638156608,0.0,0.0,82.11174175827026,0.0,0.0,0.0,0.0,0.0,0.0,0.7041205464774017,0.2676270268361715,0.0,0.4055856786059352
El Bilal Touré,Besiktas,FW,0.27,0.27,0.54,MF,True,True,Beşiktaş,Santrafor,Yaratıcı Forvet,Yaratıcı Forvet,,FWD,0.0,0.0,0.0,0.0,0.0,0.0,4.68508330091653,0.0,0.0,0.0,0.0,0.0,0.0,0.0,2.760120528646059,0.6602873385032788,0.0,0.0,0.0,0.0,0.0,0.0,0.0,0.0,0.4393240312984692,0.0,0.35145922503877536
Tiago Djaló,Besiktas,DF,0.14,0.0,0.14,DF,False,True,Beşiktaş,Stoper,Pas Dağıtan Stoper (Sıkı Defans),Pas Dağıtan Stoper,Sıkı Defans,CB,1.492132729475271,0.719139945400875,7.029439173556797,48.69078423152013,58.12424766071187,0.0,0.0,0.0,0.0,0.0,0.0,0.0,6.8003713577826455,0.0,0.0,0.0,81.54655666292778,0.0,0.0,0.0,0.0,0.0,0.5894880071277819,0.2872128725859334,0.05333333333333334,0.0,0.4754175128399674
Gökhan Sazdağı,Besiktas,DF,0.0,0.0,0.0,DF,False,True,Beşiktaş,Sağ Bek,Çalışkan Kanat Oyuncusu (Savunma),Çalışkan Kanat Oyuncusu,Savunma,FB,1.0050809808710215,0.0,0.0,48.90241814744616,0.0,1.5613464325277038,0.0,0.0,0.0,0.0,0.0,0.0,0.0,0.0,0.0,0.0,87.04965595477057,0.0,0.0,0.0,0.0,0.0,0.21366281835255357,0.14647256536585726,0.009102703770270318,0.0,0.15259371954008802
David Jurásek,Besiktas,DF,0.0,0.0,0.0,DF,False,True,Beşiktaş,Sol Bek,Ofansif Bek (Hücum),Ofansif Bek,Hücum,FB,1.583323905655634,0.0,0.0,64.6628812198245,0.0,6.573832443647065,0.0,0.0,0.0,2.723419339539736,0.0,0.0,0.0,0.0,0.0,0.0,85.6157927131305,0.0,0.0,0.0,0.0,0.0,0.30182281076031,0.20434026912727488,0.09860603920256814,0.0,0.23193469395885108
Ohis Felix Uduokhai,Besiktas,DF,0.0,0.0,0.0,DF,False,True,Beşiktaş,,Merkez Orta Saha,Merkez Orta Saha,,MID,0.0,0.0,0.0,0.0,0.0,0.0,1.26315978659408,0.0616697161304057,0.0985324194452254,1.5403810463414092,3.46653966044927,1.5714899536024962,6.352634831346921,8.37801491112672,0.0,0.0,88.37590706229769,0.0,0.0,0.0,0.0,0.0,0.0,0.7261353640918813,0.1543933285246327,0.0,0.3939463477508672
Rıdvan Yılmaz,Besiktas,DF,0.0,0.0,0.0,DF,False,True,Beşiktaş,Sol Bek,Standart Bek (Hücum),Standart Bek,Hücum,FB,1.1507673212898473,0.0,0.0,55.14437048392218,0.0,4.176100757081184,0.0,0.0,0.0,0.0,0.0,0.0,0.0,0.0,0.0,0.0,81.91186457024892,0.0,0.0,0.0,0.0,0.0,0.2422551557655749,0.1378275514809489,0.024346812030031095,0.0,0.16734520573307834
Gabriel Paulista,Besiktas,DF,0.0,0.2,0.2,DF,False,True,Beşiktaş,Stoper,Standart Stoper (Durdurucu),Standart Stoper,Durdurucu,CB,1.6682799299900977,1.638310401014096,5.726568219974745,65.39625245130541,73.29238882225991,0.0,0.0,0.0,0.0,0.0,0.0,0.0,3.959918735503527,0.0,0.0,0.0,84.79290162280007,0.0,0.0,0.0,0.0,0.0,0.7421144417123187,0.23002165603344316,0.0,0.0,0.5654844404053118
Ersin Destanoğlu,Besiktas,GK,0.0,0.0,0.0,GK,False,False,Beşiktaş,Kaleci,Kaleci (Savunma),Kaleci,Savunma,GK,0.0,0.0,0.0,0.0,0.0,0.0,0.0,0.0,0.0,0.0,0.0,0.0,0.0,0.0,0.0,0.0,0.0,67.02230023486418,2.7763399448000508,77.26206851751186,0.6822032461394687,0.7173423081368346,0.0,0.0,0.0,0.9646581770796905,0.9646581770796905
Cengiz Ünder,Besiktas,MF,0.525,0.26,0.0,MF,True,True,Beşiktaş,Sağ Kanat,İçe Kat Eden Oyuncu (Hücum),İçe Kat Eden Oyuncu,Hücum,WING,0.0,0.0,0.0,0.0,0.0,7.606864902823554,2.6711215398251054,0.0140238381945519,0.1376195905185041,4.517920861271849,0.0,0.0,0.0,0.0,0.0,0.0,0.0,0.0,0.0,0.0,0.0,0.0,0.0,0.1804695427936551,0.507061109528985,0.0,0.35837752855548755
Jonas Svensson,Besiktas,DF,0.0,0.0,0.0,DF,False,True,Beşiktaş,Sağ Bek,Standart Bek (Destek),Standart Bek,Destek,FB,1.4192587637817282,0.0,0.0,45.930669793399865,0.0,3.480291023714054,0.0,0.0,0.0,0.0,0.0,0.0,0.0,0.0,0.0,0.0,83.75311153427648,0.0,0.0,0.0,0.0,0.0,0.23674485472009568,0.14092569314888775,0.020290217188963122,0.0,0.1647081787425068
Milot Rashica,Besiktas,MF,0.0,0.25,0.25,MF,True,True,Beşiktaş,Sağ Kanat,Çalışkan Kanat Oyuncusu (Destek),Çalışkan Kanat Oyuncusu,Destek,WING,0.0,0.0,0.0,0.0,0.0,2.73118162670106,1.694141909130544,0.2414115226004484,0.3420414376440454,4.517920861271849,0.0,0.0,0.0,0.0,0.0,0.0,0.0,0.0,0.0,0.0,0.0,0.0,0.0,0.30000000000000004,0.43543446422004056,0.0,0.35126067853202436
Salih Uçan,Besiktas,MF,0.0,0.0,0.0,MF,True,True,Beşiktaş,Merkez Orta Saha,Oyun Kurucu (Destek),Oyun Kurucu,Destek,MID,0.0,0.0,0.0,0.0,0.0,0.0,2.1637087360201126,0.1816154287782512,0.3054638438481448,3.456739649491537,3.551044003359686,1.1925742157196786,5.157094606091881,3.1135117261813545,0.0,0.0,79.85910373372131,0.0,0.0,0.0,0.0,0.0,0.0,0.8248065426454251,0.36888210997794546,0.0,0.48617969331830163
Devrim Şahin,Besiktas,MF,0.0,0.0,0.0,MF,True,True,Beşiktaş,,Merkez Orta Saha,Merkez Orta Saha,,MID,0.0,0.0,0.0,0.0,0.0,0.0,2.2900485591358235,0.2459098104948692,0.0394031366441779,1.905201817050616,1.6359821640959742,1.881491781644864,4.662520332079909,3.5130511851268085,0.0,0.0,78.99284202741828,0.0,0.0,0.0,0.0,0.0,0.0,0.5527685133112218,0.30136083624145044,0.0,0.336656423903901
Demir Ege Tıknaz,Besiktas,MF,0.0,0.4025,0.46,MF,True,True,Beşiktaş,Ön Libero,Defansif Oyun Kurucu (Destek),Defansif Oyun Kurucu,Destek,DM,0.0,0.0,0.0,0.0,0.0,0.0,1.1421848965357082,0.0247945248968039,0.2462900921112785,3.214067849933663,2.972060446510386,1.541893140879928,2.576973210894587,4.247317530876164,0.0,0.0,83.81445594096013,0.0,0.0,0.0,0.0,0.0,0.0,0.7244641365192969,0.20698488265150428,0.0,0.4036290447899493
Kartal Yılmaz,Besiktas,MF,0.0,0.0,0.0,MF,True,True,Beşiktaş,,Merkez Orta Saha,Merkez Orta Saha,,MID,0.0,0.0,0.0,0.0,0.0,0.0,0.8974281738464124,0.100373578965322,0.1892444668257186,1.4208774359059326,2.416845412488945,1.5934715924837246,5.028189446617057,3.1591932232429185,0.0,0.0,81.62903413534244,0.0,0.0,0.0,0.0,0.0,0.0,0.6700555837794304,0.18627905910481032,0.0,0.37228360371067726
João Mário,Besiktas,MF,0.0,0.0,0.0,MF,True,True,Beşiktaş,,Merkez Orta Saha,Merkez Orta Saha,,MID,0.0,0.0,0.0,0.0,0.0,0.0,2.03910358201211,0.2000177421747898,0.0337870645684042,1.3753827008677249,3.640470213764455,1.792536355681018,2.586019528401167,4.088612610538783,0.0,0.0,84.76090037380625,0.0,0.0,0.0,0.0,0.0,0.0,0.6238651910972517,0.24929577457496085,0.0,0.361791750463618
Taylan Bulut,Besiktas,DF,0.0,0.0,0.0,DF,False,True,Beşiktaş,Sağ Bek,Standart Bek (Hücum),Standart Bek,Hücum,FB,1.6558093604532569,0.0,0.0,43.10986083203685,0.0,3.133844367905286,0.0,0.0,0.0,0.0,0.0,0.0,0.0,0.0,0.0,0.0,86.91499133648213,0.0,0.0,0.0,0.0,0.0,0.2467712105409156,0.14624597432550931,0.018270421188326308,0.0,0.17091348180577584
Necip Uysal,Besiktas,MF,0.0,0.0,0.0,MF,True,True,Beşiktaş,Ön Libero,Savaşçı Orta Saha (Savunma),Savaşçı Orta Saha,Savunma,DM,2.60882733047546,1.7641792919562616,0.0,0.0,0.0,0.0,0.9770926746510858,0.0510089086572247,0.0846628398905936,0.926837998108643,0.0,0.0,0.0,8.534722121933699,0.0,0.0,0.0,0.0,0.0,0.0,0.0,0.0,0.3467195967602019,0.07001913652318453,0.11805449102525031,0.0,0.1626363454947029
Ernest Muçi,Besiktas,MF,0.0,0.0,0.0,MF,True,True,Beşiktaş,On Numara,Ofansif Orta Saha (Hücum),Ofansif Orta Saha,Hücum,AM,0.0,0.0,0.0,0.0,0.0,0.0,2.127490068878725,0.1387712373255715,0.0166754062591058,2.55950042851489,1.6472220375293625,0.9111073840132864,3.68603287782876,5.528547303554988,0.0,0.0,87.6456586858017,0.0,0.0,0.0,0.0,0.0,0.0,0.4721943297225607,0.23691289507180832,0.0,0.3071710333828228
Jota Silva,Besiktas,FW,0.525,0.0,0.6179999999999995,FW,True,False,Beşiktaş,Sağ Kanat,Kanat Oyuncusu (Hücum),Kanat Oyuncusu,Hücum,WING,0.0,0.0,0.0,0.0,0.0,6.038001667928902,2.507281861499129,0.2459098104948692,0.1357460012713556,3.923055379893841,0.0,0.0,0.0,0.0,0.0,0.0,0.0,0.0,0.0,0.0,0.0,0.0,0.0,0.166207212018332,0.6186579708689011,0.0,0.42105694612684025
Mustafa Hekimoğlu,Besiktas,FW,0.0,0.0,0.0,FW,True,False,Beşiktaş,Santrafor,Fırsatçı Golcü,Fırsatçı Golcü,,FWD,0.0,0.0,0.0,0.0,0.0,0.0,4.6893127695543,0.0,0.0,0.0,0.0,0.0,0.0,0.0,4.152821844135359,0.7109810783012374,0.0,0.0,0.0,0.0,0.0,0.0,0.0,0.0,0.34713840774909394,0.0,0.27771072619927517
Serkan Terzi,Besiktas,DF,0.0,0.0,0.0,DF,False,True,Beşiktaş,,Merkez Orta Saha,Merkez Orta Saha,,MID,0.0,0.0,0.0,0.0,0.0,0.0,1.289850332662402,0.1832678240074187,0.164068787912577,1.795021128054155,3.0334396009301328,1.7106063558000546,2.7142098240716592,8.356030266461849,0.0,0.0,79.64578185783292,0.0,0.0,0.0,0.0,0.0,0.0,0.6580734016378491,0.25450064806215744,0.0,0.37993683043135607
Tayyib Talha Sanuç,Besiktas,DF,0.0,0.0,0.0,DF,False,True,Beşiktaş,,Merkez Orta Saha,Merkez Orta Saha,,MID,0.0,0.0,0.0,0.0,0.0,0.0,1.801854788512088,0.1539963625650447,0.1054428412660001,3.1337672745670204,2.823256366758168,0.7928609044347381,5.4603682351218445,7.904661370430645,0.0,0.0,84.96838901465142,0.0,0.0,0.0,0.0,0.0,0.0,0.637999781126207,0.2709746233368872,0.0,0.373194815230481
Keny Arroyo,Besiktas,MF,0.0,0.0,0.0,MF,True,True,Beşiktaş,,Merkez Orta Saha,Merkez Orta Saha,,MID,0.0,0.0,0.0,0.0,0.0,0.0,0.6006241590528032,0.047006183653854,0.2094251195042155,2.0776667480672044,1.8859044327154983,1.0180129283673318,3.031260569180763,5.050904110187256,0.0,0.0,84.06610512467837,0.0,0.0,0.0,0.0,0.0,0.0,0.5774637069770316,0.16150477194025686,0.0,0.3210328078765672
Emre Bilgin,Besiktas,GK,0.0,0.0,0.0,GK,False,False,Beşiktaş,Kaleci,Kaleci (Savunma),Kaleci,Savunma,GK,0.0,0.0,0.0,0.0,0.0,0.0,0.0,0.0,0.0,0.0,0.0,0.0,0.0,0.0,0.0,0.0,0.0,69.1614515559209,3.9875668530619457,72.46596253655116,0.3119420353316215,1.2341791404163445,0.0,0.0,0.0,0.867787330458978,0.867787330458978
Amir Hadžiahmetović,Besiktas,MF,0.0,0.0,0.0,MF,True,True,Beşiktaş,,Merkez Orta Saha,Merkez Orta Saha,,MID,0.0,0.0,0.0,0.0,0.0,0.0,1.7101045818208034,0.0888461421714348,0.104033232698016,3.414122255369749,1.4098027109535178,1.003415681404764,3.95929686594013,4.556540600587755,0.0,0.0,79.7289454321584,0.0,0.0,0.0,0.0,0.0,0.0,0.5267862760477026,0.2331144291776323,0.0,0.31001602385937777
Emrecan Uzunhan,Besiktas,MF,0.0,0.0,0.0,MF,True,True,Beşiktaş,,Merkez Orta Saha,Merkez Orta Saha,,MID,0.0,0.0,0.0,0.0,0.0,0.0,1.348712125348181,0.1959479461213493,0.1049716890274446,1.3009188923984272,2.9549192814318297,1.9276198799136048,6.478373888093893,5.278154449003601,0.0,0.0,85.48798182634779,0.0,0.0,0.0,0.0,0.0,0.0,0.7172691261916879,0.23653147507993239,0.0,0.40594085811183045
Opponent Total,Besiktas,NAN,0.0,0.4025,0.0,NAN,False,False,Beşiktaş,,Merkez Orta Saha,Merkez Orta Saha,,MID,0.0,0.0,0.0,0.0,0.0,0.0,1.6318777726684957,0.1385566285330041,0.2601176195560611,3.1452825534801496,3.215792374396992,1.7848058356218903,3.0215819169948515,6.541769655088847,0.0,0.0,81.28368501432927,0.0,0.0,0.0,0.0,0.0,0.0,0.7711790607855773,0.29978309373121936,0.0,0.4455461491390325
Robin Yalçın,Eyupspor,DF,0.0,0.0,0.0,DF,False,True,Eyüpspor,Stoper,Çakılı Stoper,Çakılı Stoper,,CB,1.8232574281892275,1.0238937812765443,8.983123806552001,65.8773412716911,60.22410620759054,0.0,0.0,0.0,0.0,0.0,0.0,0.0,2.122812387268361,0.0,0.0,0.0,80.01222428064284,0.0,0.0,0.0,0.0,0.0,0.7300567221722225,0.18145534201617902,0.0,0.0,0.5473307739237916
Kerem Demirbay,Eyupspor,MF,0.0,0.0,0.0,MF,True,True,Eyüpspor,Merkez Orta Saha,Regista,Regista,,MID,0.0,0.0,0.0,0.0,0.0,0.0,0.7528298362642132,0.0140238381945519,0.0168499925924237,2.8968115025377026,3.850702420261574,1.9276198799136048,5.714701333155221,4.6083818449372576,0.0,0.0,86.25194557505331,0.0,0.0,0.0,0.0,0.0,0.0,0.7432118507124053,0.10970712477630734,0.0,0.3935473503114641
Marcos Felipe,Eyupspor,GK,0.0,0.0,0.0,GK,False,False,Eyüpspor,Kaleci,Kaleci (Savunma),Kaleci,Savunma,GK,0.0,0.0,0.0,0.0,0.0,0.0,0.0,0.0,0.0,0.0,0.0,0.0,0.0,0.0,0.0,0.0,0.0,56.126772645019386,2.9351332282682328,66.61796049705299,0.7355353990939868,1.8688032520732485,0.0,0.0,0.0,0.7519638893727169,0.7519638893727169
Nihad Mujakić,Eyupspor,DF,0.0,0.0,0.0,DF,False,True,Eyüpspor,,Merkez Orta Saha,Merkez Orta Saha,,MID,0.0,0.0,0.0,0.0,0.0,0.0,1.9474348643827823,0.1902476900070234,0.3160132483171955,2.8814889805389408,1.94688203129005,1.5517547923853896,4.539025319793895,6.744893447094804,0.0,0.0,83.85401182252815,0.0,0.0,0.0,0.0,0.0,0.0,0.7359429396705531,0.35527510229792947,0.0,0.43902649029486246
Luccas Claro,Eyupspor,DF,0.0,0.0,0.0,DF,False,True,Eyüpspor,Stoper,Standart Stoper (Durdurucu),Standart Stoper,Durdurucu,CB,3.294336567705979,1.123607501462118,4.682779719950144,51.13260024430112,77.92271976810694,0.0,0.0,0.0,0.0,0.0,0.0,0.0,2.111926441200673,0.0,0.0,0.0,81.8214585758169,0.0,0.0,0.0,0.0,0.0,0.774639757506013,0.18425950008249137,0.0,0.0,0.5790997302707074
Serdar Gürler,Eyupspor,FW,0.0,0.0,0.0,MF,True,True,Eyüpspor,Sol Kanat,Kanat Oyuncusu (Destek),Kanat Oyuncusu,Destek,WING,0.0,0.0,0.0,0.0,0.0,5.247871887168212,3.194459079109348,0.2459098104948692,0.3420414376440454,4.295620116433405,0.0,0.0,0.0,0.0,0.0,0.0,0.0,0.0,0.0,0.0,0.0,0.0,0.0,0.2950795786012094,0.5119190852055384,0.0,0.3956753247036859
Lucas Calegari,Eyupspor,MF,0.0,0.12,0.12,DF,False,True,Eyüpspor,,Merkez Orta Saha,Merkez Orta Saha,,MID,0.0,0.0,0.0,0.0,0.0,0.0,2.21187386284078,0.0140238381945519,0.2982923560369135,3.080914715915597,2.934497812066941,1.5905851424230852,4.09635830583011,5.456469913147442,0.0,0.0,78.98726789132475,0.0,0.0,0.0,0.0,0.0,0.0,0.7786848280968717,0.2582936781001012,0.0,0.44100114966845605
Yalçın Kayan,Eyupspor,MF,0.0,0.27,0.27,MF,True,True,Eyüpspor,Merkez Orta Saha,Standart Orta Saha (Destek),Standart Orta Saha,Destek,MID,0.0,0.0,0.0,0.0,0.0,0.0,0.8551535801906289,0.186433445682808,0.2337316391292422,2.854764775546097,2.18539272283451,1.3431091916038569,2.0906202052286487,6.312283085111881,0.0,0.0,83.51500868656348,0.0,0.0,0.0,0.0,0.0,0.0,0.6317915415478502,0.2817149541165914,0.0,0.3722387615972434
Mame Baba Thiam,Eyupspor,FW,0.24,0.0,0.24,FW,True,False,Eyüpspor,,Merkez Orta Saha,Merkez Orta Saha,,MID,0.0,0.0,0.0,0.0,0.0,0.0,0.6010005665923397,0.0506201400413093,0.2076275495375845,2.490794868404822,3.139620649847853,1.9206360006627787,5.963790567864064,5.6167591748119,0.0,0.0,81.67756161651384,0.0,0.0,0.0,0.0,0.0,0.0,0.7972241045692282,0.26377250465678104,0.0,0.4513665532159703
Denis Drăguș,Eyupspor,FW,0.0,0.0,0.0,MF,True,True,Eyüpspor,Santrafor,Yaratıcı Forvet,Yaratıcı Forvet,,FWD,0.0,0.0,0.0,0.0,0.0,0.0,2.3249185392266907,0.0,0.0,0.0,0.0,0.0,0.0,0.0,5.18699671303102,0.4207381555044375,0.0,0.0,0.0,0.0,0.0,0.0,0.0,0.0,0.18623045572613428,0.0,0.14898436458090744
Svit Sešlar,Eyupspor,FW,0.17,0.17,0.35,MF,True,True,Eyüpspor,,Merkez Orta Saha,Merkez Orta Saha,,MID,0.0,0.0,0.0,0.0,0.0,0.0,0.5420451568519457,0.239518370029845,0.3123058743488782,1.1543611697424463,1.5976458246821594,1.2443881293235424,2.3452295315729987,4.766794557251506,0.0,0.0,87.86857453422425,0.0,0.0,0.0,0.0,0.0,0.0,0.6074963850940048,0.3508387363403386,0.0,0.37391593981507015
Halil Akbunar,Eyupspor,FW,0.22,0.0,0.22,MF,True,True,Eyüpspor,Sağ Kanat,Çalışkan Kanat Oyuncusu (Destek),Çalışkan Kanat Oyuncusu,Destek,WING,0.0,0.0,0.0,0.0,0.0,2.83096366856378,3.874354026758301,0.0481550315156356,0.1873609852536882,3.5164294542464147,0.0,0.0,0.0,0.0,0.0,0.0,0.0,0.0,0.0,0.0,0.0,0.0,0.0,0.18738746761293062,0.42753979273380377,0.0,0.3127401159241614
Umut Meraş,Eyupspor,MF,0.0,0.0,0.0,DF,False,True,Eyüpspor,Sol Bek,Standart Bek (Savunma),Standart Bek,Savunma,FB,1.973671208669921,0.0,0.0,43.8214784796083,0.0,4.575570332203831,0.0,0.0,0.0,0.0,0.0,0.0,0.0,0.0,0.0,0.0,83.90134088038758,0.0,0.0,0.0,0.0,0.0,0.27289231307506034,0.14117510863880853,0.02667573348642458,0.0,0.18413383582645765
Mateusz Łęgowski,Eyupspor,MF,0.0,0.26,0.26,MF,True,True,Eyüpspor,,Merkez Orta Saha,Merkez Orta Saha,,MID,0.0,0.0,0.0,0.0,0.0,0.0,1.7481401509308587,0.0919851878255211,0.06486556283505,0.926837998108643,3.670645007908523,1.0707765648048415,4.371275104884768,8.667274854121318,0.0,0.0,78.68374472396842,0.0,0.0,0.0,0.0,0.0,0.0,0.6070415389932677,0.17014652265667324,0.0,0.3375500740279685
Prince Obeng Ampem,Eyupspor,MF,0.23,0.0,0.23,MF,True,True,Eyüpspor,,Merkez Orta Saha,Merkez Orta Saha,,MID,0.0,0.0,0.0,0.0,0.0,0.0,1.6748974757864397,0.0817329040845197,0.02763920676679,3.286289189102355,1.862228789396739,0.7445530053973866,4.80339147469475,7.581634764958565,0.0,0.0,83.02328729901996,0.0,0.0,0.0,0.0,0.0,0.0,0.5124503206954023,0.28972876154084326,0.0,0.3141709126558698
Umut Bozok,Eyupspor,FW,0.34,0.0,0.34,FW,True,False,Eyüpspor,Santrafor,Fırsatçı Golcü,Fırsatçı Golcü,,FWD,0.0,0.0,0.0,0.0,0.0,0.0,4.6893127695543,0.0,0.0,0.0,0.0,0.0,0.0,0.0,6.401584667212422,0.5922392987602934,0.0,0.0,0.0,0.0,0.0,0.0,0.0,0.0,0.4520884600968427,0.0,0.3616707680774742
Emre Akbaba,Eyupspor,MF,0.0,0.0,0.0,MF,True,True,Eyüpspor,On Numara,Gizli Forvet,Gizli Forvet,,AM,0.0,0.0,0.0,0.0,0.0,0.0,1.548064566699547,0.0372220125831111,0.0838285594683383,2.464955849205993,2.1033579632684587,1.679308478391587,5.142132283072936,3.840679054598716,0.0,0.0,83.50117708957725,0.0,0.0,0.0,0.0,0.0,0.0,0.6236744521154243,0.1677977177982994,0.0,0.36217654139720196
Melih Kabasakal,Eyupspor,MF,0.0,0.0,0.0,MF,True,True,Eyüpspor,,Merkez Orta Saha,Merkez Orta Saha,,MID,0.0,0.0,0.0,0.0,0.0,0.0,0.8870889018435484,0.0764010538725537,0.2781023975450665,2.9506506856356767,1.1742758562410494,1.601665898113387,5.443158146539378,8.210807855387477,0.0,0.0,86.70007291558943,0.0,0.0,0.0,0.0,0.0,0.0,0.6941517160720356,0.231054152520361,0.0,0.39328668854009
Berke Özer,Eyupspor,GK,0.0,0.0,0.0,GK,False,False,Eyüpspor,,Merkez Orta Saha,Merkez Orta Saha,,MID,0.0,0.0,0.0,0.0,0.0,0.0,1.2209025914015808,0.2191626904570501,0.0166754062591058,2.1001103490838853,1.3345366369638292,1.0765325577862024,3.266361917613575,5.924587189497082,0.0,0.0,84.89145090108254,0.0,0.0,0.0,0.0,0.0,0.0,0.4408648003548322,0.23711576486902897,0.0,0.2678555531512219
Talha Ulvan,Eyupspor,DF,0.0,0.0,0.0,DF,False,True,Eyüpspor,,Merkez Orta Saha,Merkez Orta Saha,,MID,0.0,0.0,0.0,0.0,0.0,0.0,1.6484003038909636,0.2459098104948692,0.2039823922792213,1.116732110198465,2.5475857081369844,0.5834547459142635,2.049893883292247,8.367313361364548,0.0,0.0,86.00654804633017,0.0,0.0,0.0,0.0,0.0,0.0,0.5434393723670253,0.30465913891140506,0.0,0.3326515139657937
Taras Stepanenko,Eyupspor,MF,0.0,0.0,0.0,MF,True,True,Eyüpspor,Ön Libero,Ön Libero (Çapa),Ön Libero,Çapa,DM,2.9279052650131794,0.0,0.0,0.0,0.0,0.0,1.443210403604256,0.092077382626712,0.3420414376440454,1.1380016389468863,0.0,0.0,2.7143798066970586,7.799131535683891,0.0,0.0,0.0,0.0,0.0,0.0,0.0,0.0,0.22219232953571855,0.2850613692416638,0.24290712401669373,0.0,0.2577698082848862
Ilter Tashkin,Eyupspor,MF,0.0,0.0,0.0,MF,True,True,Eyüpspor,,Merkez Orta Saha,Merkez Orta Saha,,MID,0.0,0.0,0.0,0.0,0.0,0.0,2.474349592451264,0.1121526577386356,0.2994936328431388,2.651026275518223,1.8027780301839145,1.758495991577016,5.617218311774559,5.551281026815401,0.0,0.0,87.32459142782108,0.0,0.0,0.0,0.0,0.0,0.0,0.757609305401875,0.3201809291701053,0.0,0.4428408385349586
Emir Ortakaya,Eyupspor,DF,0.0,0.0,0.0,DF,False,True,Eyüpspor,Stoper,Pas Dağıtan Stoper (Sıkı Defans),Pas Dağıtan Stoper,Sıkı Defans,CB,1.101475893971669,0.8054897217790842,6.121846205422759,66.12329413616686,72.12476083481245,0.0,0.0,0.0,0.0,0.0,0.0,0.0,6.8003713577826455,0.0,0.0,0.0,81.53655006749327,0.0,0.0,0.0,0.0,0.0,0.6352325799612155,0.28719603516494885,0.0,0.0,0.5021020130058407
Metehan Altunbaş,Eyupspor,FW,0.0,0.0,0.0,FW,True,False,Eyüpspor,,Merkez Orta Saha,Merkez Orta Saha,,MID,0.0,0.0,0.0,0.0,0.0,0.0,0.6865234803691396,0.1805177345506842,0.1825059911652563,1.9618259162285487,3.506440677226584,0.5834547459142635,4.678282996737893,3.134815849920704,0.0,0.0,88.34643568389826,0.0,0.0,0.0,0.0,0.0,0.0,0.6732685166684172,0.23617356643868687,0.0,0.383868971621946
Mete-Kaan Demir,Eyupspor,FW,0.0,0.0,0.0,FW,True,False,Eyüpspor,,Merkez Orta Saha,Merkez Orta Saha,,MID,0.0,0.0,0.0,0.0,0.0,0.0,1.859803563499947,0.2215489451162686,0.0222743182503248,1.3414167620909092,1.1272268465434114,1.5555496694435764,6.180588516036244,4.6120641563096765,0.0,0.0,81.76650596066965,0.0,0.0,0.0,0.0,0.0,0.0,0.5102890174262888,0.250664498258488,0.0,0.305277408364842
Hamza Akman,Eyupspor,MF,0.0,0.0,0.0,MF,True,True,Eyüpspor,,Merkez Orta Saha,Merkez Orta Saha,,MID,0.0,0.0,0.0,0.0,0.0,0.0,1.2490694130190136,0.148261083546696,0.2909807300349984,2.12730527620188,2.1372821460158087,1.9276198799136048,6.106941814503472,6.249805287965201,0.0,0.0,84.45627246436683,0.0,0.0,0.0,0.0,0.0,0.0,0.7817242894520992,0.27586699434081374,0.0,0.4460355435942123
Cengiz Köseer,Eyupspor,GK,0.0,0.0,0.0,GK,False,False,Eyüpspor,,Merkez Orta Saha,Merkez Orta Saha,,MID,0.0,0.0,0.0,0.0,0.0,0.0,1.299219191343791,0.0978814245444573,0.2096424778620236,0.9733641301028622,2.012036640307278,1.1564919922223051,6.216630838939416,6.800869318956884,0.0,0.0,88.0812969412704,0.0,0.0,0.0,0.0,0.0,0.0,0.6490670675277194,0.19795366674433643,0.0,0.36412426711272694
Gilbert Mendy,Eyupspor,DF,0.0,0.0,0.0,DF,False,True,Eyüpspor,,Merkez Orta Saha,Merkez Orta Saha,,MID,0.0,0.0,0.0,0.0,0.0,0.0,1.9069553078821704,0.1031554602121559,0.0402265489708483,2.3713227851688767,1.1272268465434114,0.8524601074939291,4.425473299897701,4.5473261125992135,0.0,0.0,89.14603468984694,0.0,0.0,0.0,0.0,0.0,0.0,0.46257377620851403,0.2085024739409489,0.0,0.2729873828924468
Halil Yeral,Eyupspor,GK,0.0,0.0,0.0,GK,False,False,Eyüpspor,,Merkez Orta Saha,Merkez Orta Saha,,MID,0.0,0.0,0.0,0.0,0.0,0.0,1.854115917781176,0.1739045366242017,0.0328500496881746,1.5262821919747638,1.3731051970015309,1.5573065150650724,3.668141979184328,3.836136444436945,0.0,0.0,88.67423173252516,0.0,0.0,0.0,0.0,0.0,0.0,0.4927452283521249,0.22854356554959582,0.0,0.29208132728598163
Jankat Yilmaz,Eyupspor,GK,0.0,0.0,0.0,GK,False,False,Eyüpspor,,Merkez Orta Saha,Merkez Orta Saha,,MID,0.0,0.0,0.0,0.0,0.0,0.0,2.4816375867745952,0.0140238381945519,0.3183693868028073,2.9534095717204085,2.240928024755906,1.7256922130233776,5.95779101295685,8.009581420795794,0.0,0.0,82.45760715149252,0.0,0.0,0.0,0.0,0.0,0.0,0.8003347463060507,0.27284670473283934,0.0,0.45473671409959326
Opponent Total,Eyupspor,NAN,0.0,0.4025,0.0,NAN,False,False,Eyüpspor,,Merkez Orta Saha,Merkez Orta Saha,,MID,0.0,0.0,0.0,0.0,0.0,0.0,0.6696280078536629,0.1548973343649601,0.2342200920283274,1.6379772890936493,2.47859375334234,1.319645474116771,4.256470565146275,8.667274854121318,0.0,0.0,80.3419982066238,0.0,0.0,0.0,0.0,0.0,0.0,0.6646410072694757,0.22777620718315617,0.0,0.3778757450713691
Atakan Çankaya,Fatihkaragumruk,DF,0.09,0.09,0.18,DF,False,True,Fatih Karagümrük,Sağ Bek,Çakılı Bek,Çakılı Bek,,FB,0.9491279076858888,0.0,0.0,46.1489432096127,0.0,1.5613464325277038,0.0,0.0,0.0,0.0,0.0,0.0,0.0,0.0,0.0,0.0,82.69060955350366,0.0,0.0,0.0,0.0,0.0,0.20168088243371934,0.13913789296607068,0.0433884180559846,0.0,0.1512594927178778
Ivo Grbić,Fatihkaragumruk,GK,0.0,0.0,0.0,GK,False,False,Fatih Karagümrük,,Merkez Orta Saha,Merkez Orta Saha,,MID,0.0,0.0,0.0,0.0,0.0,0.0,0.6186302637067493,0.0888732526103393,0.2902503797608644,2.0290944025208635,2.2128692417646074,1.9276198799136048,2.9172109820171723,6.154141093816115,0.0,0.0,83.87271044887906,0.0,0.0,0.0,0.0,0.0,0.0,0.7126528784433964,0.21036594884647897,0.0,0.398399628990994
Jure Balkovec,Fatihkaragumruk,DF,0.0,0.0,0.0,DF,False,True,Fatih Karagümrük,Sol Bek,Standart Bek (Destek),Standart Bek,Destek,FB,2.1589976781453726,0.0,0.0,44.017034331488894,0.0,4.154388844898123,0.0,0.0,0.0,0.0,0.0,0.0,0.0,0.0,0.0,0.0,78.18728507646034,0.0,0.0,0.0,0.0,0.0,0.287505740153294,0.13156045361157037,0.02422023083013136,0.0,0.18806505232614437
Daniel Johnson,Fatihkaragumruk,MF,0.11,0.23,0.34,MF,True,True,Fatih Karagümrük,Merkez Orta Saha,İki Yönlü Orta Saha,İki Yönlü Orta Saha,,MID,3.145619311258784,0.0,0.0,0.0,0.0,0.0,1.9211115159703565,0.198549332819271,0.3076426150987935,0.926837998108643,3.5967314368736565,1.227646677517191,6.8003713577826455,4.030075715089821,0.0,0.0,0.0,0.0,0.0,0.0,0.0,0.0,0.23871417253590194,0.6776290914395485,0.3554093538396122,0.0,0.4815106682484673
Tiago Çukur,Fatihkaragumruk,FW,0.12,0.0,0.12,MF,True,True,Fatih Karagümrük,Santrafor,Pivot Santrafor (Destek),Pivot Santrafor,Destek,FWD,0.0,0.0,0.0,0.0,0.0,0.0,2.624806031722397,0.0,0.0,0.0,0.0,0.0,0.0,3.1135117261813545,5.834463744683747,0.3810179440025489,0.0,0.0,0.0,0.0,0.0,0.0,0.0,0.0,0.2365148482448728,0.0,0.18921187859589825
Anıl Çınar,Fatihkaragumruk,DF,0.14,0.0,0.14,DF,False,True,Fatih Karagümrük,,Merkez Orta Saha,Merkez Orta Saha,,MID,0.0,0.0,0.0,0.0,0.0,0.0,1.6146125257134591,0.023247659955783,0.2001203232169127,0.995606597045309,2.592813035236281,0.5834547459142635,6.274870097807372,4.633843959116214,0.0,0.0,86.8996974220325,0.0,0.0,0.0,0.0,0.0,0.0,0.6361093765463476,0.2169218946609336,0.0,0.3614390672053605
Sergio Antonio De Luiz Junior,Fatihkaragumruk,FW,0.14,0.0,0.14,MF,True,True,Fatih Karagümrük,,Merkez Orta Saha,Merkez Orta Saha,,MID,0.0,0.0,0.0,0.0,0.0,0.0,0.9757373997755924,0.1470505667370976,0.1811062231142644,1.8597326022980487,2.7853950247170447,1.257193397456792,6.412799383861737,3.1135117261813545,0.0,0.0,83.91082884903958,0.0,0.0,0.0,0.0,0.0,0.0,0.7069649029018885,0.2787586489970882,0.0,0.40923418125036193
Berkay Özcan,Fatihkaragumruk,MF,0.0,0.15,0.15,MF,True,True,Fatih Karagümrük,Merkez Orta Saha,Oyun Kurucu (Destek),Oyun Kurucu,Destek,MID,0.0,0.0,0.0,0.0,0.0,0.0,0.5667806748768719,0.1202432224715309,0.1506495936123465,2.0958348537362337,1.1272268465434114,1.5776809209838252,4.33154878070085,8.485792839362993,0.0,0.0,83.79817035976401,0.0,0.0,0.0,0.0,0.0,0.0,0.5664068292570549,0.18795284067358092,0.0,0.3207939827632436
Andre Gray,Fatihkaragumruk,FW,0.0,0.0,0.0,FW,True,False,Fatih Karagümrük,Santrafor,Fırsatçı Golcü,Fırsatçı Golcü,,FWD,0.0,0.0,0.0,0.0,0.0,0.0,4.6893127695543,0.0,0.0,0.0,0.0,0.0,0.0,0.0,5.058166407236344,0.4759722201827012,0.0,0.0,0.0,0.0,0.0,0.0,0.0,0.0,0.2985030358020456,0.0,0.2388024286416365
Sam Larsson,Fatihkaragumruk,MF,0.2,0.4025,0.61,MF,True,True,Fatih Karagümrük,On Numara,Serbest Oyuncu (Trequartista),Serbest Oyuncu,Trequartista,AM,0.0,0.0,0.0,0.0,0.0,0.0,0.5798823241525042,0.1605813814763068,0.1109313057268917,2.4200554799221203,2.3922854783605114,1.7939607067237684,2.3784986365489376,3.706506497340847,0.0,0.0,88.05876505298161,0.0,0.0,0.0,0.0,0.0,0.0,0.6127720182772624,0.28487176004157455,0.0,0.39184753715110354
Marius Doh,Fatihkaragumruk,MF,0.0,0.0,0.0,MF,True,True,Fatih Karagümrük,,Merkez Orta Saha,Merkez Orta Saha,,MID,0.0,0.0,0.0,0.0,0.0,0.0,2.2778008367946483,0.016213398620742,0.1521085863005491,1.5874889625151187,3.880849047213319,0.768883417861685,3.939130449584656,6.459098853085521,0.0,0.0,82.33684534880624,0.0,0.0,0.0,0.0,0.0,0.0,0.6593412537839448,0.1866468505156931,0.0,0.36699999699511104
Muhammed Kadıoğlu,Fatihkaragumruk,DF,0.0,0.0,0.0,DF,False,True,Fatih Karagümrük,,Merkez Orta Saha,Merkez Orta Saha,,MID,0.0,0.0,0.0,0.0,0.0,0.0,0.8029213819093601,0.1449959468570328,0.2708578795055547,2.676451092541665,2.5570968403886463,1.700005222645522,6.017688297313017,4.644331324123236,0.0,0.0,88.31753609773975,0.0,0.0,0.0,0.0,0.0,0.0,0.7959730646022131,0.26111870969400763,0.0,0.45021027423990806
Barış Kalayci,Fatihkaragumruk,MF,0.0,0.0,0.0,MF,True,True,Fatih Karagümrük,,Merkez Orta Saha,Merkez Orta Saha,,MID,0.0,0.0,0.0,0.0,0.0,0.0,1.0790802804425936,0.1403711469898809,0.210673200855296,3.1223304724108525,3.03262680237686,1.329060613577818,6.508870142731143,6.325068015094761,0.0,0.0,82.88165761142068,0.0,0.0,0.0,0.0,0.0,0.0,0.7741060791137403,0.2623493006692786,0.0,0.4395228996907259
David Datro Fofana,Fatihkaragumruk,FW,0.525,0.0,0.6179999999999995,FW,True,False,Fatih Karagümrük,Santrafor,Yaratıcı Forvet,Yaratıcı Forvet,,FWD,0.0,0.0,0.0,0.0,0.0,0.0,4.6893127695543,0.0,0.0,0.0,0.0,0.0,0.0,0.0,5.077799094370862,0.3866662581194613,0.0,0.0,0.0,0.0,0.0,0.0,0.0,0.0,0.4800210572212899,0.0,0.38401684577703193
Çağtay Kurukalıp,Fatihkaragumruk,DF,0.0,0.34,0.34,DF,False,True,Fatih Karagümrük,Sol Bek,Standart Bek (Destek),Standart Bek,Destek,FB,1.8674306621345431,0.0,0.0,44.66417560128264,0.0,1.6066995189310047,0.0,0.0,0.0,0.0,0.0,0.0,0.0,0.0,0.0,0.0,82.06803704233539,0.0,0.0,0.0,0.0,0.0,0.267197474675888,0.13809033233143175,0.009367113834555905,0.0,0.1768992598042847
Ahmet Sivri,Fatihkaragumruk,FW,0.0,0.0,0.0,MF,True,True,Fatih Karagümrük,Sol Kanat,Kanat Oyuncusu (Destek),Kanat Oyuncusu,Destek,WING,0.0,0.0,0.0,0.0,0.0,8.576278388994181,1.6613380127362567,0.2459098104948692,0.2749342813881026,4.517920861271849,0.0,0.0,0.0,0.0,0.0,0.0,0.0,0.0,0.0,0.0,0.0,0.0,0.0,0.2607608033002249,0.4512367549956437,0.0,0.34897029398745366
Matías Kranevitter,Fatihkaragumruk,MF,0.0,0.0,0.0,MF,True,True,Fatih Karagümrük,Ön Libero,Ön Libero (Çapa),Ön Libero,Çapa,DM,3.145069588768393,0.0,0.0,0.0,0.0,0.0,0.875978444676675,0.1401650236040427,0.3123831514841961,2.9055976700120443,0.0,0.0,5.876730752015678,6.908522330111185,0.0,0.0,0.0,0.0,0.0,0.0,0.0,0.0,0.23867245529791692,0.37659747895965634,0.2785002097791571,0.0,0.3156005180250347
Ricardo Esgaio,Fatihkaragumruk,MF,0.0,0.0,0.0,DF,False,True,Fatih Karagümrük,Sağ Bek,Ofansif Bek (Destek),Ofansif Bek,Destek,FB,0.9491279076858888,0.0,0.0,47.127379217346174,0.0,5.82945713130095,0.0,0.0,0.0,3.5254863302748163,0.0,0.0,0.0,0.0,0.0,0.0,80.70875381141283,0.0,0.0,0.0,0.0,0.0,0.20442975990721018,0.21383653790220947,0.11201931642645702,0.0,0.18876970460955933
Enzo Roco,Fatihkaragumruk,DF,0.0,0.0,0.0,DF,False,True,Fatih Karagümrük,Stoper,Standart Stoper (Durdurucu),Standart Stoper,Durdurucu,CB,2.71285811931918,1.6362503386685423,4.413453769348862,59.36531536566178,75.75238255529035,0.0,0.0,0.0,0.0,0.0,0.0,0.0,3.438398701772508,0.0,0.0,0.0,78.18728507646034,0.0,0.0,0.0,0.0,0.0,0.786326281453301,0.2074033419084893,0.0,0.0,0.5919090653990084
Tarık Kalpaklı,Fatihkaragumruk,MF,0.0,0.0,0.0,MF,True,True,Fatih Karagümrük,,Merkez Orta Saha,Merkez Orta Saha,,MID,0.0,0.0,0.0,0.0,0.0,0.0,1.1454922422470684,0.1508719166491137,0.1551830050327157,0.926837998108643,1.9355915737506493,1.0948305229849449,3.01736371248798,7.97845082224321,0.0,0.0,81.93879726814008,0.0,0.0,0.0,0.0,0.0,0.0,0.5255669182429605,0.2067686056782274,0.0,0.30413718025712577
Fatih Kuruçuk,Fatihkaragumruk,DF,0.0,0.0,0.0,DF,False,True,Fatih Karagümrük,,Merkez Orta Saha,Merkez Orta Saha,,MID,0.0,0.0,0.0,0.0,0.0,0.0,0.5457900697667961,0.1691169843065905,0.2124813525515639,2.097368757596138,3.321974134458288,0.6975725428686403,2.3348680601263574,4.23852763056362,0.0,0.0,83.44787893439639,0.0,0.0,0.0,0.0,0.0,0.0,0.6308604155363081,0.23498081475460456,0.0,0.36242637071907496
Nikoloz Ugrekhelidze,Fatihkaragumruk,DF,0.0,0.0,0.0,DF,False,True,Fatih Karagümrük,Stoper,Standart Stoper (Savunma),Standart Stoper,Savunma,CB,1.5183941032332593,1.0486142056719054,8.250837052545183,65.6464978928559,62.86982082125055,0.0,0.0,0.0,0.0,0.0,0.0,0.0,3.841745732151576,0.0,0.0,0.0,78.18728507646034,0.0,0.0,0.0,0.0,0.0,0.7016173694686969,0.21630021700158536,0.0,0.0,0.5343922020284049
João Pedro Gomes Camacho,Fatihkaragumruk,MF,0.0,0.0,0.0,MF,True,True,Fatih Karagümrük,,Merkez Orta Saha,Merkez Orta Saha,,MID,0.0,0.0,0.0,0.0,0.0,0.0,1.4900255609073678,0.2012472499201924,0.220957643582196,1.0833114817290723,3.318764445628345,1.797943638363369,6.386752265664193,3.1135117261813545,0.0,0.0,87.14936350409842,0.0,0.0,0.0,0.0,0.0,0.0,0.7943945474965121,0.2748843598274457,0.0,0.45217414571374515
Alper Demirol,Fatihkaragumruk,MF,0.0,0.0,0.0,MF,True,True,Fatih Karagümrük,,Merkez Orta Saha,Merkez Orta Saha,,MID,0.0,0.0,0.0,0.0,0.0,0.0,0.5420451568519457,0.0674551800320535,0.2070940068072139,1.4535215428288244,2.563888142962417,0.7359098122695731,3.947024694894377,3.821313780412844,0.0,0.0,79.51202433436794,0.0,0.0,0.0,0.0,0.0,0.0,0.5965452795654012,0.15698343445880486,0.0,0.3296693266744615
Ömer Gümüş,Fatihkaragumruk,MF,0.0,0.0,0.0,MF,True,True,Fatih Karagümrük,,Merkez Orta Saha,Merkez Orta Saha,,MID,0.0,0.0,0.0,0.0,0.0,0.0,2.080748666426959,0.2062623525450155,0.2459218205799307,3.463989001821296,3.880849047213319,0.9646817888136489,4.708804821337816,8.400111851088631,0.0,0.0,80.3570305904642,0.0,0.0,0.0,0.0,0.0,0.0,0.784612904249248,0.36313059116302393,0.0,0.4649325703572288
Tuğbey Akgün,Fatihkaragumruk,MF,0.0,0.0,0.0,MF,True,True,Fatih Karagümrük,,Merkez Orta Saha,Merkez Orta Saha,,MID,0.0,0.0,0.0,0.0,0.0,0.0,0.8907953720119094,0.1245639205658634,0.0831017139311822,1.1847379658340855,1.37665064428796,0.9350682979436552,6.8003713577826455,8.243340465375091,0.0,0.0,89.14603468984694,0.0,0.0,0.0,0.0,0.0,0.0,0.536260431406819,0.16449292551144842,0.0,0.30102880080569916
Furkan Bekleviç,Fatihkaragumruk,GK,0.0,0.0,0.0,GK,False,False,Fatih Karagümrük,Kaleci,Kaleci (Savunma),Kaleci,Savunma,GK,0.0,0.0,0.0,0.0,0.0,0.0,0.0,0.0,0.0,0.0,0.0,0.0,0.0,0.0,0.0,0.0,0.0,74.05903930819225,3.5602040635334324,61.27116700572047,0.5236053451493905,0.8630829072672506,0.0,0.0,0.0,0.9395237621784415,0.9395237621784415
Burhan Ersoy,Fatihkaragumruk,MF,0.0,0.0,0.0,MF,True,True,Fatih Karagümrük,,Merkez Orta Saha,Merkez Orta Saha,,MID,0.0,0.0,0.0,0.0,0.0,0.0,1.534025020669472,0.0192645697835827,0.1793273221410267,2.1469980143186618,1.1272268465434114,1.8071210512862808,2.332823639571114,6.58447861302185,0.0,0.0,80.10589952857629,0.0,0.0,0.0,0.0,0.0,0.0,0.5518621491014544,0.177127781914087,0.0,0.3113566309335446
Kerem Özmen,Fatihkaragumruk,MF,0.0,0.0,0.0,MF,True,True,Fatih Karagümrük,,Merkez Orta Saha,Merkez Orta Saha,,MID,0.0,0.0,0.0,0.0,0.0,0.0,2.2481660838790622,0.0146377323109948,0.0364786809829216,2.4690204826589217,3.310474635271288,1.509054491313347,5.241590037260478,6.60310116260192,0.0,0.0,84.81272781517265,0.0,0.0,0.0,0.0,0.0,0.0,0.6649910514307975,0.17012786578007255,0.0,0.36652109887141326
Kerem Yandal,Fatihkaragumruk,GK,0.0,0.0,0.0,GK,False,False,Fatih Karagümrük,,Merkez Orta Saha,Merkez Orta Saha,,MID,0.0,0.0,0.0,0.0,0.0,0.0,1.766842474999108,0.0835595796740152,0.1345789646756844,2.6966554204690807,3.4214666120946475,1.6950220957870583,2.370527112874336,6.990220047277533,0.0,0.0,84.95177359994325,0.0,0.0,0.0,0.0,0.0,0.0,0.6859175955176637,0.22535956783978203,0.0,0.3880307113267883
Opponent Total,Fatihkaragumruk,NAN,0.0,0.0,0.6179999999999995,NAN,False,False,Fatih Karagümrük,,Merkez Orta Saha,Merkez Orta Saha,,MID,0.0,0.0,0.0,0.0,0.0,0.0,1.519211351757804,0.1962242442778669,0.1706834740174425,2.311051445414668,1.3606216873617287,0.8757018481887484,3.8773446423325018,4.052227671740697,0.0,0.0,83.87549354460293,0.0,0.0,0.0,0.0,0.0,0.0,0.533405907448705,0.2855418271806862,0.0,0.3238113191604897
Date,Fatihkaragumruk,COMP,0.0,0.0,0.0,COMP,False,False,Fatih Karagümrük,,Merkez Orta Saha,Merkez Orta Saha,,MID,0.0,0.0,0.0,0.0,0.0,0.0,1.081100881542289,0.1769202336852289,0.2282784908409153,0.926837998108643,1.7967484988758182,1.4373111494104984,6.019072725967233,8.486471675549758,0.0,0.0,85.73694298292182,0.0,0.0,0.0,0.0,0.0,0.0,0.6586154882368659,0.24128160820540825,0.0,0.3775640657595146
Milan Škriniar,Fenerbahçe,DF,0.1,0.1,0.1,DF,False,True,Fenerbahçe,Stoper,Standart Stoper (Sıkı Defans),Standart Stoper,Sıkı Defans,CB,1.7029430857320642,0.8864420213547017,8.325080972880851,62.578406464502194,72.52613203374491,0.0,0.0,0.0,0.0,0.0,0.0,0.0,3.9580031914686127,0.0,0.0,0.0,80.1006824543398,0.0,0.0,0.0,0.0,0.0,0.7194573967039479,0.2220841240239595,0.0380952380952381,0.0,0.5518465263070793
Jayden Oosterwolde,Fenerbahçe,DF,0.0,0.0,0.0,DF,False,True,Fenerbahçe,Stoper,Pas Dağıtan Stoper (Savunma),Pas Dağıtan Stoper,Savunma,CB,2.5565002772590955,0.719139945400875,7.633910350413836,62.88742923248315,55.447664010699015,0.0,0.0,0.0,0.0,0.0,0.0,0.0,5.54946632979375,0.0,0.0,0.0,81.82283232214753,0.0,0.0,0.0,0.0,0.0,0.7144456418255907,0.2600857565155536,0.0,0.0,0.5521291005810242
Youssef En-Nesyri,Fenerbahçe,FW,0.525,0.4025,0.0,FW,True,False,Fenerbahçe,Santrafor,Yaratıcı Forvet,Yaratıcı Forvet,,FWD,0.0,0.0,0.0,0.0,0.0,0.0,4.6893127695543,0.0,0.0,0.0,0.0,0.0,0.0,0.0,6.675547864192519,0.7002641359635631,0.0,0.0,0.0,0.0,0.0,0.0,0.0,0.0,0.5449205233642214,0.0,0.4359364186913771
Nélson Semedo,Fenerbahçe,MF,0.2,0.2,0.2,DF,False,True,Fenerbahçe,Sağ Bek,Standart Bek (Hücum),Standart Bek,Hücum,FB,2.2850836609815213,0.0,0.0,44.33433988236887,0.0,2.246888271182193,0.0,0.0,0.0,0.0,0.0,0.0,0.0,0.0,0.0,0.0,82.49401064935998,0.0,0.0,0.0,0.0,0.0,0.29796558720270927,0.13880708929404925,0.08928991262006782,0.0,0.20848290291358296
Archie Brown,Fenerbahçe,DF,0.0,0.0,0.2,DF,False,True,Fenerbahçe,Sol Bek,Ofansif Bek (Hücum),Ofansif Bek,Hücum,FB,2.3654830809040823,0.0,0.0,62.41913561566063,0.0,5.471045484883611,0.0,0.0,0.0,1.4193171298788685,0.0,0.0,0.0,0.0,0.0,0.0,79.9002775825238,0.0,0.0,0.0,0.0,0.0,0.35487544559369627,0.16585806223894572,0.06331165669318396,0.0,0.23985747280716863
İsmail Yüksek,Fenerbahçe,MF,0.2,0.2,0.4,MF,True,True,Fenerbahçe,Ön Libero,Savaşçı Orta Saha (Savunma),Savaşçı Orta Saha,Savunma,DM,2.007527603245641,1.7791072578513183,0.0,0.0,0.0,0.0,1.0993040174222155,0.1971537411681016,0.3326858684051712,1.6814455322587782,0.0,0.0,0.0,4.860444749257713,0.0,0.0,0.0,0.0,0.0,0.0,0.0,0.0,0.3023468809262853,0.23174681151180557,0.377817795133917,0.0,0.2821410290605718
Ederson,Fenerbahçe,GK,0.0,0.0,0.0,GK,False,False,Fenerbahçe,Kaleci,Libero Kaleci (Destek),Libero Kaleci,Destek,GK,0.0,0.0,0.0,0.0,0.0,0.0,0.0,0.0,0.0,0.0,0.0,0.0,0.0,0.0,0.0,0.0,0.0,62.84452607415594,5.042965300359907,74.64294929887281,0.8655290447975682,1.0944758675340098,0.0,0.0,0.0,1.0424577416463436,1.0424577416463436
Kerem Aktürkoğlu,Fenerbahçe,MF,0.0,0.4025,0.2,FW,True,False,Fenerbahçe,Sol Kanat,İçe Kat Eden Oyuncu (Hücum),İçe Kat Eden Oyuncu,Hücum,WING,0.0,0.0,0.0,0.0,0.0,3.502871212243488,3.658545316388036,0.0724733116200331,0.0252865519121144,2.5932188287079017,0.0,0.0,0.0,0.0,0.0,0.0,0.0,0.0,0.0,0.0,0.0,0.0,0.0,0.07218416629975154,0.28545803497780003,0.0,0.19293007087660546
Marco Asensio,Fenerbahçe,FW,0.1,0.1,0.2,MF,True,True,Fenerbahçe,On Numara,Serbest Oyuncu (Trequartista),Serbest Oyuncu,Trequartista,AM,0.0,0.0,0.0,0.0,0.0,0.0,1.8059226059161992,0.1293172641104023,0.2102278732919245,2.197821437138721,1.1272268465434114,1.357618974715623,4.167361163778172,5.298831169496985,0.0,0.0,80.75792070957142,0.0,0.0,0.0,0.0,0.0,0.0,0.5776394977739542,0.304108495597644,0.0,0.3800522975662703
Talisca,Fenerbahçe,MF,0.3,0.3,0.6179999999999995,MF,True,True,Fenerbahçe,On Numara,Serbest Oyuncu (Trequartista),Serbest Oyuncu,Trequartista,AM,0.0,0.0,0.0,0.0,0.0,0.0,2.487692658564452,0.1100497494888726,0.2602578706617959,1.03723954769105,1.879925832341694,1.7492455651824066,6.8003713577826455,6.113506231697025,0.0,0.0,84.63194721332098,0.0,0.0,0.0,0.0,0.0,0.0,0.7247642702779188,0.38656226414719497,0.0,0.4783508143831179
Nene Dorgeles,Fenerbahçe,DF,0.1,0.1,0.5,FW,True,False,Fenerbahçe,,Merkez Orta Saha,Merkez Orta Saha,,MID,0.0,0.0,0.0,0.0,0.0,0.0,1.7898622986836954,0.0368631316765709,0.1771931208233209,1.746692714264788,3.3194256217560145,1.859130590721891,4.795296424733011,3.2817958006503303,0.0,0.0,82.46607906296276,0.0,0.0,0.0,0.0,0.0,0.0,0.7453076443297215,0.2273849426957098,0.0,0.4181308107040027
Fred,Fenerbahçe,MF,0.4,0.4,0.1,MF,True,True,Fenerbahçe,Merkez Orta Saha,İki Yönlü Orta Saha,İki Yönlü Orta Saha,,MID,2.6112894627461545,0.0,0.0,0.0,0.0,0.0,1.5713451764770523,0.0820481884023278,0.2219364109817159,0.926837998108643,3.880849047213319,1.314605484605925,3.0443164255673443,3.997700212536477,0.0,0.0,0.0,0.0,0.0,0.0,0.0,0.0,0.19816504849142766,0.5697342913260848,0.3548473551893235,0.0,0.4152861312483354
Edson Álvarez,Fenerbahçe,MF,0.0,0.0,0.0,MF,True,True,Fenerbahçe,Ön Libero,Gizli Libero,Gizli Libero,,DM,0.0,0.0,0.0,0.0,0.0,0.0,1.934366071502417,0.1085048415434688,0.0248262756468207,1.0121619423185562,2.553881583137737,0.5834547459142635,3.6058107631797673,7.428201698558222,0.0,0.0,85.94000711555027,0.0,0.0,0.0,0.0,0.0,0.0,0.4709812731997897,0.17834833528753813,0.0,0.2711603036574025
Sebastian Szymański,Fenerbahçe,FW,0.1,0.1,0.4,MF,True,True,Fenerbahçe,On Numara,Gizli Forvet,Gizli Forvet,,AM,0.0,0.0,0.0,0.0,0.0,0.0,1.3769317857958083,0.0221501074199043,0.0890370532946464,1.8716928457443087,2.0442867795048643,1.511029878588189,3.1005566295237657,3.496792007550759,0.0,0.0,79.6946825204778,0.0,0.0,0.0,0.0,0.0,0.0,0.5452513326755479,0.177791995548788,0.0,0.32596326500241035
Oğuz Aydın,Fenerbahçe,FW,0.0,0.0,0.0,FW,True,False,Fenerbahçe,Sol Kanat,Kanat Oyuncusu (Destek),Kanat Oyuncusu,Destek,WING,0.0,0.0,0.0,0.0,0.0,2.470639260633928,3.802912342502471,0.2459098104948692,0.2130606189761154,4.517920861271849,0.0,0.0,0.0,0.0,0.0,0.0,0.0,0.0,0.0,0.0,0.0,0.0,0.0,0.22458175853993614,0.48888966032035586,0.0,0.36070832375419437
Çağlar Söyüncü,Fenerbahçe,DF,0.0,0.0,0.0,DF,False,True,Fenerbahçe,Stoper,Standart Stoper (Durdurucu),Standart Stoper,Durdurucu,CB,2.827003538216112,1.3124813887041853,9.099439211985652,71.18804073074607,72.63628622254046,0.0,0.0,0.0,0.0,0.0,0.0,0.0,3.260134555776825,0.0,0.0,0.0,78.88687450828658,0.0,0.0,0.0,0.0,0.0,0.8794505171577625,0.20464841110227977,0.0,0.0,0.6565450442308896
Levent Mercan,Fenerbahçe,DF,0.0,0.0,0.0,DF,False,True,Fenerbahçe,Sol Bek,Standart Bek (Destek),Standart Bek,Destek,FB,0.9491279076858888,0.0,0.0,43.10986083203685,0.0,1.993956559257863,0.0,0.0,0.0,0.0,0.0,0.0,0.0,0.0,0.0,0.0,79.9378293982334,0.0,0.0,0.0,0.0,0.0,0.1931427000469599,0.13450597608129683,0.011624835790176072,0.0,0.1392481100059042
İrfan Kahveci,Fenerbahçe,FW,0.0,0.0,0.0,MF,True,True,Fenerbahçe,,Merkez Orta Saha,Merkez Orta Saha,,MID,0.0,0.0,0.0,0.0,0.0,0.0,0.5420451568519457,0.0551529881778028,0.1266485826217985,1.158332535916263,2.115217884718991,0.5834547459142635,3.752602671430809,6.618912656798329,0.0,0.0,84.85052900207371,0.0,0.0,0.0,0.0,0.0,0.0,0.5069010780535751,0.11942640690731167,0.0,0.2773358204082499
Jáder Durán,Fenerbahçe,FW,0.2,0.2,0.1,FW,True,False,Fenerbahçe,,Merkez Orta Saha,Merkez Orta Saha,,MID,0.0,0.0,0.0,0.0,0.0,0.0,1.5808233133436107,0.1495563235159347,0.1653726742522797,2.332360290306207,1.1272268465434114,1.323287997616034,3.862666368797754,4.472094658087926,0.0,0.0,80.22324426459988,0.0,0.0,0.0,0.0,0.0,0.0,0.5440974473955926,0.3348125527111133,0.0,0.339011234240019
İrfan Can Eğribayat,Fenerbahçe,GK,0.0,0.0,0.0,GK,False,False,Fenerbahçe,Kaleci,Kaleci (Savunma),Kaleci,Savunma,GK,0.0,0.0,0.0,0.0,0.0,0.0,0.0,0.0,0.0,0.0,0.0,0.0,0.0,0.0,0.0,0.0,0.0,71.64885281600843,3.640130838029839,66.21964643431325,0.6844640930984376,1.5082033211088175,0.0,0.0,0.0,0.8956845326489851,0.8956845326489851
Mert Müldür,Fenerbahçe,DF,0.0,0.0,0.0,DF,False,True,Fenerbahçe,Sağ Bek,Standart Bek (Destek),Standart Bek,Destek,FB,1.2706920018502463,0.0,0.0,53.11278473925637,0.0,3.975785170290708,0.0,0.0,0.0,0.0,0.0,0.0,0.0,0.0,0.0,0.0,84.31021929874612,0.0,0.0,0.0,0.0,0.0,0.24564831736230586,0.14186310068430066,0.023178965222215603,0.0,0.17001888193088624
Tarık Çetin,Fenerbahçe,GK,0.0,0.0,0.0,GK,False,False,Fenerbahçe,Kaleci,Kaleci (Savunma),Kaleci,Savunma,GK,0.0,0.0,0.0,0.0,0.0,0.0,0.0,0.0,0.0,0.0,0.0,0.0,0.0,0.0,0.0,0.0,0.0,59.24678221356552,2.554563366576581,66.50366644053494,0.737654779954096,1.6424294229930765,0.0,0.0,0.0,0.7783217512563103,0.7783217512563103
Sofyan Amrabat,Fenerbahçe,MF,0.0,0.0,0.0,MF,True,True,Fenerbahçe,,Merkez Orta Saha,Merkez Orta Saha,,MID,0.0,0.0,0.0,0.0,0.0,0.0,2.411013097461298,0.1839157785597974,0.0166754062591058,2.661555416670618,1.899401582695708,0.9314490935655172,2.343568388619805,5.335773684251859,0.0,0.0,81.34371675738043,0.0,0.0,0.0,0.0,0.0,0.0,0.4520658422809971,0.2788013491258031,0.0,0.2817931909656592
Yusuf Akçiçek,Fenerbahçe,DF,0.0,0.0,0.0,DF,False,True,Fenerbahçe,,Merkez Orta Saha,Merkez Orta Saha,,MID,0.0,0.0,0.0,0.0,0.0,0.0,0.7681361789510852,0.2459098104948692,0.0490084341436611,2.961584087594524,2.939376224913792,0.9601648992832118,3.8478709971338656,4.732162420624199,0.0,0.0,80.62451760388299,0.0,0.0,0.0,0.0,0.0,0.0,0.5788123675408415,0.26264128108184437,0.0,0.34193443998678963
Dominik Livaković,Fenerbahçe,GK,0.0,0.0,0.0,GK,False,False,Fenerbahçe,,Merkez Orta Saha,Merkez Orta Saha,,MID,0.0,0.0,0.0,0.0,0.0,0.0,1.8490102707233984,0.2332783328358894,0.096885007726957,1.3404056594609872,3.880849047213319,1.029437755178535,4.321192598696125,5.134036298789695,0.0,0.0,80.1940533584258,0.0,0.0,0.0,0.0,0.0,0.0,0.6466789067242602,0.27914981950889783,0.0,0.3791694172639097
Bartuğ Elmaz,Fenerbahçe,MF,0.0,0.0,0.0,MF,True,True,Fenerbahçe,Ön Libero,Defansif Orta Saha (Destek),Defansif Orta Saha,Destek,DM,0.0,0.0,0.0,0.0,0.0,0.0,0.8219607461840186,0.1606412998837978,0.3400364418153677,1.2522029720994885,3.5411824809516985,1.431938673574415,5.613688761194023,7.314275431105473,0.0,0.0,87.908531418728,0.0,0.0,0.0,0.0,0.0,0.0,0.837833370865722,0.2601748743834738,0.0,0.47095166030955576
Cenk Tosun,Fenerbahçe,MF,0.0,0.0,0.0,MF,True,True,Fenerbahçe,Santrafor,Yardımcı Forvet (Destek),Yardımcı Forvet,Destek,FWD,0.0,0.0,0.0,0.0,0.0,0.0,4.63769184832799,0.0,0.0,0.0,0.0,0.0,0.0,0.0,2.7749445849792163,0.7976626137032232,0.0,0.0,0.0,0.0,0.0,0.0,0.0,0.0,0.36287561679650937,0.0,0.2903004934372075
Cengiz Ünder,Fenerbahçe,MF,0.0,0.0,0.0,FW,True,False,Fenerbahçe,,Merkez Orta Saha,Merkez Orta Saha,,MID,0.0,0.0,0.0,0.0,0.0,0.0,1.5252381373934707,0.105312013323518,0.1159714524860677,1.0823331689028808,1.1272268465434114,1.0010749485031538,5.28364742360804,4.78273029373905,0.0,0.0,81.42849081193069,0.0,0.0,0.0,0.0,0.0,0.0,0.4958412090512076,0.1871519807322343,0.0,0.28535100067205066
Rodrigo Becão,Fenerbahçe,DF,0.0,0.0,0.0,DF,False,True,Fenerbahçe,Stoper,Standart Stoper (Durdurucu),Standart Stoper,Durdurucu,CB,1.5101231676924374,1.7297702515768592,9.808730669781292,66.46734079047363,53.09371606507798,0.0,0.0,0.0,0.0,0.0,0.0,0.0,2.128778756592747,0.0,0.0,0.0,81.4202172303596,0.0,0.0,0.0,0.0,0.0,0.764430200898425,0.18395608037378947,0.0,0.0,0.5718923567036553
Alexander Djiku,Fenerbahçe,MF,0.0,0.0,0.0,DF,False,True,Fenerbahçe,,Merkez Orta Saha,Merkez Orta Saha,,MID,0.0,0.0,0.0,0.0,0.0,0.0,0.6030205442581112,0.1590443411770581,0.1687143703392288,2.518361673767819,3.695681814024518,1.5990485758854205,5.543828276145771,6.398427841781383,0.0,0.0,89.1254853823734,0.0,0.0,0.0,0.0,0.0,0.0,0.7891456735256891,0.22780007224956506,0.0,0.4401328512127576
Engin Biterge,Fenerbahçe,GK,0.0,0.0,0.0,GK,False,False,Fenerbahçe,,Merkez Orta Saha,Merkez Orta Saha,,MID,0.0,0.0,0.0,0.0,0.0,0.0,1.3457789661421888,0.196412904520058,0.0686341994584375,2.7074844615146336,3.3495952398958777,1.1067910783608046,2.0418184093842857,5.856302413194598,0.0,0.0,89.14603468984694,0.0,0.0,0.0,0.0,0.0,0.0,0.5970008758691147,0.25719930883135195,0.0,0.34994029970082774
Yiğit Efe Demir,Fenerbahçe,DF,0.0,0.0,0.0,DF,False,True,Fenerbahçe,Stoper,Standart Stoper (Savunma),Standart Stoper,Savunma,CB,1.8216161028349973,1.4656327763424704,10.83050315627883,54.073360677035744,77.076587200387,0.0,0.0,0.0,0.0,0.0,0.0,0.0,2.0387682031757746,0.0,0.0,0.0,78.18728507646034,0.0,0.0,0.0,0.0,0.0,0.811333776395558,0.17653082572608403,0.0,0.0,0.6032398086221074
Mert Yandaş,Fenerbahçe,MF,0.0,0.0,0.0,MF,True,True,Fenerbahçe,,Merkez Orta Saha,Merkez Orta Saha,,MID,0.0,0.0,0.0,0.0,0.0,0.0,1.987942990680017,0.0295840477308468,0.2137730248765189,0.926837998108643,3.341128370712941,0.602529800464938,3.0883369979026805,6.982026992175889,0.0,0.0,84.85512563924517,0.0,0.0,0.0,0.0,0.0,0.0,0.6185327139482889,0.18584564334938272,0.0,0.346435485644021
Abdülkerim Bardakcı,Galatasaray,DF,0.2,0.2,0.0,DF,False,True,Galatasaray,Stoper,Pas Dağıtan Stoper (Sıkı Defans),Pas Dağıtan Stoper,Sıkı Defans,CB,2.46322181643414,1.2586459245328503,6.12098100667196,64.89791443438136,60.419684674794325,0.0,0.0,0.0,0.0,0.0,0.0,0.0,6.754814537429568,0.0,0.0,0.0,81.66592607179292,0.0,0.0,0.0,0.0,0.0,0.7433110244295023,0.28640885242936076,0.0761904761904762,0.0,0.5852185352055713
Roland Sallai,Galatasaray,FW,0.1,0.1,0.2,DF,False,True,Galatasaray,Sağ Bek,Ofansif Bek (Hücum),Ofansif Bek,Hücum,FB,2.170542175648204,0.0,0.0,50.25992067474154,0.0,5.093209599257972,0.0,0.0,0.0,3.3858019355796705,0.0,0.0,0.0,0.0,0.0,0.0,81.01483721370488,0.0,0.0,0.0,0.0,0.0,0.3059209704254301,0.21125977883674085,0.14273042102037242,0.0,0.24488450306781176
Lucas Torreira,Galatasaray,MF,0.1,0.1,0.0,MF,True,True,Galatasaray,Ön Libero,Ön Libero (Çapa),Ön Libero,Çapa,DM,3.1079170151050404,0.0,0.0,0.0,0.0,0.0,1.1299002009018624,0.102476222424072,0.098239125430591,3.327773064857963,0.0,0.0,3.357046902233572,8.620978435948548,0.0,0.0,0.0,0.0,0.0,0.0,0.0,0.0,0.23585302770606464,0.20514846152853478,0.25117268520313474,0.0,0.22356467611671374
Leroy Sané,Galatasaray,MF,0.4,0.4,0.0,FW,True,False,Galatasaray,Sağ Kanat,İçe Kat Eden Oyuncu (Hücum),İçe Kat Eden Oyuncu,Hücum,WING,0.0,0.0,0.0,0.0,0.0,6.163931656513367,3.749261633596199,0.0890704316492339,0.3420414376440454,4.517920861271849,0.0,0.0,0.0,0.0,0.0,0.0,0.0,0.0,0.0,0.0,0.0,0.0,0.0,0.30000000000000004,0.6025547019069135,0.0,0.4515328211441481
Davinson Sánchez,Galatasaray,DF,0.1,0.1,0.0,DF,False,True,Galatasaray,Stoper,Standart Stoper (Durdurucu),Standart Stoper,Durdurucu,CB,2.5974675787331725,1.3270672870983016,8.130402786409562,51.764218685010746,65.15757117343571,0.0,0.0,0.0,0.0,0.0,0.0,0.0,3.3314407477823105,0.0,0.0,0.0,85.71834288432783,0.0,0.0,0.0,0.0,0.0,0.7716224235701626,0.21771610545923337,0.0380952380952381,0.0,0.5874884414004844
Barış Alper Yılmaz,Galatasaray,MF,0.525,0.4025,0.6,FW,True,False,Galatasaray,Sol Kanat,Kanat Oyuncusu (Hücum),Kanat Oyuncusu,Hücum,WING,0.0,0.0,0.0,0.0,0.0,7.172066739931228,2.9062430705857296,0.1228865668085083,0.3420414376440454,4.517920861271849,0.0,0.0,0.0,0.0,0.0,0.0,0.0,0.0,0.0,0.0,0.0,0.0,0.0,0.30000000000000004,0.6407234815959802,0.0,0.47443408895758815
Uğurcan Çakır,Galatasaray,GK,0.0,0.0,0.0,GK,False,False,Galatasaray,Kaleci,Kaleci (Savunma),Kaleci,Savunma,GK,0.0,0.0,0.0,0.0,0.0,0.0,0.0,0.0,0.0,0.0,0.0,0.0,0.0,0.0,0.0,0.0,0.0,58.63649934414201,4.908753883293676,74.59212356676127,0.3908020849831183,0.8564563159885995,0.0,0.0,0.0,0.9379315384913594,0.9379315384913594
Gabriel Sara,Galatasaray,MF,0.1,0.1,0.5,MF,True,True,Galatasaray,Merkez Orta Saha,İki Yönlü Orta Saha,İki Yönlü Orta Saha,,MID,1.4037908421302618,0.0,0.0,0.0,0.0,0.0,1.796314621423158,0.2099505714089043,0.0724474024534493,0.9403224658589756,2.222752625721451,1.4772295155304942,6.8003713577826455,7.395432583261502,0.0,0.0,0.0,0.0,0.0,0.0,0.0,0.0,0.10653061802272042,0.4713145473090389,0.28476801297984644,0.0,0.32457006165730484
Mario Lemina,Galatasaray,MF,0.0,0.0,0.3,MF,True,True,Galatasaray,Ön Libero,Savaşçı Orta Saha (Destek),Savaşçı Orta Saha,Destek,DM,3.151685523790128,1.2861232334330797,0.0,0.0,0.0,0.0,2.070444917658431,0.095958237983261,0.1808004199560926,2.2615001053128907,0.0,0.0,0.0,8.667274854121318,0.0,0.0,0.0,0.0,0.0,0.0,0.0,0.0,0.34761008032623064,0.15577464395994545,0.2497528423653598,0.0,0.23212091455091388
Yunus Akgün,Galatasaray,FW,0.525,0.4025,0.5,FW,True,False,Galatasaray,Sağ Kanat,İçe Kat Eden Oyuncu (Destek),İçe Kat Eden Oyuncu,Destek,WING,0.0,0.0,0.0,0.0,0.0,2.2271041223303087,2.889461963304123,0.2185834166912497,0.1121592794267631,2.16329530392248,0.0,0.0,0.0,0.0,0.0,0.0,0.0,0.0,0.0,0.0,0.0,0.0,0.0,0.11346481665450366,0.5502252786693832,0.0,0.364174612197981
Eren Elmalı,Galatasaray,MF,0.1,0.1,0.0,DF,False,True,Galatasaray,Sol Bek,Standart Bek (Destek),Standart Bek,Destek,FB,2.0720414736522192,0.0,0.0,64.55946542271516,0.0,1.5613464325277038,0.0,0.0,0.0,0.0,0.0,0.0,0.0,0.0,0.0,0.0,87.08113820676621,0.0,0.0,0.0,0.0,0.0,0.33861997594085386,0.146525538420865,0.047197941865508415,0.0,0.2227072378697881
Victor Osimhen,Galatasaray,FW,0.525,0.0,0.2,FW,True,False,Galatasaray,Santrafor,Komple Forvet (Hücum),Komple Forvet,Hücum,FWD,0.0,0.0,0.0,0.0,0.0,0.0,4.311228201004338,0.0,0.0,2.860862219085803,1.1973593464624652,0.0,0.0,0.0,1.161241430490398,0.3749711111252314,0.0,0.0,0.0,0.0,0.0,0.0,0.0,0.1404551032063557,0.5247978994303102,0.0,0.4409065850252015
Ismail Jakobs,Galatasaray,DF,0.0,0.0,0.2,DF,False,True,Galatasaray,Sol Bek,Standart Bek (Hücum),Standart Bek,Hücum,FB,1.1136857329058416,0.0,0.0,43.10986083203685,0.0,3.279558739485266,0.0,0.0,0.0,0.0,0.0,0.0,0.0,0.0,0.0,0.0,86.95795918069487,0.0,0.0,0.0,0.0,0.0,0.2056306336443567,0.14631827340930295,0.01911994102065226,0.0,0.1505347870490997
Mauro Icardi,Galatasaray,FW,0.4,0.4,0.0,FW,True,False,Galatasaray,Santrafor,Fırsatçı Golcü,Fırsatçı Golcü,,FWD,0.0,0.0,0.0,0.0,0.0,0.0,4.6893127695543,0.0,0.0,0.0,0.0,0.0,0.0,0.0,2.631727356389192,0.6519347556711166,0.0,0.0,0.0,0.0,0.0,0.0,0.0,0.0,0.4872996511105129,0.0,0.38983972088841035
Wilfried Singo,Galatasaray,DF,0.0,0.0,0.1,DF,False,True,Galatasaray,Sağ Bek,İki Yönlü Bek,İki Yönlü Bek,,FB,1.1558938496724076,0.0,0.0,49.94638997614354,0.0,8.576278388994181,0.0,0.0,0.0,1.6048819601432336,0.0,0.0,0.0,0.0,0.0,0.0,78.91791236413384,0.0,0.0,0.0,0.0,0.0,0.22804067504116105,0.1683124086670887,0.08552257796059404,0.0,0.18161857571282594
İlkay Gündoğan,Galatasaray,MF,0.3,0.3,0.4,MF,True,True,Galatasaray,Merkez Orta Saha,Regista,Regista,,MID,0.0,0.0,0.0,0.0,0.0,0.0,2.3470734209068507,0.1429680678067966,0.0166754062591058,2.7144634025174748,3.880849047213319,1.9276198799136048,5.219338546516523,3.187098810367708,0.0,0.0,87.62403008420826,0.0,0.0,0.0,0.0,0.0,0.0,0.7323978617685603,0.3665538209122835,0.0,0.4395096950667368
Günay Güvenç,Galatasaray,GK,0.0,0.0,0.0,GK,False,False,Galatasaray,Kaleci,Kaleci (Savunma),Kaleci,Savunma,GK,0.0,0.0,0.0,0.0,0.0,0.0,0.0,0.0,0.0,0.0,0.0,0.0,0.0,0.0,0.0,0.0,0.0,58.66809019706868,4.325398470083344,72.75114942710427,0.2660311547166061,1.5923245229177894,0.0,0.0,0.0,0.7771570733028446,0.7771570733028446
Kaan Ayhan,Galatasaray,FW,0.0,0.0,0.0,MF,True,True,Galatasaray,Ön Libero,Gizli Libero,Gizli Libero,,DM,0.0,0.0,0.0,0.0,0.0,0.0,0.8927483718964525,0.1469423402155495,0.0166754062591058,3.151616634114431,2.3739872770107144,1.6756397637261609,5.308421441999283,4.57358426579895,0.0,0.0,79.71601347198872,0.0,0.0,0.0,0.0,0.0,0.0,0.6140540210395579,0.2023411000658561,0.0,0.3474952305329502
Kazımcan Karataş,Galatasaray,DF,0.0,0.0,0.0,DF,False,True,Galatasaray,Sol Bek,Standart Bek (Hücum),Standart Bek,Hücum,FB,1.4298025747453496,0.0,0.0,64.23676083188423,0.0,4.049834742962762,0.0,0.0,0.0,0.0,0.0,0.0,0.0,0.0,0.0,0.0,80.31175119965785,0.0,0.0,0.0,0.0,0.0,0.2889752441209731,0.13513514899301193,0.023610676795192766,0.0,0.1897503021174287
Ahmed Kutucu,Galatasaray,MF,0.0,0.0,0.0,FW,True,False,Galatasaray,Sol Kanat,Defansif Kanat Oyuncusu (Destek),Defansif Kanat Oyuncusu,Destek,WING,3.291379888533233,0.0,0.0,50.74984384908101,0.0,6.611023471089155,2.2096318995514683,0.1668773674258306,0.1130395355052813,4.377980959110042,0.0,0.0,0.0,0.0,0.0,0.0,0.0,0.0,0.0,0.0,0.0,0.0,0.3923553139511401,0.1629995427193951,0.3645265410004386,0.0,0.3068513188111957
Berkan Kutlu,Galatasaray,MF,0.0,0.0,0.0,MF,True,True,Galatasaray,Merkez Orta Saha,Savaşçı Orta Saha (Savunma),Savaşçı Orta Saha,Savunma,MID,3.294336567705979,1.7791072578513183,0.0,0.0,0.0,0.0,1.238563423199547,0.0461190632834098,0.0766740831856502,2.728034716757555,0.0,0.0,0.0,7.5215876554588545,0.0,0.0,0.0,0.0,0.0,0.0,0.0,0.0,0.4,0.10521573853853305,0.16375576987179785,0.0,0.2053590232436261
Nicolò Zaniolo,Galatasaray,MF,0.0,0.0,0.0,FW,True,False,Galatasaray,,Merkez Orta Saha,Merkez Orta Saha,,MID,0.0,0.0,0.0,0.0,0.0,0.0,0.7200736279938766,0.0905588604130721,0.0166754062591058,2.9646658242884385,2.1940158788635085,0.928637486889059,4.419946840898736,3.3085548809055023,0.0,0.0,82.49457892055497,0.0,0.0,0.0,0.0,0.0,0.0,0.5252712917593656,0.15644572928825295,0.0,0.2939247917373334
Arda Ünyay,Galatasaray,DF,0.0,0.0,0.0,DF,False,True,Galatasaray,Stoper,Standart Stoper (Savunma),Standart Stoper,Savunma,CB,2.8837903953853865,0.8068941431478454,6.583651783529968,66.06048195515788,74.79372398323224,0.0,0.0,0.0,0.0,0.0,0.0,0.0,2.675212749207416,0.0,0.0,0.0,85.84831818927563,0.0,0.0,0.0,0.0,0.0,0.7858009953269373,0.20345997898486246,0.0,0.0,0.5907526925258285
Yusuf Demir,Galatasaray,MF,0.0,0.0,0.0,MF,True,True,Galatasaray,Sağ Kanat,Oyun Kurucu (Destek),Oyun Kurucu,Destek,WING,0.0,0.0,0.0,0.0,0.0,5.726043131660181,3.257193646911364,0.0640902403906025,0.3420414376440454,4.038740525013662,0.0,0.0,0.0,0.0,0.0,0.0,0.0,0.0,0.0,0.0,0.0,0.0,0.0,0.28939378641255586,0.4007904356678733,0.0,0.3272923973244907
Metehan Baltacı,Galatasaray,DF,0.0,0.0,0.0,DF,False,True,Galatasaray,Stoper,Standart Stoper (Savunma),Standart Stoper,Savunma,CB,2.803922519005201,1.3765079493690866,10.361489558149628,50.66278276354055,59.601488030918354,0.0,0.0,0.0,0.0,0.0,0.0,0.0,2.2726660277409287,0.0,0.0,0.0,82.67977885421719,0.0,0.0,0.0,0.0,0.0,0.8153192774136855,0.18924927007888942,0.0,0.0,0.6085733482053577
Ahmet Şen,Galatasaray,GK,0.0,0.0,0.0,GK,False,False,Galatasaray,,Merkez Orta Saha,Merkez Orta Saha,,MID,0.0,0.0,0.0,0.0,0.0,0.0,2.484215354532588,0.083627822185483,0.0378090139457419,1.7165155198655766,1.908747186499578,1.149150319398894,2.0387682031757746,5.978197483207418,0.0,0.0,87.57278716017856,0.0,0.0,0.0,0.0,0.0,0.0,0.4648063741863671,0.2060109021155083,0.0,0.2736053675162852
Jankat Yilmaz,Galatasaray,GK,0.0,0.0,0.0,GK,False,False,Galatasaray,,Merkez Orta Saha,Merkez Orta Saha,,MID,0.0,0.0,0.0,0.0,0.0,0.0,2.34670203264102,0.0140238381945519,0.118601227268563,3.0000278071155835,1.197084576863097,1.5281658248328522,6.022473212159111,6.581057093501335,0.0,0.0,82.40868874436484,0.0,0.0,0.0,0.0,0.0,0.0,0.6032877023755817,0.20971886547056262,0.0,0.34358762428190337
Elias Jelert,Galatasaray,DF,0.0,0.0,0.0,DF,False,True,Galatasaray,,Merkez Orta Saha,Merkez Orta Saha,,MID,0.0,0.0,0.0,0.0,0.0,0.0,1.533909973589175,0.0140238381945519,0.2809049878529345,1.0163100852386229,1.684706090481097,0.998684235723068,5.864047866451687,5.005463344901765,0.0,0.0,79.04420661963347,0.0,0.0,0.0,0.0,0.0,0.0,0.6353370618530715,0.17859687708474076,0.0,0.3533879063434839
Gökdeniz Gürpüz,Galatasaray,MF,0.0,0.0,0.0,MF,True,True,Galatasaray,Merkez Orta Saha,Standart Orta Saha (Destek),Standart Orta Saha,Destek,MID,0.0,0.0,0.0,0.0,0.0,0.0,2.168269918190485,0.2079242609189433,0.2002170251792552,3.216004971363425,1.7398109049340738,0.5848784842200734,4.742095814967813,7.625473222474931,0.0,0.0,84.68141893113825,0.0,0.0,0.0,0.0,0.0,0.0,0.5929318237532992,0.34902586468040003,0.0,0.36627108481272963
Furkan Koçak,Galatasaray,MF,0.0,0.0,0.0,MF,True,True,Galatasaray,,Merkez Orta Saha,Merkez Orta Saha,,MID,0.0,0.0,0.0,0.0,0.0,0.0,1.4940117522712888,0.0682677024932031,0.1794337040847457,2.278499415615088,2.4522312091306047,1.0608815705192205,2.332316628881361,3.639589518802631,0.0,0.0,88.14145021795241,0.0,0.0,0.0,0.0,0.0,0.0,0.5956305237370272,0.20825389076492024,0.0,0.33946604002149766
Çağrı Balta,Galatasaray,FW,0.0,0.0,0.0,FW,True,False,Galatasaray,,Merkez Orta Saha,Merkez Orta Saha,,MID,0.0,0.0,0.0,0.0,0.0,0.0,1.7095299448057957,0.1295196915597038,0.1027210881228425,3.006703978898733,3.242333219790082,1.9166728740414551,5.832575247662923,3.450826690414853,0.0,0.0,87.55111664572203,0.0,0.0,0.0,0.0,0.0,0.0,0.7605988708210304,0.24849851323018868,0.0,0.42999913805655293
Kacper Kozłowski,Gaziantep,MF,0.26,0.09,0.35,MF,True,True,Gaziantep,,Merkez Orta Saha,Merkez Orta Saha,,MID,0.0,0.0,0.0,0.0,0.0,0.0,0.5871613074436349,0.0746813933971932,0.3261138018014857,2.02125936819941,2.42142948519384,1.4626015959478371,4.918567938656819,7.369132537221619,0.0,0.0,80.10147768156423,0.0,0.0,0.0,0.0,0.0,0.0,0.7484985260357602,0.30972635407983473,0.0,0.43619453383384704
Alexandru Maxim,Gaziantep,FW,0.18,0.4025,0.6179999999999995,MF,True,True,Gaziantep,On Numara,Serbest Oyuncu (Trequartista),Serbest Oyuncu,Trequartista,AM,0.0,0.0,0.0,0.0,0.0,0.0,1.986067883043297,0.2351698112788351,0.138955264433017,2.5376597770306173,1.1735333483414818,1.5072187230008105,5.909799885789796,5.972947897237191,0.0,0.0,86.0731753729496,0.0,0.0,0.0,0.0,0.0,0.0,0.6054886283529052,0.39352040946971484,0.0,0.420800437017367
Kévin Rodrigues,Gaziantep,MF,0.18,0.09,0.28,DF,False,True,Gaziantep,Sol Bek,Standart Bek (Destek),Standart Bek,Destek,FB,1.6236890748247363,0.0,0.0,61.637678147349504,0.0,4.507062547046997,0.0,0.0,0.0,0.0,0.0,0.0,0.0,0.0,0.0,0.0,78.18728507646034,0.0,0.0,0.0,0.0,0.0,0.2963868461766037,0.13156045361157037,0.094847759297999,0.0,0.20663111103137277
Myenty Abena,Gaziantep,DF,0.11,0.0,0.11,DF,False,True,Gaziantep,Stoper,Çakılı Stoper,Çakılı Stoper,,CB,1.94853861892112,1.7791072578513183,6.166658010096594,64.64438953183658,76.86569685488601,0.0,0.0,0.0,0.0,0.0,0.0,0.0,3.719063155284208,0.0,0.0,0.0,80.89706002978532,0.0,0.0,0.0,0.0,0.0,0.7904292485559379,0.21815368641321015,0.0419047619047619,0.0,0.6011216874622747
Mustafa Burak Bozan,Gaziantep,GK,0.0,0.11,0.11,GK,False,False,Gaziantep,,Merkez Orta Saha,Merkez Orta Saha,,MID,0.0,0.0,0.0,0.0,0.0,0.0,0.6681983156339932,0.0648241897164434,0.03048246837852,2.221287184527505,3.873369402964612,1.4484232304564597,5.7587349619792025,7.1304143785664165,0.0,0.0,80.64605116122776,0.0,0.0,0.0,0.0,0.0,0.0,0.691940537817343,0.12611827562214475,0.0,0.3711939240331005
Melih Kabasakal,Gaziantep,DF,0.12,0.12,0.24,MF,True,True,Gaziantep,Ön Libero,Defansif Orta Saha (Savunma),Defansif Orta Saha,Savunma,DM,0.0,0.0,0.0,0.0,0.0,0.0,2.13474202353031,0.1074142031847337,0.2159732806412304,2.775291708739396,3.828172957282337,0.7984882084391551,6.015010359789185,5.608964031622477,0.0,0.0,80.61849041462607,0.0,0.0,0.0,0.0,0.0,0.0,0.7647834234336737,0.3268528355492402,0.0,0.4477622788266849
Arda Kızıldağ,Gaziantep,MF,0.13,0.0,0.13,DF,False,True,Gaziantep,Stoper,Standart Stoper (Sıkı Defans),Standart Stoper,Sıkı Defans,CB,2.9243584426950715,0.8540924167601764,7.511771365645089,71.18804073074607,61.676050362024895,0.0,0.0,0.0,0.0,0.0,0.0,0.0,2.0387682031757746,0.0,0.0,0.0,78.4048037791496,0.0,0.0,0.0,0.0,0.0,0.7907727363123342,0.17689682972746118,0.049523809523809526,0.0,0.593872662316507
Christopher Lungoyi,Gaziantep,FW,0.27,0.27,0.53,MF,True,True,Gaziantep,Sol Kanat,Kanat Oyuncusu (Hücum),Kanat Oyuncusu,Hücum,WING,0.0,0.0,0.0,0.0,0.0,2.7228550621253387,2.593882055052796,0.0683745609683393,0.3420414376440454,2.806094059875613,0.0,0.0,0.0,0.0,0.0,0.0,0.0,0.0,0.0,0.0,0.0,0.0,0.0,0.262110296883015,0.43317839324151886,0.0,0.33854012500981584
Luis Pérez,Gaziantep,DF,0.0,0.0,0.0,MF,True,True,Gaziantep,Sağ Bek,Standart Bek (Destek),Standart Bek,Destek,FB,1.851033111601503,0.0,0.0,60.426801773732,0.0,2.36832699486363,0.0,0.0,0.0,0.0,0.0,0.0,0.0,0.0,0.0,0.0,87.78777678547269,0.0,0.0,0.0,0.0,0.0,0.3102375785674021,0.14771455133854267,0.0138074283940157,0.0,0.20219464036406698
Deian Sorescu,Gaziantep,DF,0.14,0.0,0.14,MF,True,True,Gaziantep,Sağ Kanat,Çalışkan Kanat Oyuncusu (Hücum),Çalışkan Kanat Oyuncusu,Hücum,WING,0.0,0.0,0.0,0.0,0.0,3.2076671386245343,3.0323142136848835,0.1672579152651198,0.0476804606365017,4.517920861271849,0.0,0.0,0.0,0.0,0.0,0.0,0.0,0.0,0.0,0.0,0.0,0.0,0.0,0.1278799323058171,0.4173267733470677,0.0,0.28876004369998576
Mohamed Lamine Bayo,Gaziantep,MF,0.34,0.0,0.34,FW,True,False,Gaziantep,,Merkez Orta Saha,Merkez Orta Saha,,MID,0.0,0.0,0.0,0.0,0.0,0.0,2.0422589841078103,0.2181825626211504,0.0398434377168104,1.0204009514825918,3.355568629445225,1.1275007961534202,4.590040332023124,4.478412199434641,0.0,0.0,88.48886127966222,0.0,0.0,0.0,0.0,0.0,0.0,0.5999224565827094,0.3839477969048072,0.0,0.3767507876723161
Drissa Camara,Gaziantep,MF,0.18,0.36,0.53,MF,True,True,Gaziantep,Merkez Orta Saha,Savaşçı Orta Saha (Destek),Savaşçı Orta Saha,Destek,MID,3.294336567705979,1.1857948414974584,0.0,0.0,0.0,0.0,1.8883638652602504,0.2104833916979521,0.1208280999805922,0.9629506267745224,0.0,0.0,0.0,7.145448194277495,0.0,0.0,0.0,0.0,0.0,0.0,0.0,0.0,0.34997667394119725,0.0919651688746006,0.33414067158140975,0.0,0.21780372093594144
Tayyib Talha Sanuç,Gaziantep,MF,0.0,0.0,0.0,DF,False,True,Gaziantep,,Merkez Orta Saha,Merkez Orta Saha,,MID,0.0,0.0,0.0,0.0,0.0,0.0,0.5420451568519457,0.0465253544615693,0.1775941785512331,1.4671787318273954,3.880849047213319,1.626409697544977,2.701622590967575,7.796495273813876,0.0,0.0,80.99602743288276,0.0,0.0,0.0,0.0,0.0,0.0,0.7087571797133875,0.13589431854781614,0.0,0.381557453566257
Semih Güler,Gaziantep,DF,0.0,0.0,0.0,DF,False,True,Gaziantep,Stoper,Standart Stoper (Durdurucu),Standart Stoper,Durdurucu,CB,1.9744981749936,1.2701626176001104,4.627651050738128,64.38685444689698,52.73823772176552,0.0,0.0,0.0,0.0,0.0,0.0,0.0,2.4778753128725777,0.0,0.0,0.0,83.95174521677643,0.0,0.0,0.0,0.0,0.0,0.658488078614795,0.19591595001490103,0.0,0.0,0.5001248450333367
Badou Ndiaye,Gaziantep,MF,0.0,0.26,0.26,MF,True,True,Gaziantep,Merkez Orta Saha,İki Yönlü Orta Saha,İki Yönlü Orta Saha,,MID,2.3215439622345846,0.0,0.0,0.0,0.0,0.0,1.03656954748519,0.2006608274489276,0.3059778836398115,1.2307706363056086,3.482556766318909,1.8969356494221208,6.3841064942869785,7.16817882512656,0.0,0.0,0.0,0.0,0.0,0.0,0.0,0.0,0.17617689590314073,0.7189276381533746,0.2833072562929311,0.0,0.4689783391062157
Emmanuel Boateng,Gaziantep,FW,0.0,0.0,0.0,FW,True,False,Gaziantep,Santrafor,Yaratıcı Forvet,Yaratıcı Forvet,,FWD,0.0,0.0,0.0,0.0,0.0,0.0,3.157758086477952,0.0,0.0,0.0,0.0,0.0,0.0,0.0,2.307348277760464,0.3047789943953393,0.0,0.0,0.0,0.0,0.0,0.0,0.0,0.0,0.19775331547012595,0.0,0.15820265237610076
Ogün Özçiçek,Gaziantep,MF,0.0,0.0,0.0,MF,True,True,Gaziantep,Ön Libero,Defansif Orta Saha (Destek),Defansif Orta Saha,Destek,DM,0.0,0.0,0.0,0.0,0.0,0.0,0.95253639681277,0.1145467216844731,0.1727413031190415,3.1538156297989444,2.633446998400789,0.6520593463297387,5.355787366898444,4.632870823379776,0.0,0.0,81.15896815821614,0.0,0.0,0.0,0.0,0.0,0.0,0.6458939833967521,0.2308068465176884,0.0,0.36910836100191374
Zafer Görgen,Gaziantep,GK,0.0,0.0,0.0,GK,False,False,Gaziantep,Kaleci,Kaleci (Savunma),Kaleci,Savunma,GK,0.0,0.0,0.0,0.0,0.0,0.0,0.0,0.0,0.0,0.0,0.0,0.0,0.0,0.0,0.0,0.0,0.0,61.08484485919075,4.818496824692567,77.74425485152653,0.336761097525165,1.05167469907888,0.0,0.0,0.0,0.9145277110426,0.9145277110426
Yusuf Kabadayı,Gaziantep,FW,0.43,0.0,0.43,MF,True,True,Gaziantep,Sol Kanat,İçe Kat Eden Oyuncu (Hücum),İçe Kat Eden Oyuncu,Hücum,WING,0.0,0.0,0.0,0.0,0.0,5.975820081212564,2.285373711546386,0.2459098104948692,0.2250293197131126,4.517920861271849,0.0,0.0,0.0,0.0,0.0,0.0,0.0,0.0,0.0,0.0,0.0,0.0,0.0,0.2315801507928963,0.6119104209608919,0.0,0.436620297814404
Juninho Bacuna,Gaziantep,MF,0.0,0.0,0.0,MF,True,True,Gaziantep,Merkez Orta Saha,İki Yönlü Orta Saha,İki Yönlü Orta Saha,,MID,1.3785934697446915,0.0,0.0,0.0,0.0,0.0,1.1562864556901902,0.1207422180213388,0.2457905681110824,1.39187776586672,3.293583383964153,0.6267625322016697,6.8003713577826455,6.541384001214523,0.0,0.0,0.0,0.0,0.0,0.0,0.0,0.0,0.10461844451921615,0.5854689449424626,0.22563393033968812,0.0,0.36924679189493376
Enver Kulasin,Gaziantep,MF,0.0,0.0,0.0,MF,True,True,Gaziantep,Sağ Kanat,Kanat Oyuncusu (Destek),Kanat Oyuncusu,Destek,WING,0.0,0.0,0.0,0.0,0.0,4.074503294593018,3.1944893921294173,0.2459098104948692,0.1687271394821144,4.517920861271849,0.0,0.0,0.0,0.0,0.0,0.0,0.0,0.0,0.0,0.0,0.0,0.0,0.0,0.19865888802496784,0.4593294639444857,0.0,0.3351953447741818
Nazim Sangaré,Gaziantep,DF,0.0,0.0,0.0,DF,False,True,Gaziantep,,Merkez Orta Saha,Merkez Orta Saha,,MID,0.0,0.0,0.0,0.0,0.0,0.0,0.584049768204061,0.0333699931039859,0.3420414376440454,3.434836190711655,3.880849047213319,0.9167791641345684,5.102368925259853,5.165843381640161,0.0,0.0,78.18728507646034,0.0,0.0,0.0,0.0,0.0,0.0,0.8414737305489618,0.22129176543096268,0.0,0.4649952183606734
Salem M'bakata,Gaziantep,DF,0.0,0.0,0.0,DF,False,True,Gaziantep,,Merkez Orta Saha,Merkez Orta Saha,,MID,0.0,0.0,0.0,0.0,0.0,0.0,2.367611428365232,0.0201503784392811,0.0460211919642935,1.7096186377819886,1.2268151218502523,0.9144786626987804,5.711265935995436,3.549492439959805,0.0,0.0,88.44802840950621,0.0,0.0,0.0,0.0,0.0,0.0,0.4897442855210443,0.1645660451002998,0.0,0.2777853517805821
Ali Kalın,Gaziantep,FW,0.0,0.0,0.0,FW,True,False,Gaziantep,,Merkez Orta Saha,Merkez Orta Saha,,MID,0.0,0.0,0.0,0.0,0.0,0.0,1.5629847054959902,0.1819848267434413,0.0961560339318318,1.291718372359488,2.097042244784114,1.148028391391759,2.8494050302536764,8.503881452773456,0.0,0.0,87.51113775850962,0.0,0.0,0.0,0.0,0.0,0.0,0.519340252846586,0.23437200820332563,0.0,0.30654452806395815
Mirza Cihan,Gaziantep,FW,0.0,0.0,0.0,FW,True,False,Gaziantep,,Merkez Orta Saha,Merkez Orta Saha,,MID,0.0,0.0,0.0,0.0,0.0,0.0,1.0416010523818495,0.1241152880888249,0.1381016264591762,2.932185969284694,1.6761438040202976,1.9276198799136048,2.974875999501446,3.820911785513768,0.0,0.0,85.52794722108814,0.0,0.0,0.0,0.0,0.0,0.0,0.6131587244808462,0.22540920008883406,0.0,0.3516612022581899
Sokratis Dioudis,Gaziantep,GK,0.0,0.0,0.0,GK,False,False,Gaziantep,,Merkez Orta Saha,Merkez Orta Saha,,MID,0.0,0.0,0.0,0.0,0.0,0.0,1.2336611858559952,0.1092126756537948,0.1476398624885909,2.5785109938523654,1.58749925240281,0.6012538200257329,6.452047586096643,8.667274854121318,0.0,0.0,87.0031891672661,0.0,0.0,0.0,0.0,0.0,0.0,0.5811649983848834,0.21947065798239263,0.0,0.33447663078892026
Rob Nizet,Gaziantep,DF,0.0,0.0,0.0,DF,False,True,Gaziantep,Sol Bek,Ofansif Bek (Hücum),Ofansif Bek,Hücum,FB,1.4271531872686132,0.0,0.0,46.4475706761235,0.0,7.983716446726374,0.0,0.0,0.0,1.4909678285971135,0.0,0.0,0.0,0.0,0.0,0.0,84.71892194229126,0.0,0.0,0.0,0.0,0.0,0.23879615795550993,0.1755519909743141,0.07954653736536463,0.0,0.18797298374312213
İbrahim Alkış,Gaziantep,GK,0.0,0.0,0.0,GK,False,False,Gaziantep,,Merkez Orta Saha,Merkez Orta Saha,,MID,0.0,0.0,0.0,0.0,0.0,0.0,1.3391253350601549,0.1823770571630991,0.143857376342941,2.145128434423476,1.4224088466780282,1.2780514915708925,5.749888992260354,5.676034637747734,0.0,0.0,79.8245828090939,0.0,0.0,0.0,0.0,0.0,0.0,0.5838247249498256,0.2578991336422244,0.0,0.34349218920335767
Onur Başyiğit,Gaziantep,DF,0.0,0.0,0.0,DF,False,True,Gaziantep,,Merkez Orta Saha,Merkez Orta Saha,,MID,0.0,0.0,0.0,0.0,0.0,0.0,1.6612481000572965,0.1913782247477774,0.3176638508947942,2.2994815875316044,2.86724092469799,0.7690470230183157,6.541142443501615,4.110797573031718,0.0,0.0,83.49988313505091,0.0,0.0,0.0,0.0,0.0,0.0,0.765973139029611,0.3313591690898116,0.0,0.4492584033327678
Kuzey Bulgulu,Gaziantep,NAN,0.0,0.0,0.0,NAN,False,False,Gaziantep,,Merkez Orta Saha,Merkez Orta Saha,,MID,0.0,0.0,0.0,0.0,0.0,0.0,1.4829267981626453,0.0397270419173383,0.2499114255633997,2.7418448013351124,3.343965567241915,1.9276198799136048,5.793576605819604,6.251405684270149,0.0,0.0,82.21463264818537,0.0,0.0,0.0,0.0,0.0,0.0,0.8383615903739535,0.22123263704394722,0.0,0.4634273225957662
Muhammet Güneş,Gaziantep,MF,0.0,0.0,0.0,MF,True,True,Gaziantep,,Merkez Orta Saha,Merkez Orta Saha,,MID,0.0,0.0,0.0,0.0,0.0,0.0,2.3307231437502764,0.1525562873694103,0.2127668249317463,1.4168278015945066,2.734895198261082,0.6699552570911963,4.98577652995151,8.23767501525845,0.0,0.0,79.1253183150842,0.0,0.0,0.0,0.0,0.0,0.0,0.6271955954416896,0.28602714602281415,0.0,0.3708032269254076
Berke Özçelik,Gaziantep,MF,0.0,0.0,0.0,MF,True,True,Gaziantep,,Merkez Orta Saha,Merkez Orta Saha,,MID,0.0,0.0,0.0,0.0,0.0,0.0,1.4436233141022434,0.0338385205694213,0.1082804512519737,3.490101573353204,1.440888128764629,1.105401503542387,5.270663685139368,7.393349318457367,0.0,0.0,83.83356582257909,0.0,0.0,0.0,0.0,0.0,0.0,0.5767222916458945,0.19111888109813374,0.0,0.326584922042574
Opponent Total,Gaziantep,NAN,0.0,0.4025,0.0,NAN,False,False,Gaziantep,,Merkez Orta Saha,Merkez Orta Saha,,MID,0.0,0.0,0.0,0.0,0.0,0.0,2.4835318311289565,0.1878437715072614,0.2883266344774531,3.4319415377963143,3.4333713098004126,1.606827477251909,6.445639619700049,7.839366887168699,0.0,0.0,89.04887580411162,0.0,0.0,0.0,0.0,0.0,0.0,0.8827776144517874,0.38076262693188817,0.0,0.5175413326122713
Dimitris Goutas,genclerbirligi,DF,0.08,0.0,0.08,DF,False,True,Gençlerbirliği,,Merkez Orta Saha,Merkez Orta Saha,,MID,0.0,0.0,0.0,0.0,0.0,0.0,2.1879924112647013,0.1642387890667848,0.3342711790197461,2.5558793531367296,2.9078641214911856,1.556831642041168,4.894033772559703,6.952700200264304,0.0,0.0,78.48070942860834,0.0,0.0,0.0,0.0,0.0,0.0,0.8005015430530146,0.37827707282576356,0.0,0.47590618609166
Pedro Pereira,genclerbirligi,DF,0.0,0.0,0.0,DF,False,True,Gençlerbirliği,Sağ Bek,Standart Bek (Destek),Standart Bek,Destek,FB,1.5863090174263514,0.0,0.0,44.272189684751645,0.0,4.285029218688051,0.0,0.0,0.0,0.0,0.0,0.0,0.0,0.0,0.0,0.0,85.74457321024308,0.0,0.0,0.0,0.0,0.0,0.24476249863858585,0.14427659094747497,0.02498186873333642,0.0,0.1706606003502027
Göktan Gürpüz,genclerbirligi,FW,0.0,0.21,0.21,MF,True,True,Gençlerbirliği,On Numara,Oyun Kurucu (Destek),Oyun Kurucu,Destek,AM,0.0,0.0,0.0,0.0,0.0,0.0,0.8378720801504053,0.2391536552708645,0.2874193988925793,1.338764617508692,2.1644971183809867,1.1340929553408985,5.161956621641937,7.153659387107115,0.0,0.0,81.49753096192552,0.0,0.0,0.0,0.0,0.0,0.0,0.6763696071612624,0.2952771665000084,0.0,0.4267679535306337
Thalisson Kelven,genclerbirligi,DF,0.1,0.0,0.1,DF,False,True,Gençlerbirliği,,Merkez Orta Saha,Merkez Orta Saha,,MID,0.0,0.0,0.0,0.0,0.0,0.0,2.3542499507522243,0.0172395040891052,0.0166754062591058,2.636616254564487,3.0223908866081888,1.0197862519290777,2.782383580018003,8.095173909391916,0.0,0.0,80.49049123446844,0.0,0.0,0.0,0.0,0.0,0.0,0.5389731778667629,0.2122544748876461,0.0,0.3119374839109107
Žan Žužek,genclerbirligi,MF,0.21,0.0,0.21,DF,False,True,Gençlerbirliği,,Merkez Orta Saha,Merkez Orta Saha,,MID,0.0,0.0,0.0,0.0,0.0,0.0,0.6443694355594998,0.0142636802878135,0.2227404795641924,0.9949357042437748,1.7797149377284986,1.096418567829306,4.369606100580514,4.498008053155115,0.0,0.0,80.85775984398836,0.0,0.0,0.0,0.0,0.0,0.0,0.5846671408013541,0.2033259102906666,0.0,0.3329987524588104
Matěj Hanousek,genclerbirligi,DF,0.0,0.0,0.0,DF,False,True,Gençlerbirliği,,Merkez Orta Saha,Merkez Orta Saha,,MID,0.0,0.0,0.0,0.0,0.0,0.0,2.1166443878315024,0.0705467686733,0.0178973835047352,0.926837998108643,2.035576625482632,0.8964143947379589,5.581985559790494,5.936549781858843,0.0,0.0,88.9012146225525,0.0,0.0,0.0,0.0,0.0,0.0,0.5045782380440392,0.15905456890392533,0.0,0.28410003280280466
M'Baye Niang,genclerbirligi,FW,0.25,0.25,0.5,FW,True,False,Gençlerbirliği,Santrafor,Pivot Santrafor (Hücum),Pivot Santrafor,Hücum,FWD,0.0,0.0,0.0,0.0,0.0,0.0,3.870724849939508,0.0,0.0,0.0,0.0,0.0,0.0,3.1135117261813545,6.416222325967361,0.6847975738168204,0.0,0.0,0.0,0.0,0.0,0.0,0.0,0.0,0.4020448783270618,0.0,0.3216359026616495
Oğulcan Ülgün,genclerbirligi,MF,0.26,0.0,0.26,MF,True,True,Gençlerbirliği,Ön Libero,Defansif Orta Saha (Destek),Defansif Orta Saha,Destek,DM,0.0,0.0,0.0,0.0,0.0,0.0,1.1993089163008182,0.0654264209339764,0.0901625271168026,1.495743798980277,3.7524575293959694,0.8079994080601998,3.354713491581827,4.327256650917613,0.0,0.0,83.61682865081148,0.0,0.0,0.0,0.0,0.0,0.0,0.6051250943951536,0.24957416606758345,0.0,0.3524773804110935
Erhan Erentürk,genclerbirligi,GK,0.0,0.0,0.0,GK,False,False,Gençlerbirliği,Kaleci,Kaleci (Savunma),Kaleci,Savunma,GK,0.0,0.0,0.0,0.0,0.0,0.0,0.0,0.0,0.0,0.0,0.0,0.0,0.0,0.0,0.0,0.0,0.0,65.49512863264476,4.684482051282947,69.44429850323898,0.4562646731757538,1.4484587458903693,0.0,0.0,0.0,0.8819257222656813,0.8819257222656813
Franco Tongya,genclerbirligi,FW,0.32,0.0,0.32,MF,True,True,Gençlerbirliği,On Numara,Serbest Oyuncu (Trequartista),Serbest Oyuncu,Trequartista,AM,0.0,0.0,0.0,0.0,0.0,0.0,2.243746072934646,0.0617446997679999,0.02083364512172,2.049081983196154,1.8715135170142607,1.224559546338335,3.0112709026226745,8.667274854121318,0.0,0.0,83.59559295527782,0.0,0.0,0.0,0.0,0.0,0.0,0.4804699556657108,0.30670944077423257,0.0,0.33224781006512516
Tom Dele-Bashiru,genclerbirligi,MF,0.0,0.16,0.16,MF,True,True,Gençlerbirliği,Merkez Orta Saha,İki Yönlü Orta Saha,İki Yönlü Orta Saha,,MID,2.137348971374591,0.0,0.0,0.0,0.0,0.0,2.222919049225646,0.2265636451302591,0.2113284085322857,3.144335764602628,2.7205868543667195,1.267580855644944,4.473096981730966,8.66435603811968,0.0,0.0,0.0,0.0,0.0,0.0,0.0,0.0,0.16219874073635865,0.5657272091751463,0.3643885234135662,0.0,0.404400931491194
Sekou Koita,genclerbirligi,FW,0.0,0.0,0.0,MF,True,True,Gençlerbirliği,,Merkez Orta Saha,Merkez Orta Saha,,MID,0.0,0.0,0.0,0.0,0.0,0.0,2.0924433402470046,0.0623865499623765,0.2403064697224123,2.763356488369032,2.40996480447381,0.902800634101411,3.5691340411220778,3.2365608682110354,0.0,0.0,87.12690770946338,0.0,0.0,0.0,0.0,0.0,0.0,0.6525063193665415,0.2587184784316001,0.0,0.37799685536959077
Metehan Mimaroğlu,genclerbirligi,FW,0.2,0.0,0.2,MF,True,True,Gençlerbirliği,Sol Kanat,Çalışkan Kanat Oyuncusu (Destek),Çalışkan Kanat Oyuncusu,Destek,WING,0.0,0.0,0.0,0.0,0.0,8.568210100559213,3.473414552813648,0.0336510649037531,0.3420414376440454,4.517920861271849,0.0,0.0,0.0,0.0,0.0,0.0,0.0,0.0,0.0,0.0,0.0,0.0,0.0,0.30000000000000004,0.4948116362315793,0.0,0.3868869817389476
Abdurrahim Dursun,genclerbirligi,DF,0.0,0.0,0.0,MF,True,True,Gençlerbirliği,Sol Bek,Standart Bek (Savunma),Standart Bek,Savunma,FB,2.070700594827386,0.0,0.0,56.71608049811077,0.0,1.5613464325277038,0.0,0.0,0.0,0.0,0.0,0.0,0.0,0.0,0.0,0.0,78.18728507646034,0.0,0.0,0.0,0.0,0.0,0.3164825381798589,0.13156045361157037,0.009102703770270318,0.0,0.1995299459274546
Gökhan Akkan,genclerbirligi,GK,0.0,0.0,0.0,GK,False,False,Gençlerbirliği,Kaleci,Kaleci (Savunma),Kaleci,Savunma,GK,0.0,0.0,0.0,0.0,0.0,0.0,0.0,0.0,0.0,0.0,0.0,0.0,0.0,0.0,0.0,0.0,0.0,63.63890037284232,3.793699936433256,62.39188491876603,0.690808859553496,1.450294566141342,0.0,0.0,0.0,0.8648163992961038,0.8648163992961038
Michał Nalepa,genclerbirligi,FW,0.0,0.0,0.0,MF,True,True,Gençlerbirliği,,Merkez Orta Saha,Merkez Orta Saha,,MID,0.0,0.0,0.0,0.0,0.0,0.0,2.059063916244829,0.0679874315321577,0.0400706733230667,2.805307607239949,3.670423412188044,0.9311924973458752,3.207503139964168,7.233451035094131,0.0,0.0,79.8539064480591,0.0,0.0,0.0,0.0,0.0,0.0,0.5995442884750317,0.20309842823356244,0.0,0.34039182988422834
Adama Traoré,genclerbirligi,MF,0.0,0.0,0.0,MF,True,True,Gençlerbirliği,,Merkez Orta Saha,Merkez Orta Saha,,MID,0.0,0.0,0.0,0.0,0.0,0.0,1.0398261921058856,0.1898495656044909,0.1343436090657428,1.948832003009804,3.123164050802582,1.4851340952118357,3.0745631851819795,8.551489904493994,0.0,0.0,83.84718424920061,0.0,0.0,0.0,0.0,0.0,0.0,0.6473493376794235,0.24256574590154148,0.0,0.37218781802002004
Moussa Kyabou,genclerbirligi,MF,0.0,0.0,0.0,MF,True,True,Gençlerbirliği,Ön Libero,Defansif Orta Saha (Savunma),Defansif Orta Saha,Savunma,DM,0.0,0.0,0.0,0.0,0.0,0.0,0.5699304944076296,0.112434960612635,0.1596827781344397,1.7340244798768,1.1866096784941085,1.9276198799136048,4.124254214340435,4.083452070764001,0.0,0.0,83.15982256945271,0.0,0.0,0.0,0.0,0.0,0.0,0.5890901726359201,0.1779569235764629,0.0,0.3301364710332526
Dal Varesanovic,genclerbirligi,MF,0.0,0.0,0.0,MF,True,True,Gençlerbirliği,On Numara,Ofansif Orta Saha (Hücum),Ofansif Orta Saha,Hücum,AM,0.0,0.0,0.0,0.0,0.0,0.0,1.246258375406839,0.1941776392387953,0.1291685576163208,1.801804660058428,1.4419091328369111,1.4054558008390623,6.53919256941767,6.407671383315777,0.0,0.0,85.16292828655988,0.0,0.0,0.0,0.0,0.0,0.0,0.6051995915975953,0.24924284750100198,0.0,0.37737265004909826
Samed Onur,genclerbirligi,MF,0.0,0.0,0.0,MF,True,True,Gençlerbirliği,Merkez Orta Saha,Standart Orta Saha (Destek),Standart Orta Saha,Destek,MID,0.0,0.0,0.0,0.0,0.0,0.0,0.7644014814716682,0.0163415393910963,0.0423587501698175,3.4666538220873564,1.1272268465434114,0.6154692005974494,4.535298233693592,8.49292978552825,0.0,0.0,89.14603468984694,0.0,0.0,0.0,0.0,0.0,0.0,0.4720454173336104,0.13168513837673151,0.0,0.2623597363421515
Henry Onyekuru,genclerbirligi,MF,0.0,0.0,0.0,MF,True,True,Gençlerbirliği,Sol Kanat,İçe Kat Eden Oyuncu (Hücum),İçe Kat Eden Oyuncu,Hücum,WING,0.0,0.0,0.0,0.0,0.0,7.731181606388356,1.4393087698084484,0.1572415630237604,0.0417624573400093,2.342252262830084,0.0,0.0,0.0,0.0,0.0,0.0,0.0,0.0,0.0,0.0,0.0,0.0,0.0,0.07626311861182594,0.2664273436802875,0.0,0.18273534179172027
Ricardo Velho,genclerbirligi,GK,0.0,0.0,0.0,GK,False,False,Gençlerbirliği,Kaleci,Kaleci (Savunma),Kaleci,Savunma,GK,0.0,0.0,0.0,0.0,0.0,0.0,0.0,0.0,0.0,0.0,0.0,0.0,0.0,0.0,0.0,0.0,0.0,60.82458280396084,4.765622705069351,74.26489574445989,0.7164383499538061,1.3036620261121377,0.0,0.0,0.0,0.955756055176666,0.955756055176666
Daniel Popa,genclerbirligi,FW,0.0,0.0,0.0,FW,True,False,Gençlerbirliği,,Merkez Orta Saha,Merkez Orta Saha,,MID,0.0,0.0,0.0,0.0,0.0,0.0,1.8593972866951696,0.121892798418346,0.1466317265656163,0.926837998108643,2.8927653706874903,0.6133754207811004,2.939601904076615,3.2036758715147933,0.0,0.0,87.23338672898457,0.0,0.0,0.0,0.0,0.0,0.0,0.5519554670054132,0.21704003355479187,0.0,0.31938574021366495
Fıratcan Üzüm,genclerbirligi,MF,0.0,0.0,0.0,MF,True,True,Gençlerbirliği,Sağ Bek,Standart Bek (Destek),Standart Bek,Destek,FB,0.9491279076858888,0.0,0.0,63.23439972818964,0.0,4.385809166938072,0.0,0.0,0.0,0.0,0.0,0.0,0.0,0.0,0.0,0.0,86.89178635664321,0.0,0.0,0.0,0.0,0.0,0.24968180040588023,0.14620692887623107,0.025569419321592454,0.0,0.17381686273012792
Oghenekaro Etebo,genclerbirligi,MF,0.0,0.0,0.0,MF,True,True,Gençlerbirliği,,Merkez Orta Saha,Merkez Orta Saha,,MID,0.0,0.0,0.0,0.0,0.0,0.0,1.1268094257293495,0.0140238381945519,0.2629123167329463,3.140985039530612,2.343020276231255,1.927134831268349,2.3848583469043705,7.18452160348104,0.0,0.0,82.77438843620912,0.0,0.0,0.0,0.0,0.0,0.0,0.716034252109193,0.20300130595111654,0.0,0.3986173872448198
Sinan Osmanoğlu,genclerbirligi,DF,0.0,0.0,0.0,DF,False,True,Gençlerbirliği,Stoper,Çakılı Stoper,Çakılı Stoper,,CB,2.1507993963185355,1.665110379120751,4.237822591684085,59.70424815516305,77.16145929257792,0.0,0.0,0.0,0.0,0.0,0.0,0.0,2.0387682031757746,0.0,0.0,0.0,82.53204289809267,0.0,0.0,0.0,0.0,0.0,0.7474276423839572,0.18384145569983734,0.0,0.0,0.5599676408087375
Kevin Csoboth,genclerbirligi,FW,0.0,0.0,0.0,FW,True,False,Gençlerbirliği,Sol Kanat,Kanat Oyuncusu (Hücum),Kanat Oyuncusu,Hücum,WING,0.0,0.0,0.0,0.0,0.0,8.576278388994181,3.498789146722684,0.0400982254891506,0.1055629712790187,4.088334979084974,0.0,0.0,0.0,0.0,0.0,0.0,0.0,0.0,0.0,0.0,0.0,0.0,0.0,0.15221676673116877,0.3450372067948329,0.0,0.25268735409625037
Dilhan Demir,genclerbirligi,MF,0.0,0.0,0.0,MF,True,True,Gençlerbirliği,Sağ Kanat,Kanat Oyuncusu (Destek),Kanat Oyuncusu,Destek,WING,0.0,0.0,0.0,0.0,0.0,3.817695872652898,2.620889595370921,0.0140238381945519,0.3420414376440454,2.58179242582248,0.0,0.0,0.0,0.0,0.0,0.0,0.0,0.0,0.0,0.0,0.0,0.0,0.0,0.25714558765191997,0.2997385380094338,0.0,0.25698679910123623
Furkan Ayaz,genclerbirligi,NAN,0.0,0.0,0.0,NAN,False,False,Gençlerbirliği,,Merkez Orta Saha,Merkez Orta Saha,,MID,0.0,0.0,0.0,0.0,0.0,0.0,2.4487814218058213,0.0156633008638386,0.0248526825866394,2.362423603145462,1.4028245527068266,0.9459361854610004,5.480780725689626,4.784094044235305,0.0,0.0,87.93063662728856,0.0,0.0,0.0,0.0,0.0,0.0,0.49964747581025376,0.173551294393056,0.0,0.2845339967837381
Mehmet Akbal,genclerbirligi,MF,0.0,0.0,0.0,MF,True,True,Gençlerbirliği,,Merkez Orta Saha,Merkez Orta Saha,,MID,0.0,0.0,0.0,0.0,0.0,0.0,1.7460413624251974,0.2266093633361027,0.0280630049286662,1.9842616318118944,3.873802363170311,0.6381004791237131,3.913993822181939,8.546377172259183,0.0,0.0,80.04850035974977,0.0,0.0,0.0,0.0,0.0,0.0,0.5805550978106646,0.26482044333067795,0.0,0.3432416375714679
Yiğit Aydar,genclerbirligi,DF,0.0,0.0,0.0,DF,False,True,Gençlerbirliği,,Merkez Orta Saha,Merkez Orta Saha,,MID,0.0,0.0,0.0,0.0,0.0,0.0,2.127209183632158,0.0348113427793987,0.1241699521425944,2.758195683120869,2.5889791718368595,1.3985668807255722,6.109154732926797,8.667274854121318,0.0,0.0,78.36556423570752,0.0,0.0,0.0,0.0,0.0,0.0,0.675879453068678,0.2093127684293617,0.0,0.37980228022021134
Ebrar Aydın,genclerbirligi,GK,0.0,0.0,0.0,GK,False,False,Gençlerbirliği,,Merkez Orta Saha,Merkez Orta Saha,,MID,0.0,0.0,0.0,0.0,0.0,0.0,0.6783018127578817,0.1331051705688042,0.3296039990666237,2.1140061418466978,1.7256798823386674,1.435473167435399,5.2975538432038505,8.665598934680602,0.0,0.0,80.45338046957127,0.0,0.0,0.0,0.0,0.0,0.0,0.7146133937656143,0.2532764791461441,0.0,0.407961992712036
Mikail Okyar,genclerbirligi,MF,0.0,0.0,0.0,MF,True,True,Gençlerbirliği,,Merkez Orta Saha,Merkez Orta Saha,,MID,0.0,0.0,0.0,0.0,0.0,0.0,2.2102304127725074,0.1027739006501766,0.2340004263530199,3.158242742820484,2.5018107134641228,1.4727572301780325,5.9812072527068425,5.845285299944782,0.0,0.0,82.08493867337111,0.0,0.0,0.0,0.0,0.0,0.0,0.7525487274147171,0.29527437582399463,0.0,0.43532923887215746
Yusuf Temel,genclerbirligi,FW,0.0,0.0,0.0,FW,True,False,Gençlerbirliği,,Merkez Orta Saha,Merkez Orta Saha,,MID,0.0,0.0,0.0,0.0,0.0,0.0,2.337790100078128,0.0868358315647106,0.2375344848353976,3.2318950328303986,3.0388609982053234,0.901103041786312,3.359730197092244,8.17225590593588,0.0,0.0,84.12696908951472,0.0,0.0,0.0,0.0,0.0,0.0,0.6919700919789133,0.2936563700112099,0.0,0.40471631999169866
Opponent Total,genclerbirligi,NAN,0.0,0.4025,0.0,NAN,False,False,Gençlerbirliği,,Merkez Orta Saha,Merkez Orta Saha,,MID,0.0,0.0,0.0,0.0,0.0,0.0,1.4228300295197656,0.2249583364218181,0.1266719967932527,1.9386465025583297,1.2287176539206934,0.5834547459142635,5.46179461230529,8.067296391210423,0.0,0.0,85.3815496864944,0.0,0.0,0.0,0.0,0.0,0.0,0.5056731503557472,0.27784822796520486,0.0,0.3084062207709146
Héliton,Göztepe,DF,0.0,0.08,0.08,DF,False,True,Göztepe,Stoper,Standart Stoper (Durdurucu),Standart Stoper,Durdurucu,CB,2.9929828102360485,1.514845479529625,10.83050315627883,66.08220546105883,52.73860030358401,0.0,0.0,0.0,0.0,0.0,0.0,0.0,2.405981925982379,0.0,0.0,0.0,78.18728507646034,0.0,0.0,0.0,0.0,0.0,0.8757164084829226,0.1846306860900261,0.0,0.0,0.649927623156051
Mateusz Lis,Göztepe,GK,0.0,0.0,0.0,GK,False,False,Göztepe,Kaleci,Kaleci (Savunma),Kaleci,Savunma,GK,0.0,0.0,0.0,0.0,0.0,0.0,0.0,0.0,0.0,0.0,0.0,0.0,0.0,0.0,0.0,0.0,0.0,67.23705789444759,2.2654775061557584,75.21570097233794,0.2630546733937066,0.6354346550816125,0.0,0.0,0.0,0.8491908945724043,0.8491908945724043
Amine Cherni,Göztepe,MF,0.0,0.17,0.17,MF,True,True,Göztepe,Sol Bek,Ofansif Bek (Hücum),Ofansif Bek,Hücum,FB,1.2291428053848352,0.0,0.0,53.919072325348246,0.0,8.576278388994181,0.0,0.0,0.0,1.4927973937929788,0.0,0.0,0.0,0.0,0.0,0.0,81.53536507120222,0.0,0.0,0.0,0.0,0.0,0.24476047293291664,0.17023573099437608,0.0830416897424967,0.0,0.1900592937132705
Arda Kurtulan,Göztepe,MF,0.0,0.09,0.09,MF,True,True,Göztepe,,Merkez Orta Saha,Merkez Orta Saha,,MID,0.0,0.0,0.0,0.0,0.0,0.0,1.6731311692770523,0.0140238381945519,0.2077812769229884,1.5474350525346394,1.824111445143676,1.9276198799136048,3.320309923468594,4.914602839459533,0.0,0.0,88.92726860657307,0.0,0.0,0.0,0.0,0.0,0.0,0.6461231101895843,0.17491203336027436,0.0,0.35804396176684705
Janderson,Göztepe,FW,0.09,0.28,0.37,FW,True,False,Göztepe,Forvet,Yaratıcı Forvet,Yaratıcı Forvet,,FWD,0.0,0.0,0.0,0.0,0.0,0.0,4.477559877466008,0.0,0.0,0.0,0.0,0.0,0.0,0.0,4.802269598593174,0.8795571249805885,0.0,0.0,0.0,0.0,0.0,0.0,0.0,0.0,0.4072798445859691,0.0,0.3258238756687753
Malcom Bokélé,Göztepe,DF,0.1,0.0,0.1,DF,False,True,Göztepe,,Merkez Orta Saha,Merkez Orta Saha,,MID,0.0,0.0,0.0,0.0,0.0,0.0,2.0061005818962907,0.1659474215438972,0.0166754062591058,2.3993458872020783,3.4208964726519806,0.8763395685366537,6.695342397251458,7.973492844904064,0.0,0.0,84.11824811460549,0.0,0.0,0.0,0.0,0.0,0.0,0.6406449701887752,0.2828628994445615,0.0,0.3768950649832999
Rhaldney,Göztepe,MF,0.1,0.1,0.2,MF,True,True,Göztepe,Ön Libero,Defansif Orta Saha (Destek),Defansif Orta Saha,Destek,DM,0.0,0.0,0.0,0.0,0.0,0.0,0.7671611172468664,0.2408486085533876,0.2226336162433397,3.263381033165066,2.378994611207984,1.5140394320788213,5.181871407666872,3.222045808292956,0.0,0.0,84.01530773550876,0.0,0.0,0.0,0.0,0.0,0.0,0.7291468156449988,0.3550491450226838,0.0,0.4355832368270362
Juan Santos,Göztepe,FW,0.52,0.0,0.52,FW,True,False,Göztepe,Santrafor,Fırsatçı Golcü,Fırsatçı Golcü,,FWD,0.0,0.0,0.0,0.0,0.0,0.0,4.6893127695543,0.0,0.0,0.0,0.0,0.0,0.0,0.0,4.560768296228343,0.4773158674302018,0.0,0.0,0.0,0.0,0.0,0.0,0.0,0.0,0.49687634334611647,0.0,0.3975010746768932
Anthony Dennis,Göztepe,MF,0.21,0.0,0.21,MF,True,True,Göztepe,Merkez Orta Saha,İki Yönlü Orta Saha,İki Yönlü Orta Saha,,MID,2.1363449249889435,0.0,0.0,0.0,0.0,0.0,1.455388760573229,0.1400420458654604,0.3196504316516828,1.3687879103152998,3.8681414308358,1.5628108594027847,3.0715763883353,6.577619270892319,0.0,0.0,0.0,0.0,0.0,0.0,0.0,0.0,0.1621225458512117,0.6557492947391977,0.35124596148591153,0.0,0.4467606034221447
Junior Olaitan,Göztepe,MF,0.17,0.0,0.17,MF,True,True,Göztepe,On Numara,Ofansif Orta Saha (Hücum),Ofansif Orta Saha,Hücum,AM,0.0,0.0,0.0,0.0,0.0,0.0,1.2371923583218576,0.2342056155082729,0.2144007139206867,2.482009775621404,2.6397314260968847,1.5599448048180644,3.622559000876711,4.3800530237262185,0.0,0.0,78.60291611787578,0.0,0.0,0.0,0.0,0.0,0.0,0.6839046794112534,0.37800871433859895,0.0,0.4553549540072064
Novatus Dismas,Göztepe,DF,0.0,0.15,0.15,MF,True,True,Göztepe,,Merkez Orta Saha,Merkez Orta Saha,,MID,0.0,0.0,0.0,0.0,0.0,0.0,0.7073853835407231,0.0140238381945519,0.3057945077132207,2.5052125942498056,2.298448006628408,1.4150111256192286,3.347559311461364,3.723401314663673,0.0,0.0,78.41893863187468,0.0,0.0,0.0,0.0,0.0,0.0,0.6982197513778983,0.18357769626880693,0.0,0.3858254149427105
Efkan Bekiroğlu,Göztepe,MF,0.45,0.22,0.6179999999999995,MF,True,True,Göztepe,On Numara,Oyun Kurucu (Destek),Oyun Kurucu,Destek,AM,0.0,0.0,0.0,0.0,0.0,0.0,1.171822286812216,0.1046983297685403,0.2533905694131328,2.779405160521259,1.1316998279290154,0.9693610913204724,2.9546329253582178,3.461719209775255,0.0,0.0,84.61391954299647,0.0,0.0,0.0,0.0,0.0,0.0,0.5655643337022893,0.4208722500658811,0.0,0.409043841870909
Allan Godói,Göztepe,DF,0.0,0.21,0.21,DF,False,True,Göztepe,Stoper,Standart Stoper (Durdurucu),Standart Stoper,Durdurucu,CB,2.7992657980944293,1.4667173150947947,10.687840964097646,61.45632226228791,59.579409127712445,0.0,0.0,0.0,0.0,0.0,0.0,0.0,2.0387682031757746,0.0,0.0,0.0,85.02019902943226,0.0,0.0,0.0,0.0,0.0,0.8588655589191982,0.1880281076468302,0.0,0.0,0.6388115127728048
Taha Altıkardeş,Göztepe,DF,0.0,0.0,0.0,DF,False,True,Göztepe,Stoper,Pas Dağıtan Stoper (Sıkı Defans),Pas Dağıtan Stoper,Sıkı Defans,CB,2.799491811915035,0.945557171005792,8.113089001911241,53.111139876213855,68.5095903822343,0.0,0.0,0.0,0.0,0.0,0.0,0.0,6.8003713577826455,0.0,0.0,0.0,87.69049693763857,0.0,0.0,0.0,0.0,0.0,0.7668460034379762,0.29755086512158546,0.0,0.0,0.5963023754309004
Furkan Bayır,Göztepe,DF,0.0,0.0,0.0,DF,False,True,Göztepe,Stoper,Standart Stoper (Savunma),Standart Stoper,Savunma,CB,3.198446820988356,1.4727324923858205,9.567793648749584,63.64041973289837,78.00959065461953,0.0,0.0,0.0,0.0,0.0,0.0,0.0,2.0387682031757746,0.0,0.0,0.0,84.04790967215486,0.0,0.0,0.0,0.0,0.0,0.9223696871339877,0.18639210214081953,0.0,0.0,0.6829372014219552
Emersonn,Göztepe,FW,0.525,0.0,0.6179999999999995,FW,True,False,Göztepe,,Merkez Orta Saha,Merkez Orta Saha,,MID,0.0,0.0,0.0,0.0,0.0,0.0,0.5431618497095365,0.0650394477405127,0.0421954457412915,1.1552327498436017,1.4972493394604678,0.9066443806460986,5.473204794468639,7.177732655268839,0.0,0.0,83.25814335898013,0.0,0.0,0.0,0.0,0.0,0.0,0.47806416795598167,0.3007450550395193,0.0,0.2991810949858947
Ibrahim Sabra,Göztepe,FW,0.0,0.0,0.0,FW,True,False,Göztepe,Santrafor,Yaratıcı Forvet,Yaratıcı Forvet,,FWD,0.0,0.0,0.0,0.0,0.0,0.0,3.709945816361072,0.0,0.0,0.0,0.0,0.0,0.0,0.0,1.161241430490398,0.787321007233317,0.0,0.0,0.0,0.0,0.0,0.0,0.0,0.0,0.32116688003983784,0.0,0.25693350403187026
İsmail Köybaşı,Göztepe,DF,0.0,0.0,0.0,DF,False,True,Göztepe,Sol Bek,Standart Bek (Savunma),Standart Bek,Savunma,FB,2.012694296003739,0.0,0.0,54.2903172367475,0.0,1.5613464325277038,0.0,0.0,0.0,0.0,0.0,0.0,0.0,0.0,0.0,0.0,86.1785490688698,0.0,0.0,0.0,0.0,0.0,0.3052654805194542,0.1450068127573456,0.009102703770270318,0.0,0.19795532484098483
Ahmed Ildiz,Göztepe,MF,0.0,0.0,0.0,MF,True,True,Göztepe,,Merkez Orta Saha,Merkez Orta Saha,,MID,0.0,0.0,0.0,0.0,0.0,0.0,0.5420451568519457,0.1827052412451824,0.3158586575500446,2.732727404641639,2.3366249162256727,1.396502424054055,3.0935780649896367,5.039249782608397,0.0,0.0,88.07016473976358,0.0,0.0,0.0,0.0,0.0,0.0,0.7207966174959399,0.2873963511283723,0.0,0.4178775789736444
Ruan,Göztepe,MF,0.0,0.0,0.0,DF,False,True,Göztepe,,Merkez Orta Saha,Merkez Orta Saha,,MID,0.0,0.0,0.0,0.0,0.0,0.0,0.6838492072251279,0.2453242726243116,0.0232553455245212,3.254387805797231,1.6275563962237831,1.7991434504175372,4.9765163296374455,7.348600629172568,0.0,0.0,79.92815501654215,0.0,0.0,0.0,0.0,0.0,0.0,0.5747384701276633,0.2576409698415989,0.0,0.3388974290321515
Salem Bouajila,Göztepe,FW,0.0,0.0,0.0,FW,True,False,Göztepe,Santrafor,Fırsatçı Golcü,Fırsatçı Golcü,,FWD,0.0,0.0,0.0,0.0,0.0,0.0,3.3402255419569644,0.0,0.0,0.0,0.0,0.0,0.0,0.0,5.372668326703884,0.5415175606591871,0.0,0.0,0.0,0.0,0.0,0.0,0.0,0.0,0.2545289211522642,0.0,0.2036231369218114
Uğur Kaan Yıldız,Göztepe,DF,0.0,0.0,0.0,DF,False,True,Göztepe,Sağ Bek,Standart Bek (Destek),Standart Bek,Destek,FB,2.321851624068239,0.0,0.0,46.9994773415071,0.0,2.589149162241469,0.0,0.0,0.0,0.0,0.0,0.0,0.0,0.0,0.0,0.0,81.26373279976501,0.0,0.0,0.0,0.0,0.0,0.30824342638759467,0.13673698401027196,0.015094829276787984,0.0,0.19816177425223652
Ogün Bayrak,Göztepe,MF,0.0,0.0,0.0,MF,True,True,Göztepe,Sağ Bek,Standart Bek (Destek),Standart Bek,Destek,FB,1.6698516515966324,0.0,0.0,59.23732332979842,0.0,4.189181463118215,0.0,0.0,0.0,0.0,0.0,0.0,0.0,0.0,0.0,0.0,82.277856100429,0.0,0.0,0.0,0.0,0.0,0.293146320773098,0.13844338066188797,0.02442307299920519,0.0,0.19299078918495643
Tibet Durakçay,Göztepe,FW,0.0,0.0,0.0,FW,True,False,Göztepe,Santrafor,Fırsatçı Golcü,Fırsatçı Golcü,,FWD,0.0,0.0,0.0,0.0,0.0,0.0,4.6893127695543,0.0,0.0,0.0,0.0,0.0,0.0,0.0,2.9411824749129494,0.9664112710987464,0.0,0.0,0.0,0.0,0.0,0.0,0.0,0.0,0.4,0.0,0.32000000000000006
Ekrem Kılıçarslan,Göztepe,GK,0.0,0.0,0.0,GK,False,False,Göztepe,Kaleci,Kaleci (Savunma),Kaleci,Savunma,GK,0.0,0.0,0.0,0.0,0.0,0.0,0.0,0.0,0.0,0.0,0.0,0.0,0.0,0.0,0.0,0.0,0.0,57.78987721304084,2.5879485872574355,71.22554395138992,0.5064483815465395,1.752953743383857,0.0,0.0,0.0,0.7170182979891644,0.7170182979891644
Nevzat Üzel,Göztepe,GK,0.0,0.0,0.0,GK,False,False,Göztepe,,Merkez Orta Saha,Merkez Orta Saha,,MID,0.0,0.0,0.0,0.0,0.0,0.0,2.422541734337265,0.0641325156110619,0.1868886153917173,1.2851443939496534,1.1499370859790363,1.9201005933850928,3.3231751346267866,3.392138044793654,0.0,0.0,78.2996599454046,0.0,0.0,0.0,0.0,0.0,0.0,0.5662672522280172,0.22552601460152594,0.0,0.3282388290343138
Ege Yıldırım,Göztepe,DF,0.0,0.0,0.0,DF,False,True,Göztepe,,Merkez Orta Saha,Merkez Orta Saha,,MID,0.0,0.0,0.0,0.0,0.0,0.0,1.5540120253795355,0.1635436503685186,0.0497479933277101,1.4413669772944695,3.530948992155471,0.6588587066056364,5.309844723969343,4.891742026983662,0.0,0.0,83.38846521516152,0.0,0.0,0.0,0.0,0.0,0.0,0.5971565414216037,0.21248495293233624,0.0,0.34107526129726906
Opponent Total,Göztepe,NAN,0.5,0.25,0.6179999999999995,NAN,False,False,Göztepe,,Merkez Orta Saha,Merkez Orta Saha,,MID,0.0,0.0,0.0,0.0,0.0,0.0,2.428226538421762,0.049524408189935,0.0166754062591058,3.422766753912427,3.880849047213319,0.7322429188965798,6.074698642702696,6.236947754252023,0.0,0.0,80.8497426810271,0.0,0.0,0.0,0.0,0.0,0.0,0.662524414331099,0.4048843928835746,0.0,0.4122390857422644
Andreas Gianniotis,Kasımpaşa,GK,0.0,0.0,0.0,GK,False,False,Kasımpaşa,Kaleci,Kaleci (Savunma),Kaleci,Savunma,GK,0.0,0.0,0.0,0.0,0.0,0.0,0.0,0.0,0.0,0.0,0.0,0.0,0.0,0.0,0.0,0.0,0.0,60.84289297070436,2.210456421393158,75.41934359909122,0.4504466018892674,0.9811700974576038,0.0,0.0,0.0,0.8138183982113668,0.8138183982113668
Nicholas Opoku,Kasımpaşa,DF,0.0,0.0,0.0,DF,False,True,Kasımpaşa,Stoper,Standart Stoper (Durdurucu),Standart Stoper,Durdurucu,CB,2.8152257846006865,1.0954402663417306,7.271623555314159,71.18804073074607,78.00959065461953,0.0,0.0,0.0,0.0,0.0,0.0,0.0,2.0387682031757746,0.0,0.0,0.0,85.44779904621116,0.0,0.0,0.0,0.0,0.0,0.8402804720582198,0.18874760125908102,0.0,0.0,0.62594585069257
Andri Fannar Baldursson,Kasımpaşa,MF,0.0,0.0,0.0,MF,True,True,Kasımpaşa,Ön Libero,Defansif Oyun Kurucu (Destek),Defansif Oyun Kurucu,Destek,DM,0.0,0.0,0.0,0.0,0.0,0.0,1.3082455444932772,0.1413325636429024,0.1477119910446736,1.2886377723156224,3.3794286219902183,1.91710438817462,5.8901262157232654,7.744338989033781,0.0,0.0,78.59537248006605,0.0,0.0,0.0,0.0,0.0,0.0,0.7439436718204385,0.21371511120359932,0.0,0.4147148581509391
Attila Szalai,Kasımpaşa,DF,0.0,0.09,0.09,DF,False,True,Kasımpaşa,Stoper,Pas Dağıtan Stoper (Sıkı Defans),Pas Dağıtan Stoper,Sıkı Defans,CB,2.793946306733029,0.719139945400875,6.311441032646913,51.27291541408248,56.89628346963811,0.0,0.0,0.0,0.0,0.0,0.0,0.0,6.8003713577826455,0.0,0.0,0.0,82.18256101278973,0.0,0.0,0.0,0.0,0.0,0.6791271362903516,0.28828303406660055,0.0,0.0,0.5330456022165662
Cláudio Winck,Kasımpaşa,DF,0.29,0.0,0.29,DF,False,True,Kasımpaşa,Sağ Bek,Ofansif Bek (Hücum),Ofansif Bek,Hücum,FB,1.7045929249510363,0.0,0.0,44.67609371393809,0.0,3.7457833409132686,0.0,0.0,0.0,3.4437241606941464,0.0,0.0,0.0,0.0,0.0,0.0,78.18728507646034,0.0,0.0,0.0,0.0,0.0,0.25487355826776176,0.20778410308303757,0.2085378865397563,0.0,0.23147958736674343
Godfried Frimpong,Kasımpaşa,MF,0.0,0.11,0.11,DF,False,True,Kasımpaşa,Sol Bek,Standart Bek (Hücum),Standart Bek,Hücum,FB,0.9821924192776194,0.0,0.0,48.09198091010609,0.0,1.5996697093950951,0.0,0.0,0.0,0.0,0.0,0.0,0.0,0.0,0.0,0.0,79.58603785418182,0.0,0.0,0.0,0.0,0.0,0.20964896391561794,0.13391404025609352,0.009326129801522821,0.0,0.14686391999494158
Pape Habib Guèye,Kasımpaşa,FW,0.33,0.0,0.33,FW,True,False,Kasımpaşa,Santrafor,Pivot Santrafor (Hücum),Pivot Santrafor,Hücum,FWD,0.0,0.0,0.0,0.0,0.0,0.0,4.6893127695543,0.0,0.0,0.0,0.0,0.0,0.0,3.1135117261813545,8.035043576041895,0.9430876398764524,0.0,0.0,0.0,0.0,0.0,0.0,0.0,0.0,0.5208874315746861,0.0,0.4167099452597489
Mortadha Ben Ouanes,Kasımpaşa,DF,0.11,0.4025,0.56,MF,True,True,Kasımpaşa,Sol Kanat,Defansif Kanat Oyuncusu (Destek),Defansif Kanat Oyuncusu,Destek,WING,2.0945744085626528,0.0,0.0,55.28259930165578,0.0,8.576278388994181,3.533997727270673,0.2459098104948692,0.0256469244906077,4.517920861271849,0.0,0.0,0.0,0.0,0.0,0.0,0.0,0.0,0.0,0.0,0.0,0.0,0.31426696068057935,0.11499638445403675,0.5001285679238655,0.0,0.36600275215858824
Mamadou Fall,Kasımpaşa,FW,0.0,0.0,0.0,MF,True,True,Kasımpaşa,Sağ Kanat,Kanat Oyuncusu (Hücum),Kanat Oyuncusu,Hücum,WING,0.0,0.0,0.0,0.0,0.0,5.018637088540905,2.293905119023044,0.2409797767866351,0.2462676903571446,4.517920861271849,0.0,0.0,0.0,0.0,0.0,0.0,0.0,0.0,0.0,0.0,0.0,0.0,0.0,0.24399874591418935,0.446086430087155,0.0,0.3408514818265498
Haris Hajradinović,Kasımpaşa,MF,0.33,0.0,0.33,MF,True,True,Kasımpaşa,,Merkez Orta Saha,Merkez Orta Saha,,MID,0.0,0.0,0.0,0.0,0.0,0.0,1.0548138794790451,0.115983121672084,0.1032642476789546,3.106839752097864,3.561354765114001,1.6048028425021887,5.8042566546539085,4.912515017592419,0.0,0.0,86.69517944217155,0.0,0.0,0.0,0.0,0.0,0.0,0.7573504967323132,0.3404072244338887,0.0,0.4467566932529344
Cafú,Kasımpaşa,MF,0.0,0.0,0.0,MF,True,True,Kasımpaşa,Merkez Orta Saha,İki Yönlü Orta Saha,İki Yönlü Orta Saha,,MID,1.3518226415225556,0.0,0.0,0.0,0.0,0.0,1.462897911964513,0.2430013324078842,0.170100172829161,2.1291502124096944,1.6014235465852082,1.6117897407775197,6.68934759280765,6.755348258622055,0.0,0.0,0.0,0.0,0.0,0.0,0.0,0.0,0.10258686489218537,0.5227248250817225,0.30747637405849493,0.0,0.3536337468202158
Cem Üstündag,Kasımpaşa,MF,0.0,0.0,0.0,MF,True,True,Kasımpaşa,Merkez Orta Saha,Standart Orta Saha (Destek),Standart Orta Saha,Destek,MID,0.0,0.0,0.0,0.0,0.0,0.0,1.3229745461291114,0.1521318181741166,0.2020199603570927,1.467523900888578,1.725931390951136,1.82449073724466,2.9386120284612605,8.315866489417122,0.0,0.0,79.33911599948696,0.0,0.0,0.0,0.0,0.0,0.0,0.6020831201626599,0.2407677104766257,0.0,0.34919510217665506
Ali Yavuz Kol,Kasımpaşa,MF,0.0,0.0,0.0,MF,True,True,Kasımpaşa,Sol Kanat,Kanat Oyuncusu (Destek),Kanat Oyuncusu,Destek,WING,0.0,0.0,0.0,0.0,0.0,4.432631567196283,2.137121456149105,0.0652076455259544,0.22105351733986,4.517920861271849,0.0,0.0,0.0,0.0,0.0,0.0,0.0,0.0,0.0,0.0,0.0,0.0,0.0,0.22925540183812776,0.321394037946924,0.0,0.26161304331959273
Kubilay Kanatsızkuş,Kasımpaşa,FW,0.23,0.23,0.47,FW,True,False,Kasımpaşa,Santrafor,Çalışkan Forvet (Destek),Çalışkan Forvet,Destek,FWD,1.7954583389486132,0.0,0.0,0.0,0.0,0.0,2.8061135120252514,0.0,0.0,0.0,0.0,0.0,0.0,3.1135117261813545,4.33947057101292,0.4655772037886764,0.0,0.0,0.0,0.0,0.0,0.0,0.1362534080874807,0.0,0.30365204822916014,0.0,0.24973430898770216
Fousseni Diabaté,Kasımpaşa,FW,0.0,0.0,0.0,MF,True,True,Kasımpaşa,Sağ Kanat,İçe Kat Eden Oyuncu (Destek),İçe Kat Eden Oyuncu,Destek,WING,0.0,0.0,0.0,0.0,0.0,2.3524466887854727,3.7451821975516673,0.0935251332372256,0.1672005894943743,2.384015241572108,0.0,0.0,0.0,0.0,0.0,0.0,0.0,0.0,0.0,0.0,0.0,0.0,0.0,0.15053424947193247,0.3321470602267501,0.0,0.24444851097762982
Jhon Espinoza,Kasımpaşa,DF,0.0,0.0,0.0,DF,False,True,Kasımpaşa,Sağ Bek,Standart Bek (Destek),Standart Bek,Destek,FB,1.5606010235998728,0.0,0.0,50.63591096541042,0.0,1.917005580930566,0.0,0.0,0.0,0.0,0.0,0.0,0.0,0.0,0.0,0.0,78.18728507646034,0.0,0.0,0.0,0.0,0.0,0.260690199788815,0.13156045361157037,0.011176208921754643,0.0,0.17204847776222953
Adam Arous,Kasımpaşa,DF,0.0,0.0,0.0,DF,False,True,Kasımpaşa,,Merkez Orta Saha,Merkez Orta Saha,,MID,0.0,0.0,0.0,0.0,0.0,0.0,0.6218958369496622,0.0873765930217047,0.0166754062591058,3.151024733435781,3.880849047213319,0.8039489512030147,2.4419247349225937,6.695179129093828,0.0,0.0,85.29983400009326,0.0,0.0,0.0,0.0,0.0,0.0,0.5894470699602593,0.15444219303259782,0.0,0.32561197358664923
Yusuf Barasi,Kasımpaşa,MF,0.0,0.0,0.0,MF,True,True,Kasımpaşa,,Merkez Orta Saha,Merkez Orta Saha,,MID,0.0,0.0,0.0,0.0,0.0,0.0,1.745735260849433,0.0285239462219833,0.0430511532933109,2.002324188507197,1.5907771133602853,1.3813788066641028,5.494744142436928,4.397756848521802,0.0,0.0,81.37259700200266,0.0,0.0,0.0,0.0,0.0,0.0,0.537583503552586,0.1487610652228314,0.0,0.29854396482085926
Atakan Müjde,Kasımpaşa,MF,0.0,0.0,0.0,MF,True,True,Kasımpaşa,Merkez Orta Saha,Savaşçı Orta Saha (Savunma),Savaşçı Orta Saha,Savunma,MID,1.9356102309527288,1.37172438361255,0.0,0.0,0.0,0.0,0.8536801832701593,0.0378117071837336,0.1955248387576488,2.1900068556101635,0.0,0.0,0.0,8.101053519174634,0.0,0.0,0.0,0.0,0.0,0.0,0.0,0.0,0.2625419847426029,0.1628019350472406,0.16511183802912538,0.0,0.19318593055222624
Emre Taşdemir,Kasımpaşa,DF,0.0,0.0,0.0,DF,False,True,Kasımpaşa,Sol Bek,Standart Bek (Destek),Standart Bek,Destek,FB,1.7054493529735395,0.0,0.0,52.690259467111375,0.0,3.889010273572265,0.0,0.0,0.0,0.0,0.0,0.0,0.0,0.0,0.0,0.0,78.69276138304261,0.0,0.0,0.0,0.0,0.0,0.27745403413607794,0.132410984386732,0.02267306456937649,0.0,0.18298492529793386
Berk Yıldızlı,Kasımpaşa,FW,0.0,0.0,0.0,FW,True,False,Kasımpaşa,,Merkez Orta Saha,Merkez Orta Saha,,MID,0.0,0.0,0.0,0.0,0.0,0.0,1.7011347052854422,0.0563292324878087,0.1201085736104303,1.7699300973793677,3.8542894310854967,1.5517093916262104,3.841736068971756,8.22059324340558,0.0,0.0,80.08195260426027,0.0,0.0,0.0,0.0,0.0,0.0,0.6979313648957343,0.1812043563802714,0.0,0.38520655372392143
Adnan Aktas,Kasımpaşa,DF,0.0,0.0,0.0,DF,False,True,Kasımpaşa,,Merkez Orta Saha,Merkez Orta Saha,,MID,0.0,0.0,0.0,0.0,0.0,0.0,1.7654222940361222,0.0627416653350745,0.2552107206423067,2.4009672988743045,3.880849047213319,1.520167828170459,4.161731132016737,3.1276164651023226,0.0,0.0,82.55701827503181,0.0,0.0,0.0,0.0,0.0,0.0,0.8013757737509927,0.2413238780577195,0.0,0.44895266248704024
Ege Albayrak,Kasımpaşa,GK,0.0,0.0,0.0,GK,False,False,Kasımpaşa,Kaleci,Kaleci (Savunma),Kaleci,Savunma,GK,0.0,0.0,0.0,0.0,0.0,0.0,0.0,0.0,0.0,0.0,0.0,0.0,0.0,0.0,0.0,0.0,0.0,62.32723686587384,2.975990992289793,69.87591192728782,0.3332646862824382,0.7797777655997813,0.0,0.0,0.0,0.8443982968612026,0.8443982968612026
Taylan Aydın,Kasımpaşa,DF,0.0,0.0,0.0,DF,False,True,Kasımpaşa,,Merkez Orta Saha,Merkez Orta Saha,,MID,0.0,0.0,0.0,0.0,0.0,0.0,0.7192521915701611,0.2126540144602844,0.2283020770071788,1.2415144559795617,3.1351684172381464,1.1122275363000471,2.155745463966955,8.248210036105196,0.0,0.0,87.61734931467544,0.0,0.0,0.0,0.0,0.0,0.0,0.6444653513002006,0.2546175491024472,0.0,0.3731561854705897
Ali Emre Yanar,Kasımpaşa,GK,0.0,0.0,0.0,GK,False,False,Kasımpaşa,Kaleci,Kaleci (Savunma),Kaleci,Savunma,GK,0.0,0.0,0.0,0.0,0.0,0.0,0.0,0.0,0.0,0.0,0.0,0.0,0.0,0.0,0.0,0.0,0.0,64.12139968434072,3.166031869068446,70.45465658763987,0.2719192204002097,0.5611627123321459,0.0,0.0,0.0,0.8788562734822374,0.8788562734822374
Yasin Eratilla,Kasımpaşa,FW,0.0,0.0,0.0,FW,True,False,Kasımpaşa,,Merkez Orta Saha,Merkez Orta Saha,,MID,0.0,0.0,0.0,0.0,0.0,0.0,0.5420451568519457,0.1403056970706312,0.2959615270464674,1.855920148959754,3.880849047213319,0.5834547459142635,3.297882246375246,6.173622804163272,0.0,0.0,82.70512292285487,0.0,0.0,0.0,0.0,0.0,0.0,0.7214429829049344,0.23630900128013327,0.0,0.40798329170849384
Berkay Muratoğlu,Kasımpaşa,DF,0.0,0.0,0.0,DF,False,True,Kasımpaşa,,Merkez Orta Saha,Merkez Orta Saha,,MID,0.0,0.0,0.0,0.0,0.0,0.0,2.039599330743724,0.1308477278435916,0.2423724893342288,3.4174132703052766,2.708619338701311,1.3743890852063947,2.16838201937232,8.634406191077378,0.0,0.0,87.00923579053267,0.0,0.0,0.0,0.0,0.0,0.0,0.6930322632093163,0.3133055712459947,0.0,0.4091772458538571
Loret Sadiku,Kasımpaşa,MF,0.0,0.0,0.0,DF,False,True,Kasımpaşa,,Merkez Orta Saha,Merkez Orta Saha,,MID,0.0,0.0,0.0,0.0,0.0,0.0,1.3655808899155724,0.0286922179673043,0.1504758770865518,1.4969602682930443,1.7786253495282711,0.8796523087694131,6.395928863006239,7.792699414641993,0.0,0.0,79.5058355615898,0.0,0.0,0.0,0.0,0.0,0.0,0.5790070617810842,0.15287122755966837,0.0,0.32007777640247576
Emirhan Yigit,Kasımpaşa,MF,0.0,0.0,0.0,MF,True,True,Kasımpaşa,,Merkez Orta Saha,Merkez Orta Saha,,MID,0.0,0.0,0.0,0.0,0.0,0.0,0.5420451568519457,0.2150349233373587,0.2355383178380513,2.573188994261489,2.3109876569968626,1.1753813692143356,3.2169834160926523,8.667274854121318,0.0,0.0,87.27325703598095,0.0,0.0,0.0,0.0,0.0,0.0,0.6528229215282378,0.280102932508953,0.0,0.3824320472659095
Oğuzhan Yılmaz,Kasımpaşa,MF,0.0,0.0,0.0,MF,True,True,Kasımpaşa,,Merkez Orta Saha,Merkez Orta Saha,,MID,0.0,0.0,0.0,0.0,0.0,0.0,2.489219266056511,0.1807035758021209,0.0963834109893964,1.678013173406676,2.7806828061363578,1.9276198799136048,4.786685847865041,5.104270892710261,0.0,0.0,80.84319989887979,0.0,0.0,0.0,0.0,0.0,0.0,0.6642397917361097,0.28171128980646676,0.0,0.38846215382934823
Opponent Total,Kasımpaşa,NAN,0.0,0.0,0.0,NAN,False,False,Kasımpaşa,,Merkez Orta Saha,Merkez Orta Saha,,MID,0.0,0.0,0.0,0.0,0.0,0.0,0.5420451568519457,0.0169170904750003,0.1072097245723744,2.888377439353822,1.219244686081045,1.098552976463652,2.194896603305652,7.603129733586761,0.0,0.0,86.12871755866647,0.0,0.0,0.0,0.0,0.0,0.0,0.4839844512245319,0.12871304024568825,0.0,0.2677348336614036
Lionel Carole,kayserispor,DF,0.0,0.0,0.0,DF,False,True,Kayserispor,Sol Bek,Standart Bek (Destek),Standart Bek,Destek,FB,1.2121998561790406,0.0,0.0,46.06024331037701,0.0,3.8801461461842974,0.0,0.0,0.0,0.0,0.0,0.0,0.0,0.0,0.0,0.0,85.23994828037216,0.0,0.0,0.0,0.0,0.0,0.22139563859583022,0.1434274927262923,0.02262138639974441,0.0,0.1582503443957517
Miguel Filipe Nunes Cardoso,kayserispor,FW,0.2,0.1,0.3,MF,True,True,Kayserispor,,Merkez Orta Saha,Merkez Orta Saha,,MID,0.0,0.0,0.0,0.0,0.0,0.0,1.8595739806029616,0.1769587743074421,0.2761448059722776,1.1533588839395446,2.867029793851738,1.75970240999664,5.33423695652829,5.411585481655453,0.0,0.0,84.78937865809196,0.0,0.0,0.0,0.0,0.0,0.0,0.7689512658485191,0.3697057389058171,0.0,0.458416780705423
Stefano Denswil,kayserispor,DF,0.1,0.0,0.1,DF,False,True,Kayserispor,Stoper,Standart Stoper (Sıkı Defans),Standart Stoper,Sıkı Defans,CB,2.6366172066709432,1.022951028690943,5.386354560566766,59.65256594501936,67.20313664369858,0.0,0.0,0.0,0.0,0.0,0.0,0.0,2.9476309063481905,0.0,0.0,0.0,82.98291459227195,0.0,0.0,0.0,0.0,0.0,0.7256865750557508,0.20464745415611468,0.0380952380952381,0.0,0.5527196171797722
Ramazan Civelek,kayserispor,MF,0.0,0.11,0.11,DF,False,True,Kayserispor,Sağ Bek,Standart Bek (Destek),Standart Bek,Destek,FB,1.2577134926139475,0.0,0.0,43.10986083203685,0.0,3.564590531541189,0.0,0.0,0.0,0.0,0.0,0.0,0.0,0.0,0.0,0.0,78.18728507646034,0.0,0.0,0.0,0.0,0.0,0.21656058545316653,0.13156045361157037,0.020781686238844455,0.0,0.15190476605782327
Bilal Bayazit,kayserispor,GK,0.0,0.0,0.0,GK,False,False,Kayserispor,,Merkez Orta Saha,Merkez Orta Saha,,MID,0.0,0.0,0.0,0.0,0.0,0.0,2.4657257430531687,0.1358845543356615,0.1562468307405537,3.418516821712071,3.880849047213319,0.7828109086238767,3.615136728770469,5.879253721823453,0.0,0.0,89.14603468984694,0.0,0.0,0.0,0.0,0.0,0.0,0.7076837109904378,0.3093968342832246,0.0,0.4157212223518638
László Bénes,kayserispor,MF,0.25,0.12,0.37,MF,True,True,Kayserispor,Merkez Orta Saha,Oyun Kurucu (Hücum),Oyun Kurucu,Hücum,MID,0.0,0.0,0.0,0.0,0.0,0.0,0.9022782188534438,0.0204313364366945,0.2794331191814233,2.025231761735826,1.570322949351183,1.5086907470375432,6.489595934788329,6.7650327793102205,0.0,0.0,82.64787021570376,0.0,0.0,0.0,0.0,0.0,0.0,0.7089880332691509,0.2727054423014442,0.0,0.4090351050948643
Aaron Opoku,kayserispor,FW,0.0,0.15,0.15,MF,True,True,Kayserispor,Sol Kanat,Kanat Oyuncusu (Hücum),Kanat Oyuncusu,Hücum,WING,0.0,0.0,0.0,0.0,0.0,2.3693568050172185,1.753507802645204,0.0140238381945519,0.1972861576594619,3.7733310249254144,0.0,0.0,0.0,0.0,0.0,0.0,0.0,0.0,0.0,0.0,0.0,0.0,0.0,0.19887723751482536,0.23835331513204533,0.0,0.20267516033367478
Dorukhan Toköz,kayserispor,MF,0.0,0.0,0.0,MF,True,True,Kayserispor,Ön Libero,Savaşçı Orta Saha (Destek),Savaşçı Orta Saha,Destek,DM,1.99683495549334,1.0712347973791996,0.0,0.0,0.0,0.0,0.698723674243112,0.1145751603821641,0.2878478307838974,1.4373362510354528,0.0,0.0,0.0,8.373487039525816,0.0,0.0,0.0,0.0,0.0,0.0,0.0,0.0,0.24185333263391534,0.20012578032814524,0.2156591554224265,0.0,0.21575072103873255
João Mendes,kayserispor,MF,0.0,0.4025,0.48,MF,True,True,Kayserispor,On Numara,Serbest Oyuncu (Trequartista),Serbest Oyuncu,Trequartista,AM,0.0,0.0,0.0,0.0,0.0,0.0,0.6549083727871008,0.1211740717825117,0.3001468181814493,0.9984412177910342,3.37778534886515,1.9276198799136048,6.440590944670179,8.667274854121318,0.0,0.0,78.79398226601329,0.0,0.0,0.0,0.0,0.0,0.0,0.8398413596607692,0.21169685125446547,0.0,0.4834297352067243
German Onugkha,kayserispor,FW,0.48,0.0,0.48,FW,True,False,Kayserispor,Santrafor,Pivot Santrafor (Hücum),Pivot Santrafor,Hücum,FWD,0.0,0.0,0.0,0.0,0.0,0.0,4.6893127695543,0.0,0.0,0.0,0.0,0.0,0.0,3.1135117261813545,8.093150135530593,0.5722695471515888,0.0,0.0,0.0,0.0,0.0,0.0,0.0,0.0,0.5012890287975781,0.0,0.4010312230380625
Furkan Soyalp,kayserispor,MF,0.2,0.0,0.2,MF,True,True,Kayserispor,Merkez Orta Saha,Standart Orta Saha (Destek),Standart Orta Saha,Destek,MID,0.0,0.0,0.0,0.0,0.0,0.0,1.0368778098919509,0.0414436350408189,0.3208223325444225,1.25834634373636,3.723696381338858,0.6528396513094052,3.626453091808739,7.609640483187109,0.0,0.0,78.22986582661504,0.0,0.0,0.0,0.0,0.0,0.0,0.7177459059826835,0.26734193884529134,0.0,0.4123413407604
Abdulsamet Burak,kayserispor,DF,0.0,0.0,0.0,DF,False,True,Kayserispor,Stoper,Standart Stoper (Durdurucu),Standart Stoper,Durdurucu,CB,1.687349535656185,1.590297271026365,5.251496341368688,71.18804073074607,68.95511636509397,0.0,0.0,0.0,0.0,0.0,0.0,0.0,3.2381346377962696,0.0,0.0,0.0,81.7475671552937,0.0,0.0,0.0,0.0,0.0,0.7358926193651392,0.208976639227057,0.0,0.0,0.5569201614010088
Carlos Mané,kayserispor,MF,0.0,0.0,0.0,MF,True,True,Kayserispor,Sağ Kanat,Kanat Oyuncusu (Hücum),Kanat Oyuncusu,Hücum,WING,0.0,0.0,0.0,0.0,0.0,6.844078791626583,3.5326369758584293,0.2459098104948692,0.2649702934651164,4.517920861271849,0.0,0.0,0.0,0.0,0.0,0.0,0.0,0.0,0.0,0.0,0.0,0.0,0.0,0.25493461569464276,0.5180361017186723,0.0,0.38730204573959626
Gideon Jung,kayserispor,DF,0.0,0.0,0.0,MF,True,True,Kayserispor,Stoper,Çakılı Stoper,Çakılı Stoper,,CB,2.235431606118868,1.5911247341470989,6.001943185316763,71.18804073074607,63.45336565934959,0.0,0.0,0.0,0.0,0.0,0.0,0.0,2.750106295291479,0.0,0.0,0.0,79.60067339919681,0.0,0.0,0.0,0.0,0.0,0.7773078393954977,0.19459946317887722,0.0,0.0,0.5830353802126238
Indrit Tuci,kayserispor,FW,0.5,0.0,0.5,FW,True,False,Kayserispor,Santrafor,Yaratıcı Forvet,Yaratıcı Forvet,,FWD,0.0,0.0,0.0,0.0,0.0,0.0,4.6893127695543,0.0,0.0,0.0,0.0,0.0,0.0,0.0,1.8074576026246465,0.2524195665261111,0.0,0.0,0.0,0.0,0.0,0.0,0.0,0.0,0.4427147299210226,0.0,0.35417178393681814
Gökhan Sazdağı,kayserispor,DF,0.0,0.0,0.0,DF,False,True,Kayserispor,,Merkez Orta Saha,Merkez Orta Saha,,MID,0.0,0.0,0.0,0.0,0.0,0.0,0.6121962031223581,0.2364245367500705,0.1508448271796536,2.203389661101248,3.8311047784606624,0.5834547459142635,6.504804478452339,5.506600693004002,0.0,0.0,87.92230273167304,0.0,0.0,0.0,0.0,0.0,0.0,0.7205918063080043,0.2631957727208448,0.0,0.4129350576981711
Arif Kocaman,kayserispor,DF,0.0,0.0,0.0,DF,False,True,Kayserispor,Stoper,Standart Stoper (Savunma),Standart Stoper,Savunma,CB,2.030404735363451,1.653779550438114,8.393813317648963,54.89477836973241,58.79632315094194,0.0,0.0,0.0,0.0,0.0,0.0,0.0,3.8865176454236257,0.0,0.0,0.0,85.26001331689415,0.0,0.0,0.0,0.0,0.0,0.7534855433518679,0.22918857999721975,0.0,0.0,0.5732775963457515
Yaw Ackah,kayserispor,MF,0.0,0.0,0.0,MF,True,True,Kayserispor,Ön Libero,Defansif Orta Saha (Savunma),Defansif Orta Saha,Savunma,DM,0.0,0.0,0.0,0.0,0.0,0.0,1.853538817557677,0.2124938428701654,0.1116033864123985,1.709908576364473,3.8804068132163416,1.1503741889489216,6.8003713577826455,5.528142013662421,0.0,0.0,84.29682765193718,0.0,0.0,0.0,0.0,0.0,0.0,0.7344342714085765,0.27914654868602495,0.0,0.4230464454414933
Majid Hosseini,kayserispor,DF,0.0,0.0,0.0,DF,False,True,Kayserispor,Stoper,Pas Dağıtan Stoper (Sıkı Defans),Pas Dağıtan Stoper,Sıkı Defans,CB,1.9997770700847293,1.0045306159652712,6.365627829212317,48.349071976029165,63.662601006836205,0.0,0.0,0.0,0.0,0.0,0.0,0.0,5.9725096617250495,0.0,0.0,0.0,84.14800739988635,0.0,0.0,0.0,0.0,0.0,0.6530548218263491,0.27332949987977817,0.0,0.0,0.5118042752544
Onurcan Piri,kayserispor,GK,0.0,0.0,0.0,GK,False,False,Kayserispor,Kaleci,Kaleci (Savunma),Kaleci,Savunma,GK,0.0,0.0,0.0,0.0,0.0,0.0,0.0,0.0,0.0,0.0,0.0,0.0,0.0,0.0,0.0,0.0,0.0,70.70351922786027,2.814047095321688,68.55082036717099,0.4025691028421768,1.3863394147823629,0.0,0.0,0.0,0.8074211746022475,0.8074211746022475
Youssef Aït Bennasser,kayserispor,MF,0.0,0.0,0.0,MF,True,True,Kayserispor,Ön Libero,Defansif Oyun Kurucu (Destek),Defansif Oyun Kurucu,Destek,DM,0.0,0.0,0.0,0.0,0.0,0.0,0.5420451568519457,0.167255584332277,0.2037695613079398,3.0379850878830457,2.564378916164416,0.6389382245770507,6.127078320619741,7.425493809533349,0.0,0.0,87.3029286220194,0.0,0.0,0.0,0.0,0.0,0.0,0.6833537070231434,0.2519583511064628,0.0,0.39206852373286427
Nurettin Korkmaz,kayserispor,DF,0.0,0.4025,0.6179999999999995,DF,False,True,Kayserispor,,Merkez Orta Saha,Merkez Orta Saha,,MID,0.0,0.0,0.0,0.0,0.0,0.0,1.4697864691145583,0.1155738902501518,0.1299103482031696,1.963396313886876,3.880849047213319,1.622576524514347,6.2243567387761445,4.432662874609815,0.0,0.0,80.81310720013818,0.0,0.0,0.0,0.0,0.0,0.0,0.7689556514006722,0.2146232190505357,0.0,0.42740246951044325
Kayra Cihan,kayserispor,DF,0.0,0.0,0.0,DF,False,True,Kayserispor,,Merkez Orta Saha,Merkez Orta Saha,,MID,0.0,0.0,0.0,0.0,0.0,0.0,2.493063393091252,0.1029413853961271,0.2103759583800815,1.4715285359866008,3.2719306214033166,1.8718229957728385,3.2450436805454497,3.662844678788368,0.0,0.0,82.1410049461588,0.0,0.0,0.0,0.0,0.0,0.0,0.7218061915105376,0.2631986522368992,0.0,0.41354282620264865
Burak Kapacak,kayserispor,DF,0.0,0.4025,0.42,DF,False,True,Kayserispor,Sağ Bek,Ofansif Bek (Hücum),Ofansif Bek,Hücum,FB,1.4413830772778584,0.0,0.0,55.265501061040816,0.0,7.385204851221865,0.0,0.0,0.0,2.9955916620886005,0.0,0.0,0.0,0.0,0.0,0.0,86.6944694525694,0.0,0.0,0.0,0.0,0.0,0.26464966173072035,0.21217956813111316,0.10936065108531424,0.0,0.217850831521757
Mehmet Eray Özbek,kayserispor,MF,0.0,0.0,0.0,MF,True,True,Kayserispor,,Merkez Orta Saha,Merkez Orta Saha,,MID,0.0,0.0,0.0,0.0,0.0,0.0,2.1093375659626394,0.1627433667877385,0.2469550519253386,2.4662914638308813,1.4850143087108858,1.1510314590631383,4.8835119942887815,5.127732945844659,0.0,0.0,78.36124646653583,0.0,0.0,0.0,0.0,0.0,0.0,0.6237933969681443,0.316023178968346,0.0,0.37510133427774134
Ali Karimi,kayserispor,MF,0.0,0.0,0.0,MF,True,True,Kayserispor,Merkez Orta Saha,Standart Orta Saha (Destek),Standart Orta Saha,Destek,MID,0.0,0.0,0.0,0.0,0.0,0.0,1.6919608202851228,0.1363579673517263,0.2409417564722479,2.708298485590704,2.43070031940391,0.8880674632331614,2.33627956983684,4.72343394992449,0.0,0.0,89.14603468984694,0.0,0.0,0.0,0.0,0.0,0.0,0.6280520232767519,0.285725970893133,0.0,0.3711712058170026
Talha Sarıarslan,kayserispor,FW,0.0,0.0,0.0,FW,True,False,Kayserispor,Santrafor,Fırsatçı Golcü,Fırsatçı Golcü,,FWD,0.0,0.0,0.0,0.0,0.0,0.0,4.519916315861579,0.0,0.0,0.0,0.0,0.0,0.0,0.0,1.5665133859628857,0.7552828455252949,0.0,0.0,0.0,0.0,0.0,0.0,0.0,0.0,0.34908192488639506,0.0,0.27926553990911607
Yiğit Çeltik,kayserispor,MF,0.0,0.0,0.0,MF,True,True,Kayserispor,,Merkez Orta Saha,Merkez Orta Saha,,MID,0.0,0.0,0.0,0.0,0.0,0.0,1.0431326036518844,0.0155682764704714,0.1310935104570424,1.2510131513325646,3.154993526116012,1.1516049785099147,2.474589684108349,4.777848722735941,0.0,0.0,86.01441488040976,0.0,0.0,0.0,0.0,0.0,0.0,0.5965124764999543,0.12000293007468675,0.0,0.32225682426491453
Deniz Donmezer,kayserispor,GK,0.0,0.0,0.0,GK,False,False,Kayserispor,,Merkez Orta Saha,Merkez Orta Saha,,MID,0.0,0.0,0.0,0.0,0.0,0.0,1.710181256212441,0.1281256621925829,0.0584010705945634,1.2525718839784576,1.74202094745725,1.5851717267750014,6.8003713577826455,4.40164650629946,0.0,0.0,89.14603468984694,0.0,0.0,0.0,0.0,0.0,0.0,0.5974441124510755,0.19589237096477502,0.0,0.3379005304184928
Baran Gezek,kayserispor,MF,0.0,0.0,0.0,MF,True,True,Kayserispor,,Merkez Orta Saha,Merkez Orta Saha,,MID,0.0,0.0,0.0,0.0,0.0,0.0,1.5067870742144684,0.2016009043082098,0.1506852684617726,0.926837998108643,2.921845550646662,0.5834547459142635,3.633196247129555,3.252559137818172,0.0,0.0,81.18595688914887,0.0,0.0,0.0,0.0,0.0,0.0,0.5589941115408635,0.2518065786058668,0.0,0.32985837149160513
Arda Kaya,kayserispor,MF,0.0,0.0,0.0,MF,True,True,Kayserispor,,Merkez Orta Saha,Merkez Orta Saha,,MID,0.0,0.0,0.0,0.0,0.0,0.0,1.29477510616978,0.1148099693992395,0.049907950428668,2.788285440677229,2.999801437139858,1.3841809842270458,5.740919560244231,3.1135117261813545,0.0,0.0,85.33756333470794,0.0,0.0,0.0,0.0,0.0,0.0,0.6620768322455879,0.2015614558766625,0.0,0.37135070729812647
Mustafa Obut,kayserispor,DF,0.0,0.0,0.0,DF,False,True,Kayserispor,,Merkez Orta Saha,Merkez Orta Saha,,MID,0.0,0.0,0.0,0.0,0.0,0.0,0.6744917911544189,0.0140238381945519,0.3115339623143329,2.592272224578874,1.4880992314256978,1.4199375273310686,6.033325265134082,8.667274854121318,0.0,0.0,86.14199961951165,0.0,0.0,0.0,0.0,0.0,0.0,0.7239209919818873,0.18577976306064625,0.0,0.3991164486030729
Mehmet Öztürk,kayserispor,GK,0.0,0.0,0.0,GK,False,False,Kayserispor,,Merkez Orta Saha,Merkez Orta Saha,,MID,0.0,0.0,0.0,0.0,0.0,0.0,2.26186885200498,0.1965695498460082,0.12105711125825,2.0815033645244974,2.6952559373582687,1.4565323703439033,6.290116355036146,5.566638802415174,0.0,0.0,81.81059640309107,0.0,0.0,0.0,0.0,0.0,0.0,0.6802265292719445,0.2978372183741571,0.0,0.39968070831080366
Opponent Total,kayserispor,NAN,0.0,0.0,0.0,NAN,False,False,Kayserispor,,Merkez Orta Saha,Merkez Orta Saha,,MID,0.0,0.0,0.0,0.0,0.0,0.0,1.3445477625247777,0.0503409455339936,0.0540609115281633,3.079260212216832,3.314880732935823,0.8630331199713158,6.8003713577826455,5.30595988295809,0.0,0.0,88.17731082018756,0.0,0.0,0.0,0.0,0.0,0.0,0.6788361903373185,0.1720140969187803,0.0,0.3738209145524153
Aleksandar Jovanović,kocaelispor,GK,0.0,0.0,0.0,GK,False,False,Kocaelispor,,Merkez Orta Saha,Merkez Orta Saha,,MID,0.0,0.0,0.0,0.0,0.0,0.0,0.8087072748236066,0.0646552087220097,0.0166754062591058,2.975309412965144,2.4966869936078258,1.57107908506719,3.207482426284339,7.077883696158419,0.0,0.0,89.14603468984694,0.0,0.0,0.0,0.0,0.0,0.0,0.5794448382947058,0.14466085315008095,0.0,0.3186545897773691
Anfernee Dijksteel,kocaelispor,DF,0.0,0.0,0.0,DF,False,True,Kocaelispor,,Merkez Orta Saha,Merkez Orta Saha,,MID,0.0,0.0,0.0,0.0,0.0,0.0,1.1722946368423082,0.0411765883580739,0.2260378352002694,2.3804567838712307,1.1272268465434114,0.6370872294976646,2.2017541342984988,4.3095233271903854,0.0,0.0,88.61826141235206,0.0,0.0,0.0,0.0,0.0,0.0,0.5047268643342904,0.19388958978827864,0.0,0.2911413501248009
Tayfur Bingöl,kocaelispor,DF,0.48,0.0,0.48,MF,True,True,Kocaelispor,Merkez Orta Saha,Savaşçı Orta Saha (Destek),Savaşçı Orta Saha,Destek,MID,2.88775786310812,1.5685712506110128,0.0,0.0,0.0,0.0,1.2696724803107469,0.0825537662178743,0.2229158111091601,3.144332457385799,0.0,0.0,0.0,4.502430643585591,0.0,0.0,0.0,0.0,0.0,0.0,0.0,0.0,0.35139492991692045,0.1999412215865971,0.42213407394572094,0.0,0.2898159045575189
Show,kocaelispor,MF,0.0,0.0,0.0,MF,True,True,Kocaelispor,,Merkez Orta Saha,Merkez Orta Saha,,MID,0.0,0.0,0.0,0.0,0.0,0.0,2.137829580690436,0.1891878764221587,0.119211458303452,1.3557712670992743,1.1272268465434114,0.7989055047002012,4.05595758997293,7.718070086493312,0.0,0.0,86.86880371127248,0.0,0.0,0.0,0.0,0.0,0.0,0.4701300988250082,0.27144124281694326,0.0,0.28935329797589276
Bruno Petković,kocaelispor,FW,0.5,0.0,0.5,FW,True,False,Kocaelispor,Santrafor,Pivot Santrafor (Destek),Pivot Santrafor,Destek,FWD,0.0,0.0,0.0,0.0,0.0,0.0,4.224762770520046,0.0,0.0,0.0,0.0,0.0,0.0,3.1135117261813545,5.891436607896705,0.4068732729078272,0.0,0.0,0.0,0.0,0.0,0.0,0.0,0.0,0.4548659764971225,0.0,0.363892781197698
Botond Balogh,kocaelispor,DF,0.0,0.0,0.0,DF,False,True,Kocaelispor,Stoper,Standart Stoper (Durdurucu),Standart Stoper,Durdurucu,CB,1.9879792867581672,1.7045646078121184,9.716767381600498,51.734032521879136,59.85993636109748,0.0,0.0,0.0,0.0,0.0,0.0,0.0,2.124611738571112,0.0,0.0,0.0,84.5267027845045,0.0,0.0,0.0,0.0,0.0,0.7728247925548946,0.18909123890216528,0.0,0.0,0.5787956025688592
Joseph Nonge,kocaelispor,MF,0.0,0.0,0.0,MF,True,True,Kocaelispor,,Merkez Orta Saha,Merkez Orta Saha,,MID,0.0,0.0,0.0,0.0,0.0,0.0,1.9405901991789445,0.1298464648759843,0.0250991610966778,1.1021829723738654,2.0710880319100364,1.816205069981723,2.6504033491447347,3.5364660138735573,0.0,0.0,81.32957615669945,0.0,0.0,0.0,0.0,0.0,0.0,0.5091285803949306,0.19370406671086712,0.0,0.29330510353963873
Hrvoje Smolčić,kocaelispor,DF,0.0,0.0,0.0,DF,False,True,Kocaelispor,Stoper,Standart Stoper (Sıkı Defans),Standart Stoper,Sıkı Defans,CB,3.294336567705979,1.2624766387470316,9.281579013741853,52.519450034435664,70.17555368231115,0.0,0.0,0.0,0.0,0.0,0.0,0.0,2.0387682031757746,0.0,0.0,0.0,78.18728507646034,0.0,0.0,0.0,0.0,0.0,0.8553053947372667,0.17653082572608403,0.0,0.0,0.6340199414613035
Habib Keita,kocaelispor,MF,0.19,0.38,0.57,MF,True,True,Kocaelispor,,Merkez Orta Saha,Merkez Orta Saha,,MID,0.0,0.0,0.0,0.0,0.0,0.0,2.0155402766468136,0.0512203185376781,0.1433701132133312,1.5283239510958722,3.778582205295346,1.6080847260898494,2.112129445810276,5.50548465470957,0.0,0.0,81.37939250526757,0.0,0.0,0.0,0.0,0.0,0.0,0.6697272753792913,0.2653314939159915,0.0,0.38792993647284396
Ahmet Oğuz,kocaelispor,DF,0.0,0.0,0.0,DF,False,True,Kocaelispor,Sağ Bek,Standart Bek (Destek),Standart Bek,Destek,FB,0.9491279076858888,0.0,0.0,47.21576383100639,0.0,3.7757937778684,0.0,0.0,0.0,0.0,0.0,0.0,0.0,0.0,0.0,0.0,78.66898840367602,0.0,0.0,0.0,0.0,0.0,0.20467807300236757,0.13237098320308546,0.022013008478793224,0.0,0.1464529331578681
Massadio Haïdara,kocaelispor,DF,0.0,0.0,0.0,DF,False,True,Kocaelispor,Sol Bek,Standart Bek (Savunma),Standart Bek,Savunma,FB,1.347534581491403,0.0,0.0,54.530955535565305,0.0,3.1708977733903847,0.0,0.0,0.0,0.0,0.0,0.0,0.0,0.0,0.0,0.0,79.57436171027321,0.0,0.0,0.0,0.0,0.0,0.25546402780045774,0.13389439359887106,0.018486443825445044,0.0,0.1715976207449792
Karol Linetty,kocaelispor,MF,0.0,0.22,0.22,MF,True,True,Kocaelispor,Merkez Orta Saha,İki Yönlü Orta Saha,İki Yönlü Orta Saha,,MID,2.002287228129802,0.0,0.0,0.0,0.0,0.0,0.5420451568519457,0.2194575195380102,0.1089261232721877,0.95413451144115,1.3277926309288643,1.5695454041519512,6.8003713577826455,8.274709845372989,0.0,0.0,0.0,0.0,0.0,0.0,0.0,0.0,0.15194920031532333,0.4424816018450374,0.20994772841778045,0.0,0.3088151067006718
Can Keles,kocaelispor,MF,0.0,0.23,0.23,FW,True,False,Kocaelispor,,Merkez Orta Saha,Merkez Orta Saha,,MID,0.0,0.0,0.0,0.0,0.0,0.0,1.2739233961774992,0.2198954637378823,0.2369922239072532,2.2341577256027865,1.6860303388108262,0.5834547459142635,3.802134135707431,8.667274854121318,0.0,0.0,89.14603468984694,0.0,0.0,0.0,0.0,0.0,0.0,0.5759066176405132,0.3072034206624332,0.0,0.34939399295274326
Oleksandr Syrota,kocaelispor,DF,0.0,0.0,0.0,DF,False,True,Kocaelispor,Stoper,Pas Dağıtan Stoper (Sıkı Defans),Pas Dağıtan Stoper,Sıkı Defans,CB,2.384177347324919,0.9563154164121064,8.25992161595007,56.41410141135833,70.87091126240236,0.0,0.0,0.0,0.0,0.0,0.0,0.0,6.8003713577826455,0.0,0.0,0.0,89.14603468984694,0.0,0.0,0.0,0.0,0.0,0.754280674685486,0.3,0.0,0.0,0.5879964722798401
Aaron Appindangoyé,kocaelispor,DF,0.0,0.0,0.0,DF,False,True,Kocaelispor,,Merkez Orta Saha,Merkez Orta Saha,,MID,0.0,0.0,0.0,0.0,0.0,0.0,1.4108227184341795,0.2176446062615017,0.2120227373084416,3.328835369196396,2.9030910666150613,0.8725643905547003,5.918691255376182,5.804409067499218,0.0,0.0,78.18728507646034,0.0,0.0,0.0,0.0,0.0,0.0,0.7146817997304064,0.32859876526908005,0.0,0.4230606529190192
Ryan Mendes,kocaelispor,FW,0.0,0.0,0.0,FW,True,False,Kocaelispor,Sol Kanat,Kanat Oyuncusu (Hücum),Kanat Oyuncusu,Hücum,WING,0.0,0.0,0.0,0.0,0.0,5.205502961038196,2.4520617175282124,0.2459098104948692,0.0806836791941915,4.0160387806662605,0.0,0.0,0.0,0.0,0.0,0.0,0.0,0.0,0.0,0.0,0.0,0.0,0.0,0.13606902624145525,0.397409283798701,0.0,0.27926627815165717
Dan Agyei,kocaelispor,MF,0.0,0.0,0.0,MF,True,True,Kocaelispor,Santrafor,Yaratıcı Forvet,Yaratıcı Forvet,,FWD,0.0,0.0,0.0,0.0,0.0,0.0,4.6893127695543,0.0,0.0,0.0,0.0,0.0,0.0,0.0,6.510385252489348,0.2524195665261111,0.0,0.0,0.0,0.0,0.0,0.0,0.0,0.0,0.25223853944483215,0.0,0.20179083155586575
Muharrem Cinan,kocaelispor,DF,0.0,0.0,0.0,DF,False,True,Kocaelispor,Sol Bek,Standart Bek (Destek),Standart Bek,Destek,FB,1.159461611894126,0.0,0.0,43.859067881855054,0.0,2.007196235627811,0.0,0.0,0.0,0.0,0.0,0.0,0.0,0.0,0.0,0.0,81.52353844113092,0.0,0.0,0.0,0.0,0.0,0.21120933275868975,0.1371741413817745,0.011702023561896138,0.0,0.14909731350625646
Serdar Dursun,kocaelispor,FW,0.31,0.0,0.31,FW,True,False,Kocaelispor,Santrafor,Pivot Santrafor (Hücum),Pivot Santrafor,Hücum,FWD,0.0,0.0,0.0,0.0,0.0,0.0,2.064801589357869,0.0,0.0,0.0,0.0,0.0,0.0,3.549877991509616,4.799259544819773,0.7051002608386008,0.0,0.0,0.0,0.0,0.0,0.0,0.0,0.0,0.35208074805714223,0.0,0.2816645984457138
Rigoberto Rivas,kocaelispor,MF,0.0,0.4,0.4,MF,True,True,Kocaelispor,Sağ Kanat,Çalışkan Kanat Oyuncusu (Hücum),Çalışkan Kanat Oyuncusu,Hücum,WING,0.0,0.0,0.0,0.0,0.0,3.58565138225274,2.542286327653779,0.0541838147178763,0.2859979391417964,4.517920861271849,0.0,0.0,0.0,0.0,0.0,0.0,0.0,0.0,0.0,0.0,0.0,0.0,0.0,0.26722999477006515,0.3459994490435871,0.0,0.2877686678571718
Darko Churlinov,kocaelispor,FW,0.0,0.0,0.0,MF,True,True,Kocaelispor,Sol Kanat,Kanat Oyuncusu (Hücum),Kanat Oyuncusu,Hücum,WING,0.0,0.0,0.0,0.0,0.0,6.297792144276628,1.925404844468452,0.0925900855061192,0.3420414376440454,4.517920861271849,0.0,0.0,0.0,0.0,0.0,0.0,0.0,0.0,0.0,0.0,0.0,0.0,0.0,0.30000000000000004,0.3753132710730426,0.0,0.31518796264382554
Samet Yalçın,kocaelispor,MF,0.0,0.0,0.0,MF,True,True,Kocaelispor,,Merkez Orta Saha,Merkez Orta Saha,,MID,0.0,0.0,0.0,0.0,0.0,0.0,0.5420451568519457,0.0596990528453848,0.127607804869139,0.926837998108643,1.6662276120799615,0.8216097244897469,4.8309034561253545,6.680468335264246,0.0,0.0,86.59259967890573,0.0,0.0,0.0,0.0,0.0,0.0,0.518662905890956,0.11735593706817543,0.0,0.28280264035911307
Oğulcan Çağlayan,kocaelispor,FW,0.0,0.0,0.0,FW,True,False,Kocaelispor,Santrafor,Çalışkan Forvet (Destek),Çalışkan Forvet,Destek,FWD,1.720336515542645,0.0,0.0,0.0,0.0,0.0,4.6893127695543,0.0,0.0,0.0,0.0,0.0,0.0,3.1135117261813545,1.6206046891629002,0.541118685441298,0.0,0.0,0.0,0.0,0.0,0.0,0.13055257714154922,0.0,0.3119851768338922,0.0,0.25611577032419125
Tarkan Serbest,kocaelispor,MF,0.0,0.0,0.0,MF,True,True,Kocaelispor,Ön Libero,Gizli Libero,Gizli Libero,,DM,0.0,0.0,0.0,0.0,0.0,0.0,0.945607738364572,0.112809836045247,0.0762623939892465,1.1296967678270724,1.965009968978646,0.9062094920554588,3.5638899460517703,4.002203676552451,0.0,0.0,86.47495395066315,0.0,0.0,0.0,0.0,0.0,0.0,0.4908152818217794,0.15644308420203293,0.0,0.2766962577512963
Mateusz Wieteska,kocaelispor,DF,0.0,0.0,0.0,DF,False,True,Kocaelispor,,Merkez Orta Saha,Merkez Orta Saha,,MID,0.0,0.0,0.0,0.0,0.0,0.0,1.996608628556484,0.2459098104948692,0.3420414376440454,2.020937376365276,3.544126268804452,0.8713396554198296,5.271710027463598,8.667274854121318,0.0,0.0,85.47227449139757,0.0,0.0,0.0,0.0,0.0,0.0,0.8009443708083805,0.3798872828719286,0.0,0.476449641978576
Mesut Can Tunalı,kocaelispor,MF,0.0,0.0,0.0,MF,True,True,Kocaelispor,,Merkez Orta Saha,Merkez Orta Saha,,MID,0.0,0.0,0.0,0.0,0.0,0.0,0.6879303820308981,0.1930031190774976,0.1589005674186402,3.321462547325344,3.1865843268098404,0.5937894436142686,3.160090901544053,4.390030208300661,0.0,0.0,89.14603468984694,0.0,0.0,0.0,0.0,0.0,0.0,0.6376172900734841,0.26704236743811416,0.0,0.3722171185243649
Furkan Gedik,kocaelispor,MF,0.0,0.0,0.0,MF,True,True,Kocaelispor,,Merkez Orta Saha,Merkez Orta Saha,,MID,0.0,0.0,0.0,0.0,0.0,0.0,1.5241512760504428,0.0140238381945519,0.2408959825230829,1.6536214834372265,1.286197831939632,1.1884107748952304,2.0719072303604253,8.656390644810754,0.0,0.0,81.7425532291647,0.0,0.0,0.0,0.0,0.0,0.0,0.5360361798572976,0.18058984303378972,0.0,0.3041360585354067
Cihat Çelik,kocaelispor,MF,0.0,0.0,0.0,MF,True,True,Kocaelispor,,Merkez Orta Saha,Merkez Orta Saha,,MID,0.0,0.0,0.0,0.0,0.0,0.0,0.8519239312361988,0.016301147815123,0.0491935386524262,2.16953398345866,2.286106062959301,1.5991002121792477,5.821766932182137,6.897879893954211,0.0,0.0,82.07966236551897,0.0,0.0,0.0,0.0,0.0,0.0,0.615013783510966,0.10868103396923567,0.0,0.32924309854933015
Gökhan Değirmenci,kocaelispor,GK,0.0,0.0,0.0,GK,False,False,Kocaelispor,Kaleci,Kaleci (Savunma),Kaleci,Savunma,GK,0.0,0.0,0.0,0.0,0.0,0.0,0.0,0.0,0.0,0.0,0.0,0.0,0.0,0.0,0.0,0.0,0.0,58.9934756431672,4.486212527455788,60.61055353690677,0.7657458223475115,1.5163465427634235,0.0,0.0,0.0,0.8810937324449581,0.8810937324449581
Ege Bilim,kocaelispor,NAN,0.0,0.0,0.0,NAN,False,False,Kocaelispor,,Merkez Orta Saha,Merkez Orta Saha,,MID,0.0,0.0,0.0,0.0,0.0,0.0,0.5420451568519457,0.1159828442030831,0.1699563948807892,0.926837998108643,1.1272268465434114,1.4100975870761547,5.118715424320046,6.6464207692731545,0.0,0.0,78.94727283535866,0.0,0.0,0.0,0.0,0.0,0.0,0.5479813755368199,0.1640690374947976,0.0,0.30680449526736947
Bünyamin Dalkılıç,kocaelispor,FW,0.0,0.0,0.0,FW,True,False,Kocaelispor,,Merkez Orta Saha,Merkez Orta Saha,,MID,0.0,0.0,0.0,0.0,0.0,0.0,0.9065230609590372,0.22730505146539,0.0166754062591058,1.20052664259764,2.442670439809027,1.5093075028971197,5.8115131225048,6.076131066099052,0.0,0.0,83.31357763852485,0.0,0.0,0.0,0.0,0.0,0.0,0.5794999843508222,0.20876264535228284,0.0,0.33150252124586765
Onur Öztonga,kocaelispor,DF,0.0,0.0,0.0,DF,False,True,Kocaelispor,,Merkez Orta Saha,Merkez Orta Saha,,MID,0.0,0.0,0.0,0.0,0.0,0.0,2.4493348853111128,0.1346754494881785,0.1769092912686574,3.463901331988887,2.9873020351032045,0.6217237678043588,2.194690083438328,4.384018870306552,0.0,0.0,81.13258231481818,0.0,0.0,0.0,0.0,0.0,0.0,0.6058582425634766,0.31500569927168265,0.0,0.36593026113607485
Ahmet Sagat,kocaelispor,FW,0.0,0.0,0.0,FW,True,False,Kocaelispor,,Merkez Orta Saha,Merkez Orta Saha,,MID,0.0,0.0,0.0,0.0,0.0,0.0,2.0832279349542784,0.1244531270085725,0.3374060924911958,3.405820480377323,1.3555078707944546,1.9272360652651808,6.185598139153261,4.05916819203305,0.0,0.0,82.12064042613173,0.0,0.0,0.0,0.0,0.0,0.0,0.7845831475713931,0.3387934030247167,0.0,0.4600502543906399
Umut Nayir,Konyaspor,FW,0.525,0.09,0.6179999999999995,FW,True,False,Konyaspor,Santrafor,Pivot Santrafor (Destek),Pivot Santrafor,Destek,FWD,0.0,0.0,0.0,0.0,0.0,0.0,2.160555436341466,0.0,0.0,0.0,0.0,0.0,0.0,3.1135117261813545,7.794377538793052,0.6385161621824176,0.0,0.0,0.0,0.0,0.0,0.0,0.0,0.0,0.4242897670534301,0.0,0.3394318136427441
Guilherme Sityá,Konyaspor,MF,0.0,0.09,0.09,DF,False,True,Konyaspor,,Merkez Orta Saha,Merkez Orta Saha,,MID,0.0,0.0,0.0,0.0,0.0,0.0,2.41511095307417,0.0263684249891576,0.13447234954503,0.926837998108643,1.866654816727497,1.7577377507645373,5.097631000181517,4.322917254421052,0.0,0.0,88.01486148306753,0.0,0.0,0.0,0.0,0.0,0.0,0.6167104895098743,0.17891844320298161,0.0,0.3441389333955335
Yhoan Andzouana,Konyaspor,MF,0.09,0.28,0.37,DF,False,True,Konyaspor,Sağ Bek,Standart Bek (Destek),Standart Bek,Destek,FB,1.356745498702455,0.0,0.0,52.02850254637043,0.0,2.3827839740156778,0.0,0.0,0.0,0.0,0.0,0.0,0.0,0.0,0.0,0.0,86.87797862977865,0.0,0.0,0.0,0.0,0.0,0.24913248094025697,0.14618369554861435,0.048177427368824265,0.0,0.17805683460847765
Melih Ibrahimoglu,Konyaspor,MF,0.0,0.11,0.11,MF,True,True,Konyaspor,,Merkez Orta Saha,Merkez Orta Saha,,MID,0.0,0.0,0.0,0.0,0.0,0.0,1.4244934922453614,0.1641950261810735,0.0166754062591058,3.3698918206427457,2.1935098765064707,1.707635477743494,4.816976753563201,4.118629572865527,0.0,0.0,89.14603468984694,0.0,0.0,0.0,0.0,0.0,0.0,0.6147761289410865,0.2403752294705621,0.0,0.35546311036465567
Adil Demirbağ,Konyaspor,DF,0.1,0.2,0.3,DF,False,True,Konyaspor,Stoper,Standart Stoper (Savunma),Standart Stoper,Savunma,CB,2.286195449333521,1.2516679241559197,6.239471175567543,50.45554564128874,72.5712358831304,0.0,0.0,0.0,0.0,0.0,0.0,0.0,3.6057973845683806,0.0,0.0,0.0,78.18728507646034,0.0,0.0,0.0,0.0,0.0,0.7220553601014559,0.2110957582631703,0.0380952380952381,0.0,0.5514674275331769
Alassane Ndao,Konyaspor,FW,0.25,0.37,0.6179999999999995,MF,True,True,Konyaspor,Sağ Kanat,Kanat Oyuncusu (Hücum),Kanat Oyuncusu,Hücum,WING,0.0,0.0,0.0,0.0,0.0,3.770006827750778,2.719126601857047,0.2459098104948692,0.3420414376440454,4.517920861271849,0.0,0.0,0.0,0.0,0.0,0.0,0.0,0.0,0.0,0.0,0.0,0.0,0.0,0.30000000000000004,0.5831885850694263,0.0,0.4399131510416558
Enis Bardhi,Konyaspor,MF,0.35,0.0,0.35,MF,True,True,Konyaspor,On Numara,Ofansif Orta Saha (Hücum),Ofansif Orta Saha,Hücum,AM,0.0,0.0,0.0,0.0,0.0,0.0,0.6304460172227574,0.2055257901500563,0.0166754062591058,2.525623832101851,3.758593073968149,1.7344757075626511,5.123070240572658,7.67750684140052,0.0,0.0,80.22879686406223,0.0,0.0,0.0,0.0,0.0,0.0,0.6907458298153036,0.3463661379198482,0.0,0.44928275628360625
Deniz Ertaş,Konyaspor,GK,0.0,0.12,0.12,GK,False,False,Konyaspor,Kaleci,Kaleci (Savunma),Kaleci,Savunma,GK,0.0,0.0,0.0,0.0,0.0,0.0,0.0,0.0,0.0,0.0,0.0,0.0,0.0,0.0,0.0,0.0,0.0,65.28468876827223,3.070259980080768,62.15782853986609,0.3939217592124532,0.5602878686370939,0.0,0.0,0.0,0.88658745424924,0.88658745424924
Jackson Muleka,Konyaspor,FW,0.14,0.14,0.28,MF,True,True,Konyaspor,Sol Kanat,Çalışkan Forvet (Destek),Çalışkan Forvet,Destek,WING,0.0,0.0,0.0,0.0,0.0,6.043422280410958,1.975633588828634,0.2459098104948692,0.0769499523468868,3.867289725663526,0.0,0.0,0.0,0.0,0.0,0.0,0.0,0.0,0.0,0.0,0.0,0.0,0.0,0.13059340200510625,0.4309239502568942,0.0,0.2977323907556684
Riechedly Bazoer,Konyaspor,DF,0.0,0.0,0.0,DF,False,True,Konyaspor,Stoper,Pas Dağıtan Stoper (Savunma),Pas Dağıtan Stoper,Savunma,CB,2.7005783137883705,0.7223464462295565,5.420897197274382,62.1580244845112,73.48561870972927,0.0,0.0,0.0,0.0,0.0,0.0,0.0,5.440873712669158,0.0,0.0,0.0,85.68753968315447,0.0,0.0,0.0,0.0,0.0,0.7289796974583459,0.2641933434972866,0.0,0.0,0.5631244569202994
Marko Jevtović,Konyaspor,MF,0.0,0.0,0.0,DF,False,True,Konyaspor,,Merkez Orta Saha,Merkez Orta Saha,,MID,0.0,0.0,0.0,0.0,0.0,0.0,1.550714926844755,0.0951050018768905,0.1357953659814043,3.14337939520406,3.880849047213319,1.899065762199142,6.322166234341821,5.100751555000381,0.0,0.0,82.4701071786416,0.0,0.0,0.0,0.0,0.0,0.0,0.8249754999356071,0.23342761593688252,0.0,0.4591732731551801
Uğurcan Yazgılı,Konyaspor,DF,0.0,0.0,0.0,DF,False,True,Konyaspor,,Merkez Orta Saha,Merkez Orta Saha,,MID,0.0,0.0,0.0,0.0,0.0,0.0,1.3541924025759178,0.1939029627313318,0.0560087277621179,2.02779761021142,1.1347338969868477,1.3163809491705465,4.934682532794535,3.347056059380378,0.0,0.0,89.14356674538473,0.0,0.0,0.0,0.0,0.0,0.0,0.5120103207978561,0.2372916787135469,0.0,0.3034634961416375
Pedrinho,Konyaspor,MF,0.24,0.0,0.24,MF,True,True,Konyaspor,On Numara,Oyun Kurucu (Destek),Oyun Kurucu,Destek,AM,0.0,0.0,0.0,0.0,0.0,0.0,2.173149873753194,0.2411191634752029,0.0166754062591058,2.192109277163976,3.283023770486176,0.8004230268014388,4.904751899440896,8.667274854121318,0.0,0.0,78.74170152827067,0.0,0.0,0.0,0.0,0.0,0.0,0.5727259239837438,0.38458716214239863,0.0,0.40173911063459145
Jo Jinho,Konyaspor,MF,0.0,0.0,0.0,MF,True,True,Konyaspor,,Merkez Orta Saha,Merkez Orta Saha,,MID,0.0,0.0,0.0,0.0,0.0,0.0,0.6059734196469136,0.0509416147819222,0.2646747648825618,2.119885766693685,2.11517219920703,1.4251754117788118,6.8003713577826455,8.302715309780554,0.0,0.0,79.10832633733654,0.0,0.0,0.0,0.0,0.0,0.0,0.7319524979639106,0.18122084092077373,0.0,0.40222041716611007
Bahadır Güngördü,Konyaspor,GK,0.0,0.0,0.0,GK,False,False,Konyaspor,Kaleci,Kaleci (Savunma),Kaleci,Savunma,GK,0.0,0.0,0.0,0.0,0.0,0.0,0.0,0.0,0.0,0.0,0.0,0.0,0.0,0.0,0.0,0.0,0.0,66.84829137724086,2.8428035290621425,60.628583713734685,0.5112743730460196,1.2681395874489214,0.0,0.0,0.0,0.8111938800913219,0.8111938800913219
Danijel Aleksić,Konyaspor,MF,0.46,0.0,0.46,MF,True,True,Konyaspor,,Merkez Orta Saha,Merkez Orta Saha,,MID,0.0,0.0,0.0,0.0,0.0,0.0,1.425306387745734,0.1308324077986853,0.1604830531086617,2.600533495374482,2.17737455868844,1.6143222405019084,5.78365083534284,8.566513699171278,0.0,0.0,79.95349187047475,0.0,0.0,0.0,0.0,0.0,0.0,0.6793891052743899,0.4203123642427947,0.0,0.4237570254857539
Morten Bjørlo,Konyaspor,MF,0.0,0.0,0.0,MF,True,True,Konyaspor,Merkez Orta Saha,İki Yönlü Orta Saha,İki Yönlü Orta Saha,,MID,1.455295627220024,0.0,0.0,0.0,0.0,0.0,0.7151021958573669,0.0717844895211438,0.101235670190429,1.1770583878420449,3.561885900866266,0.7882091811713705,6.702380659767596,8.667274854121318,0.0,0.0,0.0,0.0,0.0,0.0,0.0,0.0,0.11043920356272396,0.5238747997868564,0.12993690171584865,0.0,0.3210565413054151
Muhammet Tunahan Taşçı,Konyaspor,MF,0.525,0.4025,0.0,MF,True,True,Konyaspor,,Merkez Orta Saha,Merkez Orta Saha,,MID,0.0,0.0,0.0,0.0,0.0,0.0,1.081819446469126,0.1982136047584598,0.3150291140557682,0.926837998108643,3.262794920041068,1.6068760900310382,4.211469027255676,4.043371495316924,0.0,0.0,85.1425540095225,0.0,0.0,0.0,0.0,0.0,0.0,0.7761051114629736,0.4796633861788885,0.0,0.4839852329672645
Josip Čalušić,Konyaspor,DF,0.0,0.0,0.0,DF,False,True,Konyaspor,,Merkez Orta Saha,Merkez Orta Saha,,MID,0.0,0.0,0.0,0.0,0.0,0.0,1.94844986251438,0.1443983414702893,0.0406486360701839,1.6314108422962157,3.755279296436226,1.2821735362503202,5.536985000164639,5.377452113415952,0.0,0.0,79.80566725207197,0.0,0.0,0.0,0.0,0.0,0.0,0.6579790955461498,0.21917568123170764,0.0,0.3728246840194164
Marius Ştefănescu,Konyaspor,FW,0.0,0.0,0.0,DF,False,True,Konyaspor,,Merkez Orta Saha,Merkez Orta Saha,,MID,0.0,0.0,0.0,0.0,0.0,0.0,1.39963807167441,0.1586456043875759,0.3345715901343617,2.7026380593889465,3.852785783507645,0.602688079000367,3.946152358458942,7.549430854224548,0.0,0.0,89.14603468984694,0.0,0.0,0.0,0.0,0.0,0.0,0.7875863910882945,0.3141019013457591,0.0,0.4566135758132991
Melih Bostan,Konyaspor,FW,0.0,0.0,0.0,FW,True,False,Konyaspor,Santrafor,Fırsatçı Golcü,Fırsatçı Golcü,,FWD,0.0,0.0,0.0,0.0,0.0,0.0,4.6893127695543,0.0,0.0,0.0,0.0,0.0,0.0,0.0,5.373635200630943,0.8254974132040132,0.0,0.0,0.0,0.0,0.0,0.0,0.0,0.0,0.37083770396540944,0.0,0.2966701631723276
Kaan Akyazi,Konyaspor,FW,0.0,0.0,0.0,FW,True,False,Konyaspor,,Merkez Orta Saha,Merkez Orta Saha,,MID,0.0,0.0,0.0,0.0,0.0,0.0,1.1893653988061157,0.1994785399039735,0.1098883510820734,1.3450043207319606,2.7313677581149625,1.0566694076451917,3.144377312417495,7.176123708322754,0.0,0.0,83.36057432710224,0.0,0.0,0.0,0.0,0.0,0.0,0.5618251650101564,0.23430213680457382,0.0,0.327773009865993
Ufuk Akyol,Konyaspor,MF,0.0,0.0,0.0,MF,True,True,Konyaspor,Ön Libero,Defansif Orta Saha (Destek),Defansif Orta Saha,Destek,DM,0.0,0.0,0.0,0.0,0.0,0.0,1.2284001849970745,0.0989926181656137,0.3109412853080384,2.618267569977277,2.0713634779015084,1.881149912695036,4.984259384438797,3.9233754380391295,0.0,0.0,84.01821552420199,0.0,0.0,0.0,0.0,0.0,0.0,0.7708993983849571,0.26163539186568563,0.0,0.4377767775656157
Mücahit Ibrahimoglu,Konyaspor,MF,0.0,0.0,0.0,MF,True,True,Konyaspor,,Merkez Orta Saha,Merkez Orta Saha,,MID,0.0,0.0,0.0,0.0,0.0,0.0,1.364838213652572,0.2287725171017608,0.2110300067678115,3.4187625244896305,3.362647257576338,1.376673364636139,6.640910490569757,7.894998749943706,0.0,0.0,80.95990338966487,0.0,0.0,0.0,0.0,0.0,0.0,0.805519445938228,0.33512553574574133,0.0,0.4697848301182623
Karahan Yasir Subaşı,Konyaspor,DF,0.0,0.0,0.0,DF,False,True,Konyaspor,,Merkez Orta Saha,Merkez Orta Saha,,MID,0.0,0.0,0.0,0.0,0.0,0.0,2.04853474205782,0.133257216811535,0.2893475759095206,1.0535319326314296,1.753004149786901,1.30749791488357,6.645697600077313,4.346643431019964,0.0,0.0,83.6515230292168,0.0,0.0,0.0,0.0,0.0,0.0,0.6945216561296463,0.2765678216845098,0.0,0.4025743924017251
Egemen Aydın,Konyaspor,GK,0.0,0.0,0.0,GK,False,False,Konyaspor,Kaleci,Kaleci (Savunma),Kaleci,Savunma,GK,0.0,0.0,0.0,0.0,0.0,0.0,0.0,0.0,0.0,0.0,0.0,0.0,0.0,0.0,0.0,0.0,0.0,56.126772645019386,3.628088249474745,72.72820822527561,0.6218113753371068,0.8397436627969069,0.0,0.0,0.0,0.9134073634531141,0.9134073634531141
İsmail Buğa,Konyaspor,MF,0.0,0.0,0.0,MF,True,True,Konyaspor,,Merkez Orta Saha,Merkez Orta Saha,,MID,0.0,0.0,0.0,0.0,0.0,0.0,2.2733778467744923,0.039488705708837,0.3420414376440454,2.6160257192078413,2.692222086500553,0.9032802715732904,3.709526390527452,4.342905688935739,0.0,0.0,85.94296359164414,0.0,0.0,0.0,0.0,0.0,0.0,0.7280568182678824,0.2789505780544632,0.0,0.41981852474483383
Muzaffer Eriş,Konyaspor,DF,0.0,0.0,0.0,DF,False,True,Konyaspor,,Merkez Orta Saha,Merkez Orta Saha,,MID,0.0,0.0,0.0,0.0,0.0,0.0,2.4062028416582493,0.1739747795422006,0.1009419032365609,1.9981255921223424,2.07573538457462,1.0526733798748684,4.638387331108475,6.221846537360482,0.0,0.0,87.01412564344851,0.0,0.0,0.0,0.0,0.0,0.0,0.567606013164498,0.2824843189629367,0.0,0.34029987037483633
Opponent Total,Konyaspor,NAN,0.0,0.0,0.0,NAN,False,False,Konyaspor,,Merkez Orta Saha,Merkez Orta Saha,,MID,0.0,0.0,0.0,0.0,0.0,0.0,2.05249711113612,0.1983153376095636,0.3363974198926575,3.1439840868192643,2.969893221123628,1.843019133729754,3.0581794928493062,6.557639609050219,0.0,0.0,87.04641699251896,0.0,0.0,0.0,0.0,0.0,0.0,0.8149461858739617,0.3764467752172518,0.0,0.4827624479804312
Casper Højer Nielsen,Rizespor,DF,0.0,0.0,0.0,DF,False,True,Rizespor,,Merkez Orta Saha,Merkez Orta Saha,,MID,0.0,0.0,0.0,0.0,0.0,0.0,1.0623544810708268,0.0791904192668816,0.1363186632158471,1.2783044315079422,1.7211967386805207,1.4996945712902536,6.8003713577826455,6.480517247026867,0.0,0.0,84.93469335232906,0.0,0.0,0.0,0.0,0.0,0.0,0.6284948854273863,0.16176266860112448,0.0,0.34659997643391804
Giannis Papanikolaou,Rizespor,MF,0.09,0.0,0.09,MF,True,True,Rizespor,Ön Libero,Savaşçı Orta Saha (Savunma),Savaşçı Orta Saha,Savunma,DM,2.597284333929447,1.7791072578513183,0.0,0.0,0.0,0.0,1.8450828827817385,0.2142948142496882,0.1349291666579228,2.670090071010645,0.0,0.0,0.0,8.667274854121318,0.0,0.0,0.0,0.0,0.0,0.0,0.0,0.0,0.34710222988372996,0.13799636048339758,0.342242478620402,0.0,0.24157734493089816
Qazim Laçi,Rizespor,MF,0.0,0.19,0.19,MF,True,True,Rizespor,Merkez Orta Saha,İki Yönlü Orta Saha,İki Yönlü Orta Saha,,MID,3.058940983021211,0.0,0.0,0.0,0.0,0.0,1.3189665605163232,0.2265358136914416,0.1191354864890769,3.062911282049898,2.317449449901245,1.0191538237203537,3.7142514365041928,8.264765175782282,0.0,0.0,0.0,0.0,0.0,0.0,0.0,0.0,0.23213634370328726,0.4479778637652495,0.2970618323598344,0.0,0.35304220146557785
Muhammet Taha Şahin,Rizespor,DF,0.0,0.0,0.0,DF,False,True,Rizespor,Sağ Bek,Standart Bek (Destek),Standart Bek,Destek,FB,1.003595624092727,0.0,0.0,53.314735813789646,0.0,1.726390867205703,0.0,0.0,0.0,0.0,0.0,0.0,0.0,0.0,0.0,0.0,78.84884392112346,0.0,0.0,0.0,0.0,0.0,0.22594633078344745,0.13267361391134946,0.010064918539847985,0.0,0.15478823327309815
Samet Akaydın,Rizespor,DF,0.0,0.09,0.09,DF,False,True,Rizespor,Stoper,Çakılı Stoper,Çakılı Stoper,,CB,3.2840931103542266,1.5781246968634526,10.83050315627883,52.36107401889821,73.74737131177545,0.0,0.0,0.0,0.0,0.0,0.0,0.0,2.0387682031757746,0.0,0.0,0.0,79.14109703565855,0.0,0.0,0.0,0.0,0.0,0.9184563687350806,0.17813574056472492,0.0,0.0,0.6785466062275014
Attila Mocsi,Rizespor,DF,0.11,0.0,0.11,DF,False,True,Rizespor,Stoper,Standart Stoper (Durdurucu),Standart Stoper,Durdurucu,CB,2.762277251994526,1.4149603238555415,9.903175333566148,67.07516933540893,73.68854428383662,0.0,0.0,0.0,0.0,0.0,0.0,0.0,3.889667618321834,0.0,0.0,0.0,83.91608663860016,0.0,0.0,0.0,0.0,0.0,0.8891636777989602,0.22699672642191593,0.0419047619047619,0.0,0.6720043959341314
Ali Sowe,Rizespor,FW,0.12,0.36,0.48,FW,True,False,Rizespor,Santrafor,Pivot Santrafor (Destek),Pivot Santrafor,Destek,FWD,0.0,0.0,0.0,0.0,0.0,0.0,4.6893127695543,0.0,0.0,0.0,0.0,0.0,0.0,3.1135117261813545,4.769955173132587,0.4367456235492929,0.0,0.0,0.0,0.0,0.0,0.0,0.0,0.0,0.336099329144655,0.0,0.26887946331572404
Yahia Fofana,Rizespor,GK,0.0,0.0,0.0,GK,False,False,Rizespor,Kaleci,Kaleci (Savunma),Kaleci,Savunma,GK,0.0,0.0,0.0,0.0,0.0,0.0,0.0,0.0,0.0,0.0,0.0,0.0,0.0,0.0,0.0,0.0,0.0,67.15089703802877,2.422772674924288,66.28711962152653,0.4181777614275764,1.4677591856141747,0.0,0.0,0.0,0.7581304672138132,0.7581304672138132
Muhamed Buljubasic,Rizespor,MF,0.0,0.0,0.0,MF,True,True,Rizespor,Merkez Orta Saha,Standart Orta Saha (Destek),Standart Orta Saha,Destek,MID,0.0,0.0,0.0,0.0,0.0,0.0,0.9348083062967076,0.0692261218444522,0.1894926625716548,3.3504583925798626,1.5747788372044773,1.6810805401284994,6.8003713577826455,4.593600255532237,0.0,0.0,88.85231729992628,0.0,0.0,0.0,0.0,0.0,0.0,0.716726839133935,0.21165606372900958,0.0,0.4006946323127694
Jesurun Rak Sakyi,Rizespor,FW,0.525,0.0,0.6179999999999995,MF,True,True,Rizespor,,Merkez Orta Saha,Merkez Orta Saha,,MID,0.0,0.0,0.0,0.0,0.0,0.0,2.165830316794437,0.2458803681788055,0.0539507651124704,2.644769676382044,3.754717260026311,1.1815181346014827,5.247544648537237,3.777089527696825,0.0,0.0,87.80889416767332,0.0,0.0,0.0,0.0,0.0,0.0,0.6874002361458063,0.5166677753301117,0.0,0.44703367313892545
Erdem Canpolat,Rizespor,GK,0.0,0.0,0.0,GK,False,False,Rizespor,Kaleci,Kaleci (Savunma),Kaleci,Savunma,GK,0.0,0.0,0.0,0.0,0.0,0.0,0.0,0.0,0.0,0.0,0.0,0.0,0.0,0.0,0.0,0.0,0.0,58.41048247374583,4.406590942262119,70.17141382329406,0.7830692496325764,0.7615496435074871,0.0,0.0,0.0,1.0039440020618122,1.0039440020618122
Mithat Pala,Rizespor,DF,0.0,0.0,0.0,MF,True,True,Rizespor,Merkez Orta Saha,Standart Orta Saha (Destek),Standart Orta Saha,Destek,MID,0.0,0.0,0.0,0.0,0.0,0.0,0.5420451568519457,0.0351778820121896,0.1937990198753039,2.142371862822754,1.3054110488486108,1.4453708291842369,6.022070298387367,8.332488479213863,0.0,0.0,87.0845773763835,0.0,0.0,0.0,0.0,0.0,0.0,0.6366686668839183,0.14865504954710612,0.0,0.3480653433513804
Ibrahim Olawoyin,Rizespor,MF,0.22,0.0,0.22,MF,True,True,Rizespor,On Numara,Ofansif Orta Saha (Hücum),Ofansif Orta Saha,Hücum,AM,0.0,0.0,0.0,0.0,0.0,0.0,2.2937001834843893,0.0505039171006224,0.1895966843435013,2.468187548543278,2.517873723204795,0.8725754131148113,5.5755008064185,8.667274854121318,0.0,0.0,78.66726626016553,0.0,0.0,0.0,0.0,0.0,0.0,0.6509423446943523,0.3225045583739685,0.0,0.4222225398593667
Emrecan Bulut,Rizespor,FW,0.22,0.4025,0.6179999999999995,MF,True,True,Rizespor,Sol Kanat,Kanat Oyuncusu (Hücum),Kanat Oyuncusu,Hücum,WING,0.0,0.0,0.0,0.0,0.0,4.514461228878832,1.117808242724957,0.1678509531227241,0.0746247348707369,3.2766818688162207,0.0,0.0,0.0,0.0,0.0,0.0,0.0,0.0,0.0,0.0,0.0,0.0,0.0,0.11616123173220738,0.3545331603066668,0.0,0.2475682657036623
Václav Jurečka,Rizespor,FW,0.23,0.0,0.23,FW,True,False,Rizespor,,Merkez Orta Saha,Merkez Orta Saha,,MID,0.0,0.0,0.0,0.0,0.0,0.0,1.3691026757119418,0.0460562098095065,0.2666656344117045,3.14604345809254,1.6625583488890268,1.5581912454252294,4.965791095197341,8.172765703592704,0.0,0.0,78.18728507646034,0.0,0.0,0.0,0.0,0.0,0.0,0.695007313190096,0.3217025917383161,0.0,0.41184417494271125
Loide Augusto,Rizespor,FW,0.0,0.33,0.33,MF,True,True,Rizespor,Sağ Kanat,Kanat Oyuncusu (Destek),Kanat Oyuncusu,Destek,WING,0.0,0.0,0.0,0.0,0.0,7.764865586282733,1.8159958160330685,0.0202489889076296,0.1340871838724566,2.5293715910656465,0.0,0.0,0.0,0.0,0.0,0.0,0.0,0.0,0.0,0.0,0.0,0.0,0.0,0.1343893591270447,0.23026077348756654,0.0,0.17847327183065334
Halil Dervişoğlu,Rizespor,FW,0.0,0.0,0.0,FW,True,False,Rizespor,Santrafor,Yardımcı Forvet (Hücum),Yardımcı Forvet,Hücum,FWD,0.0,0.0,0.0,0.0,0.0,0.0,3.176269848707112,0.0,0.0,0.0,0.0,0.0,0.0,0.0,1.7093117337465316,0.7310595798821802,0.0,0.0,0.0,0.0,0.0,0.0,0.0,0.0,0.2867621362730628,0.0,0.22940970901845026
Altin Zeqiri,Rizespor,FW,0.3,0.0,0.3,MF,True,True,Rizespor,Sol Kanat,Kanat Oyuncusu (Destek),Kanat Oyuncusu,Destek,WING,0.0,0.0,0.0,0.0,0.0,7.744873125367455,1.019137130219772,0.0157567334771277,0.1805373631705186,3.77448841743277,0.0,0.0,0.0,0.0,0.0,0.0,0.0,0.0,0.0,0.0,0.0,0.0,0.0,0.18910942526584207,0.3488433734081999,0.0,0.26603885162467256
Xusniddin Aliqulov,Rizespor,DF,0.0,0.0,0.0,DF,False,True,Rizespor,,Merkez Orta Saha,Merkez Orta Saha,,MID,0.0,0.0,0.0,0.0,0.0,0.0,1.738123101297389,0.2234974275019676,0.2917774866781549,2.3406463159248405,1.1272268465434114,1.141402000555006,2.2667399849444885,7.857096448349268,0.0,0.0,80.54936732634567,0.0,0.0,0.0,0.0,0.0,0.0,0.5693855756426577,0.3475729116583687,0.0,0.3542073701530026
Modibo Sagnan,Rizespor,DF,0.0,0.0,0.0,DF,False,True,Rizespor,Stoper,Standart Stoper (Sıkı Defans),Standart Stoper,Sıkı Defans,CB,3.089622607083297,1.4721635649834737,8.434832420091205,51.77971621150572,52.73823772176552,0.0,0.0,0.0,0.0,0.0,0.0,0.0,2.0387682031757746,0.0,0.0,0.0,85.86003742246439,0.0,0.0,0.0,0.0,0.0,0.7950290606737855,0.1894412468783519,0.0,0.0,0.5944085918473202
Valentin Mihaila,Rizespor,MF,0.525,0.0,0.6,MF,True,True,Rizespor,,Merkez Orta Saha,Merkez Orta Saha,,MID,0.0,0.0,0.0,0.0,0.0,0.0,1.7846432366321436,0.1635731380812404,0.1541544726093484,0.926837998108643,1.1272268465434114,1.1638182722221184,4.273821712763305,6.93145188383413,0.0,0.0,85.96228312696142,0.0,0.0,0.0,0.0,0.0,0.0,0.5127444309069259,0.4414752896320349,0.0,0.3446672733798699
Taylan Antalyalı,Rizespor,MF,0.0,0.0,0.0,MF,True,True,Rizespor,Ön Libero,Defansif Oyun Kurucu (Savunma),Defansif Oyun Kurucu,Savunma,DM,0.0,0.0,0.0,0.0,0.0,0.0,2.2797472554837266,0.0380260708055682,0.1058166372730228,3.3135614778688405,1.525665316317482,1.4739834868653223,5.3739315108370524,6.305144223654835,0.0,0.0,82.93436986659054,0.0,0.0,0.0,0.0,0.0,0.0,0.6062818052969112,0.2247061545443676,0.0,0.34808213355732914
Dal Varesanovic,Rizespor,MF,0.0,0.0,0.0,MF,True,True,Rizespor,,Merkez Orta Saha,Merkez Orta Saha,,MID,0.0,0.0,0.0,0.0,0.0,0.0,1.7370063325511356,0.1100808545920872,0.090767214060983,2.661722227785216,3.6003110635180007,1.90442093220339,5.387658069418423,3.5219205594684606,0.0,0.0,82.82887511159174,0.0,0.0,0.0,0.0,0.0,0.0,0.7503208234702697,0.2266823759944046,0.0,0.42049688693401577
Seyfettin Anıl Yaşar,Rizespor,DF,0.0,0.0,0.0,DF,False,True,Rizespor,,Merkez Orta Saha,Merkez Orta Saha,,MID,0.0,0.0,0.0,0.0,0.0,0.0,1.68926052799613,0.1538245062674505,0.0681183428467051,2.626586141598566,1.84743623193108,0.5960095199129314,3.865613092111918,5.4507192784241925,0.0,0.0,88.61504265875536,0.0,0.0,0.0,0.0,0.0,0.0,0.49772924998836715,0.24392937061451542,0.0,0.29765049911708663
Yakup Ayan,Rizespor,NAN,0.0,0.0,0.0,NAN,False,False,Rizespor,,Merkez Orta Saha,Merkez Orta Saha,,MID,0.0,0.0,0.0,0.0,0.0,0.0,0.5420451568519457,0.0208660212473458,0.0201766537696587,1.3823229114738365,3.8513775117258873,1.7371148560205114,6.708459933290153,5.236131102073884,0.0,0.0,88.74675417758206,0.0,0.0,0.0,0.0,0.0,0.0,0.7229721376611874,0.07234150052057156,0.0,0.375954368934708
Bayram Çapoğlu,Rizespor,MF,0.0,0.0,0.0,MF,True,True,Rizespor,,Merkez Orta Saha,Merkez Orta Saha,,MID,0.0,0.0,0.0,0.0,0.0,0.0,1.4886568460849283,0.2206040921018346,0.1198567925921496,2.578990769628174,2.7448668789675805,0.9385746656182896,2.836785161183905,4.558522702561957,0.0,0.0,88.91010316864303,0.0,0.0,0.0,0.0,0.0,0.0,0.5892000894243857,0.29018067208907744,0.0,0.35263617913000833
Emir Çoban,Rizespor,DF,0.0,0.0,0.0,DF,False,True,Rizespor,,Merkez Orta Saha,Merkez Orta Saha,,MID,0.0,0.0,0.0,0.0,0.0,0.0,0.7153549017157875,0.2009008838603838,0.0945866922457741,1.863433895266228,2.3098425693062983,1.1658791817595668,4.501797231077803,7.34052068213151,0.0,0.0,81.76653691818032,0.0,0.0,0.0,0.0,0.0,0.0,0.5729562426508163,0.22195444013623686,0.0,0.33086900935265556
Efe Doğan,Rizespor,GK,0.0,0.0,0.0,GK,False,False,Rizespor,Kaleci,Kaleci (Savunma),Kaleci,Savunma,GK,0.0,0.0,0.0,0.0,0.0,0.0,0.0,0.0,0.0,0.0,0.0,0.0,0.0,0.0,0.0,0.0,0.0,56.30103185970559,2.2236519310393126,77.80531604557584,0.7774683769652668,1.5364066071536988,0.0,0.0,0.0,0.8004298273037681,0.8004298273037681
Furkan Orak,Rizespor,DF,0.0,0.0,0.0,DF,False,True,Rizespor,Sağ Bek,Standart Bek (Savunma),Standart Bek,Savunma,FB,2.313896377257821,0.0,0.0,43.10986083203685,0.0,4.633802245334513,0.0,0.0,0.0,0.0,0.0,0.0,0.0,0.0,0.0,0.0,78.85734482654719,0.0,0.0,0.0,0.0,0.0,0.2967119955274679,0.13268791780964392,0.02701522755651803,0.0,0.19356541861793075
Osman Topçu,Rizespor,GK,0.0,0.0,0.0,GK,False,False,Rizespor,,Merkez Orta Saha,Merkez Orta Saha,,MID,0.0,0.0,0.0,0.0,0.0,0.0,1.94861091431512,0.1263016933941595,0.3382460850532425,2.5583290380120287,2.740266504008364,0.5834547459142635,5.454419882754114,5.975254410472624,0.0,0.0,86.29266975287115,0.0,0.0,0.0,0.0,0.0,0.0,0.741844512760562,0.3156666946622215,0.0,0.4340555953127253
Deniz Yaşar,Rizespor,FW,0.0,0.0,0.0,FW,True,False,Rizespor,Stoper,Standart Stoper (Savunma),Standart Stoper,Savunma,CB,2.505274186210384,1.5753719363797112,8.893765969874817,57.97439075734403,64.83260914107744,0.0,0.0,0.0,0.0,0.0,0.0,0.0,3.909636480122917,0.0,0.0,0.0,78.18728507646034,0.0,0.0,0.0,0.0,0.0,0.8162717594882417,0.2177977252492852,0.0,0.0,0.6149497766916262
Opponent Total,Rizespor,NAN,0.0,0.0,0.0,NAN,False,False,Rizespor,,Merkez Orta Saha,Merkez Orta Saha,,MID,0.0,0.0,0.0,0.0,0.0,0.0,1.4756660337066163,0.2417816538147926,0.1951980891875153,1.087801181831575,2.5500951556788034,0.9515691167514696,5.485679029459046,3.486277295445888,0.0,0.0,81.25959817529244,0.0,0.0,0.0,0.0,0.0,0.0,0.6342673911817059,0.2915653426872935,0.0,0.3754467641283117
Rick van Drongelen,Samsunspor,DF,0.18,0.0,0.18,DF,False,True,Samsunspor,,Merkez Orta Saha,Merkez Orta Saha,,MID,0.0,0.0,0.0,0.0,0.0,0.0,1.8284783363375416,0.1044402448187749,0.1215469636606776,2.576182322428197,3.276328761271976,1.2539468639451958,5.2431947838440776,4.3210992116988685,0.0,0.0,80.28731799689339,0.0,0.0,0.0,0.0,0.0,0.0,0.6874741441870416,0.302819933468188,0.0,0.4043010587871584
Okan Kocuk,Samsunspor,GK,0.0,0.0,0.0,GK,False,False,Samsunspor,Kaleci,Kaleci (Savunma),Kaleci,Savunma,GK,0.0,0.0,0.0,0.0,0.0,0.0,0.0,0.0,0.0,0.0,0.0,0.0,0.0,0.0,0.0,0.0,0.0,73.97771074506667,4.960660809801552,64.9858445829775,0.3510693774952185,1.080103019450806,0.0,0.0,0.0,0.9492140183331913,0.9492140183331913
Ľubomír Šatka,Samsunspor,DF,0.0,0.1,0.1,DF,False,True,Samsunspor,Stoper,Standart Stoper (Savunma),Standart Stoper,Savunma,CB,2.653807769252718,1.679005875999323,7.356800499422319,71.12188277423637,52.73823772176552,0.0,0.0,0.0,0.0,0.0,0.0,0.0,2.0387682031757746,0.0,0.0,0.0,81.53543786887349,0.0,0.0,0.0,0.0,0.0,0.8138290313145126,0.1821645358581082,0.0,0.0,0.6061132290917803
Logi Tómasson,Samsunspor,DF,0.0,0.2,0.2,DF,False,True,Samsunspor,,Merkez Orta Saha,Merkez Orta Saha,,MID,0.0,0.0,0.0,0.0,0.0,0.0,0.5420451568519457,0.2459098104948692,0.2031636603477936,3.4984170595808,1.847488197918557,0.5842641160211586,3.376441067259301,7.099552581957576,0.0,0.0,80.21558948816843,0.0,0.0,0.0,0.0,0.0,0.0,0.5701569270798494,0.30994992812164845,0.0,0.3470684491642544
Carlo Holse,Samsunspor,MF,0.525,0.11,0.6179999999999995,MF,True,True,Samsunspor,On Numara,Serbest Oyuncu (Trequartista),Serbest Oyuncu,Trequartista,AM,0.0,0.0,0.0,0.0,0.0,0.0,0.5780632336961868,0.1669799997009067,0.0487188454709934,0.9301725049235012,2.059151174800907,1.2366435940747478,2.7810328434331097,3.456785156941801,0.0,0.0,82.10529145036313,0.0,0.0,0.0,0.0,0.0,0.0,0.47745069997775513,0.3613409708971102,0.0,0.34712764125801066
Zeki Yavru,Samsunspor,DF,0.0,0.0,0.0,DF,False,True,Samsunspor,Sağ Bek,Standart Bek (Destek),Standart Bek,Destek,FB,1.809107171041883,0.0,0.0,48.415106954848014,0.0,3.333567179064482,0.0,0.0,0.0,0.0,0.0,0.0,0.0,0.0,0.0,0.0,84.32501747353648,0.0,0.0,0.0,0.0,0.0,0.27330952652618,0.1418880005716179,0.019434812093683914,0.0,0.18310812585331218
Anthony Musaba,Samsunspor,MF,0.23,0.23,0.47,MF,True,True,Samsunspor,Sağ Kanat,Kanat Oyuncusu (Hücum),Kanat Oyuncusu,Hücum,WING,0.0,0.0,0.0,0.0,0.0,5.341452786856809,3.93506436117057,0.2295799464276041,0.2042277907042413,4.065862586038598,0.0,0.0,0.0,0.0,0.0,0.0,0.0,0.0,0.0,0.0,0.0,0.0,0.0,0.2094110958176252,0.5763327932726976,0.0,0.4086230047089061
Olivier Ntcham,Samsunspor,MF,0.0,0.0,0.0,MF,True,True,Samsunspor,Merkez Orta Saha,İki Yönlü Orta Saha,İki Yönlü Orta Saha,,MID,3.294336567705979,0.0,0.0,0.0,0.0,0.0,1.904279114931633,0.1586678183134853,0.155415312220771,3.438370297397557,3.5409065626211813,1.1022017355838187,6.767139611284845,8.107241484292611,0.0,0.0,0.0,0.0,0.0,0.0,0.0,0.0,0.25,0.6301176714583643,0.29954470150386786,0.0,0.44996777602995575
Marius Mouandilmadji,Samsunspor,FW,0.25,0.0,0.25,FW,True,False,Samsunspor,Santrafor,Pivot Santrafor (Destek),Pivot Santrafor,Destek,FWD,0.0,0.0,0.0,0.0,0.0,0.0,2.841274225143174,0.0,0.0,0.0,0.0,0.0,0.0,3.890439842422983,7.470955049375981,0.9664112710987464,0.0,0.0,0.0,0.0,0.0,0.0,0.0,0.0,0.41641893195218055,0.0,0.33313514556174445
Antoine Makoumbou,Samsunspor,MF,0.0,0.0,0.0,MF,True,True,Samsunspor,Ön Libero,Defansif Oyun Kurucu (Destek),Defansif Oyun Kurucu,Destek,DM,0.0,0.0,0.0,0.0,0.0,0.0,0.5513771055972141,0.0414887238239462,0.2191820124973723,1.8986514939517507,3.682282907599752,1.890665943287641,5.179701634133554,5.970879162083846,0.0,0.0,83.15949143735786,0.0,0.0,0.0,0.0,0.0,0.0,0.8086976908526278,0.15492904791102055,0.0,0.435334655008518
Celil Yüksel,Samsunspor,MF,0.0,0.19,0.19,MF,True,True,Samsunspor,Merkez Orta Saha,Standart Orta Saha (Destek),Standart Orta Saha,Destek,MID,0.0,0.0,0.0,0.0,0.0,0.0,0.5496391283070431,0.220481939576161,0.1711142411273579,3.1510343159106,3.8393695394512166,0.6580898271617078,4.996510580697189,5.883519463959888,0.0,0.0,87.97139005266082,0.0,0.0,0.0,0.0,0.0,0.0,0.7265725137173273,0.2777042907835586,0.0,0.4188271150153754
Emre Kılınç,Samsunspor,FW,0.0,0.23,0.23,MF,True,True,Samsunspor,Sol Kanat,Çalışkan Kanat Oyuncusu (Destek),Çalışkan Kanat Oyuncusu,Destek,WING,0.0,0.0,0.0,0.0,0.0,4.455733765345109,3.897241629459242,0.1571580435572716,0.3398486084166726,4.517920861271849,0.0,0.0,0.0,0.0,0.0,0.0,0.0,0.0,0.0,0.0,0.0,0.0,0.0,0.2987177990816102,0.4874172317844054,0.0,0.38206567879512626
Tanguy Coulibaly,Samsunspor,MF,0.0,0.0,0.0,MF,True,True,Samsunspor,Sağ Kanat,Kanat Oyuncusu (Hücum),Kanat Oyuncusu,Hücum,WING,0.0,0.0,0.0,0.0,0.0,4.537918575913662,2.1854658924169152,0.0140238381945519,0.0283402160829177,4.517920861271849,0.0,0.0,0.0,0.0,0.0,0.0,0.0,0.0,0.0,0.0,0.0,0.0,0.0,0.11657121796594173,0.23650658646317715,0.0,0.1768753172676888
Cherif Ndiaye,Samsunspor,FW,0.0,0.0,0.0,FW,True,False,Samsunspor,Santrafor,Pivot Santrafor (Hücum),Pivot Santrafor,Hücum,FWD,0.0,0.0,0.0,0.0,0.0,0.0,4.6893127695543,0.0,0.0,0.0,0.0,0.0,0.0,3.1135117261813545,8.160532768337854,0.2524195665261111,0.0,0.0,0.0,0.0,0.0,0.0,0.0,0.0,0.25223853944483215,0.0,0.20179083155586575
Yunus Emre Çift,Samsunspor,MF,0.0,0.0,0.0,MF,True,True,Samsunspor,Stoper,Standart Stoper (Savunma),Standart Stoper,Savunma,CB,2.485035387637728,1.0717946725366894,5.98184791600926,50.58179839339565,66.48586646971206,0.0,0.0,0.0,0.0,0.0,0.0,0.0,3.673429341094213,0.0,0.0,0.0,79.18979942294123,0.0,0.0,0.0,0.0,0.0,0.7019751685232951,0.21427442123778034,0.0,0.0,0.5342375022138626
Landry Dimata,Samsunspor,FW,0.0,0.0,0.0,MF,True,True,Samsunspor,,Merkez Orta Saha,Merkez Orta Saha,,MID,0.0,0.0,0.0,0.0,0.0,0.0,0.5420451568519457,0.1068724219801537,0.1406225802290134,2.9124408069573384,3.677674682459424,1.6466610921132565,2.8967800514462048,6.554446707957106,0.0,0.0,79.43869312167254,0.0,0.0,0.0,0.0,0.0,0.0,0.7093004268743027,0.1938852467647475,0.0,0.3934272627901009
Joe Mendes,Samsunspor,MF,0.0,0.0,0.0,MF,True,True,Samsunspor,Sağ Bek,Standart Bek (Hücum),Standart Bek,Hücum,FB,1.9544739425456323,0.0,0.0,43.36036692347436,0.0,2.60340566705456,0.0,0.0,0.0,0.0,0.0,0.0,0.0,0.0,0.0,0.0,80.33105117245731,0.0,0.0,0.0,0.0,0.0,0.2701399997407047,0.13516762375119934,0.015177945193543825,0.0,0.1786558760344209
Toni Borevkovic,Samsunspor,DF,0.0,0.0,0.0,DF,False,True,Samsunspor,,Merkez Orta Saha,Merkez Orta Saha,,MID,0.0,0.0,0.0,0.0,0.0,0.0,2.408652936428908,0.0405583514456198,0.3420414376440454,2.330943904664004,2.2583439818719406,1.1145065800639888,5.525695727852817,7.948085795550895,0.0,0.0,86.81911016873873,0.0,0.0,0.0,0.0,0.0,0.0,0.7517682751533267,0.2790625239086659,0.0,0.43169664235839655
Afonso Sousa,Samsunspor,MF,0.0,0.0,0.0,MF,True,True,Samsunspor,On Numara,Ofansif Orta Saha (Hücum),Ofansif Orta Saha,Hücum,AM,0.0,0.0,0.0,0.0,0.0,0.0,1.9487675548639145,0.0140238381945519,0.3081101667521244,2.793812864978582,3.341096509020645,1.482760571786507,4.275859958668282,5.086855247413158,0.0,0.0,84.37745897027166,0.0,0.0,0.0,0.0,0.0,0.0,0.8089020398606466,0.24358777175080842,0.0,0.4775273514555658
Soner Gönül,Samsunspor,DF,0.0,0.0,0.0,DF,False,True,Samsunspor,Sol Bek,Standart Bek (Savunma),Standart Bek,Savunma,FB,2.1415911056324752,0.0,0.0,43.10986083203685,0.0,2.8480232145765307,0.0,0.0,0.0,0.0,0.0,0.0,0.0,0.0,0.0,0.0,78.18728507646034,0.0,0.0,0.0,0.0,0.0,0.2836361251599381,0.13156045361157037,0.01660407396657832,0.0,0.18460701345675581
Soner Aydoğdu,Samsunspor,MF,0.0,0.0,0.0,MF,True,True,Samsunspor,Merkez Orta Saha,Oyun Kurucu (Destek),Oyun Kurucu,Destek,MID,0.0,0.0,0.0,0.0,0.0,0.0,1.1418279578543349,0.1399389209095956,0.218192085355804,3.17199201551364,2.4290071999032965,0.8903548969778441,5.338802958015765,7.068096915354381,0.0,0.0,81.45534411211192,0.0,0.0,0.0,0.0,0.0,0.0,0.6783700038128208,0.2680593010305322,0.0,0.39279686211251685
Arbnor Muja,Samsunspor,MF,0.0,0.0,0.0,FW,True,False,Samsunspor,,Merkez Orta Saha,Merkez Orta Saha,,MID,0.0,0.0,0.0,0.0,0.0,0.0,1.0227247207040762,0.131849905530669,0.1992820764137989,1.891178868457789,2.4926195564383065,0.7392383938120375,6.186835398850754,6.394391783974746,0.0,0.0,83.9138350143939,0.0,0.0,0.0,0.0,0.0,0.0,0.6541440867758261,0.22416720494813153,0.0,0.3719054843775394
Polat Yaldır,Samsunspor,FW,0.0,0.0,0.0,FW,True,False,Samsunspor,Sağ Kanat,Kanat Oyuncusu (Destek),Kanat Oyuncusu,Destek,WING,0.0,0.0,0.0,0.0,0.0,7.640001679677525,3.185112563018938,0.2333009569250227,0.0173363521130331,2.350540698206285,0.0,0.0,0.0,0.0,0.0,0.0,0.0,0.0,0.0,0.0,0.0,0.0,0.0,0.062164033912331065,0.37979146972040984,0.0,0.24652409200594522
Ebrima Ceesay,Samsunspor,FW,0.0,0.0,0.0,FW,True,False,Samsunspor,Sol Kanat,Kanat Oyuncusu (Destek),Kanat Oyuncusu,Destek,WING,0.0,0.0,0.0,0.0,0.0,4.297256379583284,2.0374182952312747,0.0140238381945519,0.1959552814719545,3.976296577155789,0.0,0.0,0.0,0.0,0.0,0.0,0.0,0.0,0.0,0.0,0.0,0.0,0.0,0.20259149642699448,0.26580522483850666,0.0,0.2202605838312023
Tahsin Bülbül,Samsunspor,MF,0.0,0.0,0.0,MF,True,True,Samsunspor,,Merkez Orta Saha,Merkez Orta Saha,,MID,0.0,0.0,0.0,0.0,0.0,0.0,1.1343767824662845,0.1798384055922896,0.2172311679386044,1.6829895362207443,1.614040327171852,0.7406939214068397,2.848642142884616,4.602169621016528,0.0,0.0,81.59930483732427,0.0,0.0,0.0,0.0,0.0,0.0,0.5260203456136476,0.25884075525156075,0.0,0.314778323857136
Eyüp Aydın,Samsunspor,MF,0.0,0.0,0.0,MF,True,True,Samsunspor,Ön Libero,Defansif Oyun Kurucu (Savunma),Defansif Oyun Kurucu,Savunma,DM,0.0,0.0,0.0,0.0,0.0,0.0,2.026772415480482,0.2225645132544505,0.0704592377378516,2.602502141021679,2.773390909775549,0.6057379184647169,2.095724339984184,8.271779918130948,0.0,0.0,85.15298346285967,0.0,0.0,0.0,0.0,0.0,0.0,0.5141060492343319,0.3004056340862515,0.0,0.31713415143441626
Bedirhan Çetin,Samsunspor,DF,0.0,0.0,0.0,DF,False,True,Samsunspor,Stoper,Standart Stoper (Savunma),Standart Stoper,Savunma,CB,1.890485975596089,1.1131412479039384,6.847781429210093,70.36171206472339,63.245915041201314,0.0,0.0,0.0,0.0,0.0,0.0,0.0,2.5831033272588995,0.0,0.0,0.0,85.66905837596063,0.0,0.0,0.0,0.0,0.0,0.7235971090986656,0.2011266360983253,0.0,0.0,0.546743303588731
Albert Posiadala,Samsunspor,GK,0.0,0.0,0.0,GK,False,False,Samsunspor,Kaleci,Kaleci (Savunma),Kaleci,Savunma,GK,0.0,0.0,0.0,0.0,0.0,0.0,0.0,0.0,0.0,0.0,0.0,0.0,0.0,0.0,0.0,0.0,0.0,74.05903930819225,4.3167343078899725,68.2076584607126,0.4983491035354313,1.8688032520732485,0.0,0.0,0.0,0.854481659569436,0.854481659569436
Efe Töruz,Samsunspor,GK,0.0,0.0,0.0,GK,False,False,Samsunspor,,Merkez Orta Saha,Merkez Orta Saha,,MID,0.0,0.0,0.0,0.0,0.0,0.0,1.7888782832478705,0.0198516461607573,0.1382982101425115,2.9811840432413987,1.558407693260044,0.7784700573518646,5.895512931978934,7.784556129641569,0.0,0.0,83.20612707426292,0.0,0.0,0.0,0.0,0.0,0.0,0.5778668555683172,0.19482399559064825,0.0,0.32789822690228826
Efe Üstün,Samsunspor,GK,0.0,0.0,0.0,GK,False,False,Samsunspor,,Merkez Orta Saha,Merkez Orta Saha,,MID,0.0,0.0,0.0,0.0,0.0,0.0,0.7889106925216827,0.1828741225850906,0.0166754062591058,2.8581698638968627,1.9946940972015808,1.4963290774834523,5.04848712576308,6.950711007950553,0.0,0.0,79.97286634894654,0.0,0.0,0.0,0.0,0.0,0.0,0.5638705870233764,0.21333489115859858,0.0,0.32460227174340794
Opponent Total,Samsunspor,NAN,0.525,0.4025,0.0,NAN,False,False,Samsunspor,,Merkez Orta Saha,Merkez Orta Saha,,MID,0.0,0.0,0.0,0.0,0.0,0.0,0.7656296042015771,0.0468529860243955,0.1664411131203893,2.954096851918313,3.565090604859805,1.822535917765262,5.498197848110609,8.103490374565451,0.0,0.0,79.39899689466836,0.0,0.0,0.0,0.0,0.0,0.0,0.7890668252853785,0.3752809047711856,0.0,0.46958959359692637
Tim Jabol-Folcarelli,Trabzonspor,MF,0.0,0.26,0.26,MF,True,True,Trabzonspor,Merkez Orta Saha,Standart Orta Saha (Destek),Standart Orta Saha,Destek,MID,0.0,0.0,0.0,0.0,0.0,0.0,0.6066308643981344,0.214544263289291,0.1900586043851821,1.9760749499949195,1.6212274276325656,1.7211885283867427,6.190774874943212,8.203765205758813,0.0,0.0,84.56034818486556,0.0,0.0,0.0,0.0,0.0,0.0,0.6720822167026254,0.2560451134840401,0.0,0.38725013104812067
Paul Onuachu,Trabzonspor,FW,0.525,0.09,0.6179999999999995,FW,True,False,Trabzonspor,Santrafor,Pivot Santrafor (Hücum),Pivot Santrafor,Hücum,FWD,0.0,0.0,0.0,0.0,0.0,0.0,3.012105363681013,0.0,0.0,0.0,0.0,0.0,0.0,3.1135117261813545,8.20366897836671,0.9123074566842128,0.0,0.0,0.0,0.0,0.0,0.0,0.0,0.0,0.5172699634233493,0.0,0.4138159707386795
Stefan Savić,Trabzonspor,DF,0.09,0.09,0.19,DF,False,True,Trabzonspor,Stoper,Standart Stoper (Sıkı Defans),Standart Stoper,Sıkı Defans,CB,2.94490423052301,0.8033801338249559,10.062768883714952,57.046369369335,76.63112548274898,0.0,0.0,0.0,0.0,0.0,0.0,0.0,3.978894388357901,0.0,0.0,0.0,84.26330815449279,0.0,0.0,0.0,0.0,0.0,0.8337750680730405,0.22954910266190237,0.03428571428571428,0.0,0.6329809396120802
Arsenii Batahov,Trabzonspor,DF,0.0,0.0,0.0,DF,False,True,Trabzonspor,,Merkez Orta Saha,Merkez Orta Saha,,MID,0.0,0.0,0.0,0.0,0.0,0.0,1.78663571137281,0.204765878465414,0.0797124076361233,3.0081523836725585,1.2134748555202983,1.5277014648117262,6.014054674122503,7.250177860290209,0.0,0.0,88.82895639943324,0.0,0.0,0.0,0.0,0.0,0.0,0.5923652536323505,0.2909909261226042,0.0,0.3543808120406961
Mustafa Eskihellaç,Trabzonspor,DF,0.0,0.1,0.1,DF,False,True,Trabzonspor,Sol Bek,Standart Bek (Destek),Standart Bek,Destek,FB,1.6473517381793974,0.0,0.0,64.74900580974864,0.0,4.789133358447261,0.0,0.0,0.0,0.0,0.0,0.0,0.0,0.0,0.0,0.0,80.3341532258577,0.0,0.0,0.0,0.0,0.0,0.30692370663940094,0.13517284336653812,0.02792081332500289,0.0,0.1995978689946625
Wagner Pina,Trabzonspor,DF,0.0,0.19,0.19,DF,False,True,Trabzonspor,Sağ Bek,Ofansif Bek (Hücum),Ofansif Bek,Hücum,FB,0.9491279076858888,0.0,0.0,48.05884612436808,0.0,8.576278388994181,0.0,0.0,0.0,2.569196274307358,0.0,0.0,0.0,0.0,0.0,0.0,79.99058587785174,0.0,0.0,0.0,0.0,0.0,0.20704667953994732,0.1914615293267913,0.10686678348730744,0.0,0.18233515526547253
Oleksandr Zubkov,Trabzonspor,MF,0.11,0.11,0.22,MF,True,True,Trabzonspor,Sağ Kanat,Kanat Oyuncusu (Destek),Kanat Oyuncusu,Destek,WING,0.0,0.0,0.0,0.0,0.0,3.4634156159479224,3.013279471257928,0.2459098104948692,0.3420414376440454,2.9088943360868096,0.0,0.0,0.0,0.0,0.0,0.0,0.0,0.0,0.0,0.0,0.0,0.0,0.0,0.26438568592518286,0.5049991709930245,0.0,0.3823152083733696
Felipe Augusto,Trabzonspor,FW,0.525,0.0,0.6,MF,True,True,Trabzonspor,Santrafor,Yaratıcı Forvet,Yaratıcı Forvet,,FWD,0.0,0.0,0.0,0.0,0.0,0.0,4.6893127695543,0.0,0.0,0.0,0.0,0.0,0.0,0.0,2.5268879897095617,0.6615049610489667,0.0,0.0,0.0,0.0,0.0,0.0,0.0,0.0,0.5368992644915822,0.0,0.4295194115932658
Kazeem Olaigbe,Trabzonspor,MF,0.0,0.0,0.0,MF,True,True,Trabzonspor,Sol Kanat,Kanat Oyuncusu (Hücum),Kanat Oyuncusu,Hücum,WING,0.0,0.0,0.0,0.0,0.0,2.592818393127148,3.4162901291379373,0.1225731290813486,0.0967176714782412,2.784063526584029,0.0,0.0,0.0,0.0,0.0,0.0,0.0,0.0,0.0,0.0,0.0,0.0,0.0,0.11817586106576808,0.3254879759214509,0.0,0.23074554387260093
André Onana,Trabzonspor,GK,0.0,0.12,0.12,GK,False,False,Trabzonspor,Kaleci,Libero Kaleci (Destek),Libero Kaleci,Destek,GK,0.0,0.0,0.0,0.0,0.0,0.0,0.0,0.0,0.0,0.0,0.0,0.0,0.0,0.0,0.0,0.0,0.0,57.60989098853355,5.042965300359907,77.80531604557584,0.8655290447975682,0.6627784363506775,0.0,0.0,0.0,1.083598510769203,1.083598510769203
Okay Yokuşlu,Trabzonspor,DF,0.15,0.0,0.15,MF,True,True,Trabzonspor,Ön Libero,Ön Libero (Çapa),Ön Libero,Çapa,DM,2.6050019348157782,0.0,0.0,0.0,0.0,0.0,2.0051825906656457,0.1351984387463861,0.3374100965079298,1.1245644495006428,0.0,0.0,4.483477114089733,8.022079970182032,0.0,0.0,0.0,0.0,0.0,0.0,0.0,0.0,0.1976879017426701,0.321077965225153,0.34866971323862345,0.0,0.2895792957831022
Christ Inao Oulaï,Trabzonspor,MF,0.18,0.37,0.55,MF,True,True,Trabzonspor,Ön Libero,Defansif Orta Saha (Savunma),Defansif Orta Saha,Savunma,DM,0.0,0.0,0.0,0.0,0.0,0.0,0.9565974994825084,0.1775606996558278,0.3183091138280347,2.270120564494294,1.207022777838449,0.665647795116654,6.8003713577826455,7.184828770015702,0.0,0.0,82.12749223869223,0.0,0.0,0.0,0.0,0.0,0.0,0.654113756824402,0.36098748896138516,0.0,0.399254376204478
Uğurcan Çakır,Trabzonspor,GK,0.0,0.0,0.0,GK,False,False,Trabzonspor,,Merkez Orta Saha,Merkez Orta Saha,,MID,0.0,0.0,0.0,0.0,0.0,0.0,0.5420451568519457,0.0785875282959371,0.252750132409567,0.926837998108643,3.822353561509324,0.9337811694439248,4.679675394260591,7.080844630561803,0.0,0.0,86.79600128667148,0.0,0.0,0.0,0.0,0.0,0.0,0.736467206346395,0.16546441511388635,0.0,0.4013264861959748
Ernest Muçi,Trabzonspor,FW,0.0,0.0,0.0,MF,True,True,Trabzonspor,On Numara,Serbest Oyuncu (Trequartista),Serbest Oyuncu,Trequartista,AM,0.0,0.0,0.0,0.0,0.0,0.0,0.5725605017004974,0.1177919747332036,0.1866853200678769,1.6763817407307298,2.520761313885504,0.9647103129837036,4.442478163299526,6.711668269291106,0.0,0.0,85.9039362592772,0.0,0.0,0.0,0.0,0.0,0.0,0.6262545832689823,0.18795541872687313,0.0,0.3695139172525531
Ozan Tufan,Trabzonspor,DF,0.0,0.0,0.0,MF,True,True,Trabzonspor,Merkez Orta Saha,İki Yönlü Orta Saha,İki Yönlü Orta Saha,,MID,1.3663278930932587,0.0,0.0,0.0,0.0,0.0,2.432506073174564,0.2054092244276179,0.3044892058766897,1.7894461441527745,3.679270615586245,1.7262120907513068,6.8003713577826455,7.516299837345848,0.0,0.0,0.0,0.0,0.0,0.0,0.0,0.0,0.10368763672230864,0.738991783892352,0.35767114879171075,0.0,0.47213641272121076
Arif Boşluk,Trabzonspor,DF,0.0,0.0,0.0,DF,False,True,Trabzonspor,Sol Bek,Standart Bek (Destek),Standart Bek,Destek,FB,1.713081121091531,0.0,0.0,60.24686114636587,0.0,1.6134056124643208,0.0,0.0,0.0,0.0,0.0,0.0,0.0,0.0,0.0,0.0,78.18728507646034,0.0,0.0,0.0,0.0,0.0,0.2992631674861248,0.13156045361157037,0.009406210592083752,0.0,0.19098096194495026
Rayyan Baniya,Trabzonspor,DF,0.0,0.0,0.0,DF,False,True,Trabzonspor,Stoper,Standart Stoper (Savunma),Standart Stoper,Savunma,CB,2.061544724881712,1.3361081550957914,4.237822591684085,52.95412069054141,60.52745037656236,0.0,0.0,0.0,0.0,0.0,0.0,0.0,2.0387682031757746,0.0,0.0,0.0,84.22161575182251,0.0,0.0,0.0,0.0,0.0,0.6513052029893961,0.1866843856062681,0.0,0.0,0.49325051921383084
Edin Višća,Trabzonspor,MF,0.0,0.0,0.0,MF,True,True,Trabzonspor,Sağ Kanat,Çalışkan Kanat Oyuncusu (Destek),Çalışkan Kanat Oyuncusu,Destek,WING,0.0,0.0,0.0,0.0,0.0,5.266851846190859,3.840268734076722,0.0161032012036928,0.3207522406281258,4.517920861271849,0.0,0.0,0.0,0.0,0.0,0.0,0.0,0.0,0.0,0.0,0.0,0.0,0.0,0.287551685455097,0.3980925228743061,0.0,0.3251210193611127
Anthony Nwakaeme,Trabzonspor,MF,0.0,0.0,0.0,MF,True,True,Trabzonspor,Sol Kanat,İçe Kat Eden Oyuncu (Destek),İçe Kat Eden Oyuncu,Destek,WING,0.0,0.0,0.0,0.0,0.0,5.374924692438893,2.200636827549016,0.2353408883932613,0.1299140689701497,2.209576083581288,0.0,0.0,0.0,0.0,0.0,0.0,0.0,0.0,0.0,0.0,0.0,0.0,0.0,0.12487085890250868,0.3556356008514181,0.0,0.25084261818160347
Danylo Sikan,Trabzonspor,FW,0.525,0.0,0.6179999999999995,FW,True,False,Trabzonspor,Santrafor,Çalışkan Forvet (Destek),Çalışkan Forvet,Destek,FWD,0.9491279076858888,0.0,0.0,0.0,0.0,0.0,2.411370368629907,0.0,0.0,0.0,0.0,0.0,0.0,4.3423507354904505,1.161241430490398,0.651135653404499,0.0,0.0,0.0,0.0,0.0,0.0,0.07202724191799996,0.0,0.43759868647403827,0.0,0.35368031127513067
Benjamin Bouchouari,Trabzonspor,MF,0.0,0.0,0.0,MF,True,True,Trabzonspor,Merkez Orta Saha,Defansif Oyun Kurucu (Destek),Defansif Oyun Kurucu,Destek,MID,0.0,0.0,0.0,0.0,0.0,0.0,1.0204340327025827,0.1148162992933034,0.045728320338212,1.8696662673449893,2.228236215451055,0.8749354195964318,4.00943599945365,3.951630631758442,0.0,0.0,89.14603468984694,0.0,0.0,0.0,0.0,0.0,0.0,0.5181850488819286,0.1683098709413871,0.0,0.29275449862924174
Batista Mendy,Trabzonspor,MF,0.0,0.0,0.0,DF,False,True,Trabzonspor,,Merkez Orta Saha,Merkez Orta Saha,,MID,0.0,0.0,0.0,0.0,0.0,0.0,2.0153686104600808,0.0894495663313604,0.2766784279962097,2.677761458062628,3.432635743023756,1.2725084895645846,2.7684552142210226,8.28522455519357,0.0,0.0,87.85177220758969,0.0,0.0,0.0,0.0,0.0,0.0,0.7500865186572483,0.2806783395897034,0.0,0.4311789272465648
Salih Malkoçoglu,Trabzonspor,MF,0.0,0.0,0.0,MF,True,True,Trabzonspor,,Merkez Orta Saha,Merkez Orta Saha,,MID,0.0,0.0,0.0,0.0,0.0,0.0,1.711793494593954,0.1235531118125749,0.0436872848883969,1.8491068734299336,3.507477783731548,1.303330722319509,4.863036164410112,8.231061166471392,0.0,0.0,84.79926310686555,0.0,0.0,0.0,0.0,0.0,0.0,0.6437943194928823,0.20207396515457715,0.0,0.3623119527773566
Cihan Çanak,Trabzonspor,MF,0.0,0.0,0.0,MF,True,True,Trabzonspor,Sol Kanat,İçe Kat Eden Oyuncu (Destek),İçe Kat Eden Oyuncu,Destek,WING,0.0,0.0,0.0,0.0,0.0,7.88636097282035,3.349893948868143,0.1590737657732218,0.3420414376440454,4.095914379510607,0.0,0.0,0.0,0.0,0.0,0.0,0.0,0.0,0.0,0.0,0.0,0.0,0.0,0.29065927680631304,0.47654236302538455,0.0,0.37312320085712464
Muhammed Cham,Trabzonspor,MF,0.0,0.0,0.0,MF,True,True,Trabzonspor,,Merkez Orta Saha,Merkez Orta Saha,,MID,0.0,0.0,0.0,0.0,0.0,0.0,1.2020732432710814,0.2070623131093046,0.2779737318922918,2.011472781080833,1.9965730993468136,1.0353289627566653,3.385062621629894,3.175483698207355,0.0,0.0,85.88436597880929,0.0,0.0,0.0,0.0,0.0,0.0,0.6354207319782983,0.3033635575227702,0.0,0.3783830774937032
Boran Başkan,Trabzonspor,MF,0.0,0.0,0.0,MF,True,True,Trabzonspor,,Merkez Orta Saha,Merkez Orta Saha,,MID,0.0,0.0,0.0,0.0,0.0,0.0,0.8319432506106658,0.0838020118427181,0.0965186488879749,1.4413691533606845,3.0808541724213856,1.030683738104654,6.6065375610648776,7.954900503388576,0.0,0.0,88.78063759900841,0.0,0.0,0.0,0.0,0.0,0.0,0.662118927139858,0.14672183337599407,0.0,0.3604038302451278
Onuralp Çevikkan,Trabzonspor,GK,0.0,0.0,0.0,GK,False,False,Trabzonspor,Kaleci,Kaleci (Savunma),Kaleci,Savunma,GK,0.0,0.0,0.0,0.0,0.0,0.0,0.0,0.0,0.0,0.0,0.0,0.0,0.0,0.0,0.0,0.0,0.0,71.16794696232922,2.596147044602517,75.11102277086097,0.3805269858900618,0.7062814162189899,0.0,0.0,0.0,0.9015587218075969,0.9015587218075969
Ahmet Doğan Yıldırım,Trabzonspor,GK,0.0,0.0,0.0,GK,False,False,Trabzonspor,,Merkez Orta Saha,Merkez Orta Saha,,MID,0.0,0.0,0.0,0.0,0.0,0.0,0.6549114781347536,0.0434403982839359,0.3069817033563661,1.8077798373992184,3.31336844755566,1.742833396859122,4.915954021385488,3.773219204840671,0.0,0.0,82.79422541504321,0.0,0.0,0.0,0.0,0.0,0.0,0.8163238821258676,0.1841932426400645,0.0,0.4450005895909467
Taha Emre İnce,Trabzonspor,DF,0.0,0.0,0.0,DF,False,True,Trabzonspor,,Merkez Orta Saha,Merkez Orta Saha,,MID,0.0,0.0,0.0,0.0,0.0,0.0,1.69152723288162,0.1780035050826952,0.3304147328388892,1.413627993610509,2.9639520605978635,1.6839392724795283,4.964200902540551,5.010713125554851,0.0,0.0,81.92153647029333,0.0,0.0,0.0,0.0,0.0,0.0,0.7938054259328919,0.3086125977650248,0.0,0.4586252325194509
Serdar Saatçı,Trabzonspor,DF,0.0,0.0,0.0,DF,False,True,Trabzonspor,Stoper,Standart Stoper (Durdurucu),Standart Stoper,Durdurucu,CB,1.5486319328629077,0.7395365011764162,4.92858112405533,67.41842913410377,53.512010492828175,0.0,0.0,0.0,0.0,0.0,0.0,0.0,2.6615628532039626,0.0,0.0,0.0,80.15562475774468,0.0,0.0,0.0,0.0,0.0,0.5974898611305093,0.19358018477155586,0.0,0.0,0.45695893974566765
