Player,Team,Pos,Gls_p90,Ast_p90,G+A_p90,PosGroup,Is_Attacker,Is_Defender,TeamSheet,FM_Mevki,FM_Rol,FM_Rol_Base,FM_Rol_Gorev,MevkiGroup,top_calma_p90,kayarak_mudahale_p90,uzaklastirma_p90,ikili_mucadele_kazanma_yuzde,hava_topu_kazanma_yuzde,orta_sayisi_p90,sut_p90,asist_p90_sentetik,xA_p90_sentetik,dribbling_p90,kilit_pas_p90,ara_pas_p90,uzun_pas_p90,sahipsiz_top_kazanma_p90,hava_topu_mucadele_p90,xG_p90_sentetik,pas_isabet_yuzde,kaleci_sut_karsilama_yuzde,kaleci_kurtaris_sayisi_p90,kaleci_pas_isabet_yuzde,kaleci_sahipsiz_top_kazanma_p90,kaleci_yenilen_gol_p90,Defans_Skoru,OyunKurucu_Skoru,Hucum_Skoru,Kaleci_Skoru,Overall_Skoru,xG_p90_common,xA_p90_common,Rk,Nation,League,Age,Born,MP,Starts,Min,90s,Gls,Ast,G+A,G-PK,PK,PKatt,CrdY,CrdR,xG,npxG,xAG,npxG+xAG,PrgC,PrgP,PrgR,G+A-PK,xG+xAG,Rk_stats_shooting,Nation_stats_shooting,Pos_stats_shooting,Comp_stats_shooting,Age_stats_shooting,Born_stats_shooting,90s_stats_shooting,Gls_stats_shooting,Sh,SoT,SoT%,Sh/90,SoT/90,G/Sh,G/SoT,Dist,FK,PK_stats_shooting,PKatt_stats_shooting,xG_stats_shooting,npxG_stats_shooting,npxG/Sh,G-xG,np:G-xG,Rk_stats_passing,Nation_stats_passing,Pos_stats_passing,Comp_stats_passing,Age_stats_passing,Born_stats_passing,90s_stats_passing,Cmp,Att,Cmp%,TotDist,PrgDist,Ast_stats_passing,xAG_stats_passing,xA,A-xAG,KP,1/3,PPA,CrsPA,PrgP_stats_passing,Rk_stats_passing_types,Nation_stats_passing_types,Pos_stats_passing_types,Comp_stats_passing_types,Age_stats_passing_types,Born_stats_passing_types,90s_stats_passing_types,Att_stats_passing_types,Live,Dead,FK_stats_passing_types,TB,Sw,Crs,TI,CK,In,Out,Str,Cmp_stats_passing_types,Off,Blocks,Rk_stats_gca,Nation_stats_gca,Pos_stats_gca,Comp_stats_gca,Age_stats_gca,Born_stats_gca,90s_stats_gca,SCA,SCA90,PassLive,PassDead,TO,Sh_stats_gca,Fld,Def,GCA,GCA90,Rk_stats_defense,Nation_stats_defense,Pos_stats_defense,Comp_stats_defense,Age_stats_defense,Born_stats_defense,90s_stats_defense,Tkl,TklW,Def 3rd,Mid 3rd,Att 3rd,Att_stats_defense,Tkl%,Lost,Blocks_stats_defense,Sh_stats_defense,Pass,Int,Tkl+Int,Clr,Err,Rk_stats_possession,Nation_stats_possession,Pos_stats_possession,Comp_stats_possession,Age_stats_possession,Born_stats_possession,90s_stats_possession,Touches,Def Pen,Def 3rd_stats_possession,Mid 3rd_stats_possession,Att 3rd_stats_possession,Att Pen,Live_stats_possession,Att_stats_possession,Succ,Succ%,Tkld,Tkld%,Carries,TotDist_stats_possession,PrgDist_stats_possession,PrgC_stats_possession,1/3_stats_possession,CPA,Mis,Dis,Rec,PrgR_stats_possession,Rk_stats_playing_time,Nation_stats_playing_time,Pos_stats_playing_time,Comp_stats_playing_time,Age_stats_playing_time,Born_stats_playing_time,MP_stats_playing_time,Min_stats_playing_time,Mn/MP,Min%,90s_stats_playing_time,Starts_stats_playing_time,Mn/Start,Compl,Subs,Mn/Sub,unSub,PPM,onG,onGA,+/-,+/-90,On-Off,onxG,onxGA,xG+/-,xG+/-90,Rk_stats_misc,Nation_stats_misc,Pos_stats_misc,Comp_stats_misc,Age_stats_misc,Born_stats_misc,90s_stats_misc,CrdY_stats_misc,CrdR_stats_misc,2CrdY,Fls,Fld_stats_misc,Off_stats_misc,Crs_stats_misc,Int_stats_misc,TklW_stats_misc,PKwon,PKcon,OG,Recov,Won,Lost_stats_misc,Won%,Rk_stats_keeper,Nation_stats_keeper,Pos_stats_keeper,Comp_stats_keeper,Age_stats_keeper,Born_stats_keeper,MP_stats_keeper,Starts_stats_keeper,Min_stats_keeper,90s_stats_keeper,GA,GA90,SoTA,Saves,Save%,W,D,L,CS,CS%,PKatt_stats_keeper,PKA,PKsv,PKm,Rk_stats_keeper_adv,Nation_stats_keeper_adv,Pos_stats_keeper_adv,Comp_stats_keeper_adv,Age_stats_keeper_adv,Born_stats_keeper_adv,90s_stats_keeper_adv,GA_stats_keeper_adv,PKA_stats_keeper_adv,FK_stats_keeper_adv,CK_stats_keeper_adv,OG_stats_keeper_adv,PSxG,PSxG/SoT,PSxG+/-,/90,Cmp_stats_keeper_adv,Att_stats_keeper_adv,Cmp%_stats_keeper_adv,Att (GK),Thr,Launch%,AvgLen,Opp,Stp,Stp%,#OPA,#OPA/90,AvgDist,xG_p90,xA_p90,sot_p90,interception_p90,Pos_Simple,Top5Percentile_Defans_Skoru,Top5Percentile_OyunKurucu_Skoru,Top5Percentile_Hucum_Skoru,Top5Percentile_Overall_Skoru,Top5Percentile_G+A_p90
Nuno Lima,Alanya,DF,0.0,0.0,0.0,DF,False,True,Alanya,Stoper,Pas Dağıtan Stoper (Savunma),Pas Dağıtan Stoper,Savunma,CB,1.7466751042077973,1.1646826516096702,4.237822591684085,51.21636548281538,56.76732135299197,0.0,0.0,0.0,0.0,0.0,0.0,0.0,4.882440885574228,0.0,0.0,0.0,80.91035993730397,0.0,0.0,0.0,0.0,0.0,0.34565298924475074,0.13601286256267864,0.0,0.0,0.26915966498386124,0.0,0.0,,,,,,,,,,,,,,,,,,,,,,,,,,,,,,,,,,,,,,,,,,,,,,,,,,,,,,,,,,,,,,,,,,,,,,,,,,,,,,,,,,,,,,,,,,,,,,,,,,,,,,,,,,,,,,,,,,,,,,,,,,,,,,,,,,,,,,,,,,,,,,,,,,,,,,,,,,,,,,,,,,,,,,,,,,,,,,,,,,,,,,,,,,,,,,,,,,,,,,,,,,,,,,,,,,,,,,,,,,,,,,,,,,,,,,,,,,,,,,,,,,,,,,,,,,,,,,,,,,,,,,,,,,,,,,41.12903225806452,16.263440860215052,7.526881720430108,37.096774193548384,60.08064516129033
Ertuğrul Taşkıran,Alanya,GK,0.0,0.0,0.0,GK,False,False,Alanya,Kaleci,Kaleci (Savunma),Kaleci,Savunma,GK,0.0,0.0,0.0,0.0,0.0,0.0,0.0,0.0,0.0,0.0,0.0,0.0,0.0,0.0,0.0,0.0,0.0,62.49080237694725,2.913841307520112,60.61055353690677,0.3372788992949735,0.9272607415662014,0.0,0.0,0.0,0.785995423005958,0.785995423005958,0.0,0.0,,,,,,,,,,,,,,,,,,,,,,,,,,,,,,,,,,,,,,,,,,,,,,,,,,,,,,,,,,,,,,,,,,,,,,,,,,,,,,,,,,,,,,,,,,,,,,,,,,,,,,,,,,,,,,,,,,,,,,,,,,,,,,,,,,,,,,,,,,,,,,,,,,,,,,,,,,,,,,,,,,,,,,,,,,,,,,,,,,,,,,,,,,,,,,,,,,,,,,,,,,,,,,,,,,,,,,,,,,,,,,,,,,,,,,,,,,,,,,,,,,,,,,,,,,,,,,,,,,,,,,,,,,,,,,4.929577464788732,0.0,83.09859154929578,100.0,96.47887323943662
Gaius Makouta,Alanya,MF,0.0,0.0,0.0,MF,True,True,Alanya,Merkez Orta Saha,İki Yönlü Orta Saha,İki Yönlü Orta Saha,,MID,2.714643186041126,0.0,0.0,0.0,0.0,0.0,0.5537114399137317,0.193658445159447,0.2890923744478286,2.8074722919873407,2.4769764400035457,0.6874406310667,4.393799362072765,4.05832191903734,0.0,0.0,0.0,0.0,0.0,0.0,0.0,0.0,0.03393303982551408,0.12443903107313564,0.024119490107018814,0.0,0.0772233255056258,0.0,0.2890923744478286,,,,,,,,,,,,,,,,,,,,,,,,,,,,,,,,,,,,,,,,,,,,,,,,,,,,,,,,,,,,,,,,,,,,,,,,,,,,,,,,,,,,,,,,,,,,,,,,,,,,,,,,,,,,,,,,,,,,,,,,,,,,,,,,,,,,,,,,,,,,,,,,,,,,,,,,,,,,,,,,,,,,,,,,,,,,,,,,,,,,,,,,,,,,,,,,,,,,,,,,,,,,,,,,,,,,,,,,,,,,,,,,,,,,,,,,,,,,,,,,,,,,,,,,,,,,,,,,,,,,,,,,,,,,,,8.548707753479125,5.168986083499006,45.72564612326044,4.174950298210735,48.70775347912525
Ümit Akdag,Alanya,DF,0.09,0.0,0.09,DF,False,True,Alanya,,Merkez Orta Saha,Merkez Orta Saha,,MID,0.0,0.0,0.0,0.0,0.0,0.0,1.6672420461008937,0.1609760633852826,0.0352231174832366,1.234051719330432,1.85282227878255,0.7273926122001491,3.538979158403728,5.990206636436879,0.0,0.0,82.25909593052413,0.0,0.0,0.0,0.0,0.0,0.0,0.2048615529652981,0.024766474458664485,0.0,0.10738407137438194,0.0,0.0352231174832366,,,,,,,,,,,,,,,,,,,,,,,,,,,,,,,,,,,,,,,,,,,,,,,,,,,,,,,,,,,,,,,,,,,,,,,,,,,,,,,,,,,,,,,,,,,,,,,,,,,,,,,,,,,,,,,,,,,,,,,,,,,,,,,,,,,,,,,,,,,,,,,,,,,,,,,,,,,,,,,,,,,,,,,,,,,,,,,,,,,,,,,,,,,,,,,,,,,,,,,,,,,,,,,,,,,,,,,,,,,,,,,,,,,,,,,,,,,,,,,,,,,,,,,,,,,,,,,,,,,,,,,,,,,,,,5.964214711729622,77.33598409542743,46.71968190854871,6.759443339960239,52.087475149105366
Fidan Aliti,Alanya,DF,0.0,0.0,0.0,DF,False,True,Alanya,Stoper,Standart Stoper (Sıkı Defans),Standart Stoper,Sıkı Defans,CB,1.6862055356117984,1.4100195254978845,7.724784145059681,51.15006605054382,68.86828540339653,0.0,0.0,0.0,0.0,0.0,0.0,0.0,2.0387682031757746,0.0,0.0,0.0,85.6623278918101,0.0,0.0,0.0,0.0,0.0,0.39819704182233473,0.13460979644724247,0.0,0.0,0.3056598885650828,0.0,0.0,,,,,,,,,,,,,,,,,,,,,,,,,,,,,,,,,,,,,,,,,,,,,,,,,,,,,,,,,,,,,,,,,,,,,,,,,,,,,,,,,,,,,,,,,,,,,,,,,,,,,,,,,,,,,,,,,,,,,,,,,,,,,,,,,,,,,,,,,,,,,,,,,,,,,,,,,,,,,,,,,,,,,,,,,,,,,,,,,,,,,,,,,,,,,,,,,,,,,,,,,,,,,,,,,,,,,,,,,,,,,,,,,,,,,,,,,,,,,,,,,,,,,,,,,,,,,,,,,,,,,,,,,,,,,,64.78494623655914,15.188172043010754,7.526881720430108,60.88709677419355,60.08064516129033
Yusuf Özdemir,Alanya,MF,0.1,0.1,0.2,MF,True,True,Alanya,Sol Bek,Standart Bek (Hücum),Standart Bek,Hücum,FB,1.9348481554857464,0.0,0.0,54.671027950521975,0.0,3.4969519836559684,0.0,0.0,0.0,0.0,0.0,0.0,0.0,0.0,0.0,0.0,82.20721764823516,0.0,0.0,0.0,0.0,0.0,0.18819868579513777,0.12331082647235274,0.010828253306093282,0.0,0.13325824150049337,0.0,0.0,,,,,,,,,,,,,,,,,,,,,,,,,,,,,,,,,,,,,,,,,,,,,,,,,,,,,,,,,,,,,,,,,,,,,,,,,,,,,,,,,,,,,,,,,,,,,,,,,,,,,,,,,,,,,,,,,,,,,,,,,,,,,,,,,,,,,,,,,,,,,,,,,,,,,,,,,,,,,,,,,,,,,,,,,,,,,,,,,,,,,,,,,,,,,,,,,,,,,,,,,,,,,,,,,,,,,,,,,,,,,,,,,,,,,,,,,,,,,,,,,,,,,,,,,,,,,,,,,,,,,,,,,,,,,,15.09433962264151,5.660377358490567,14.465408805031446,10.062893081761008,70.44025157232704
Maestro,Alanya,MF,0.11,0.11,0.21,MF,True,True,Alanya,,Merkez Orta Saha,Merkez Orta Saha,,MID,0.0,0.0,0.0,0.0,0.0,0.0,1.803246876965534,0.1325755333122895,0.0839559394645806,3.0085109651214683,1.4014850889990793,1.8138246252755847,6.5689422193662965,5.513552697027287,0.0,0.0,78.62387222373249,0.0,0.0,0.0,0.0,0.0,0.0,0.21737167090637205,0.03441198376104224,0.0,0.11556823220539447,0.0,0.0839559394645806,,,,,,,,,,,,,,,,,,,,,,,,,,,,,,,,,,,,,,,,,,,,,,,,,,,,,,,,,,,,,,,,,,,,,,,,,,,,,,,,,,,,,,,,,,,,,,,,,,,,,,,,,,,,,,,,,,,,,,,,,,,,,,,,,,,,,,,,,,,,,,,,,,,,,,,,,,,,,,,,,,,,,,,,,,,,,,,,,,,,,,,,,,,,,,,,,,,,,,,,,,,,,,,,,,,,,,,,,,,,,,,,,,,,,,,,,,,,,,,,,,,,,,,,,,,,,,,,,,,,,,,,,,,,,,5.964214711729622,84.09542743538768,64.41351888667992,8.34990059642147,66.79920477137176
Uchenna Ogundu,Alanya,FW,0.26,0.13,0.39,FW,True,False,Alanya,Santrafor,Yaratıcı Forvet,Yaratıcı Forvet,,FWD,0.0,0.0,0.0,0.0,0.0,0.0,2.962126340720595,0.0,0.0,0.0,0.0,0.0,0.0,0.0,4.0016712112465616,0.3007641571034866,0.0,0.0,0.0,0.0,0.0,0.0,0.0,0.0,0.054992361457364435,0.0,0.04399388916589155,0.3007641571034866,0.0,,,,,,,,,,,,,,,,,,,,,,,,,,,,,,,,,,,,,,,,,,,,,,,,,,,,,,,,,,,,,,,,,,,,,,,,,,,,,,,,,,,,,,,,,,,,,,,,,,,,,,,,,,,,,,,,,,,,,,,,,,,,,,,,,,,,,,,,,,,,,,,,,,,,,,,,,,,,,,,,,,,,,,,,,,,,,,,,,,,,,,,,,,,,,,,,,,,,,,,,,,,,,,,,,,,,,,,,,,,,,,,,,,,,,,,,,,,,,,,,,,,,,,,,,,,,,,,,,,,,,,,,,,,,,,9.809264305177113,2.7247956403269753,44.6866485013624,13.35149863760218,58.31062670299727
İbrahim Kaya,Alanya,FW,0.28,0.0,0.28,MF,True,True,Alanya,On Numara,Ofansif Orta Saha (Destek),Ofansif Orta Saha,Destek,AM,0.0,0.0,0.0,0.0,0.0,0.0,1.7009297266201906,0.0140238381945519,0.0496901964163478,3.046762280485903,2.88867309067521,1.3086418291040132,6.76407508501253,8.4890754064086,0.0,0.0,78.38092518447587,0.0,0.0,0.0,0.0,0.0,0.0,0.2519371017524831,0.03781381082407058,0.0,0.1373126941234627,0.0,0.0496901964163478,,,,,,,,,,,,,,,,,,,,,,,,,,,,,,,,,,,,,,,,,,,,,,,,,,,,,,,,,,,,,,,,,,,,,,,,,,,,,,,,,,,,,,,,,,,,,,,,,,,,,,,,,,,,,,,,,,,,,,,,,,,,,,,,,,,,,,,,,,,,,,,,,,,,,,,,,,,,,,,,,,,,,,,,,,,,,,,,,,,,,,,,,,,,,,,,,,,,,,,,,,,,,,,,,,,,,,,,,,,,,,,,,,,,,,,,,,,,,,,,,,,,,,,,,,,,,,,,,,,,,,,,,,,,,,,,,,
Hwang Ui-jo,Alanya,FW,0.14,0.14,0.28,MF,True,True,Alanya,,Merkez Orta Saha,Merkez Orta Saha,,MID,0.0,0.0,0.0,0.0,0.0,0.0,1.373337491981202,0.2421221943985959,0.1217794940537583,2.170162881154258,1.1629961044687116,0.9237086395550056,3.633712710150204,5.174363394699799,0.0,0.0,83.08002172983836,0.0,0.0,0.0,0.0,0.0,0.0,0.19672174657833807,0.031029961884848002,0.0,0.10456686566613864,0.0,0.1217794940537583,,,,,,,,,,,,,,,,,,,,,,,,,,,,,,,,,,,,,,,,,,,,,,,,,,,,,,,,,,,,,,,,,,,,,,,,,,,,,,,,,,,,,,,,,,,,,,,,,,,,,,,,,,,,,,,,,,,,,,,,,,,,,,,,,,,,,,,,,,,,,,,,,,,,,,,,,,,,,,,,,,,,,,,,,,,,,,,,,,,,,,,,,,,,,,,,,,,,,,,,,,,,,,,,,,,,,,,,,,,,,,,,,,,,,,,,,,,,,,,,,,,,,,,,,,,,,,,,,,,,,,,,,,,,,,5.964214711729622,71.57057654075547,59.84095427435388,6.36182902584493,75.54671968190854
Ianis Hagi,Alanya,FW,0.34,0.17,0.51,MF,True,True,Alanya,On Numara,Oyun Kurucu (Hücum),Oyun Kurucu,Hücum,AM,0.0,0.0,0.0,0.0,0.0,0.0,1.1975501383763827,0.1996785479136436,0.1576228426168944,0.926837998108643,3.2459357023786,1.137842278156541,3.772124743965274,6.4835301016682605,0.0,0.0,79.01478453716686,0.0,0.0,0.0,0.0,0.0,0.0,0.2580526311883396,0.03589751008371121,0.0,0.13979556861928316,0.0,0.1576228426168944,,,,,,,,,,,,,,,,,,,,,,,,,,,,,,,,,,,,,,,,,,,,,,,,,,,,,,,,,,,,,,,,,,,,,,,,,,,,,,,,,,,,,,,,,,,,,,,,,,,,,,,,,,,,,,,,,,,,,,,,,,,,,,,,,,,,,,,,,,,,,,,,,,,,,,,,,,,,,,,,,,,,,,,,,,,,,,,,,,,,,,,,,,,,,,,,,,,,,,,,,,,,,,,,,,,,,,,,,,,,,,,,,,,,,,,,,,,,,,,,,,,,,,,,,,,,,,,,,,,,,,,,,,,,,,,,,,
Ruan,Alanya,MF,0.0,0.0,0.0,MF,True,True,Alanya,,Merkez Orta Saha,Merkez Orta Saha,,MID,0.0,0.0,0.0,0.0,0.0,0.0,2.213000664100833,0.0732055091752411,0.2620892179371572,1.5750029595722643,1.95276038578335,0.5834547459142635,4.528170767109794,6.793585727517183,0.0,0.0,85.28216346648168,0.0,0.0,0.0,0.0,0.0,0.0,0.23177828139770426,0.03655108275742529,0.0,0.12319935725033719,0.0,0.2620892179371572,,,,,,,,,,,,,,,,,,,,,,,,,,,,,,,,,,,,,,,,,,,,,,,,,,,,,,,,,,,,,,,,,,,,,,,,,,,,,,,,,,,,,,,,,,,,,,,,,,,,,,,,,,,,,,,,,,,,,,,,,,,,,,,,,,,,,,,,,,,,,,,,,,,,,,,,,,,,,,,,,,,,,,,,,,,,,,,,,,,,,,,,,,,,,,,,,,,,,,,,,,,,,,,,,,,,,,,,,,,,,,,,,,,,,,,,,,,,,,,,,,,,,,,,,,,,,,,,,,,,,,,,,,,,,,5.964214711729622,89.06560636182903,66.79920477137176,9.940357852882704,48.70775347912525
Florent Hadergjonaj,Alanya,MF,0.21,0.21,0.42,MF,True,True,Alanya,Sağ Bek,Ofansif Bek (Destek),Ofansif Bek,Destek,FB,1.092943781042771,0.0,0.0,58.63598685460825,0.0,4.527843928582583,0.0,0.0,0.0,1.5436991984969803,0.0,0.0,0.0,0.0,0.0,0.0,79.66479629360553,0.0,0.0,0.0,0.0,0.0,0.18956975782685936,0.12142681843852952,0.02190565454388009,0.0,0.13559405535376456,0.0,0.0,,,,,,,,,,,,,,,,,,,,,,,,,,,,,,,,,,,,,,,,,,,,,,,,,,,,,,,,,,,,,,,,,,,,,,,,,,,,,,,,,,,,,,,,,,,,,,,,,,,,,,,,,,,,,,,,,,,,,,,,,,,,,,,,,,,,,,,,,,,,,,,,,,,,,,,,,,,,,,,,,,,,,,,,,,,,,,,,,,,,,,,,,,,,,,,,,,,,,,,,,,,,,,,,,,,,,,,,,,,,,,,,,,,,,,,,,,,,,,,,,,,,,,,,,,,,,,,,,,,,,,,,,,,,,,15.09433962264151,5.660377358490567,38.9937106918239,10.69182389937107,88.0503144654088
Enes Keskin,Alanya,MF,0.0,0.25,0.25,MF,True,True,Alanya,,Merkez Orta Saha,Merkez Orta Saha,,MID,0.0,0.0,0.0,0.0,0.0,0.0,1.490071748786058,0.2449925823397126,0.2279016547085859,2.465702679614504,1.1272268465434114,0.6918002018336263,6.705604062668368,3.1135117261813545,0.0,0.0,88.5716760676759,0.0,0.0,0.0,0.0,0.0,0.0,0.21848239543953069,0.03268104037524028,0.0,0.1157774057948134,0.0,0.2279016547085859,,,,,,,,,,,,,,,,,,,,,,,,,,,,,,,,,,,,,,,,,,,,,,,,,,,,,,,,,,,,,,,,,,,,,,,,,,,,,,,,,,,,,,,,,,,,,,,,,,,,,,,,,,,,,,,,,,,,,,,,,,,,,,,,,,,,,,,,,,,,,,,,,,,,,,,,,,,,,,,,,,,,,,,,,,,,,,,,,,,,,,,,,,,,,,,,,,,,,,,,,,,,,,,,,,,,,,,,,,,,,,,,,,,,,,,,,,,,,,,,,,,,,,,,,,,,,,,,,,,,,,,,,,,,,,5.964214711729622,84.89065606361828,61.431411530815105,8.34990059642147,73.558648111332
Nicolas Janvier,Alanya,MF,0.0,0.0,0.0,MF,True,True,Alanya,Merkez Orta Saha,Standart Orta Saha (Destek),Standart Orta Saha,Destek,MID,0.0,0.0,0.0,0.0,0.0,0.0,1.4062819430224351,0.1504703974090805,0.2173249986174509,3.449202680674044,2.533387417711689,1.6483201257737914,6.3815971657115576,6.981224232100264,0.0,0.0,88.59497779822466,0.0,0.0,0.0,0.0,0.0,0.0,0.2744611858526678,0.0313788260766075,0.0,0.1435063581416554,0.0,0.2173249986174509,,,,,,,,,,,,,,,,,,,,,,,,,,,,,,,,,,,,,,,,,,,,,,,,,,,,,,,,,,,,,,,,,,,,,,,,,,,,,,,,,,,,,,,,,,,,,,,,,,,,,,,,,,,,,,,,,,,,,,,,,,,,,,,,,,,,,,,,,,,,,,,,,,,,,,,,,,,,,,,,,,,,,,,,,,,,,,,,,,,,,,,,,,,,,,,,,,,,,,,,,,,,,,,,,,,,,,,,,,,,,,,,,,,,,,,,,,,,,,,,,,,,,,,,,,,,,,,,,,,,,,,,,,,,,,5.964214711729622,96.22266401590457,60.238568588469185,13.717693836978132,48.70775347912525
Güven Yalçın,Alanya,MF,0.45,0.0,0.45,MF,True,True,Alanya,Santrafor,Yardımcı Forvet (Hücum),Yardımcı Forvet,Hücum,FWD,0.0,0.0,0.0,0.0,0.0,0.0,4.6893127695543,0.0,0.0,0.0,0.0,0.0,0.0,0.0,1.4163645154251003,0.9664112710987464,0.0,0.0,0.0,0.0,0.0,0.0,0.0,0.0,0.10882091274548604,0.0,0.08705673019638883,0.9664112710987464,0.0,,,,,,,,,,,,,,,,,,,,,,,,,,,,,,,,,,,,,,,,,,,,,,,,,,,,,,,,,,,,,,,,,,,,,,,,,,,,,,,,,,,,,,,,,,,,,,,,,,,,,,,,,,,,,,,,,,,,,,,,,,,,,,,,,,,,,,,,,,,,,,,,,,,,,,,,,,,,,,,,,,,,,,,,,,,,,,,,,,,,,,,,,,,,,,,,,,,,,,,,,,,,,,,,,,,,,,,,,,,,,,,,,,,,,,,,,,,,,,,,,,,,,,,,,,,,,,,,,,,,,,,,,,,,,,9.809264305177113,2.7247956403269753,93.18801089918256,56.94822888283378,64.30517711171662
Bruno Viana,Alanya,DF,0.0,0.0,0.0,DF,False,True,Alanya,Stoper,Standart Stoper (Durdurucu),Standart Stoper,Durdurucu,CB,3.294336567705979,0.8948217473477538,8.341157077660613,51.018220057974254,76.3241604058116,0.0,0.0,0.0,0.0,0.0,0.0,0.0,3.2845318951524165,0.0,0.0,0.0,80.75407628587163,0.0,0.0,0.0,0.0,0.0,0.4406519821358472,0.13098471011426469,0.0,0.0,0.33465332951794596,0.0,0.0,,,,,,,,,,,,,,,,,,,,,,,,,,,,,,,,,,,,,,,,,,,,,,,,,,,,,,,,,,,,,,,,,,,,,,,,,,,,,,,,,,,,,,,,,,,,,,,,,,,,,,,,,,,,,,,,,,,,,,,,,,,,,,,,,,,,,,,,,,,,,,,,,,,,,,,,,,,,,,,,,,,,,,,,,,,,,,,,,,,,,,,,,,,,,,,,,,,,,,,,,,,,,,,,,,,,,,,,,,,,,,,,,,,,,,,,,,,,,,,,,,,,,,,,,,,,,,,,,,,,,,,,,,,,,,82.1236559139785,11.29032258064516,7.526881720430108,79.03225806451613,60.08064516129033
Andraž Šporar,Alanya,FW,0.0,0.0,0.0,FW,True,False,Alanya,,Merkez Orta Saha,Merkez Orta Saha,,MID,0.0,0.0,0.0,0.0,0.0,0.0,0.5420451568519457,0.1456056645518116,0.123331231313379,2.5058965229450045,1.1405557255828094,0.5834547459142635,2.512839812917949,4.068215801218509,0.0,0.0,85.90854492158678,0.0,0.0,0.0,0.0,0.0,0.0,0.19236869893608383,0.016618442128417128,0.0,0.09950803789372534,0.0,0.123331231313379,,,,,,,,,,,,,,,,,,,,,,,,,,,,,,,,,,,,,,,,,,,,,,,,,,,,,,,,,,,,,,,,,,,,,,,,,,,,,,,,,,,,,,,,,,,,,,,,,,,,,,,,,,,,,,,,,,,,,,,,,,,,,,,,,,,,,,,,,,,,,,,,,,,,,,,,,,,,,,,,,,,,,,,,,,,,,,,,,,,,,,,,,,,,,,,,,,,,,,,,,,,,,,,,,,,,,,,,,,,,,,,,,,,,,,,,,,,,,,,,,,,,,,,,,,,,,,,,,,,,,,,,,,,,,,5.964214711729622,67.9920477137177,30.81510934393638,5.566600397614314,48.70775347912525
Meschak Elia,Alanya,MF,0.0,0.0,0.0,MF,True,True,Alanya,,Merkez Orta Saha,Merkez Orta Saha,,MID,0.0,0.0,0.0,0.0,0.0,0.0,1.1166204380149285,0.187018294857383,0.2945066435796659,1.5014696688732316,1.8285086734626983,1.1248487427234384,3.963653716357081,8.667274854121318,0.0,0.0,80.53478197767517,0.0,0.0,0.0,0.0,0.0,0.0,0.22985849403278133,0.026700144295519,0.0,0.12026927587549446,0.0,0.2945066435796659,,,,,,,,,,,,,,,,,,,,,,,,,,,,,,,,,,,,,,,,,,,,,,,,,,,,,,,,,,,,,,,,,,,,,,,,,,,,,,,,,,,,,,,,,,,,,,,,,,,,,,,,,,,,,,,,,,,,,,,,,,,,,,,,,,,,,,,,,,,,,,,,,,,,,,,,,,,,,,,,,,,,,,,,,,,,,,,,,,,,,,,,,,,,,,,,,,,,,,,,,,,,,,,,,,,,,,,,,,,,,,,,,,,,,,,,,,,,,,,,,,,,,,,,,,,,,,,,,,,,,,,,,,,,,,5.964214711729622,88.46918489065607,50.29821073558648,8.946322067594433,48.70775347912525
Steve Mounié,Alanya,FW,0.0,0.0,0.0,FW,True,False,Alanya,Santrafor,Pivot Santrafor (Hücum),Pivot Santrafor,Hücum,FWD,0.0,0.0,0.0,0.0,0.0,0.0,4.6893127695543,0.0,0.0,0.0,0.0,0.0,0.0,3.2604163319787904,8.740608136685365,0.7390711186160037,0.0,0.0,0.0,0.0,0.0,0.0,0.0,0.0,0.08048726945081591,0.0,0.06438981556065274,0.7390711186160037,0.0,,,,,,,,,,,,,,,,,,,,,,,,,,,,,,,,,,,,,,,,,,,,,,,,,,,,,,,,,,,,,,,,,,,,,,,,,,,,,,,,,,,,,,,,,,,,,,,,,,,,,,,,,,,,,,,,,,,,,,,,,,,,,,,,,,,,,,,,,,,,,,,,,,,,,,,,,,,,,,,,,,,,,,,,,,,,,,,,,,,,,,,,,,,,,,,,,,,,,,,,,,,,,,,,,,,,,,,,,,,,,,,,,,,,,,,,,,,,,,,,,,,,,,,,,,,,,,,,,,,,,,,,,,,,,,9.809264305177113,2.7247956403269753,77.11171662125341,28.610354223433244,35.967302452316076
İzzet Çelik,Alanya,MF,0.0,0.0,0.0,MF,True,True,Alanya,Merkez Orta Saha,Standart Orta Saha (Destek),Standart Orta Saha,Destek,MID,0.0,0.0,0.0,0.0,0.0,0.0,1.1984107994503,0.2029424470225344,0.1649505085893576,2.51181539836895,3.1209294623671484,1.2837652716283827,4.766855948748859,3.8919763665186777,0.0,0.0,88.35596197630646,0.0,0.0,0.0,0.0,0.0,0.0,0.27605468369125624,0.02486166683399968,0.0,0.14299967521242807,0.0,0.1649505085893576,,,,,,,,,,,,,,,,,,,,,,,,,,,,,,,,,,,,,,,,,,,,,,,,,,,,,,,,,,,,,,,,,,,,,,,,,,,,,,,,,,,,,,,,,,,,,,,,,,,,,,,,,,,,,,,,,,,,,,,,,,,,,,,,,,,,,,,,,,,,,,,,,,,,,,,,,,,,,,,,,,,,,,,,,,,,,,,,,,,,,,,,,,,,,,,,,,,,,,,,,,,,,,,,,,,,,,,,,,,,,,,,,,,,,,,,,,,,,,,,,,,,,,,,,,,,,,,,,,,,,,,,,,,,,,5.964214711729622,96.22266401590457,46.91848906560636,13.518886679920477,48.70775347912525
Efecan Karaca,Alanya,MF,0.0,0.0,0.0,FW,True,False,Alanya,On Numara,Serbest Oyuncu (Trequartista),Serbest Oyuncu,Trequartista,AM,0.0,0.0,0.0,0.0,0.0,0.0,1.2375278398834912,0.1641196518328756,0.3420414376440454,2.25796052523281,1.1880688648655977,0.5834547459142635,4.5156623627577,5.487744742362143,0.0,0.0,88.6331212237585,0.0,0.0,0.0,0.0,0.0,0.0,0.22107632172665737,0.031701837217678754,0.0,0.1200487120286323,0.0,0.3420414376440454,,,,,,,,,,,,,,,,,,,,,,,,,,,,,,,,,,,,,,,,,,,,,,,,,,,,,,,,,,,,,,,,,,,,,,,,,,,,,,,,,,,,,,,,,,,,,,,,,,,,,,,,,,,,,,,,,,,,,,,,,,,,,,,,,,,,,,,,,,,,,,,,,,,,,,,,,,,,,,,,,,,,,,,,,,,,,,,,,,,,,,,,,,,,,,,,,,,,,,,,,,,,,,,,,,,,,,,,,,,,,,,,,,,,,,,,,,,,,,,,,,,,,,,,,,,,,,,,,,,,,,,,,,,,,,,,,,
Fatih Aksoy,Alanya,MF,0.0,0.0,0.0,DF,False,True,Alanya,Stoper,Standart Stoper (Savunma),Standart Stoper,Savunma,CB,3.294336567705979,1.7345044427882057,6.292330017026275,71.18804073074607,72.05213131411656,0.0,0.0,0.0,0.0,0.0,0.0,0.0,2.854654189948783,0.0,0.0,0.0,81.92338501948788,0.0,0.0,0.0,0.0,0.0,0.47682252435402955,0.13144904009907818,0.0,0.0,0.3600655750676363,0.0,0.0,,,,,,,,,,,,,,,,,,,,,,,,,,,,,,,,,,,,,,,,,,,,,,,,,,,,,,,,,,,,,,,,,,,,,,,,,,,,,,,,,,,,,,,,,,,,,,,,,,,,,,,,,,,,,,,,,,,,,,,,,,,,,,,,,,,,,,,,,,,,,,,,,,,,,,,,,,,,,,,,,,,,,,,,,,,,,,,,,,,,,,,,,,,,,,,,,,,,,,,,,,,,,,,,,,,,,,,,,,,,,,,,,,,,,,,,,,,,,,,,,,,,,,,,,,,,,,,,,,,,,,,,,,,,,,91.26344086021506,11.424731182795698,7.526881720430108,89.78494623655914,60.08064516129033
Mert Furkan Bayram,Alanya,GK,0.0,0.0,0.0,GK,False,False,Alanya,Kaleci,Kaleci (Savunma),Kaleci,Savunma,GK,0.0,0.0,0.0,0.0,0.0,0.0,0.0,0.0,0.0,0.0,0.0,0.0,0.0,0.0,0.0,0.0,0.0,74.01428612819832,2.2930163420191514,76.30922856909669,0.2630546733937066,0.5602878686370939,0.0,0.0,0.0,0.8406659617304855,0.8406659617304855,0.0,0.0,,,,,,,,,,,,,,,,,,,,,,,,,,,,,,,,,,,,,,,,,,,,,,,,,,,,,,,,,,,,,,,,,,,,,,,,,,,,,,,,,,,,,,,,,,,,,,,,,,,,,,,,,,,,,,,,,,,,,,,,,,,,,,,,,,,,,,,,,,,,,,,,,,,,,,,,,,,,,,,,,,,,,,,,,,,,,,,,,,,,,,,,,,,,,,,,,,,,,,,,,,,,,,,,,,,,,,,,,,,,,,,,,,,,,,,,,,,,,,,,,,,,,,,,,,,,,,,,,,,,,,,,,,,,,,4.929577464788732,0.0,83.09859154929578,100.0,96.47887323943662
Rony Lopes,Alanya,MF,0.0,0.0,0.0,FW,True,False,Alanya,,Merkez Orta Saha,Merkez Orta Saha,,MID,0.0,0.0,0.0,0.0,0.0,0.0,1.6183619753773977,0.03202393659155,0.2219497484035078,2.9055825669080875,3.518015477068007,1.9276198799136048,2.969315339684464,3.512098008471863,0.0,0.0,80.3598430194355,0.0,0.0,0.0,0.0,0.0,0.0,0.28529043113986663,0.03232556610718451,0.0,0.1491103287913702,0.0,0.2219497484035078,,,,,,,,,,,,,,,,,,,,,,,,,,,,,,,,,,,,,,,,,,,,,,,,,,,,,,,,,,,,,,,,,,,,,,,,,,,,,,,,,,,,,,,,,,,,,,,,,,,,,,,,,,,,,,,,,,,,,,,,,,,,,,,,,,,,,,,,,,,,,,,,,,,,,,,,,,,,,,,,,,,,,,,,,,,,,,,,,,,,,,,,,,,,,,,,,,,,,,,,,,,,,,,,,,,,,,,,,,,,,,,,,,,,,,,,,,,,,,,,,,,,,,,,,,,,,,,,,,,,,,,,,,,,,,5.964214711729622,96.62027833001989,61.431411530815105,16.898608349900595,48.70775347912525
Baran Mogultay,Alanya,DF,0.0,0.0,0.0,DF,False,True,Alanya,,Merkez Orta Saha,Merkez Orta Saha,,MID,0.0,0.0,0.0,0.0,0.0,0.0,1.520565348126445,0.0845668764986246,0.0441926595475759,1.0888477248327877,1.1272268465434114,0.839187996874508,6.294083855840773,8.667274854121318,0.0,0.0,86.84911302924813,0.0,0.0,0.0,0.0,0.0,0.0,0.20045701888066156,0.01969547917524946,0.0,0.10416760527538067,0.0,0.0441926595475759,,,,,,,,,,,,,,,,,,,,,,,,,,,,,,,,,,,,,,,,,,,,,,,,,,,,,,,,,,,,,,,,,,,,,,,,,,,,,,,,,,,,,,,,,,,,,,,,,,,,,,,,,,,,,,,,,,,,,,,,,,,,,,,,,,,,,,,,,,,,,,,,,,,,,,,,,,,,,,,,,,,,,,,,,,,,,,,,,,,,,,,,,,,,,,,,,,,,,,,,,,,,,,,,,,,,,,,,,,,,,,,,,,,,,,,,,,,,,,,,,,,,,,,,,,,,,,,,,,,,,,,,,,,,,,5.964214711729622,74.75149105367794,36.58051689860835,6.36182902584493,48.70775347912525
Bedirhan Özyurt,Alanya,DF,0.0,0.0,0.0,DF,False,True,Alanya,,Merkez Orta Saha,Merkez Orta Saha,,MID,0.0,0.0,0.0,0.0,0.0,0.0,1.676600694866234,0.2320209100815124,0.2366621467264018,2.854775336755476,1.7404716076057067,0.9562980794544214,5.384703914984186,6.013170061987456,0.0,0.0,81.43823458712548,0.0,0.0,0.0,0.0,0.0,0.0,0.2273715239546848,0.0333694311596071,0.0,0.12035964820926381,0.0,0.2366621467264018,,,,,,,,,,,,,,,,,,,,,,,,,,,,,,,,,,,,,,,,,,,,,,,,,,,,,,,,,,,,,,,,,,,,,,,,,,,,,,,,,,,,,,,,,,,,,,,,,,,,,,,,,,,,,,,,,,,,,,,,,,,,,,,,,,,,,,,,,,,,,,,,,,,,,,,,,,,,,,,,,,,,,,,,,,,,,,,,,,,,,,,,,,,,,,,,,,,,,,,,,,,,,,,,,,,,,,,,,,,,,,,,,,,,,,,,,,,,,,,,,,,,,,,,,,,,,,,,,,,,,,,,,,,,,,5.964214711729622,88.07157057654076,63.41948310139165,8.946322067594433,48.70775347912525
Arda Usluoğlu,Alanya,FW,0.0,0.0,0.0,FW,True,False,Alanya,,Merkez Orta Saha,Merkez Orta Saha,,MID,0.0,0.0,0.0,0.0,0.0,0.0,2.006254849238469,0.0561539029609629,0.1137864054010946,2.261419762425498,3.2227121684562143,0.9559137683825408,6.189541874259018,6.572310103920263,0.0,0.0,87.63168374823516,0.0,0.0,0.0,0.0,0.0,0.0,0.2729659099596738,0.030267554114492223,0.0,0.14253646580273535,0.0,0.1137864054010946,,,,,,,,,,,,,,,,,,,,,,,,,,,,,,,,,,,,,,,,,,,,,,,,,,,,,,,,,,,,,,,,,,,,,,,,,,,,,,,,,,,,,,,,,,,,,,,,,,,,,,,,,,,,,,,,,,,,,,,,,,,,,,,,,,,,,,,,,,,,,,,,,,,,,,,,,,,,,,,,,,,,,,,,,,,,,,,,,,,,,,,,,,,,,,,,,,,,,,,,,,,,,,,,,,,,,,,,,,,,,,,,,,,,,,,,,,,,,,,,,,,,,,,,,,,,,,,,,,,,,,,,,,,,,,5.964214711729622,96.02385685884693,59.24453280318092,13.518886679920477,48.70775347912525
Paulo Victor Vidotti,Alanya,GK,0.0,0.0,0.0,GK,False,False,Alanya,,Merkez Orta Saha,Merkez Orta Saha,,MID,0.0,0.0,0.0,0.0,0.0,0.0,2.1072700513037965,0.0930417559593783,0.2402145188401341,3.400078410419286,1.9488104491879203,0.8456249931760249,6.293821396747361,3.4024588643305647,0.0,0.0,89.14603468984694,0.0,0.0,0.0,0.0,0.0,0.0,0.24721646411852533,0.03918147729269155,0.0,0.13144452751780097,0.0,0.2402145188401341,,,,,,,,,,,,,,,,,,,,,,,,,,,,,,,,,,,,,,,,,,,,,,,,,,,,,,,,,,,,,,,,,,,,,,,,,,,,,,,,,,,,,,,,,,,,,,,,,,,,,,,,,,,,,,,,,,,,,,,,,,,,,,,,,,,,,,,,,,,,,,,,,,,,,,,,,,,,,,,,,,,,,,,,,,,,,,,,,,,,,,,,,,,,,,,,,,,,,,,,,,,,,,,,,,,,,,,,,,,,,,,,,,,,,,,,,,,,,,,,,,,,,,,,,,,,,,,,,,,,,,,,,,,,,,5.964214711729622,92.44532803180915,70.9741550695825,10.337972166998012,48.70775347912525
Opponent Total,Alanya,NAN,0.525,0.4025,0.0,NAN,False,False,Alanya,,Merkez Orta Saha,Merkez Orta Saha,,MID,0.0,0.0,0.0,0.0,0.0,0.0,1.9080584600756385,0.108019220736049,0.024374401856842,1.7230548483044523,1.3056771641980407,0.5834547459142635,5.741779268328699,7.499762822395066,0.0,0.0,78.36031206395272,0.0,0.0,0.0,0.0,0.0,0.0,0.1867917127244983,0.049388197795791206,0.0,0.10327349592140739,0.0,0.024374401856842,,,,,,,,,,,,,,,,,,,,,,,,,,,,,,,,,,,,,,,,,,,,,,,,,,,,,,,,,,,,,,,,,,,,,,,,,,,,,,,,,,,,,,,,,,,,,,,,,,,,,,,,,,,,,,,,,,,,,,,,,,,,,,,,,,,,,,,,,,,,,,,,,,,,,,,,,,,,,,,,,,,,,,,,,,,,,,,,,,,,,,,,,,,,,,,,,,,,,,,,,,,,,,,,,,,,,,,,,,,,,,,,,,,,,,,,,,,,,,,,,,,,,,,,,,,,,,,,,,,,,,,,,,,,,,5.964214711729622,62.42544731610338,81.51093439363817,6.163021868787276,48.70775347912525
Kenneth Paal,Antalya,DF,0.0,0.0,0.0,DF,False,True,Antalya,Sol Bek,Standart Bek (Destek),Standart Bek,Destek,FB,1.1268913319747402,0.0,0.0,50.79148865574199,0.0,1.5613464325277038,0.0,0.0,0.0,0.0,0.0,0.0,0.0,0.0,0.0,0.0,81.08244150438253,0.0,0.0,0.0,0.0,0.0,0.1664606076169102,0.12162366225657378,0.0026022440542128396,0.0,0.1202378512962698,0.0,0.0,,,,,,,,,,,,,,,,,,,,,,,,,,,,,,,,,,,,,,,,,,,,,,,,,,,,,,,,,,,,,,,,,,,,,,,,,,,,,,,,,,,,,,,,,,,,,,,,,,,,,,,,,,,,,,,,,,,,,,,,,,,,,,,,,,,,,,,,,,,,,,,,,,,,,,,,,,,,,,,,,,,,,,,,,,,,,,,,,,,,,,,,,,,,,,,,,,,,,,,,,,,,,,,,,,,,,,,,,,,,,,,,,,,,,,,,,,,,,,,,,,,,,,,,,,,,,,,,,,,,,,,,,,,,,,11.949685534591195,5.660377358490567,5.031446540880504,7.547169811320755,50.943396226415096
Georgi Dzhikiya,Antalya,DF,0.18,0.0,0.18,DF,False,True,Antalya,,Merkez Orta Saha,Merkez Orta Saha,,MID,0.0,0.0,0.0,0.0,0.0,0.0,2.4065997615053627,0.109851247423613,0.0612085030115857,2.50807911146166,2.080701756401284,1.5940171911319945,4.196053006248587,4.259433558573514,0.0,0.0,88.76839038949119,0.0,0.0,0.0,0.0,0.0,0.0,0.24010383429225493,0.039984535514171214,0.0,0.12804882424896172,0.0,0.0612085030115857,,,,,,,,,,,,,,,,,,,,,,,,,,,,,,,,,,,,,,,,,,,,,,,,,,,,,,,,,,,,,,,,,,,,,,,,,,,,,,,,,,,,,,,,,,,,,,,,,,,,,,,,,,,,,,,,,,,,,,,,,,,,,,,,,,,,,,,,,,,,,,,,,,,,,,,,,,,,,,,,,,,,,,,,,,,,,,,,,,,,,,,,,,,,,,,,,,,,,,,,,,,,,,,,,,,,,,,,,,,,,,,,,,,,,,,,,,,,,,,,,,,,,,,,,,,,,,,,,,,,,,,,,,,,,,5.964214711729622,91.05367793240556,71.37176938369781,10.139165009940358,63.817097415506964
Abdülkadir Ömür,Antalya,MF,0.0,0.11,0.11,MF,True,True,Antalya,On Numara,Serbest Oyuncu (Trequartista),Serbest Oyuncu,Trequartista,AM,0.0,0.0,0.0,0.0,0.0,0.0,0.5420451568519457,0.1532348956236313,0.2995080406170252,3.316475884877048,1.8111798591535768,1.9276198799136048,5.052733775077122,8.388325736644283,0.0,0.0,85.4715664031839,0.0,0.0,0.0,0.0,0.0,0.0,0.25472148300877695,0.02679196290539309,0.0,0.1353983303760064,0.0,0.2995080406170252,,,,,,,,,,,,,,,,,,,,,,,,,,,,,,,,,,,,,,,,,,,,,,,,,,,,,,,,,,,,,,,,,,,,,,,,,,,,,,,,,,,,,,,,,,,,,,,,,,,,,,,,,,,,,,,,,,,,,,,,,,,,,,,,,,,,,,,,,,,,,,,,,,,,,,,,,,,,,,,,,,,,,,,,,,,,,,,,,,,,,,,,,,,,,,,,,,,,,,,,,,,,,,,,,,,,,,,,,,,,,,,,,,,,,,,,,,,,,,,,,,,,,,,,,,,,,,,,,,,,,,,,,,,,,,,,,,
Bünyamin Balcı,Antalya,DF,0.0,0.2,0.2,DF,False,True,Antalya,Sağ Bek,Ofansif Bek (Hücum),Ofansif Bek,Hücum,FB,0.9491279076858888,0.0,0.0,43.189507569889095,0.0,7.089016333343576,0.0,0.0,0.0,1.1994888021003325,0.0,0.0,0.0,0.0,0.0,0.0,86.40360703057041,0.0,0.0,0.0,0.0,0.0,0.1414326215557409,0.13110477154848102,0.016813749227490127,0.0,0.11341049208791279,0.0,0.0,,,,,,,,,,,,,,,,,,,,,,,,,,,,,,,,,,,,,,,,,,,,,,,,,,,,,,,,,,,,,,,,,,,,,,,,,,,,,,,,,,,,,,,,,,,,,,,,,,,,,,,,,,,,,,,,,,,,,,,,,,,,,,,,,,,,,,,,,,,,,,,,,,,,,,,,,,,,,,,,,,,,,,,,,,,,,,,,,,,,,,,,,,,,,,,,,,,,,,,,,,,,,,,,,,,,,,,,,,,,,,,,,,,,,,,,,,,,,,,,,,,,,,,,,,,,,,,,,,,,,,,,,,,,,,11.320754716981133,6.289308176100629,24.528301886792452,7.547169811320755,70.44025157232704
Sander van de Streek,Antalya,FW,0.0,0.25,0.25,MF,True,True,Antalya,On Numara,Ofansif Orta Saha (Hücum),Ofansif Orta Saha,Hücum,AM,0.0,0.0,0.0,0.0,0.0,0.0,0.8111337699354468,0.2357689594361769,0.0795128449582302,1.076776265574834,3.528135706481665,0.8364402249275675,2.801827030598716,4.230837842892044,0.0,0.0,89.14603468984694,0.0,0.0,0.0,0.0,0.0,0.0,0.268222205623557,0.016483792161620766,0.0,0.1390562404602647,0.0,0.0795128449582302,,,,,,,,,,,,,,,,,,,,,,,,,,,,,,,,,,,,,,,,,,,,,,,,,,,,,,,,,,,,,,,,,,,,,,,,,,,,,,,,,,,,,,,,,,,,,,,,,,,,,,,,,,,,,,,,,,,,,,,,,,,,,,,,,,,,,,,,,,,,,,,,,,,,,,,,,,,,,,,,,,,,,,,,,,,,,,,,,,,,,,,,,,,,,,,,,,,,,,,,,,,,,,,,,,,,,,,,,,,,,,,,,,,,,,,,,,,,,,,,,,,,,,,,,,,,,,,,,,,,,,,,,,,,,,,,,,
Lautaro Gianetti,Antalya,DF,0.0,0.11,0.11,DF,False,True,Antalya,Stoper,Standart Stoper (Sıkı Defans),Standart Stoper,Sıkı Defans,CB,2.766202914546536,1.749321434702846,8.726666084552086,67.5914464845006,74.10442791154546,0.0,0.0,0.0,0.0,0.0,0.0,0.0,2.0387682031757746,0.0,0.0,0.0,82.65323557883079,0.0,0.0,0.0,0.0,0.0,0.48079071956121106,0.1300961579777735,0.0011,0.0,0.3626827352884024,0.0,0.0,,,,,,,,,,,,,,,,,,,,,,,,,,,,,,,,,,,,,,,,,,,,,,,,,,,,,,,,,,,,,,,,,,,,,,,,,,,,,,,,,,,,,,,,,,,,,,,,,,,,,,,,,,,,,,,,,,,,,,,,,,,,,,,,,,,,,,,,,,,,,,,,,,,,,,,,,,,,,,,,,,,,,,,,,,,,,,,,,,,,,,,,,,,,,,,,,,,,,,,,,,,,,,,,,,,,,,,,,,,,,,,,,,,,,,,,,,,,,,,,,,,,,,,,,,,,,,,,,,,,,,,,,,,,,,91.26344086021506,10.349462365591398,8.46774193548387,90.7258064516129,70.83333333333334
Soner Dikmen,Antalya,MF,0.25,0.0,0.25,MF,True,True,Antalya,Merkez Orta Saha,İki Yönlü Orta Saha,İki Yönlü Orta Saha,,MID,2.9620666454298483,0.0,0.0,0.0,0.0,0.0,0.5420451568519457,0.0601731779581262,0.292964393835029,3.3305169155384187,2.7318370876993936,1.8368506681804848,4.053524819336015,4.144126323981999,0.0,0.0,0.0,0.0,0.0,0.0,0.0,0.0,0.037025833067873104,0.14926874476292248,0.03546531961076667,0.0,0.0928351862239765,0.0,0.292964393835029,,,,,,,,,,,,,,,,,,,,,,,,,,,,,,,,,,,,,,,,,,,,,,,,,,,,,,,,,,,,,,,,,,,,,,,,,,,,,,,,,,,,,,,,,,,,,,,,,,,,,,,,,,,,,,,,,,,,,,,,,,,,,,,,,,,,,,,,,,,,,,,,,,,,,,,,,,,,,,,,,,,,,,,,,,,,,,,,,,,,,,,,,,,,,,,,,,,,,,,,,,,,,,,,,,,,,,,,,,,,,,,,,,,,,,,,,,,,,,,,,,,,,,,,,,,,,,,,,,,,,,,,,,,,,,8.747514910536779,21.07355864811133,65.8051689860835,4.970178926441352,73.558648111332
Nikola Storm,Antalya,FW,0.25,0.13,0.38,MF,True,True,Antalya,Sol Kanat,Kanat Oyuncusu (Hücum),Kanat Oyuncusu,Hücum,WING,0.0,0.0,0.0,0.0,0.0,2.0756775854463743,1.504610967299555,0.1063713802528475,0.3420414376440454,3.10619348223032,0.0,0.0,0.0,0.0,0.0,0.0,0.0,0.0,0.0,0.0,0.0,0.0,0.0,0.031246056864311533,0.05125271352674379,0.0,0.04012544517533973,0.0,0.3420414376440454,,,,,,,,,,,,,,,,,,,,,,,,,,,,,,,,,,,,,,,,,,,,,,,,,,,,,,,,,,,,,,,,,,,,,,,,,,,,,,,,,,,,,,,,,,,,,,,,,,,,,,,,,,,,,,,,,,,,,,,,,,,,,,,,,,,,,,,,,,,,,,,,,,,,,,,,,,,,,,,,,,,,,,,,,,,,,,,,,,,,,,,,,,,,,,,,,,,,,,,,,,,,,,,,,,,,,,,,,,,,,,,,,,,,,,,,,,,,,,,,,,,,,,,,,,,,,,,,,,,,,,,,,,,,,,3.2994923857868024,0.0,43.401015228426395,0.7614213197969544,62.43654822335025
Jesper Ceesay,Antalya,DF,0.0,0.0,0.0,MF,True,True,Antalya,Ön Libero,Defansif Orta Saha (Destek),Defansif Orta Saha,Destek,DM,0.0,0.0,0.0,0.0,0.0,0.0,1.7596968997246665,0.0303753440752295,0.0977466309590436,2.6572914502121963,1.9400437527554293,1.4945707877051335,5.368227087374539,3.219298007088569,0.0,0.0,83.58011421031713,0.0,0.0,0.0,0.0,0.0,0.0,0.23323607176532793,0.0281500628611389,0.0,0.12224804845489175,0.0,0.0977466309590436,,,,,,,,,,,,,,,,,,,,,,,,,,,,,,,,,,,,,,,,,,,,,,,,,,,,,,,,,,,,,,,,,,,,,,,,,,,,,,,,,,,,,,,,,,,,,,,,,,,,,,,,,,,,,,,,,,,,,,,,,,,,,,,,,,,,,,,,,,,,,,,,,,,,,,,,,,,,,,,,,,,,,,,,,,,,,,,,,,,,,,,,,,,,,,,,,,,,,,,,,,,,,,,,,,,,,,,,,,,,,,,,,,,,,,,,,,,,,,,,,,,,,,,,,,,,,,,,,,,,,,,,,,,,,,,,,,
Julián Cuesta,Antalya,GK,0.0,0.0,0.0,GK,False,False,Antalya,Kaleci,Kaleci (Savunma),Kaleci,Savunma,GK,0.0,0.0,0.0,0.0,0.0,0.0,0.0,0.0,0.0,0.0,0.0,0.0,0.0,0.0,0.0,0.0,0.0,69.6398788362281,4.05269907953647,74.13714687695234,0.3738508717482608,1.4143465009698453,0.0,0.0,0.0,0.8803144122564646,0.8803144122564646,0.0,0.0,,,,,,,,,,,,,,,,,,,,,,,,,,,,,,,,,,,,,,,,,,,,,,,,,,,,,,,,,,,,,,,,,,,,,,,,,,,,,,,,,,,,,,,,,,,,,,,,,,,,,,,,,,,,,,,,,,,,,,,,,,,,,,,,,,,,,,,,,,,,,,,,,,,,,,,,,,,,,,,,,,,,,,,,,,,,,,,,,,,,,,,,,,,,,,,,,,,,,,,,,,,,,,,,,,,,,,,,,,,,,,,,,,,,,,,,,,,,,,,,,,,,,,,,,,,,,,,,,,,,,,,,,,,,,,4.929577464788732,0.0,83.09859154929578,100.0,96.47887323943662
Abdullah Yiğiter,Antalya,GK,0.0,0.0,0.0,GK,False,False,Antalya,Kaleci,Kaleci (Savunma),Kaleci,Savunma,GK,0.0,0.0,0.0,0.0,0.0,0.0,0.0,0.0,0.0,0.0,0.0,0.0,0.0,0.0,0.0,0.0,0.0,66.97316968394074,3.320457481218804,74.58014336081975,0.2967327723524027,1.2540185348432922,0.0,0.0,0.0,0.829472192630226,0.829472192630226,0.0,0.0,,,,,,,,,,,,,,,,,,,,,,,,,,,,,,,,,,,,,,,,,,,,,,,,,,,,,,,,,,,,,,,,,,,,,,,,,,,,,,,,,,,,,,,,,,,,,,,,,,,,,,,,,,,,,,,,,,,,,,,,,,,,,,,,,,,,,,,,,,,,,,,,,,,,,,,,,,,,,,,,,,,,,,,,,,,,,,,,,,,,,,,,,,,,,,,,,,,,,,,,,,,,,,,,,,,,,,,,,,,,,,,,,,,,,,,,,,,,,,,,,,,,,,,,,,,,,,,,,,,,,,,,,,,,,,4.929577464788732,0.0,83.09859154929578,100.0,96.47887323943662
Tomáš Čvančara,Antalya,FW,0.17,0.0,0.17,FW,True,False,Antalya,Santrafor,Pivot Santrafor (Hücum),Pivot Santrafor,Hücum,FWD,0.0,0.0,0.0,0.0,0.0,0.0,4.6893127695543,0.0,0.0,0.0,0.0,0.0,0.0,3.6185782646969935,8.740608136685365,0.8775097795431623,0.0,0.0,0.0,0.0,0.0,0.0,0.0,0.0,0.09357993585659585,0.0,0.07486394868527668,0.8775097795431623,0.0,,,,,,,,,,,,,,,,,,,,,,,,,,,,,,,,,,,,,,,,,,,,,,,,,,,,,,,,,,,,,,,,,,,,,,,,,,,,,,,,,,,,,,,,,,,,,,,,,,,,,,,,,,,,,,,,,,,,,,,,,,,,,,,,,,,,,,,,,,,,,,,,,,,,,,,,,,,,,,,,,,,,,,,,,,,,,,,,,,,,,,,,,,,,,,,,,,,,,,,,,,,,,,,,,,,,,,,,,,,,,,,,,,,,,,,,,,,,,,,,,,,,,,,,,,,,,,,,,,,,,,,,,,,,,,9.809264305177113,2.7247956403269753,84.74114441416893,43.05177111716621,41.14441416893733
Ramzi Safouri,Antalya,MF,0.0,0.19,0.19,MF,True,True,Antalya,,Merkez Orta Saha,Merkez Orta Saha,,MID,0.0,0.0,0.0,0.0,0.0,0.0,2.285864152794973,0.0493676224649843,0.2250086685205476,0.9831600595839642,3.366797415328022,1.6128444904380728,2.8962662786964035,5.832401670659996,0.0,0.0,88.16865516685648,0.0,0.0,0.0,0.0,0.0,0.0,0.28536801495890946,0.036216888417731546,0.0,0.14992738516300103,0.0,0.2250086685205476,,,,,,,,,,,,,,,,,,,,,,,,,,,,,,,,,,,,,,,,,,,,,,,,,,,,,,,,,,,,,,,,,,,,,,,,,,,,,,,,,,,,,,,,,,,,,,,,,,,,,,,,,,,,,,,,,,,,,,,,,,,,,,,,,,,,,,,,,,,,,,,,,,,,,,,,,,,,,,,,,,,,,,,,,,,,,,,,,,,,,,,,,,,,,,,,,,,,,,,,,,,,,,,,,,,,,,,,,,,,,,,,,,,,,,,,,,,,,,,,,,,,,,,,,,,,,,,,,,,,,,,,,,,,,,5.964214711729622,96.62027833001989,66.79920477137176,17.495029821073558,64.81113320079523
Yohan Boli,Antalya,FW,0.52,0.26,0.6179999999999995,FW,True,False,Antalya,Santrafor,Yaratıcı Forvet,Yaratıcı Forvet,,FWD,0.0,0.0,0.0,0.0,0.0,0.0,4.6893127695543,0.0,0.0,0.0,0.0,0.0,0.0,0.0,3.04575142861335,0.4594635018812144,0.0,0.0,0.0,0.0,0.0,0.0,0.0,0.0,0.09117783232650731,0.0,0.07294226586120585,0.4594635018812144,0.0,,,,,,,,,,,,,,,,,,,,,,,,,,,,,,,,,,,,,,,,,,,,,,,,,,,,,,,,,,,,,,,,,,,,,,,,,,,,,,,,,,,,,,,,,,,,,,,,,,,,,,,,,,,,,,,,,,,,,,,,,,,,,,,,,,,,,,,,,,,,,,,,,,,,,,,,,,,,,,,,,,,,,,,,,,,,,,,,,,,,,,,,,,,,,,,,,,,,,,,,,,,,,,,,,,,,,,,,,,,,,,,,,,,,,,,,,,,,,,,,,,,,,,,,,,,,,,,,,,,,,,,,,,,,,,9.809264305177113,2.7247956403269753,83.10626702997274,40.05449591280654,78.2016348773842
Dario Šarić,Antalya,MF,0.0,0.0,0.0,MF,True,True,Antalya,Merkez Orta Saha,Savaşçı Orta Saha (Destek),Savaşçı Orta Saha,Destek,MID,3.294336567705979,1.0788611876672574,0.0,0.0,0.0,0.0,0.9113128228102284,0.2217312250523173,0.2429527007284408,1.612601630756404,0.0,0.0,0.0,8.224451672303651,0.0,0.0,0.0,0.0,0.0,0.0,0.0,0.0,0.04117920709632474,0.021451968096720772,0.022862740334130927,0.0,0.027652294244083997,0.0,0.2429527007284408,,,,,,,,,,,,,,,,,,,,,,,,,,,,,,,,,,,,,,,,,,,,,,,,,,,,,,,,,,,,,,,,,,,,,,,,,,,,,,,,,,,,,,,,,,,,,,,,,,,,,,,,,,,,,,,,,,,,,,,,,,,,,,,,,,,,,,,,,,,,,,,,,,,,,,,,,,,,,,,,,,,,,,,,,,,,,,,,,,,,,,,,,,,,,,,,,,,,,,,,,,,,,,,,,,,,,,,,,,,,,,,,,,,,,,,,,,,,,,,,,,,,,,,,,,,,,,,,,,,,,,,,,,,,,,9.145129224652088,0.9940357852882704,42.74353876739563,0.9940357852882704,48.70775347912525
Güray Vural,Antalya,FW,0.525,0.0,0.6179999999999995,MF,True,True,Antalya,,Merkez Orta Saha,Merkez Orta Saha,,MID,0.0,0.0,0.0,0.0,0.0,0.0,2.346772544072244,0.1614527031638015,0.1794291636007685,2.7120646393422607,3.675616434432204,1.772638068635787,5.469747952550784,3.394251836570114,0.0,0.0,78.74872882317932,0.0,0.0,0.0,0.0,0.0,0.0,0.2891348150421636,0.058425053583108844,0.0,0.15625241823770356,0.0,0.1794291636007685,,,,,,,,,,,,,,,,,,,,,,,,,,,,,,,,,,,,,,,,,,,,,,,,,,,,,,,,,,,,,,,,,,,,,,,,,,,,,,,,,,,,,,,,,,,,,,,,,,,,,,,,,,,,,,,,,,,,,,,,,,,,,,,,,,,,,,,,,,,,,,,,,,,,,,,,,,,,,,,,,,,,,,,,,,,,,,,,,,,,,,,,,,,,,,,,,,,,,,,,,,,,,,,,,,,,,,,,,,,,,,,,,,,,,,,,,,,,,,,,,,,,,,,,,,,,,,,,,,,,,,,,,,,,,,5.964214711729622,97.01789264413519,87.47514910536779,21.669980119284293,93.43936381709742
Veysel Sarı,Antalya,DF,0.0,0.38,0.38,DF,False,True,Antalya,Stoper,Çakılı Stoper,Çakılı Stoper,,CB,2.1780595820974016,1.7063508292424934,4.244001999512395,61.85434572718313,58.4610371771392,0.0,0.0,0.0,0.0,0.0,0.0,0.0,2.0387682031757746,0.0,0.0,0.0,79.99995171244551,0.0,0.0,0.0,0.0,0.0,0.3872347215640309,0.1261162321781956,0.003800000000000001,0.0,0.2966675515304607,0.0,0.0,,,,,,,,,,,,,,,,,,,,,,,,,,,,,,,,,,,,,,,,,,,,,,,,,,,,,,,,,,,,,,,,,,,,,,,,,,,,,,,,,,,,,,,,,,,,,,,,,,,,,,,,,,,,,,,,,,,,,,,,,,,,,,,,,,,,,,,,,,,,,,,,,,,,,,,,,,,,,,,,,,,,,,,,,,,,,,,,,,,,,,,,,,,,,,,,,,,,,,,,,,,,,,,,,,,,,,,,,,,,,,,,,,,,,,,,,,,,,,,,,,,,,,,,,,,,,,,,,,,,,,,,,,,,,,59.67741935483871,8.198924731182796,14.381720430107528,54.43548387096774,95.16129032258065
Hasan İlçin,Antalya,MF,0.0,0.0,0.0,MF,True,True,Antalya,,Merkez Orta Saha,Merkez Orta Saha,,MID,0.0,0.0,0.0,0.0,0.0,0.0,0.5420451568519457,0.07147669730979,0.1068587368438559,0.9818466239656836,2.3014522587295887,1.1339437955204137,3.147990803769843,7.653165700170064,0.0,0.0,82.02334860093956,0.0,0.0,0.0,0.0,0.0,0.0,0.2283077272348783,0.012149417602187903,0.0,0.11658374713787673,0.0,0.1068587368438559,,,,,,,,,,,,,,,,,,,,,,,,,,,,,,,,,,,,,,,,,,,,,,,,,,,,,,,,,,,,,,,,,,,,,,,,,,,,,,,,,,,,,,,,,,,,,,,,,,,,,,,,,,,,,,,,,,,,,,,,,,,,,,,,,,,,,,,,,,,,,,,,,,,,,,,,,,,,,,,,,,,,,,,,,,,,,,,,,,,,,,,,,,,,,,,,,,,,,,,,,,,,,,,,,,,,,,,,,,,,,,,,,,,,,,,,,,,,,,,,,,,,,,,,,,,,,,,,,,,,,,,,,,,,,,5.964214711729622,88.07157057654076,20.87475149105368,8.548707753479125,48.70775347912525
Jakub Kałuziński,Antalya,MF,0.0,0.0,0.0,MF,True,True,Antalya,,Merkez Orta Saha,Merkez Orta Saha,,MID,0.0,0.0,0.0,0.0,0.0,0.0,2.36231565629158,0.2039867347421543,0.0744255317298836,2.371860242475938,3.729829431563176,0.954396358460644,2.5877565007511,5.7197330084881655,0.0,0.0,78.80419845301452,0.0,0.0,0.0,0.0,0.0,0.0,0.2610992633470657,0.03252982843830099,0.0,0.13705559736119305,0.0,0.0744255317298836,,,,,,,,,,,,,,,,,,,,,,,,,,,,,,,,,,,,,,,,,,,,,,,,,,,,,,,,,,,,,,,,,,,,,,,,,,,,,,,,,,,,,,,,,,,,,,,,,,,,,,,,,,,,,,,,,,,,,,,,,,,,,,,,,,,,,,,,,,,,,,,,,,,,,,,,,,,,,,,,,,,,,,,,,,,,,,,,,,,,,,,,,,,,,,,,,,,,,,,,,,,,,,,,,,,,,,,,,,,,,,,,,,,,,,,,,,,,,,,,,,,,,,,,,,,,,,,,,,,,,,,,,,,,,,5.964214711729622,94.83101391650099,61.431411530815105,10.934393638170974,48.70775347912525
Samuel Ballet,Antalya,MF,0.0,0.0,0.0,MF,True,True,Antalya,Sağ Kanat,Kanat Oyuncusu (Hücum),Kanat Oyuncusu,Hücum,WING,0.0,0.0,0.0,0.0,0.0,7.78585751934025,3.637990647035422,0.2459098104948692,0.2720993312518511,3.904956368342,0.0,0.0,0.0,0.0,0.0,0.0,0.0,0.0,0.0,0.0,0.0,0.0,0.0,0.02664914196057559,0.07000269984018369,0.0,0.04999636249228289,0.0,0.2720993312518511,,,,,,,,,,,,,,,,,,,,,,,,,,,,,,,,,,,,,,,,,,,,,,,,,,,,,,,,,,,,,,,,,,,,,,,,,,,,,,,,,,,,,,,,,,,,,,,,,,,,,,,,,,,,,,,,,,,,,,,,,,,,,,,,,,,,,,,,,,,,,,,,,,,,,,,,,,,,,,,,,,,,,,,,,,,,,,,,,,,,,,,,,,,,,,,,,,,,,,,,,,,,,,,,,,,,,,,,,,,,,,,,,,,,,,,,,,,,,,,,,,,,,,,,,,,,,,,,,,,,,,,,,,,,,,3.2994923857868024,0.0,73.85786802030458,2.030456852791878,32.48730964467005
Samet Karakoç,Antalya,DF,0.0,0.0,0.0,DF,False,True,Antalya,,Merkez Orta Saha,Merkez Orta Saha,,MID,0.0,0.0,0.0,0.0,0.0,0.0,1.1384076432032324,0.215342499090859,0.0166754062591058,1.7338842537729833,2.1319541618895785,0.9879427010345468,2.826422450714788,6.14634161596548,0.0,0.0,89.14603468984694,0.0,0.0,0.0,0.0,0.0,0.0,0.22447747257706505,0.01638580331682902,0.0,0.11551589695189833,0.0,0.0166754062591058,,,,,,,,,,,,,,,,,,,,,,,,,,,,,,,,,,,,,,,,,,,,,,,,,,,,,,,,,,,,,,,,,,,,,,,,,,,,,,,,,,,,,,,,,,,,,,,,,,,,,,,,,,,,,,,,,,,,,,,,,,,,,,,,,,,,,,,,,,,,,,,,,,,,,,,,,,,,,,,,,,,,,,,,,,,,,,,,,,,,,,,,,,,,,,,,,,,,,,,,,,,,,,,,,,,,,,,,,,,,,,,,,,,,,,,,,,,,,,,,,,,,,,,,,,,,,,,,,,,,,,,,,,,,,,5.964214711729622,87.07753479125249,29.82107355864811,8.34990059642147,48.70775347912525
Doğukan Sınık,Antalya,MF,0.0,0.0,0.0,MF,True,True,Antalya,,Merkez Orta Saha,Merkez Orta Saha,,MID,0.0,0.0,0.0,0.0,0.0,0.0,0.6129837397433547,0.2116285846725695,0.1063812404342533,2.4764718979721883,3.880849047213319,1.5689319996477693,2.0387682031757746,5.644576481629369,0.0,0.0,87.80368688726205,0.0,0.0,0.0,0.0,0.0,0.0,0.289387375458742,0.01657626675973415,0.0,0.14800894108131782,0.0,0.1063812404342533,,,,,,,,,,,,,,,,,,,,,,,,,,,,,,,,,,,,,,,,,,,,,,,,,,,,,,,,,,,,,,,,,,,,,,,,,,,,,,,,,,,,,,,,,,,,,,,,,,,,,,,,,,,,,,,,,,,,,,,,,,,,,,,,,,,,,,,,,,,,,,,,,,,,,,,,,,,,,,,,,,,,,,,,,,,,,,,,,,,,,,,,,,,,,,,,,,,,,,,,,,,,,,,,,,,,,,,,,,,,,,,,,,,,,,,,,,,,,,,,,,,,,,,,,,,,,,,,,,,,,,,,,,,,,,5.964214711729622,97.01789264413519,30.81510934393638,16.10337972166998,48.70775347912525
Bachir Gueye,Antalya,FW,0.525,0.0,0.6179999999999995,FW,True,False,Antalya,,Merkez Orta Saha,Merkez Orta Saha,,MID,0.0,0.0,0.0,0.0,0.0,0.0,1.420330694291284,0.2297316334098886,0.228606976685949,0.926837998108643,1.2678685735767188,1.725169199758454,5.593698089267651,5.404578365251956,0.0,0.0,88.23056905495164,0.0,0.0,0.0,0.0,0.0,0.0,0.23248764868642052,0.04666468100562241,0.0,0.12557676054433475,0.0,0.228606976685949,,,,,,,,,,,,,,,,,,,,,,,,,,,,,,,,,,,,,,,,,,,,,,,,,,,,,,,,,,,,,,,,,,,,,,,,,,,,,,,,,,,,,,,,,,,,,,,,,,,,,,,,,,,,,,,,,,,,,,,,,,,,,,,,,,,,,,,,,,,,,,,,,,,,,,,,,,,,,,,,,,,,,,,,,,,,,,,,,,,,,,,,,,,,,,,,,,,,,,,,,,,,,,,,,,,,,,,,,,,,,,,,,,,,,,,,,,,,,,,,,,,,,,,,,,,,,,,,,,,,,,,,,,,,,,5.964214711729622,89.46322067594433,77.53479125248509,10.139165009940358,93.43936381709742
Bahadır Öztürk,Antalya,DF,0.0,0.0,0.0,DF,False,True,Antalya,Stoper,Standart Stoper (Savunma),Standart Stoper,Savunma,CB,2.198419149225322,1.1071745702809888,4.298785509993715,52.44585401627504,55.32318631339169,0.0,0.0,0.0,0.0,0.0,0.0,0.0,3.10290739437736,0.0,0.0,0.0,81.9031388809247,0.0,0.0,0.0,0.0,0.0,0.35178433726424563,0.13216343050451912,0.0,0.0,0.2726817221858757,0.0,0.0,,,,,,,,,,,,,,,,,,,,,,,,,,,,,,,,,,,,,,,,,,,,,,,,,,,,,,,,,,,,,,,,,,,,,,,,,,,,,,,,,,,,,,,,,,,,,,,,,,,,,,,,,,,,,,,,,,,,,,,,,,,,,,,,,,,,,,,,,,,,,,,,,,,,,,,,,,,,,,,,,,,,,,,,,,,,,,,,,,,,,,,,,,,,,,,,,,,,,,,,,,,,,,,,,,,,,,,,,,,,,,,,,,,,,,,,,,,,,,,,,,,,,,,,,,,,,,,,,,,,,,,,,,,,,,43.95161290322581,12.365591397849462,7.526881720430108,39.784946236559136,60.08064516129033
Engin Yıldırım,Antalya,FW,0.0,0.0,0.0,FW,True,False,Antalya,,Merkez Orta Saha,Merkez Orta Saha,,MID,0.0,0.0,0.0,0.0,0.0,0.0,0.9392307922130668,0.0630602550433404,0.3284066864569689,3.153149376611416,3.061057799509728,0.772420951634904,5.662005245291896,6.357841987849307,0.0,0.0,89.14603468984694,0.0,0.0,0.0,0.0,0.0,0.0,0.28433708766778326,0.03041144882193797,0.0,0.14825083359827923,0.0,0.3284066864569689,,,,,,,,,,,,,,,,,,,,,,,,,,,,,,,,,,,,,,,,,,,,,,,,,,,,,,,,,,,,,,,,,,,,,,,,,,,,,,,,,,,,,,,,,,,,,,,,,,,,,,,,,,,,,,,,,,,,,,,,,,,,,,,,,,,,,,,,,,,,,,,,,,,,,,,,,,,,,,,,,,,,,,,,,,,,,,,,,,,,,,,,,,,,,,,,,,,,,,,,,,,,,,,,,,,,,,,,,,,,,,,,,,,,,,,,,,,,,,,,,,,,,,,,,,,,,,,,,,,,,,,,,,,,,,5.964214711729622,96.62027833001989,59.24453280318092,16.10337972166998,48.70775347912525
Hüseyin Türkmen,Antalya,DF,0.0,0.0,0.0,DF,False,True,Antalya,Stoper,Standart Stoper (Savunma),Standart Stoper,Savunma,CB,2.951911357740479,0.719139945400875,10.580804485277266,62.29039687792081,72.51844254922575,0.0,0.0,0.0,0.0,0.0,0.0,0.0,2.0387682031757746,0.0,0.0,0.0,81.4274574311541,0.0,0.0,0.0,0.0,0.0,0.4756048855470979,0.12825749075625847,0.0,0.0,0.3585749180342202,0.0,0.0,,,,,,,,,,,,,,,,,,,,,,,,,,,,,,,,,,,,,,,,,,,,,,,,,,,,,,,,,,,,,,,,,,,,,,,,,,,,,,,,,,,,,,,,,,,,,,,,,,,,,,,,,,,,,,,,,,,,,,,,,,,,,,,,,,,,,,,,,,,,,,,,,,,,,,,,,,,,,,,,,,,,,,,,,,,,,,,,,,,,,,,,,,,,,,,,,,,,,,,,,,,,,,,,,,,,,,,,,,,,,,,,,,,,,,,,,,,,,,,,,,,,,,,,,,,,,,,,,,,,,,,,,,,,,,91.26344086021506,8.736559139784946,7.526881720430108,89.51612903225806,60.08064516129033
Mert Yilmaz,Antalya,MF,0.0,0.0,0.0,DF,False,True,Antalya,,Merkez Orta Saha,Merkez Orta Saha,,MID,0.0,0.0,0.0,0.0,0.0,0.0,0.998233094120038,0.1887604821865695,0.3049215687920681,3.428420216778972,2.481442121370786,1.0564115122366478,4.574666749566298,3.931441475584275,0.0,0.0,79.02124183343743,0.0,0.0,0.0,0.0,0.0,0.0,0.2512245500978675,0.030750244234830536,0.0,0.13176232389589984,0.0,0.3049215687920681,,,,,,,,,,,,,,,,,,,,,,,,,,,,,,,,,,,,,,,,,,,,,,,,,,,,,,,,,,,,,,,,,,,,,,,,,,,,,,,,,,,,,,,,,,,,,,,,,,,,,,,,,,,,,,,,,,,,,,,,,,,,,,,,,,,,,,,,,,,,,,,,,,,,,,,,,,,,,,,,,,,,,,,,,,,,,,,,,,,,,,,,,,,,,,,,,,,,,,,,,,,,,,,,,,,,,,,,,,,,,,,,,,,,,,,,,,,,,,,,,,,,,,,,,,,,,,,,,,,,,,,,,,,,,,5.964214711729622,93.24055666003976,59.24453280318092,10.337972166998012,48.70775347912525
Kerem Kayaarası,Antalya,FW,0.0,0.0,0.0,FW,True,False,Antalya,,Merkez Orta Saha,Merkez Orta Saha,,MID,0.0,0.0,0.0,0.0,0.0,0.0,1.0453089263452018,0.115134874318535,0.2681226717873559,3.415970209271367,2.162946416366941,1.852910295123725,2.8068140052769186,4.091568782971627,0.0,0.0,82.62717111016,0.0,0.0,0.0,0.0,0.0,0.0,0.25076302210351253,0.029717921658124674,0.0,0.1313250953833812,0.0,0.2681226717873559,,,,,,,,,,,,,,,,,,,,,,,,,,,,,,,,,,,,,,,,,,,,,,,,,,,,,,,,,,,,,,,,,,,,,,,,,,,,,,,,,,,,,,,,,,,,,,,,,,,,,,,,,,,,,,,,,,,,,,,,,,,,,,,,,,,,,,,,,,,,,,,,,,,,,,,,,,,,,,,,,,,,,,,,,,,,,,,,,,,,,,,,,,,,,,,,,,,,,,,,,,,,,,,,,,,,,,,,,,,,,,,,,,,,,,,,,,,,,,,,,,,,,,,,,,,,,,,,,,,,,,,,,,,,,,5.964214711729622,93.24055666003976,57.25646123260437,10.337972166998012,48.70775347912525
Ali Demirbilek,Antalya,FW,0.0,0.0,0.0,FW,True,False,Antalya,,Merkez Orta Saha,Merkez Orta Saha,,MID,0.0,0.0,0.0,0.0,0.0,0.0,2.086354385448593,0.2104996382225153,0.2759565701386545,2.824059945705897,2.8981356362458026,1.7100402795421088,2.417771687553449,8.170713726081104,0.0,0.0,78.85241866852803,0.0,0.0,0.0,0.0,0.0,0.0,0.26373321688918283,0.03896195652429686,0.0,0.13965899974945079,0.0,0.2759565701386545,,,,,,,,,,,,,,,,,,,,,,,,,,,,,,,,,,,,,,,,,,,,,,,,,,,,,,,,,,,,,,,,,,,,,,,,,,,,,,,,,,,,,,,,,,,,,,,,,,,,,,,,,,,,,,,,,,,,,,,,,,,,,,,,,,,,,,,,,,,,,,,,,,,,,,,,,,,,,,,,,,,,,,,,,,,,,,,,,,,,,,,,,,,,,,,,,,,,,,,,,,,,,,,,,,,,,,,,,,,,,,,,,,,,,,,,,,,,,,,,,,,,,,,,,,,,,,,,,,,,,,,,,,,,,,5.964214711729622,95.2286282306163,70.9741550695825,12.326043737574553,48.70775347912525
Alp Abay,Antalya,NAN,0.0,0.0,0.0,NAN,False,False,Antalya,,Merkez Orta Saha,Merkez Orta Saha,,MID,0.0,0.0,0.0,0.0,0.0,0.0,1.5322386810180344,0.1821226692904033,0.2327447162165983,1.1512328483527063,3.1115712749029933,1.9276198799136048,2.095644832186435,8.667274854121318,0.0,0.0,80.52951721860035,0.0,0.0,0.0,0.0,0.0,0.0,0.2694012651280224,0.027510257579726045,0.0,0.14020268407995642,0.0,0.2327447162165983,,,,,,,,,,,,,,,,,,,,,,,,,,,,,,,,,,,,,,,,,,,,,,,,,,,,,,,,,,,,,,,,,,,,,,,,,,,,,,,,,,,,,,,,,,,,,,,,,,,,,,,,,,,,,,,,,,,,,,,,,,,,,,,,,,,,,,,,,,,,,,,,,,,,,,,,,,,,,,,,,,,,,,,,,,,,,,,,,,,,,,,,,,,,,,,,,,,,,,,,,,,,,,,,,,,,,,,,,,,,,,,,,,,,,,,,,,,,,,,,,,,,,,,,,,,,,,,,,,,,,,,,,,,,,,5.964214711729622,95.82504970178927,51.689860834990064,12.326043737574553,48.70775347912525
Kagan Arican,Antalya,GK,0.0,0.0,0.0,GK,False,False,Antalya,,Merkez Orta Saha,Merkez Orta Saha,,MID,0.0,0.0,0.0,0.0,0.0,0.0,1.0537461682276077,0.1941118616249311,0.091100400148101,2.847310629008361,1.1272268465434114,1.6313723895231211,2.828740884826104,5.239855897678518,0.0,0.0,80.75238932445207,0.0,0.0,0.0,0.0,0.0,0.0,0.1987493681784141,0.021299754260721022,0.0,0.10363463494135125,0.0,0.091100400148101,,,,,,,,,,,,,,,,,,,,,,,,,,,,,,,,,,,,,,,,,,,,,,,,,,,,,,,,,,,,,,,,,,,,,,,,,,,,,,,,,,,,,,,,,,,,,,,,,,,,,,,,,,,,,,,,,,,,,,,,,,,,,,,,,,,,,,,,,,,,,,,,,,,,,,,,,,,,,,,,,,,,,,,,,,,,,,,,,,,,,,,,,,,,,,,,,,,,,,,,,,,,,,,,,,,,,,,,,,,,,,,,,,,,,,,,,,,,,,,,,,,,,,,,,,,,,,,,,,,,,,,,,,,,,,5.964214711729622,73.558648111332,40.55666003976143,6.163021868787276,48.70775347912525
Mehmet Dadakdeniz,Antalya,GK,0.0,0.0,0.0,GK,False,False,Antalya,,Merkez Orta Saha,Merkez Orta Saha,,MID,0.0,0.0,0.0,0.0,0.0,0.0,1.6817009449529283,0.1640404594202678,0.3175182607470404,0.926837998108643,1.500859266241596,1.0897928015418834,6.454277674915733,4.624468038861322,0.0,0.0,83.62928653257094,0.0,0.0,0.0,0.0,0.0,0.0,0.23273944119137877,0.03183483487468251,0.0,0.12273668757062589,0.0,0.3175182607470404,,,,,,,,,,,,,,,,,,,,,,,,,,,,,,,,,,,,,,,,,,,,,,,,,,,,,,,,,,,,,,,,,,,,,,,,,,,,,,,,,,,,,,,,,,,,,,,,,,,,,,,,,,,,,,,,,,,,,,,,,,,,,,,,,,,,,,,,,,,,,,,,,,,,,,,,,,,,,,,,,,,,,,,,,,,,,,,,,,,,,,,,,,,,,,,,,,,,,,,,,,,,,,,,,,,,,,,,,,,,,,,,,,,,,,,,,,,,,,,,,,,,,,,,,,,,,,,,,,,,,,,,,,,,,,5.964214711729622,89.46322067594433,60.834990059642145,9.542743538767395,48.70775347912525
Ege Izmirli,Antalya,DF,0.0,0.0,0.0,DF,False,True,Antalya,,Merkez Orta Saha,Merkez Orta Saha,,MID,0.0,0.0,0.0,0.0,0.0,0.0,1.9039164158687067,0.0443571923674267,0.2347563091670419,0.926837998108643,3.139138151902956,1.3859567509919566,3.2076842085084087,6.863997259434095,0.0,0.0,81.22274600944371,0.0,0.0,0.0,0.0,0.0,0.0,0.266359719692658,0.030746511520640354,0.0,0.13932916215045707,0.0,0.2347563091670419,,,,,,,,,,,,,,,,,,,,,,,,,,,,,,,,,,,,,,,,,,,,,,,,,,,,,,,,,,,,,,,,,,,,,,,,,,,,,,,,,,,,,,,,,,,,,,,,,,,,,,,,,,,,,,,,,,,,,,,,,,,,,,,,,,,,,,,,,,,,,,,,,,,,,,,,,,,,,,,,,,,,,,,,,,,,,,,,,,,,,,,,,,,,,,,,,,,,,,,,,,,,,,,,,,,,,,,,,,,,,,,,,,,,,,,,,,,,,,,,,,,,,,,,,,,,,,,,,,,,,,,,,,,,,,5.964214711729622,95.2286282306163,59.24453280318092,11.72962226640159,48.70775347912525
Berkay Topdemir,Antalya,FW,0.0,0.0,0.0,FW,True,False,Antalya,,Merkez Orta Saha,Merkez Orta Saha,,MID,0.0,0.0,0.0,0.0,0.0,0.0,0.972510401540421,0.1362567297242345,0.1961542208431539,1.6737475917037614,2.9991562407346195,1.4915213813709804,3.7713566360860784,5.452405026588578,0.0,0.0,79.21173728181313,0.0,0.0,0.0,0.0,0.0,0.0,0.2602637059306632,0.021755641828389773,0.0,0.13448298133100955,0.0,0.1961542208431539,,,,,,,,,,,,,,,,,,,,,,,,,,,,,,,,,,,,,,,,,,,,,,,,,,,,,,,,,,,,,,,,,,,,,,,,,,,,,,,,,,,,,,,,,,,,,,,,,,,,,,,,,,,,,,,,,,,,,,,,,,,,,,,,,,,,,,,,,,,,,,,,,,,,,,,,,,,,,,,,,,,,,,,,,,,,,,,,,,,,,,,,,,,,,,,,,,,,,,,,,,,,,,,,,,,,,,,,,,,,,,,,,,,,,,,,,,,,,,,,,,,,,,,,,,,,,,,,,,,,,,,,,,,,,,5.964214711729622,94.63220675944333,41.15308151093439,10.337972166998012,48.70775347912525
Opponent Total,Antalya,NAN,0.0,0.0,0.0,NAN,False,False,Antalya,,Merkez Orta Saha,Merkez Orta Saha,,MID,0.0,0.0,0.0,0.0,0.0,0.0,1.2684531132032384,0.2459098104948692,0.0388463142247183,2.1193366140925978,3.880849047213319,0.6176837244756859,2.526727422406666,3.152318133962069,0.0,0.0,80.00989306912929,0.0,0.0,0.0,0.0,0.0,0.0,0.25904262506004194,0.019536725236252613,0.0,0.1334286575772715,0.0,0.0388463142247183,,,,,,,,,,,,,,,,,,,,,,,,,,,,,,,,,,,,,,,,,,,,,,,,,,,,,,,,,,,,,,,,,,,,,,,,,,,,,,,,,,,,,,,,,,,,,,,,,,,,,,,,,,,,,,,,,,,,,,,,,,,,,,,,,,,,,,,,,,,,,,,,,,,,,,,,,,,,,,,,,,,,,,,,,,,,,,,,,,,,,,,,,,,,,,,,,,,,,,,,,,,,,,,,,,,,,,,,,,,,,,,,,,,,,,,,,,,,,,,,,,,,,,,,,,,,,,,,,,,,,,,,,,,,,,5.964214711729622,94.43339960238568,36.18290258449304,10.337972166998012,48.70775347912525
Eldor Shomurodov,Başakşehir,MF,0.525,0.09,0.6179999999999995,FW,True,False,Başakşehir,Santrafor,Yaratıcı Forvet,Yaratıcı Forvet,,FWD,0.0,0.0,0.0,0.0,0.0,0.0,3.5879686488298965,0.0,0.0,0.0,0.0,0.0,0.0,0.0,6.503608399466084,0.7411869996164835,0.0,0.0,0.0,0.0,0.0,0.0,0.0,0.0,0.0914700046526846,0.0,0.07317600372214768,0.7411869996164835,0.0,,,,,,,,,,,,,,,,,,,,,,,,,,,,,,,,,,,,,,,,,,,,,,,,,,,,,,,,,,,,,,,,,,,,,,,,,,,,,,,,,,,,,,,,,,,,,,,,,,,,,,,,,,,,,,,,,,,,,,,,,,,,,,,,,,,,,,,,,,,,,,,,,,,,,,,,,,,,,,,,,,,,,,,,,,,,,,,,,,,,,,,,,,,,,,,,,,,,,,,,,,,,,,,,,,,,,,,,,,,,,,,,,,,,,,,,,,,,,,,,,,,,,,,,,,,,,,,,,,,,,,,,,,,,,,9.809264305177113,2.7247956403269753,83.10626702997274,40.32697547683924,78.2016348773842
Jerome Opoku,Başakşehir,DF,0.0,0.0,0.0,DF,False,True,Başakşehir,Stoper,Standart Stoper (Durdurucu),Standart Stoper,Durdurucu,CB,3.294220519905154,1.721150418846498,6.881525131290103,61.836794269514144,74.20504217801792,0.0,0.0,0.0,0.0,0.0,0.0,0.0,3.4655801778710686,0.0,0.0,0.0,84.91273811540088,0.0,0.0,0.0,0.0,0.0,0.4580775789610023,0.13776584770671452,0.0,0.0,0.3482074748140445,0.0,0.0,,,,,,,,,,,,,,,,,,,,,,,,,,,,,,,,,,,,,,,,,,,,,,,,,,,,,,,,,,,,,,,,,,,,,,,,,,,,,,,,,,,,,,,,,,,,,,,,,,,,,,,,,,,,,,,,,,,,,,,,,,,,,,,,,,,,,,,,,,,,,,,,,,,,,,,,,,,,,,,,,,,,,,,,,,,,,,,,,,,,,,,,,,,,,,,,,,,,,,,,,,,,,,,,,,,,,,,,,,,,,,,,,,,,,,,,,,,,,,,,,,,,,,,,,,,,,,,,,,,,,,,,,,,,,,88.44086021505376,17.876344086021508,7.526881720430108,85.61827956989248,60.08064516129033
Muhammed Şengezer,Başakşehir,GK,0.0,0.0,0.0,GK,False,False,Başakşehir,Kaleci,Kaleci (Savunma),Kaleci,Savunma,GK,0.0,0.0,0.0,0.0,0.0,0.0,0.0,0.0,0.0,0.0,0.0,0.0,0.0,0.0,0.0,0.0,0.0,58.12037280884873,2.3661147045343363,75.42540693371892,0.757818591405544,0.5772181268749841,0.0,0.0,0.0,0.8995214502225578,0.8995214502225578,0.0,0.0,,,,,,,,,,,,,,,,,,,,,,,,,,,,,,,,,,,,,,,,,,,,,,,,,,,,,,,,,,,,,,,,,,,,,,,,,,,,,,,,,,,,,,,,,,,,,,,,,,,,,,,,,,,,,,,,,,,,,,,,,,,,,,,,,,,,,,,,,,,,,,,,,,,,,,,,,,,,,,,,,,,,,,,,,,,,,,,,,,,,,,,,,,,,,,,,,,,,,,,,,,,,,,,,,,,,,,,,,,,,,,,,,,,,,,,,,,,,,,,,,,,,,,,,,,,,,,,,,,,,,,,,,,,,,,4.929577464788732,0.0,83.09859154929578,100.0,96.47887323943662
Crespo,Başakşehir,FW,0.0,0.4025,0.43,MF,True,True,Başakşehir,,Merkez Orta Saha,Merkez Orta Saha,,MID,0.0,0.0,0.0,0.0,0.0,0.0,0.6559607960075899,0.2343470166242797,0.1564694403322488,2.880100028081042,3.283113370752349,1.3167454386557975,3.111806523740851,3.936915584197142,0.0,0.0,79.7673067626251,0.0,0.0,0.0,0.0,0.0,0.0,0.26334864267924885,0.02404363564356846,0.0,0.13648304846833811,0.0,0.1564694403322488,,,,,,,,,,,,,,,,,,,,,,,,,,,,,,,,,,,,,,,,,,,,,,,,,,,,,,,,,,,,,,,,,,,,,,,,,,,,,,,,,,,,,,,,,,,,,,,,,,,,,,,,,,,,,,,,,,,,,,,,,,,,,,,,,,,,,,,,,,,,,,,,,,,,,,,,,,,,,,,,,,,,,,,,,,,,,,,,,,,,,,,,,,,,,,,,,,,,,,,,,,,,,,,,,,,,,,,,,,,,,,,,,,,,,,,,,,,,,,,,,,,,,,,,,,,,,,,,,,,,,,,,,,,,,,5.964214711729622,95.2286282306163,45.72564612326044,10.536779324055665,86.48111332007953
Christopher Operi,Başakşehir,MF,0.0,0.0,0.0,DF,False,True,Başakşehir,Sol Bek,Standart Bek (Hücum),Standart Bek,Hücum,FB,1.0871896072226797,0.0,0.0,47.09439764496811,0.0,4.7593284944539,0.0,0.0,0.0,0.0,0.0,0.0,0.0,0.0,0.0,0.0,82.56035929608507,0.0,0.0,0.0,0.0,0.0,0.15487306302518783,0.12384053894412761,0.007932214157423166,0.0,0.11617513602731684,0.0,0.0,,,,,,,,,,,,,,,,,,,,,,,,,,,,,,,,,,,,,,,,,,,,,,,,,,,,,,,,,,,,,,,,,,,,,,,,,,,,,,,,,,,,,,,,,,,,,,,,,,,,,,,,,,,,,,,,,,,,,,,,,,,,,,,,,,,,,,,,,,,,,,,,,,,,,,,,,,,,,,,,,,,,,,,,,,,,,,,,,,,,,,,,,,,,,,,,,,,,,,,,,,,,,,,,,,,,,,,,,,,,,,,,,,,,,,,,,,,,,,,,,,,,,,,,,,,,,,,,,,,,,,,,,,,,,,11.320754716981133,5.660377358490567,8.80503144654088,7.547169811320755,50.943396226415096
Berat Özdemir,Başakşehir,DF,0.0,0.0,0.0,MF,True,True,Başakşehir,Ön Libero,Gizli Libero,Gizli Libero,,DM,0.0,0.0,0.0,0.0,0.0,0.0,0.7804136340228287,0.0140238381945519,0.1611253949206741,2.644897516837564,3.852318123194014,1.5639812427089144,4.596122853901026,7.295833373084385,0.0,0.0,89.14603468984694,0.0,0.0,0.0,0.0,0.0,0.0,0.3027328364226285,0.020861395929149165,0.0,0.15553869739714407,0.0,0.1611253949206741,,,,,,,,,,,,,,,,,,,,,,,,,,,,,,,,,,,,,,,,,,,,,,,,,,,,,,,,,,,,,,,,,,,,,,,,,,,,,,,,,,,,,,,,,,,,,,,,,,,,,,,,,,,,,,,,,,,,,,,,,,,,,,,,,,,,,,,,,,,,,,,,,,,,,,,,,,,,,,,,,,,,,,,,,,,,,,,,,,,,,,,,,,,,,,,,,,,,,,,,,,,,,,,,,,,,,,,,,,,,,,,,,,,,,,,,,,,,,,,,,,,,,,,,,,,,,,,,,,,,,,,,,,,,,,,,,,
Yusuf Sari,Başakşehir,MF,0.0,0.14,0.14,MF,True,True,Başakşehir,,Merkez Orta Saha,Merkez Orta Saha,,MID,0.0,0.0,0.0,0.0,0.0,0.0,1.830347493326464,0.0412037039323592,0.3025972633329344,2.0039373072172206,3.107621504604421,0.7509819560015906,5.038763415478263,6.953543651460908,0.0,0.0,87.11151008302168,0.0,0.0,0.0,0.0,0.0,0.0,0.2769896325497801,0.03681720873462507,0.0,0.14585825802181507,0.0,0.3025972633329344,,,,,,,,,,,,,,,,,,,,,,,,,,,,,,,,,,,,,,,,,,,,,,,,,,,,,,,,,,,,,,,,,,,,,,,,,,,,,,,,,,,,,,,,,,,,,,,,,,,,,,,,,,,,,,,,,,,,,,,,,,,,,,,,,,,,,,,,,,,,,,,,,,,,,,,,,,,,,,,,,,,,,,,,,,,,,,,,,,,,,,,,,,,,,,,,,,,,,,,,,,,,,,,,,,,,,,,,,,,,,,,,,,,,,,,,,,,,,,,,,,,,,,,,,,,,,,,,,,,,,,,,,,,,,,5.964214711729622,96.42147117296223,66.99801192842942,15.308151093439365,58.25049701789264
Festy Ebosele,Başakşehir,DF,0.0,0.0,0.0,DF,False,True,Başakşehir,Sağ Bek,Ofansif Bek (Hücum),Ofansif Bek,Hücum,FB,1.2736035763543296,0.0,0.0,49.07705740996588,0.0,7.561367159338119,0.0,0.0,0.0,3.223361947870177,0.0,0.0,0.0,0.0,0.0,0.0,80.10178639649426,0.0,0.0,0.0,0.0,0.0,0.16315121693432677,0.12418188202957911,0.020660683468572312,0.0,0.12296230976975159,0.0,0.0,,,,,,,,,,,,,,,,,,,,,,,,,,,,,,,,,,,,,,,,,,,,,,,,,,,,,,,,,,,,,,,,,,,,,,,,,,,,,,,,,,,,,,,,,,,,,,,,,,,,,,,,,,,,,,,,,,,,,,,,,,,,,,,,,,,,,,,,,,,,,,,,,,,,,,,,,,,,,,,,,,,,,,,,,,,,,,,,,,,,,,,,,,,,,,,,,,,,,,,,,,,,,,,,,,,,,,,,,,,,,,,,,,,,,,,,,,,,,,,,,,,,,,,,,,,,,,,,,,,,,,,,,,,,,,11.320754716981133,5.660377358490567,35.84905660377358,7.547169811320755,50.943396226415096
Léo Duarte,Başakşehir,DF,0.0,0.0,0.0,DF,False,True,Başakşehir,Stoper,Standart Stoper (Sıkı Defans),Standart Stoper,Sıkı Defans,CB,3.2741728485302346,1.1710025631490455,5.016484101215078,54.33004674775038,78.00959065461953,0.0,0.0,0.0,0.0,0.0,0.0,0.0,3.1187266814694885,0.0,0.0,0.0,78.18728507646034,0.0,0.0,0.0,0.0,0.0,0.4323845048278617,0.12663710765909897,0.0,0.0,0.32799657491132295,0.0,0.0,,,,,,,,,,,,,,,,,,,,,,,,,,,,,,,,,,,,,,,,,,,,,,,,,,,,,,,,,,,,,,,,,,,,,,,,,,,,,,,,,,,,,,,,,,,,,,,,,,,,,,,,,,,,,,,,,,,,,,,,,,,,,,,,,,,,,,,,,,,,,,,,,,,,,,,,,,,,,,,,,,,,,,,,,,,,,,,,,,,,,,,,,,,,,,,,,,,,,,,,,,,,,,,,,,,,,,,,,,,,,,,,,,,,,,,,,,,,,,,,,,,,,,,,,,,,,,,,,,,,,,,,,,,,,,79.3010752688172,8.198924731182796,7.526881720430108,76.34408602150538,60.08064516129033
Olivier Kemen,Başakşehir,MF,0.0,0.17,0.17,MF,True,True,Başakşehir,Merkez Orta Saha,Savaşçı Orta Saha (Destek),Savaşçı Orta Saha,Destek,MID,3.210956818209212,1.1372053986904564,0.0,0.0,0.0,0.0,0.7810205301608166,0.0329321933636404,0.1913268770657259,1.538791998960498,0.0,0.0,0.0,6.504698588794842,0.0,0.0,0.0,0.0,0.0,0.0,0.0,0.0,0.04013696022761515,0.017229640163958698,0.02101026038163845,0.0,0.024857960226591584,0.0,0.1913268770657259,,,,,,,,,,,,,,,,,,,,,,,,,,,,,,,,,,,,,,,,,,,,,,,,,,,,,,,,,,,,,,,,,,,,,,,,,,,,,,,,,,,,,,,,,,,,,,,,,,,,,,,,,,,,,,,,,,,,,,,,,,,,,,,,,,,,,,,,,,,,,,,,,,,,,,,,,,,,,,,,,,,,,,,,,,,,,,,,,,,,,,,,,,,,,,,,,,,,,,,,,,,,,,,,,,,,,,,,,,,,,,,,,,,,,,,,,,,,,,,,,,,,,,,,,,,,,,,,,,,,,,,,,,,,,,9.145129224652088,0.9940357852882704,40.15904572564612,0.9940357852882704,61.431411530815105
Nuno da Costa,Başakşehir,FW,0.34,0.0,0.34,MF,True,True,Başakşehir,,Merkez Orta Saha,Merkez Orta Saha,,MID,0.0,0.0,0.0,0.0,0.0,0.0,1.5028431057008262,0.1814949774963238,0.1331401921396433,3.4922361504258204,1.894156625918329,1.6709475761383357,3.226761570831055,4.331832971597697,0.0,0.0,89.14603468984694,0.0,0.0,0.0,0.0,0.0,0.0,0.2403047597260922,0.04268462911865854,0.0,0.1286893056867778,0.0,0.1331401921396433,,,,,,,,,,,,,,,,,,,,,,,,,,,,,,,,,,,,,,,,,,,,,,,,,,,,,,,,,,,,,,,,,,,,,,,,,,,,,,,,,,,,,,,,,,,,,,,,,,,,,,,,,,,,,,,,,,,,,,,,,,,,,,,,,,,,,,,,,,,,,,,,,,,,,,,,,,,,,,,,,,,,,,,,,,,,,,,,,,,,,,,,,,,,,,,,,,,,,,,,,,,,,,,,,,,,,,,,,,,,,,,,,,,,,,,,,,,,,,,,,,,,,,,,,,,,,,,,,,,,,,,,,,,,,,5.964214711729622,91.05367793240556,74.55268389662028,10.337972166998012,79.32405566600397
Ousseynou Ba,Başakşehir,DF,0.0,0.0,0.0,DF,False,True,Başakşehir,Stoper,Çakılı Stoper,Çakılı Stoper,,CB,3.059751091715248,1.7633203009480365,8.177946080438435,60.846291230949326,62.37853030734279,0.0,0.0,0.0,0.0,0.0,0.0,0.0,2.0387682031757746,0.0,0.0,0.0,78.18728507646034,0.0,0.0,0.0,0.0,0.0,0.4312517286439018,0.12339723222421783,0.0,0.0,0.3265556564955748,0.0,0.0,,,,,,,,,,,,,,,,,,,,,,,,,,,,,,,,,,,,,,,,,,,,,,,,,,,,,,,,,,,,,,,,,,,,,,,,,,,,,,,,,,,,,,,,,,,,,,,,,,,,,,,,,,,,,,,,,,,,,,,,,,,,,,,,,,,,,,,,,,,,,,,,,,,,,,,,,,,,,,,,,,,,,,,,,,,,,,,,,,,,,,,,,,,,,,,,,,,,,,,,,,,,,,,,,,,,,,,,,,,,,,,,,,,,,,,,,,,,,,,,,,,,,,,,,,,,,,,,,,,,,,,,,,,,,,78.89784946236558,6.317204301075269,7.526881720430108,75.80645161290323,60.08064516129033
Umut Güneş,Başakşehir,MF,0.0,0.0,0.0,MF,True,True,Başakşehir,Merkez Orta Saha,Standart Orta Saha (Destek),Standart Orta Saha,Destek,MID,0.0,0.0,0.0,0.0,0.0,0.0,1.8889971496171087,0.2044463324642362,0.3418801149787308,1.9506895160371271,1.3160947667525695,1.3756591707711674,2.288660796125586,4.386448779528428,0.0,0.0,83.2768858380949,0.0,0.0,0.0,0.0,0.0,0.0,0.22168781280300856,0.03744189988541314,0.0,0.1183322863785869,0.0,0.3418801149787308,,,,,,,,,,,,,,,,,,,,,,,,,,,,,,,,,,,,,,,,,,,,,,,,,,,,,,,,,,,,,,,,,,,,,,,,,,,,,,,,,,,,,,,,,,,,,,,,,,,,,,,,,,,,,,,,,,,,,,,,,,,,,,,,,,,,,,,,,,,,,,,,,,,,,,,,,,,,,,,,,,,,,,,,,,,,,,,,,,,,,,,,,,,,,,,,,,,,,,,,,,,,,,,,,,,,,,,,,,,,,,,,,,,,,,,,,,,,,,,,,,,,,,,,,,,,,,,,,,,,,,,,,,,,,,5.964214711729622,85.48707753479125,68.98608349900597,8.747514910536779,48.70775347912525
Deniz Turuc,Başakşehir,MF,0.0,0.19,0.19,MF,True,True,Başakşehir,,Merkez Orta Saha,Merkez Orta Saha,,MID,0.0,0.0,0.0,0.0,0.0,0.0,0.6244415384989621,0.0533778415776679,0.0387522076642104,2.018744965690124,3.3454715900348067,1.9276198799136048,3.955164345636993,7.03135646159237,0.0,0.0,81.34042177995188,0.0,0.0,0.0,0.0,0.0,0.0,0.2687781794268366,0.01474136610578335,0.0,0.137337362934575,0.0,0.0387522076642104,,,,,,,,,,,,,,,,,,,,,,,,,,,,,,,,,,,,,,,,,,,,,,,,,,,,,,,,,,,,,,,,,,,,,,,,,,,,,,,,,,,,,,,,,,,,,,,,,,,,,,,,,,,,,,,,,,,,,,,,,,,,,,,,,,,,,,,,,,,,,,,,,,,,,,,,,,,,,,,,,,,,,,,,,,,,,,,,,,,,,,,,,,,,,,,,,,,,,,,,,,,,,,,,,,,,,,,,,,,,,,,,,,,,,,,,,,,,,,,,,,,,,,,,,,,,,,,,,,,,,,,,,,,,,,5.964214711729622,95.82504970178927,25.44731610337972,11.133200795228628,64.81113320079523
Onur Bulut,Başakşehir,DF,0.0,0.0,0.0,DF,False,True,Başakşehir,Sağ Bek,Çalışkan Kanat Oyuncusu (Destek),Çalışkan Kanat Oyuncusu,Destek,FB,1.1009178232704695,0.0,0.0,56.14793103329004,0.0,3.5108322122856714,0.0,0.0,0.0,0.0,0.0,0.0,0.0,0.0,0.0,0.0,78.18728507646034,0.0,0.0,0.0,0.0,0.0,0.18220526589075098,0.11728092761469051,0.0058513870204761195,0.0,0.12745718863387787,0.0,0.0,,,,,,,,,,,,,,,,,,,,,,,,,,,,,,,,,,,,,,,,,,,,,,,,,,,,,,,,,,,,,,,,,,,,,,,,,,,,,,,,,,,,,,,,,,,,,,,,,,,,,,,,,,,,,,,,,,,,,,,,,,,,,,,,,,,,,,,,,,,,,,,,,,,,,,,,,,,,,,,,,,,,,,,,,,,,,,,,,,,,,,,,,,,,,,,,,,,,,,,,,,,,,,,,,,,,,,,,,,,,,,,,,,,,,,,,,,,,,,,,,,,,,,,,,,,,,,,,,,,,,,,,,,,,,,14.465408805031446,5.031446540880504,6.918238993710692,7.547169811320755,50.943396226415096
Ömer Ali Şahiner,Başakşehir,MF,0.0,0.0,0.0,DF,False,True,Başakşehir,Sağ Bek,Standart Bek (Destek),Standart Bek,Destek,FB,0.9507943073869946,0.0,0.0,54.2694576167228,0.0,2.3396224586283445,0.0,0.0,0.0,0.0,0.0,0.0,0.0,0.0,0.0,0.0,86.20973472521813,0.0,0.0,0.0,0.0,0.0,0.17469330169250585,0.1293146020878272,0.003899370764380574,0.0,0.1269209056254772,0.0,0.0,,,,,,,,,,,,,,,,,,,,,,,,,,,,,,,,,,,,,,,,,,,,,,,,,,,,,,,,,,,,,,,,,,,,,,,,,,,,,,,,,,,,,,,,,,,,,,,,,,,,,,,,,,,,,,,,,,,,,,,,,,,,,,,,,,,,,,,,,,,,,,,,,,,,,,,,,,,,,,,,,,,,,,,,,,,,,,,,,,,,,,,,,,,,,,,,,,,,,,,,,,,,,,,,,,,,,,,,,,,,,,,,,,,,,,,,,,,,,,,,,,,,,,,,,,,,,,,,,,,,,,,,,,,,,,13.20754716981132,5.660377358490567,5.660377358490567,7.547169811320755,50.943396226415096
Ivan Brnić,Başakşehir,MF,0.5,0.0,0.5,MF,True,True,Başakşehir,,Merkez Orta Saha,Merkez Orta Saha,,MID,0.0,0.0,0.0,0.0,0.0,0.0,1.5913556612206974,0.1264631732379572,0.1478919499091806,1.241784317217507,2.932447664427748,0.5834547459142635,3.1710168546316706,3.118263226526185,0.0,0.0,87.57951836651024,0.0,0.0,0.0,0.0,0.0,0.0,0.25099116562446305,0.04493369540161797,0.0,0.13448232189255513,0.0,0.1478919499091806,,,,,,,,,,,,,,,,,,,,,,,,,,,,,,,,,,,,,,,,,,,,,,,,,,,,,,,,,,,,,,,,,,,,,,,,,,,,,,,,,,,,,,,,,,,,,,,,,,,,,,,,,,,,,,,,,,,,,,,,,,,,,,,,,,,,,,,,,,,,,,,,,,,,,,,,,,,,,,,,,,,,,,,,,,,,,,,,,,,,,,,,,,,,,,,,,,,,,,,,,,,,,,,,,,,,,,,,,,,,,,,,,,,,,,,,,,,,,,,,,,,,,,,,,,,,,,,,,,,,,,,,,,,,,,5.964214711729622,93.24055666003976,75.94433399602386,10.337972166998012,89.26441351888667
Amine Harit,Başakşehir,MF,0.0,0.31,0.31,MF,True,True,Başakşehir,On Numara,Serbest Oyuncu (Trequartista),Serbest Oyuncu,Trequartista,AM,0.0,0.0,0.0,0.0,0.0,0.0,0.938781845772864,0.2101757570028,0.0166754062591058,2.9459857816248096,1.144558037179889,0.8979892063332005,3.0977696161490096,3.624651491907443,0.0,0.0,81.91504701649376,0.0,0.0,0.0,0.0,0.0,0.0,0.18498897331134181,0.0205197991621549,0.0,0.09865042640431737,0.0,0.0166754062591058,,,,,,,,,,,,,,,,,,,,,,,,,,,,,,,,,,,,,,,,,,,,,,,,,,,,,,,,,,,,,,,,,,,,,,,,,,,,,,,,,,,,,,,,,,,,,,,,,,,,,,,,,,,,,,,,,,,,,,,,,,,,,,,,,,,,,,,,,,,,,,,,,,,,,,,,,,,,,,,,,,,,,,,,,,,,,,,,,,,,,,,,,,,,,,,,,,,,,,,,,,,,,,,,,,,,,,,,,,,,,,,,,,,,,,,,,,,,,,,,,,,,,,,,,,,,,,,,,,,,,,,,,,,,,,,,,,
Jakub Kałuziński,Başakşehir,MF,0.0,0.0,0.0,MF,True,True,Başakşehir,,Merkez Orta Saha,Merkez Orta Saha,,MID,0.0,0.0,0.0,0.0,0.0,0.0,2.4221464379989177,0.1832003861915626,0.2589664422684256,2.67294200961002,2.080151397702935,1.402330818949736,6.799314013567276,7.799496512239136,0.0,0.0,81.59260048446419,0.0,0.0,0.0,0.0,0.0,0.0,0.25028483987621875,0.041262477094751254,0.0,0.13339491535705963,0.0,0.2589664422684256,,,,,,,,,,,,,,,,,,,,,,,,,,,,,,,,,,,,,,,,,,,,,,,,,,,,,,,,,,,,,,,,,,,,,,,,,,,,,,,,,,,,,,,,,,,,,,,,,,,,,,,,,,,,,,,,,,,,,,,,,,,,,,,,,,,,,,,,,,,,,,,,,,,,,,,,,,,,,,,,,,,,,,,,,,,,,,,,,,,,,,,,,,,,,,,,,,,,,,,,,,,,,,,,,,,,,,,,,,,,,,,,,,,,,,,,,,,,,,,,,,,,,,,,,,,,,,,,,,,,,,,,,,,,,,5.964214711729622,93.04174950298211,72.56461232604374,10.337972166998012,48.70775347912525
Onur Ergün,Başakşehir,MF,0.0,0.4025,0.6179999999999995,MF,True,True,Başakşehir,Ön Libero,Defansif Orta Saha (Savunma),Defansif Orta Saha,Savunma,DM,0.0,0.0,0.0,0.0,0.0,0.0,1.415445858111842,0.135559301372962,0.3213267932697027,1.396077954529653,3.8703994464528586,0.944839868308896,5.08150242962862,4.071267972326002,0.0,0.0,80.79007190649398,0.0,0.0,0.0,0.0,0.0,0.0,0.2941654374715843,0.034522725198230665,0.0,0.15398726377543828,0.0,0.3213267932697027,,,,,,,,,,,,,,,,,,,,,,,,,,,,,,,,,,,,,,,,,,,,,,,,,,,,,,,,,,,,,,,,,,,,,,,,,,,,,,,,,,,,,,,,,,,,,,,,,,,,,,,,,,,,,,,,,,,,,,,,,,,,,,,,,,,,,,,,,,,,,,,,,,,,,,,,,,,,,,,,,,,,,,,,,,,,,,,,,,,,,,,,,,,,,,,,,,,,,,,,,,,,,,,,,,,,,,,,,,,,,,,,,,,,,,,,,,,,,,,,,,,,,,,,,,,,,,,,,,,,,,,,,,,,,,,,,,
Abbosbek Fayzullayev,Başakşehir,MF,0.0,0.0,0.0,MF,True,True,Başakşehir,,Merkez Orta Saha,Merkez Orta Saha,,MID,0.0,0.0,0.0,0.0,0.0,0.0,2.092584354527832,0.1475869226146932,0.0980130653426712,1.0224288231627754,2.501203437130604,1.5716362461068634,4.784392215860479,6.916476647111248,0.0,0.0,79.55614773869083,0.0,0.0,0.0,0.0,0.0,0.0,0.2414171263175059,0.02740243821689211,0.0,0.12618905080213136,0.0,0.0980130653426712,,,,,,,,,,,,,,,,,,,,,,,,,,,,,,,,,,,,,,,,,,,,,,,,,,,,,,,,,,,,,,,,,,,,,,,,,,,,,,,,,,,,,,,,,,,,,,,,,,,,,,,,,,,,,,,,,,,,,,,,,,,,,,,,,,,,,,,,,,,,,,,,,,,,,,,,,,,,,,,,,,,,,,,,,,,,,,,,,,,,,,,,,,,,,,,,,,,,,,,,,,,,,,,,,,,,,,,,,,,,,,,,,,,,,,,,,,,,,,,,,,,,,,,,,,,,,,,,,,,,,,,,,,,,,,5.964214711729622,91.45129224652088,51.689860834990064,10.139165009940358,48.70775347912525
Hamza Güreler,Başakşehir,DF,0.0,0.0,0.0,DF,False,True,Başakşehir,Stoper,Standart Stoper (Savunma),Standart Stoper,Savunma,CB,2.784063292308576,1.7599819747981782,10.159948424788888,59.96261835993434,61.160542573783495,0.0,0.0,0.0,0.0,0.0,0.0,0.0,2.0387682031757746,0.0,0.0,0.0,85.45452632484215,0.0,0.0,0.0,0.0,0.0,0.43532299216671155,0.13429809409679055,0.0,0.0,0.3315857133360562,0.0,0.0,,,,,,,,,,,,,,,,,,,,,,,,,,,,,,,,,,,,,,,,,,,,,,,,,,,,,,,,,,,,,,,,,,,,,,,,,,,,,,,,,,,,,,,,,,,,,,,,,,,,,,,,,,,,,,,,,,,,,,,,,,,,,,,,,,,,,,,,,,,,,,,,,,,,,,,,,,,,,,,,,,,,,,,,,,,,,,,,,,,,,,,,,,,,,,,,,,,,,,,,,,,,,,,,,,,,,,,,,,,,,,,,,,,,,,,,,,,,,,,,,,,,,,,,,,,,,,,,,,,,,,,,,,,,,,79.97311827956989,14.919354838709678,7.526881720430108,77.68817204301075,60.08064516129033
Deniz Dilmen,Başakşehir,GK,0.0,0.0,0.0,GK,False,False,Başakşehir,,Merkez Orta Saha,Merkez Orta Saha,,MID,0.0,0.0,0.0,0.0,0.0,0.0,1.5554757385281497,0.12709013672907,0.3004195868796923,2.6373481156017258,2.298187408059114,1.6385079237828966,4.078875517616609,4.429096686280359,0.0,0.0,81.07755673220119,0.0,0.0,0.0,0.0,0.0,0.0,0.254706454844546,0.03416491114947351,0.0,0.1341862096521677,0.0,0.3004195868796923,,,,,,,,,,,,,,,,,,,,,,,,,,,,,,,,,,,,,,,,,,,,,,,,,,,,,,,,,,,,,,,,,,,,,,,,,,,,,,,,,,,,,,,,,,,,,,,,,,,,,,,,,,,,,,,,,,,,,,,,,,,,,,,,,,,,,,,,,,,,,,,,,,,,,,,,,,,,,,,,,,,,,,,,,,,,,,,,,,,,,,,,,,,,,,,,,,,,,,,,,,,,,,,,,,,,,,,,,,,,,,,,,,,,,,,,,,,,,,,,,,,,,,,,,,,,,,,,,,,,,,,,,,,,,,5.964214711729622,93.63817097415506,64.01590457256461,10.337972166998012,48.70775347912525
Davie Selke,Başakşehir,FW,0.0,0.0,0.0,FW,True,False,Başakşehir,Santrafor,Pivot Santrafor (Hücum),Pivot Santrafor,Hücum,FWD,0.0,0.0,0.0,0.0,0.0,0.0,2.6252678828354434,0.0,0.0,0.0,0.0,0.0,0.0,3.1135117261813545,7.496286696068089,0.6753934618468778,0.0,0.0,0.0,0.0,0.0,0.0,0.0,0.0,0.05695238163957615,0.0,0.045561905311660926,0.6753934618468778,0.0,,,,,,,,,,,,,,,,,,,,,,,,,,,,,,,,,,,,,,,,,,,,,,,,,,,,,,,,,,,,,,,,,,,,,,,,,,,,,,,,,,,,,,,,,,,,,,,,,,,,,,,,,,,,,,,,,,,,,,,,,,,,,,,,,,,,,,,,,,,,,,,,,,,,,,,,,,,,,,,,,,,,,,,,,,,,,,,,,,,,,,,,,,,,,,,,,,,,,,,,,,,,,,,,,,,,,,,,,,,,,,,,,,,,,,,,,,,,,,,,,,,,,,,,,,,,,,,,,,,,,,,,,,,,,,9.809264305177113,2.7247956403269753,46.86648501362398,13.623978201634879,35.967302452316076
Ömer Faruk Beyaz,Başakşehir,MF,0.0,0.0,0.0,MF,True,True,Başakşehir,,Merkez Orta Saha,Merkez Orta Saha,,MID,0.0,0.0,0.0,0.0,0.0,0.0,0.5420451568519457,0.0743871128297051,0.1022763806616642,2.567180278559065,2.373098815477882,0.6537739460997116,4.144721667150721,3.596648356556071,0.0,0.0,82.26383698168665,0.0,0.0,0.0,0.0,0.0,0.0,0.22822057993094627,0.015929457491383688,0.0,0.11729618146374987,0.0,0.1022763806616642,,,,,,,,,,,,,,,,,,,,,,,,,,,,,,,,,,,,,,,,,,,,,,,,,,,,,,,,,,,,,,,,,,,,,,,,,,,,,,,,,,,,,,,,,,,,,,,,,,,,,,,,,,,,,,,,,,,,,,,,,,,,,,,,,,,,,,,,,,,,,,,,,,,,,,,,,,,,,,,,,,,,,,,,,,,,,,,,,,,,,,,,,,,,,,,,,,,,,,,,,,,,,,,,,,,,,,,,,,,,,,,,,,,,,,,,,,,,,,,,,,,,,,,,,,,,,,,,,,,,,,,,,,,,,,5.964214711729622,88.07157057654076,28.82703777335984,8.747514910536779,48.70775347912525
Bertuğ Yıldırım,Başakşehir,FW,0.0,0.0,0.0,FW,True,False,Başakşehir,Santrafor,Pivot Santrafor (Destek),Pivot Santrafor,Destek,FWD,0.0,0.0,0.0,0.0,0.0,0.0,4.6893127695543,0.0,0.0,0.0,0.0,0.0,0.0,3.190747568588713,8.740608136685365,0.6825200960983576,0.0,0.0,0.0,0.0,0.0,0.0,0.0,0.0,0.07791676842728654,0.0,0.062333414741829234,0.6825200960983576,0.0,,,,,,,,,,,,,,,,,,,,,,,,,,,,,,,,,,,,,,,,,,,,,,,,,,,,,,,,,,,,,,,,,,,,,,,,,,,,,,,,,,,,,,,,,,,,,,,,,,,,,,,,,,,,,,,,,,,,,,,,,,,,,,,,,,,,,,,,,,,,,,,,,,,,,,,,,,,,,,,,,,,,,,,,,,,,,,,,,,,,,,,,,,,,,,,,,,,,,,,,,,,,,,,,,,,,,,,,,,,,,,,,,,,,,,,,,,,,,,,,,,,,,,,,,,,,,,,,,,,,,,,,,,,,,,9.809264305177113,2.7247956403269753,74.65940054495913,26.430517711171664,35.967302452316076
Doğan Alemdar,Başakşehir,GK,0.0,0.0,0.0,GK,False,False,Başakşehir,Kaleci,Kaleci (Savunma),Kaleci,Savunma,GK,0.0,0.0,0.0,0.0,0.0,0.0,0.0,0.0,0.0,0.0,0.0,0.0,0.0,0.0,0.0,0.0,0.0,58.11989040672405,3.4855307303338106,61.480893034681806,0.6848722277386503,0.9179696963549172,0.0,0.0,0.0,0.8797296470964964,0.8797296470964964,0.0,0.0,,,,,,,,,,,,,,,,,,,,,,,,,,,,,,,,,,,,,,,,,,,,,,,,,,,,,,,,,,,,,,,,,,,,,,,,,,,,,,,,,,,,,,,,,,,,,,,,,,,,,,,,,,,,,,,,,,,,,,,,,,,,,,,,,,,,,,,,,,,,,,,,,,,,,,,,,,,,,,,,,,,,,,,,,,,,,,,,,,,,,,,,,,,,,,,,,,,,,,,,,,,,,,,,,,,,,,,,,,,,,,,,,,,,,,,,,,,,,,,,,,,,,,,,,,,,,,,,,,,,,,,,,,,,,,4.929577464788732,0.0,83.09859154929578,100.0,96.47887323943662
Berkay Aslan,Başakşehir,MF,0.0,0.0,0.0,MF,True,True,Başakşehir,,Merkez Orta Saha,Merkez Orta Saha,,MID,0.0,0.0,0.0,0.0,0.0,0.0,1.729617888747447,0.141255498214754,0.3187695565753703,1.5378007228951651,1.626648172015491,1.2707816963101517,4.704525019190404,4.459033145996725,0.0,0.0,86.08793049774877,0.0,0.0,0.0,0.0,0.0,0.0,0.23853045683895993,0.0338914629577272,0.0,0.1260435210110254,0.0,0.3187695565753703,,,,,,,,,,,,,,,,,,,,,,,,,,,,,,,,,,,,,,,,,,,,,,,,,,,,,,,,,,,,,,,,,,,,,,,,,,,,,,,,,,,,,,,,,,,,,,,,,,,,,,,,,,,,,,,,,,,,,,,,,,,,,,,,,,,,,,,,,,,,,,,,,,,,,,,,,,,,,,,,,,,,,,,,,,,,,,,,,,,,,,,,,,,,,,,,,,,,,,,,,,,,,,,,,,,,,,,,,,,,,,,,,,,,,,,,,,,,,,,,,,,,,,,,,,,,,,,,,,,,,,,,,,,,,,5.964214711729622,90.85487077534792,63.618290258449306,10.139165009940358,48.70775347912525
Volkan Babacan,Başakşehir,GK,0.0,0.0,0.0,GK,False,False,Başakşehir,Kaleci,Kaleci (Savunma),Kaleci,Savunma,GK,0.0,0.0,0.0,0.0,0.0,0.0,0.0,0.0,0.0,0.0,0.0,0.0,0.0,0.0,0.0,0.0,0.0,56.16167224336399,2.210456421393158,67.16931457088545,0.5800422539062542,1.8623988289499804,0.0,0.0,0.0,0.7555051608118779,0.7555051608118779,0.0,0.0,,,,,,,,,,,,,,,,,,,,,,,,,,,,,,,,,,,,,,,,,,,,,,,,,,,,,,,,,,,,,,,,,,,,,,,,,,,,,,,,,,,,,,,,,,,,,,,,,,,,,,,,,,,,,,,,,,,,,,,,,,,,,,,,,,,,,,,,,,,,,,,,,,,,,,,,,,,,,,,,,,,,,,,,,,,,,,,,,,,,,,,,,,,,,,,,,,,,,,,,,,,,,,,,,,,,,,,,,,,,,,,,,,,,,,,,,,,,,,,,,,,,,,,,,,,,,,,,,,,,,,,,,,,,,,4.929577464788732,0.0,83.09859154929578,100.0,96.47887323943662
Luca Stančič,Başakşehir,GK,0.0,0.0,0.0,GK,False,False,Başakşehir,,Merkez Orta Saha,Merkez Orta Saha,,MID,0.0,0.0,0.0,0.0,0.0,0.0,2.39794701863398,0.1722213255125226,0.2638866662588743,3.3673316180761086,2.106121512594385,1.2633358333865838,5.482149035180536,7.333601591133955,0.0,0.0,78.75077810663342,0.0,0.0,0.0,0.0,0.0,0.0,0.24202639496742714,0.04295326588188505,0.0,0.12960385066009059,0.0,0.2638866662588743,,,,,,,,,,,,,,,,,,,,,,,,,,,,,,,,,,,,,,,,,,,,,,,,,,,,,,,,,,,,,,,,,,,,,,,,,,,,,,,,,,,,,,,,,,,,,,,,,,,,,,,,,,,,,,,,,,,,,,,,,,,,,,,,,,,,,,,,,,,,,,,,,,,,,,,,,,,,,,,,,,,,,,,,,,,,,,,,,,,,,,,,,,,,,,,,,,,,,,,,,,,,,,,,,,,,,,,,,,,,,,,,,,,,,,,,,,,,,,,,,,,,,,,,,,,,,,,,,,,,,,,,,,,,,,5.964214711729622,91.84890656063618,74.75149105367794,10.337972166998012,48.70775347912525
Opponent Total,Başakşehir,NAN,0.525,0.4025,0.0,NAN,False,False,Başakşehir,,Merkez Orta Saha,Merkez Orta Saha,,MID,0.0,0.0,0.0,0.0,0.0,0.0,1.6633848223072958,0.2183307289652019,0.2817173718945035,1.2078563078084308,2.10943976796153,1.0539211553233117,5.510730480909148,8.134178808637714,0.0,0.0,80.52608327598412,0.0,0.0,0.0,0.0,0.0,0.0,0.24046053686172003,0.055947183868374176,0.0,0.13141970520453486,0.0,0.2817173718945035,,,,,,,,,,,,,,,,,,,,,,,,,,,,,,,,,,,,,,,,,,,,,,,,,,,,,,,,,,,,,,,,,,,,,,,,,,,,,,,,,,,,,,,,,,,,,,,,,,,,,,,,,,,,,,,,,,,,,,,,,,,,,,,,,,,,,,,,,,,,,,,,,,,,,,,,,,,,,,,,,,,,,,,,,,,,,,,,,,,,,,,,,,,,,,,,,,,,,,,,,,,,,,,,,,,,,,,,,,,,,,,,,,,,,,,,,,,,,,,,,,,,,,,,,,,,,,,,,,,,,,,,,,,,,,5.964214711729622,91.05367793240556,86.67992047713717,10.337972166998012,48.70775347912525
Tammy Abraham,Besiktas,FW,0.51,0.1,0.61,FW,True,False,Beşiktaş,Santrafor,Pivot Santrafor (Hücum),Pivot Santrafor,Hücum,FWD,0.0,0.0,0.0,0.0,0.0,0.0,3.4418980205662155,0.0,0.0,0.0,0.0,0.0,0.0,3.1135117261813545,5.961646146020051,0.7460259676301773,0.0,0.0,0.0,0.0,0.0,0.0,0.0,0.0,0.08972925146157931,0.0,0.07178340116926345,0.7460259676301773,0.0,,,,,,,,,,,,,,,,,,,,,,,,,,,,,,,,,,,,,,,,,,,,,,,,,,,,,,,,,,,,,,,,,,,,,,,,,,,,,,,,,,,,,,,,,,,,,,,,,,,,,,,,,,,,,,,,,,,,,,,,,,,,,,,,,,,,,,,,,,,,,,,,,,,,,,,,,,,,,,,,,,,,,,,,,,,,,,,,,,,,,,,,,,,,,,,,,,,,,,,,,,,,,,,,,,,,,,,,,,,,,,,,,,,,,,,,,,,,,,,,,,,,,,,,,,,,,,,,,,,,,,,,,,,,,,9.809264305177113,2.7247956403269753,82.01634877384197,38.69209809264305,77.3841961852861
Wilfred Ndidi,Besiktas,MF,0.11,0.0,0.11,MF,True,True,Beşiktaş,Ön Libero,Ön Libero (Çapa),Ön Libero,Çapa,DM,1.9838633606310592,0.0,0.0,0.0,0.0,0.0,2.1202966047962595,0.159072838494812,0.0166754062591058,1.9673039628150253,0.0,0.0,4.600849461553755,7.981319187401949,0.0,0.0,0.0,0.0,0.0,0.0,0.0,0.0,0.02479829200788824,0.017595710838908513,0.031188242205364394,0.0,0.022474991462893605,0.0,0.0166754062591058,,,,,,,,,,,,,,,,,,,,,,,,,,,,,,,,,,,,,,,,,,,,,,,,,,,,,,,,,,,,,,,,,,,,,,,,,,,,,,,,,,,,,,,,,,,,,,,,,,,,,,,,,,,,,,,,,,,,,,,,,,,,,,,,,,,,,,,,,,,,,,,,,,,,,,,,,,,,,,,,,,,,,,,,,,,,,,,,,,,,,,,,,,,,,,,,,,,,,,,,,,,,,,,,,,,,,,,,,,,,,,,,,,,,,,,,,,,,,,,,,,,,,,,,,,,,,,,,,,,,,,,,,,,,,,,,,,
Rafa Silva,Besiktas,MF,0.525,0.11,0.6179999999999995,MF,True,True,Beşiktaş,On Numara,Serbest Oyuncu (Trequartista),Serbest Oyuncu,Trequartista,AM,0.0,0.0,0.0,0.0,0.0,0.0,2.2568335730316567,0.1902803842607895,0.336983624975909,3.347762984452517,1.157065060562417,1.899387293854508,2.858469538527248,5.383101177710729,0.0,0.0,87.70828368350011,0.0,0.0,0.0,0.0,0.0,0.0,0.2344839890941604,0.06651708819048423,0.0,0.13719712100422546,0.0,0.336983624975909,,,,,,,,,,,,,,,,,,,,,,,,,,,,,,,,,,,,,,,,,,,,,,,,,,,,,,,,,,,,,,,,,,,,,,,,,,,,,,,,,,,,,,,,,,,,,,,,,,,,,,,,,,,,,,,,,,,,,,,,,,,,,,,,,,,,,,,,,,,,,,,,,,,,,,,,,,,,,,,,,,,,,,,,,,,,,,,,,,,,,,,,,,,,,,,,,,,,,,,,,,,,,,,,,,,,,,,,,,,,,,,,,,,,,,,,,,,,,,,,,,,,,,,,,,,,,,,,,,,,,,,,,,,,,,,,,,
Orkun Kökçü,Besiktas,MF,0.0,0.22,0.22,MF,True,True,Beşiktaş,Merkez Orta Saha,Regista,Regista,,MID,0.0,0.0,0.0,0.0,0.0,0.0,0.8789675210927582,0.0400179087386432,0.2543348472246131,1.9332637557005303,2.5951838776204625,1.9276198799136048,6.251979447517611,7.008510819423877,0.0,0.0,89.14603468984694,0.0,0.0,0.0,0.0,0.0,0.0,0.2820081723772359,0.02599622848916343,0.0,0.14620333188645065,0.0,0.2543348472246131,,,,,,,,,,,,,,,,,,,,,,,,,,,,,,,,,,,,,,,,,,,,,,,,,,,,,,,,,,,,,,,,,,,,,,,,,,,,,,,,,,,,,,,,,,,,,,,,,,,,,,,,,,,,,,,,,,,,,,,,,,,,,,,,,,,,,,,,,,,,,,,,,,,,,,,,,,,,,,,,,,,,,,,,,,,,,,,,,,,,,,,,,,,,,,,,,,,,,,,,,,,,,,,,,,,,,,,,,,,,,,,,,,,,,,,,,,,,,,,,,,,,,,,,,,,,,,,,,,,,,,,,,,,,,,5.964214711729622,96.42147117296223,49.50298210735586,15.308151093439365,68.19085487077535
Mert Günok,Besiktas,GK,0.0,0.0,0.0,GK,False,False,Beşiktaş,Kaleci,Kaleci (Savunma),Kaleci,Savunma,GK,0.0,0.0,0.0,0.0,0.0,0.0,0.0,0.0,0.0,0.0,0.0,0.0,0.0,0.0,0.0,0.0,0.0,72.3235229154987,4.727961206236346,62.317381190502594,0.7228763541126306,0.8593428360004587,0.0,0.0,0.0,0.9999405258755172,0.9999405258755172,0.0,0.0,,,,,,,,,,,,,,,,,,,,,,,,,,,,,,,,,,,,,,,,,,,,,,,,,,,,,,,,,,,,,,,,,,,,,,,,,,,,,,,,,,,,,,,,,,,,,,,,,,,,,,,,,,,,,,,,,,,,,,,,,,,,,,,,,,,,,,,,,,,,,,,,,,,,,,,,,,,,,,,,,,,,,,,,,,,,,,,,,,,,,,,,,,,,,,,,,,,,,,,,,,,,,,,,,,,,,,,,,,,,,,,,,,,,,,,,,,,,,,,,,,,,,,,,,,,,,,,,,,,,,,,,,,,,,,4.929577464788732,0.0,83.09859154929578,100.0,96.47887323943662
Emir Topçu,Besiktas,DF,0.13,0.0,0.13,DF,False,True,Beşiktaş,,Merkez Orta Saha,Merkez Orta Saha,,MID,0.0,0.0,0.0,0.0,0.0,0.0,0.845294163807276,0.1153893686049474,0.1066628833851466,2.524020058693031,3.302702885553755,1.7412594798098318,4.500563760383135,4.229905772494925,0.0,0.0,79.76306308300525,0.0,0.0,0.0,0.0,0.0,0.0,0.27003432041359543,0.024229507120211203,0.0,0.13986306163083995,0.0,0.1066628833851466,,,,,,,,,,,,,,,,,,,,,,,,,,,,,,,,,,,,,,,,,,,,,,,,,,,,,,,,,,,,,,,,,,,,,,,,,,,,,,,,,,,,,,,,,,,,,,,,,,,,,,,,,,,,,,,,,,,,,,,,,,,,,,,,,,,,,,,,,,,,,,,,,,,,,,,,,,,,,,,,,,,,,,,,,,,,,,,,,,,,,,,,,,,,,,,,,,,,,,,,,,,,,,,,,,,,,,,,,,,,,,,,,,,,,,,,,,,,,,,,,,,,,,,,,,,,,,,,,,,,,,,,,,,,,,5.964214711729622,96.02385685884693,46.12326043737575,12.326043737574553,57.65407554671968
Václav Černý,Besiktas,MF,0.16,0.4025,0.6179999999999995,MF,True,True,Beşiktaş,,Merkez Orta Saha,Merkez Orta Saha,,MID,0.0,0.0,0.0,0.0,0.0,0.0,1.683060076587083,0.0140238381945519,0.2902881327005964,1.8735048744995448,2.249513295711637,1.5458140728644552,4.05979047517051,4.75888638156608,0.0,0.0,82.11174175827026,0.0,0.0,0.0,0.0,0.0,0.0,0.251584525736405,0.04355088826014355,0.0,0.13450244052023122,0.0,0.2902881327005964,,,,,,,,,,,,,,,,,,,,,,,,,,,,,,,,,,,,,,,,,,,,,,,,,,,,,,,,,,,,,,,,,,,,,,,,,,,,,,,,,,,,,,,,,,,,,,,,,,,,,,,,,,,,,,,,,,,,,,,,,,,,,,,,,,,,,,,,,,,,,,,,,,,,,,,,,,,,,,,,,,,,,,,,,,,,,,,,,,,,,,,,,,,,,,,,,,,,,,,,,,,,,,,,,,,,,,,,,,,,,,,,,,,,,,,,,,,,,,,,,,,,,,,,,,,,,,,,,,,,,,,,,,,,,,5.964214711729622,93.24055666003976,74.95029821073558,10.337972166998012,93.43936381709742
El Bilal Touré,Besiktas,FW,0.27,0.27,0.54,MF,True,True,Beşiktaş,Santrafor,Yaratıcı Forvet,Yaratıcı Forvet,,FWD,0.0,0.0,0.0,0.0,0.0,0.0,4.68508330091653,0.0,0.0,0.0,0.0,0.0,0.0,0.0,2.760120528646059,0.6602873385032788,0.0,0.0,0.0,0.0,0.0,0.0,0.0,0.0,0.09036389385022343,0.0,0.07229111508017876,0.6602873385032788,0.0,,,,,,,,,,,,,,,,,,,,,,,,,,,,,,,,,,,,,,,,,,,,,,,,,,,,,,,,,,,,,,,,,,,,,,,,,,,,,,,,,,,,,,,,,,,,,,,,,,,,,,,,,,,,,,,,,,,,,,,,,,,,,,,,,,,,,,,,,,,,,,,,,,,,,,,,,,,,,,,,,,,,,,,,,,,,,,,,,,,,,,,,,,,,,,,,,,,,,,,,,,,,,,,,,,,,,,,,,,,,,,,,,,,,,,,,,,,,,,,,,,,,,,,,,,,,,,,,,,,,,,,,,,,,,,9.809264305177113,2.7247956403269753,82.83378746594006,39.509536784741144,72.75204359673025
Tiago Djaló,Besiktas,DF,0.14,0.0,0.14,DF,False,True,Beşiktaş,Stoper,Pas Dağıtan Stoper (Sıkı Defans),Pas Dağıtan Stoper,Sıkı Defans,CB,1.492132729475271,0.719139945400875,7.029439173556797,48.69078423152013,58.12424766071187,0.0,0.0,0.0,0.0,0.0,0.0,0.0,6.8003713577826455,0.0,0.0,0.0,81.54655666292778,0.0,0.0,0.0,0.0,0.0,0.35689755878849294,0.1427209490677396,0.005600000000000001,0.0,0.27893248096549295,0.0,0.0,,,,,,,,,,,,,,,,,,,,,,,,,,,,,,,,,,,,,,,,,,,,,,,,,,,,,,,,,,,,,,,,,,,,,,,,,,,,,,,,,,,,,,,,,,,,,,,,,,,,,,,,,,,,,,,,,,,,,,,,,,,,,,,,,,,,,,,,,,,,,,,,,,,,,,,,,,,,,,,,,,,,,,,,,,,,,,,,,,,,,,,,,,,,,,,,,,,,,,,,,,,,,,,,,,,,,,,,,,,,,,,,,,,,,,,,,,,,,,,,,,,,,,,,,,,,,,,,,,,,,,,,,,,,,,46.10215053763441,26.478494623655912,17.741935483870968,43.145161290322584,76.47849462365592
Gökhan Sazdağı,Besiktas,DF,0.0,0.0,0.0,DF,False,True,Beşiktaş,Sağ Bek,Çalışkan Kanat Oyuncusu (Savunma),Çalışkan Kanat Oyuncusu,Savunma,FB,1.0050809808710215,0.0,0.0,48.90241814744616,0.0,1.5613464325277038,0.0,0.0,0.0,0.0,0.0,0.0,0.0,0.0,0.0,0.0,87.04965595477057,0.0,0.0,0.0,0.0,0.0,0.15927076670322626,0.13057448393215587,0.0026022440542128396,0.0,0.11932817734210246,0.0,0.0,,,,,,,,,,,,,,,,,,,,,,,,,,,,,,,,,,,,,,,,,,,,,,,,,,,,,,,,,,,,,,,,,,,,,,,,,,,,,,,,,,,,,,,,,,,,,,,,,,,,,,,,,,,,,,,,,,,,,,,,,,,,,,,,,,,,,,,,,,,,,,,,,,,,,,,,,,,,,,,,,,,,,,,,,,,,,,,,,,,,,,,,,,,,,,,,,,,,,,,,,,,,,,,,,,,,,,,,,,,,,,,,,,,,,,,,,,,,,,,,,,,,,,,,,,,,,,,,,,,,,,,,,,,,,,11.320754716981133,5.660377358490567,5.031446540880504,7.547169811320755,50.943396226415096
David Jurásek,Besiktas,DF,0.0,0.0,0.0,DF,False,True,Beşiktaş,Sol Bek,Ofansif Bek (Hücum),Ofansif Bek,Hücum,FB,1.583323905655634,0.0,0.0,64.6628812198245,0.0,6.573832443647065,0.0,0.0,0.0,2.723419339539736,0.0,0.0,0.0,0.0,0.0,0.0,85.6157927131305,0.0,0.0,0.0,0.0,0.0,0.2137801924801689,0.13182796324412044,0.017764935754927783,0.0,0.14999147236430616,0.0,0.0,,,,,,,,,,,,,,,,,,,,,,,,,,,,,,,,,,,,,,,,,,,,,,,,,,,,,,,,,,,,,,,,,,,,,,,,,,,,,,,,,,,,,,,,,,,,,,,,,,,,,,,,,,,,,,,,,,,,,,,,,,,,,,,,,,,,,,,,,,,,,,,,,,,,,,,,,,,,,,,,,,,,,,,,,,,,,,,,,,,,,,,,,,,,,,,,,,,,,,,,,,,,,,,,,,,,,,,,,,,,,,,,,,,,,,,,,,,,,,,,,,,,,,,,,,,,,,,,,,,,,,,,,,,,,,18.238993710691823,7.547169811320755,29.559748427672954,13.20754716981132,50.943396226415096
Ohis Felix Uduokhai,Besiktas,DF,0.0,0.0,0.0,DF,False,True,Beşiktaş,,Merkez Orta Saha,Merkez Orta Saha,,MID,0.0,0.0,0.0,0.0,0.0,0.0,1.26315978659408,0.0616697161304057,0.0985324194452254,1.5403810463414092,3.46653966044927,1.5714899536024962,6.352634831346921,8.37801491112672,0.0,0.0,88.37590706229769,0.0,0.0,0.0,0.0,0.0,0.0,0.28899837406854767,0.020423847259603337,0.0,0.1485839564861945,0.0,0.0985324194452254,,,,,,,,,,,,,,,,,,,,,,,,,,,,,,,,,,,,,,,,,,,,,,,,,,,,,,,,,,,,,,,,,,,,,,,,,,,,,,,,,,,,,,,,,,,,,,,,,,,,,,,,,,,,,,,,,,,,,,,,,,,,,,,,,,,,,,,,,,,,,,,,,,,,,,,,,,,,,,,,,,,,,,,,,,,,,,,,,,,,,,,,,,,,,,,,,,,,,,,,,,,,,,,,,,,,,,,,,,,,,,,,,,,,,,,,,,,,,,,,,,,,,,,,,,,,,,,,,,,,,,,,,,,,,,5.964214711729622,97.01789264413519,38.56858846918489,16.10337972166998,48.70775347912525
Rıdvan Yılmaz,Besiktas,DF,0.0,0.0,0.0,DF,False,True,Beşiktaş,Sol Bek,Standart Bek (Hücum),Standart Bek,Hücum,FB,1.1507673212898473,0.0,0.0,55.14437048392218,0.0,4.176100757081184,0.0,0.0,0.0,0.0,0.0,0.0,0.0,0.0,0.0,0.0,81.91186457024892,0.0,0.0,0.0,0.0,0.0,0.17981770296788963,0.12286779685537338,0.00696016792846864,0.0,0.12816122412625056,0.0,0.0,,,,,,,,,,,,,,,,,,,,,,,,,,,,,,,,,,,,,,,,,,,,,,,,,,,,,,,,,,,,,,,,,,,,,,,,,,,,,,,,,,,,,,,,,,,,,,,,,,,,,,,,,,,,,,,,,,,,,,,,,,,,,,,,,,,,,,,,,,,,,,,,,,,,,,,,,,,,,,,,,,,,,,,,,,,,,,,,,,,,,,,,,,,,,,,,,,,,,,,,,,,,,,,,,,,,,,,,,,,,,,,,,,,,,,,,,,,,,,,,,,,,,,,,,,,,,,,,,,,,,,,,,,,,,,14.465408805031446,5.660377358490567,7.547169811320755,8.176100628930817,50.943396226415096
Gabriel Paulista,Besiktas,DF,0.0,0.2,0.2,DF,False,True,Beşiktaş,Stoper,Standart Stoper (Durdurucu),Standart Stoper,Durdurucu,CB,1.6682799299900977,1.638310401014096,5.726568219974745,65.39625245130541,73.29238882225991,0.0,0.0,0.0,0.0,0.0,0.0,0.0,3.959918735503527,0.0,0.0,0.0,84.79290162280007,0.0,0.0,0.0,0.0,0.0,0.43845035000094057,0.13906910864071068,0.0020000000000000005,0.0,0.33492906672880046,0.0,0.0,,,,,,,,,,,,,,,,,,,,,,,,,,,,,,,,,,,,,,,,,,,,,,,,,,,,,,,,,,,,,,,,,,,,,,,,,,,,,,,,,,,,,,,,,,,,,,,,,,,,,,,,,,,,,,,,,,,,,,,,,,,,,,,,,,,,,,,,,,,,,,,,,,,,,,,,,,,,,,,,,,,,,,,,,,,,,,,,,,,,,,,,,,,,,,,,,,,,,,,,,,,,,,,,,,,,,,,,,,,,,,,,,,,,,,,,,,,,,,,,,,,,,,,,,,,,,,,,,,,,,,,,,,,,,,81.31720430107528,19.489247311827956,10.887096774193548,79.16666666666666,84.81182795698925
Ersin Destanoğlu,Besiktas,GK,0.0,0.0,0.0,GK,False,False,Beşiktaş,Kaleci,Kaleci (Savunma),Kaleci,Savunma,GK,0.0,0.0,0.0,0.0,0.0,0.0,0.0,0.0,0.0,0.0,0.0,0.0,0.0,0.0,0.0,0.0,0.0,67.02230023486418,2.7763399448000508,77.26206851751186,0.6822032461394687,0.7173423081368346,0.0,0.0,0.0,0.9291828242868605,0.9291828242868605,0.0,0.0,,,,,,,,,,,,,,,,,,,,,,,,,,,,,,,,,,,,,,,,,,,,,,,,,,,,,,,,,,,,,,,,,,,,,,,,,,,,,,,,,,,,,,,,,,,,,,,,,,,,,,,,,,,,,,,,,,,,,,,,,,,,,,,,,,,,,,,,,,,,,,,,,,,,,,,,,,,,,,,,,,,,,,,,,,,,,,,,,,,,,,,,,,,,,,,,,,,,,,,,,,,,,,,,,,,,,,,,,,,,,,,,,,,,,,,,,,,,,,,,,,,,,,,,,,,,,,,,,,,,,,,,,,,,,,4.929577464788732,0.0,83.09859154929578,100.0,96.47887323943662
Cengiz Ünder,Besiktas,MF,0.525,0.26,0.0,MF,True,True,Beşiktaş,Sağ Kanat,İçe Kat Eden Oyuncu (Hücum),İçe Kat Eden Oyuncu,Hücum,WING,0.0,0.0,0.0,0.0,0.0,7.606864902823554,2.6711215398251054,0.0140238381945519,0.1376195905185041,4.517920861271849,0.0,0.0,0.0,0.0,0.0,0.0,0.0,0.0,0.0,0.0,0.0,0.0,0.0,0.01665696831807014,0.07978890934354343,0.0,0.0528704361015471,0.0,0.1376195905185041,,,,,,,,,,,,,,,,,,,,,,,,,,,,,,,,,,,,,,,,,,,,,,,,,,,,,,,,,,,,,,,,,,,,,,,,,,,,,,,,,,,,,,,,,,,,,,,,,,,,,,,,,,,,,,,,,,,,,,,,,,,,,,,,,,,,,,,,,,,,,,,,,,,,,,,,,,,,,,,,,,,,,,,,,,,,,,,,,,,,,,,,,,,,,,,,,,,,,,,,,,,,,,,,,,,,,,,,,,,,,,,,,,,,,,,,,,,,,,,,,,,,,,,,,,,,,,,,,,,,,,,,,,,,,,3.2994923857868024,0.0,82.74111675126903,2.030456852791878,32.48730964467005
Jonas Svensson,Besiktas,DF,0.0,0.0,0.0,DF,False,True,Beşiktaş,Sağ Bek,Standart Bek (Destek),Standart Bek,Destek,FB,1.4192587637817282,0.0,0.0,45.930669793399865,0.0,3.480291023714054,0.0,0.0,0.0,0.0,0.0,0.0,0.0,0.0,0.0,0.0,83.75311153427648,0.0,0.0,0.0,0.0,0.0,0.15553274392747118,0.12562966730141473,0.005800485039523424,0.0,0.1166153691620647,0.0,0.0,,,,,,,,,,,,,,,,,,,,,,,,,,,,,,,,,,,,,,,,,,,,,,,,,,,,,,,,,,,,,,,,,,,,,,,,,,,,,,,,,,,,,,,,,,,,,,,,,,,,,,,,,,,,,,,,,,,,,,,,,,,,,,,,,,,,,,,,,,,,,,,,,,,,,,,,,,,,,,,,,,,,,,,,,,,,,,,,,,,,,,,,,,,,,,,,,,,,,,,,,,,,,,,,,,,,,,,,,,,,,,,,,,,,,,,,,,,,,,,,,,,,,,,,,,,,,,,,,,,,,,,,,,,,,,11.320754716981133,5.660377358490567,6.918238993710692,7.547169811320755,50.943396226415096
Milot Rashica,Besiktas,MF,0.0,0.25,0.25,MF,True,True,Beşiktaş,Sağ Kanat,Çalışkan Kanat Oyuncusu (Destek),Çalışkan Kanat Oyuncusu,Destek,WING,0.0,0.0,0.0,0.0,0.0,2.73118162670106,1.694141909130544,0.2414115226004484,0.3420414376440454,4.517920861271849,0.0,0.0,0.0,0.0,0.0,0.0,0.0,0.0,0.0,0.0,0.0,0.0,0.0,0.03301071608811344,0.04896984812808198,0.0,0.039285123703283215,0.0,0.3420414376440454,,,,,,,,,,,,,,,,,,,,,,,,,,,,,,,,,,,,,,,,,,,,,,,,,,,,,,,,,,,,,,,,,,,,,,,,,,,,,,,,,,,,,,,,,,,,,,,,,,,,,,,,,,,,,,,,,,,,,,,,,,,,,,,,,,,,,,,,,,,,,,,,,,,,,,,,,,,,,,,,,,,,,,,,,,,,,,,,,,,,,,,,,,,,,,,,,,,,,,,,,,,,,,,,,,,,,,,,,,,,,,,,,,,,,,,,,,,,,,,,,,,,,,,,,,,,,,,,,,,,,,,,,,,,,,3.2994923857868024,0.0,38.83248730964467,0.7614213197969544,47.96954314720812
Salih Uçan,Besiktas,MF,0.0,0.0,0.0,MF,True,True,Beşiktaş,Merkez Orta Saha,Oyun Kurucu (Destek),Oyun Kurucu,Destek,MID,0.0,0.0,0.0,0.0,0.0,0.0,2.1637087360201126,0.1816154287782512,0.3054638438481448,3.456739649491537,3.551044003359686,1.1925742157196786,5.157094606091881,3.1135117261813545,0.0,0.0,79.85910373372131,0.0,0.0,0.0,0.0,0.0,0.0,0.2884379048251594,0.04249749023785576,0.0,0.15271845046015087,0.0,0.3054638438481448,,,,,,,,,,,,,,,,,,,,,,,,,,,,,,,,,,,,,,,,,,,,,,,,,,,,,,,,,,,,,,,,,,,,,,,,,,,,,,,,,,,,,,,,,,,,,,,,,,,,,,,,,,,,,,,,,,,,,,,,,,,,,,,,,,,,,,,,,,,,,,,,,,,,,,,,,,,,,,,,,,,,,,,,,,,,,,,,,,,,,,,,,,,,,,,,,,,,,,,,,,,,,,,,,,,,,,,,,,,,,,,,,,,,,,,,,,,,,,,,,,,,,,,,,,,,,,,,,,,,,,,,,,,,,,5.964214711729622,96.81908548707754,73.95626242544732,18.687872763419485,48.70775347912525
Devrim Şahin,Besiktas,MF,0.0,0.0,0.0,MF,True,True,Beşiktaş,,Merkez Orta Saha,Merkez Orta Saha,,MID,0.0,0.0,0.0,0.0,0.0,0.0,2.2900485591358235,0.2459098104948692,0.0394031366441779,1.905201817050616,1.6359821640959742,1.881491781644864,4.662520332079909,3.5130511851268085,0.0,0.0,78.99284202741828,0.0,0.0,0.0,0.0,0.0,0.0,0.2153124188877668,0.029239615599751898,0.0,0.11350413256383378,0.0,0.0394031366441779,,,,,,,,,,,,,,,,,,,,,,,,,,,,,,,,,,,,,,,,,,,,,,,,,,,,,,,,,,,,,,,,,,,,,,,,,,,,,,,,,,,,,,,,,,,,,,,,,,,,,,,,,,,,,,,,,,,,,,,,,,,,,,,,,,,,,,,,,,,,,,,,,,,,,,,,,,,,,,,,,,,,,,,,,,,,,,,,,,,,,,,,,,,,,,,,,,,,,,,,,,,,,,,,,,,,,,,,,,,,,,,,,,,,,,,,,,,,,,,,,,,,,,,,,,,,,,,,,,,,,,,,,,,,,,5.964214711729622,82.90258449304176,55.864811133200796,7.75347912524851,48.70775347912525
Demir Ege Tıknaz,Besiktas,MF,0.0,0.4025,0.46,MF,True,True,Beşiktaş,Ön Libero,Defansif Oyun Kurucu (Destek),Defansif Oyun Kurucu,Destek,DM,0.0,0.0,0.0,0.0,0.0,0.0,1.1421848965357082,0.0247945248968039,0.2462900921112785,3.214067849933663,2.972060446510386,1.541893140879928,2.576973210894587,4.247317530876164,0.0,0.0,83.81445594096013,0.0,0.0,0.0,0.0,0.0,0.0,0.2694636062339538,0.033333622274642385,0.0,0.14139852757190538,0.0,0.2462900921112785,,,,,,,,,,,,,,,,,,,,,,,,,,,,,,,,,,,,,,,,,,,,,,,,,,,,,,,,,,,,,,,,,,,,,,,,,,,,,,,,,,,,,,,,,,,,,,,,,,,,,,,,,,,,,,,,,,,,,,,,,,,,,,,,,,,,,,,,,,,,,,,,,,,,,,,,,,,,,,,,,,,,,,,,,,,,,,,,,,,,,,,,,,,,,,,,,,,,,,,,,,,,,,,,,,,,,,,,,,,,,,,,,,,,,,,,,,,,,,,,,,,,,,,,,,,,,,,,,,,,,,,,,,,,,,,,,,
Kartal Yılmaz,Besiktas,MF,0.0,0.0,0.0,MF,True,True,Beşiktaş,,Merkez Orta Saha,Merkez Orta Saha,,MID,0.0,0.0,0.0,0.0,0.0,0.0,0.8974281738464124,0.100373578965322,0.1892444668257186,1.4208774359059326,2.416845412488945,1.5934715924837246,5.028189446617057,3.1591932232429185,0.0,0.0,81.62903413534244,0.0,0.0,0.0,0.0,0.0,0.0,0.25085120994572896,0.0200962540012577,0.0,0.129444855773116,0.0,0.1892444668257186,,,,,,,,,,,,,,,,,,,,,,,,,,,,,,,,,,,,,,,,,,,,,,,,,,,,,,,,,,,,,,,,,,,,,,,,,,,,,,,,,,,,,,,,,,,,,,,,,,,,,,,,,,,,,,,,,,,,,,,,,,,,,,,,,,,,,,,,,,,,,,,,,,,,,,,,,,,,,,,,,,,,,,,,,,,,,,,,,,,,,,,,,,,,,,,,,,,,,,,,,,,,,,,,,,,,,,,,,,,,,,,,,,,,,,,,,,,,,,,,,,,,,,,,,,,,,,,,,,,,,,,,,,,,,,5.964214711729622,93.24055666003976,37.17693836978131,10.337972166998012,48.70775347912525
João Mário,Besiktas,MF,0.0,0.0,0.0,MF,True,True,Beşiktaş,,Merkez Orta Saha,Merkez Orta Saha,,MID,0.0,0.0,0.0,0.0,0.0,0.0,2.03910358201211,0.2000177421747898,0.0337870645684042,1.3753827008677249,3.640470213764455,1.792536355681018,2.586019528401167,4.088612610538783,0.0,0.0,84.76090037380625,0.0,0.0,0.0,0.0,0.0,0.0,0.27542375443561884,0.025180975155026583,0.0,0.14274807224881475,0.0,0.0337870645684042,,,,,,,,,,,,,,,,,,,,,,,,,,,,,,,,,,,,,,,,,,,,,,,,,,,,,,,,,,,,,,,,,,,,,,,,,,,,,,,,,,,,,,,,,,,,,,,,,,,,,,,,,,,,,,,,,,,,,,,,,,,,,,,,,,,,,,,,,,,,,,,,,,,,,,,,,,,,,,,,,,,,,,,,,,,,,,,,,,,,,,,,,,,,,,,,,,,,,,,,,,,,,,,,,,,,,,,,,,,,,,,,,,,,,,,,,,,,,,,,,,,,,,,,,,,,,,,,,,,,,,,,,,,,,,5.964214711729622,96.22266401590457,48.111332007952285,13.518886679920477,48.70775347912525
Taylan Bulut,Besiktas,DF,0.0,0.0,0.0,DF,False,True,Beşiktaş,Sağ Bek,Standart Bek (Hücum),Standart Bek,Hücum,FB,1.6558093604532569,0.0,0.0,43.10986083203685,0.0,3.133844367905286,0.0,0.0,0.0,0.0,0.0,0.0,0.0,0.0,0.0,0.0,86.91499133648213,0.0,0.0,0.0,0.0,0.0,0.15002719950177626,0.13037248700472318,0.0052230739465088105,0.0,0.11516996064160684,0.0,0.0,,,,,,,,,,,,,,,,,,,,,,,,,,,,,,,,,,,,,,,,,,,,,,,,,,,,,,,,,,,,,,,,,,,,,,,,,,,,,,,,,,,,,,,,,,,,,,,,,,,,,,,,,,,,,,,,,,,,,,,,,,,,,,,,,,,,,,,,,,,,,,,,,,,,,,,,,,,,,,,,,,,,,,,,,,,,,,,,,,,,,,,,,,,,,,,,,,,,,,,,,,,,,,,,,,,,,,,,,,,,,,,,,,,,,,,,,,,,,,,,,,,,,,,,,,,,,,,,,,,,,,,,,,,,,,11.320754716981133,5.660377358490567,6.289308176100629,7.547169811320755,50.943396226415096
Necip Uysal,Besiktas,MF,0.0,0.0,0.0,MF,True,True,Beşiktaş,Ön Libero,Savaşçı Orta Saha (Savunma),Savaşçı Orta Saha,Savunma,DM,2.60882733047546,1.7641792919562616,0.0,0.0,0.0,0.0,0.9770926746510858,0.0510089086572247,0.0846628398905936,0.926837998108643,0.0,0.0,0.0,8.534722121933699,0.0,0.0,0.0,0.0,0.0,0.0,0.0,0.0,0.03261034163094325,0.007931574688883293,0.015474535337406212,0.0,0.016843796901205865,0.0,0.0846628398905936,,,,,,,,,,,,,,,,,,,,,,,,,,,,,,,,,,,,,,,,,,,,,,,,,,,,,,,,,,,,,,,,,,,,,,,,,,,,,,,,,,,,,,,,,,,,,,,,,,,,,,,,,,,,,,,,,,,,,,,,,,,,,,,,,,,,,,,,,,,,,,,,,,,,,,,,,,,,,,,,,,,,,,,,,,,,,,,,,,,,,,,,,,,,,,,,,,,,,,,,,,,,,,,,,,,,,,,,,,,,,,,,,,,,,,,,,,,,,,,,,,,,,,,,,,,,,,,,,,,,,,,,,,,,,,,,,,
Ernest Muçi,Besiktas,MF,0.0,0.0,0.0,MF,True,True,Beşiktaş,On Numara,Ofansif Orta Saha (Hücum),Ofansif Orta Saha,Hücum,AM,0.0,0.0,0.0,0.0,0.0,0.0,2.127490068878725,0.1387712373255715,0.0166754062591058,2.55950042851489,1.6472220375293625,0.9111073840132864,3.68603287782876,5.528547303554988,0.0,0.0,87.6456586858017,0.0,0.0,0.0,0.0,0.0,0.0,0.21014326658464108,0.02834066801043871,0.0,0.11357383369545215,0.0,0.0166754062591058,,,,,,,,,,,,,,,,,,,,,,,,,,,,,,,,,,,,,,,,,,,,,,,,,,,,,,,,,,,,,,,,,,,,,,,,,,,,,,,,,,,,,,,,,,,,,,,,,,,,,,,,,,,,,,,,,,,,,,,,,,,,,,,,,,,,,,,,,,,,,,,,,,,,,,,,,,,,,,,,,,,,,,,,,,,,,,,,,,,,,,,,,,,,,,,,,,,,,,,,,,,,,,,,,,,,,,,,,,,,,,,,,,,,,,,,,,,,,,,,,,,,,,,,,,,,,,,,,,,,,,,,,,,,,,,,,,
Jota Silva,Besiktas,FW,0.525,0.0,0.6179999999999995,FW,True,False,Beşiktaş,Sağ Kanat,Kanat Oyuncusu (Hücum),Kanat Oyuncusu,Hücum,WING,0.0,0.0,0.0,0.0,0.0,6.038001667928902,2.507281861499129,0.2459098104948692,0.1357460012713556,3.923055379893841,0.0,0.0,0.0,0.0,0.0,0.0,0.0,0.0,0.0,0.0,0.0,0.0,0.0,0.015763499326575753,0.07137363322879496,0.0,0.047553229735249704,0.0,0.1357460012713556,,,,,,,,,,,,,,,,,,,,,,,,,,,,,,,,,,,,,,,,,,,,,,,,,,,,,,,,,,,,,,,,,,,,,,,,,,,,,,,,,,,,,,,,,,,,,,,,,,,,,,,,,,,,,,,,,,,,,,,,,,,,,,,,,,,,,,,,,,,,,,,,,,,,,,,,,,,,,,,,,,,,,,,,,,,,,,,,,,,,,,,,,,,,,,,,,,,,,,,,,,,,,,,,,,,,,,,,,,,,,,,,,,,,,,,,,,,,,,,,,,,,,,,,,,,,,,,,,,,,,,,,,,,,,,3.2994923857868024,0.0,75.88832487309645,2.030456852791878,81.97969543147208
Mustafa Hekimoğlu,Besiktas,FW,0.0,0.0,0.0,FW,True,False,Beşiktaş,Santrafor,Fırsatçı Golcü,Fırsatçı Golcü,,FWD,0.0,0.0,0.0,0.0,0.0,0.0,4.6893127695543,0.0,0.0,0.0,0.0,0.0,0.0,0.0,4.152821844135359,0.7109810783012374,0.0,0.0,0.0,0.0,0.0,0.0,0.0,0.0,0.07921044943650835,0.0,0.06336835954920668,0.7109810783012374,0.0,,,,,,,,,,,,,,,,,,,,,,,,,,,,,,,,,,,,,,,,,,,,,,,,,,,,,,,,,,,,,,,,,,,,,,,,,,,,,,,,,,,,,,,,,,,,,,,,,,,,,,,,,,,,,,,,,,,,,,,,,,,,,,,,,,,,,,,,,,,,,,,,,,,,,,,,,,,,,,,,,,,,,,,,,,,,,,,,,,,,,,,,,,,,,,,,,,,,,,,,,,,,,,,,,,,,,,,,,,,,,,,,,,,,,,,,,,,,,,,,,,,,,,,,,,,,,,,,,,,,,,,,,,,,,,9.809264305177113,2.7247956403269753,76.566757493188,27.520435967302454,35.967302452316076
Serkan Terzi,Besiktas,DF,0.0,0.0,0.0,DF,False,True,Beşiktaş,,Merkez Orta Saha,Merkez Orta Saha,,MID,0.0,0.0,0.0,0.0,0.0,0.0,1.289850332662402,0.1832678240074187,0.164068787912577,1.795021128054155,3.0334396009301328,1.7106063558000546,2.7142098240716592,8.356030266461849,0.0,0.0,79.64578185783292,0.0,0.0,0.0,0.0,0.0,0.0,0.259642865066943,0.02394880766326249,0.0,0.134611194066124,0.0,0.164068787912577,,,,,,,,,,,,,,,,,,,,,,,,,,,,,,,,,,,,,,,,,,,,,,,,,,,,,,,,,,,,,,,,,,,,,,,,,,,,,,,,,,,,,,,,,,,,,,,,,,,,,,,,,,,,,,,,,,,,,,,,,,,,,,,,,,,,,,,,,,,,,,,,,,,,,,,,,,,,,,,,,,,,,,,,,,,,,,,,,,,,,,,,,,,,,,,,,,,,,,,,,,,,,,,,,,,,,,,,,,,,,,,,,,,,,,,,,,,,,,,,,,,,,,,,,,,,,,,,,,,,,,,,,,,,,,5.964214711729622,94.43339960238568,45.32803180914513,10.337972166998012,48.70775347912525
Tayyib Talha Sanuç,Besiktas,DF,0.0,0.0,0.0,DF,False,True,Beşiktaş,,Merkez Orta Saha,Merkez Orta Saha,,MID,0.0,0.0,0.0,0.0,0.0,0.0,1.801854788512088,0.1539963625650447,0.1054428412660001,3.1337672745670204,2.823256366758168,0.7928609044347381,5.4603682351218445,7.904661370430645,0.0,0.0,84.96838901465142,0.0,0.0,0.0,0.0,0.0,0.0,0.25277692919109757,0.030070679722178438,0.0,0.13240260053998448,0.0,0.1054428412660001,,,,,,,,,,,,,,,,,,,,,,,,,,,,,,,,,,,,,,,,,,,,,,,,,,,,,,,,,,,,,,,,,,,,,,,,,,,,,,,,,,,,,,,,,,,,,,,,,,,,,,,,,,,,,,,,,,,,,,,,,,,,,,,,,,,,,,,,,,,,,,,,,,,,,,,,,,,,,,,,,,,,,,,,,,,,,,,,,,,,,,,,,,,,,,,,,,,,,,,,,,,,,,,,,,,,,,,,,,,,,,,,,,,,,,,,,,,,,,,,,,,,,,,,,,,,,,,,,,,,,,,,,,,,,,5.964214711729622,93.43936381709742,58.4493041749503,10.337972166998012,48.70775347912525
Keny Arroyo,Besiktas,MF,0.0,0.0,0.0,MF,True,True,Beşiktaş,,Merkez Orta Saha,Merkez Orta Saha,,MID,0.0,0.0,0.0,0.0,0.0,0.0,0.6006241590528032,0.047006183653854,0.2094251195042155,2.0776667480672044,1.8859044327154983,1.0180129283673318,3.031260569180763,5.050904110187256,0.0,0.0,84.06610512467837,0.0,0.0,0.0,0.0,0.0,0.0,0.226391359296956,0.019577413240864663,0.0,0.11711116229665093,0.0,0.2094251195042155,,,,,,,,,,,,,,,,,,,,,,,,,,,,,,,,,,,,,,,,,,,,,,,,,,,,,,,,,,,,,,,,,,,,,,,,,,,,,,,,,,,,,,,,,,,,,,,,,,,,,,,,,,,,,,,,,,,,,,,,,,,,,,,,,,,,,,,,,,,,,,,,,,,,,,,,,,,,,,,,,,,,,,,,,,,,,,,,,,,,,,,,,,,,,,,,,,,,,,,,,,,,,,,,,,,,,,,,,,,,,,,,,,,,,,,,,,,,,,,,,,,,,,,,,,,,,,,,,,,,,,,,,,,,,,5.964214711729622,87.67395626242545,36.381709741550694,8.747514910536779,48.70775347912525
Emre Bilgin,Besiktas,GK,0.0,0.0,0.0,GK,False,False,Beşiktaş,Kaleci,Kaleci (Savunma),Kaleci,Savunma,GK,0.0,0.0,0.0,0.0,0.0,0.0,0.0,0.0,0.0,0.0,0.0,0.0,0.0,0.0,0.0,0.0,0.0,69.1614515559209,3.9875668530619457,72.46596253655116,0.3119420353316215,1.2341791404163445,0.0,0.0,0.0,0.8665806163249647,0.8665806163249647,0.0,0.0,,,,,,,,,,,,,,,,,,,,,,,,,,,,,,,,,,,,,,,,,,,,,,,,,,,,,,,,,,,,,,,,,,,,,,,,,,,,,,,,,,,,,,,,,,,,,,,,,,,,,,,,,,,,,,,,,,,,,,,,,,,,,,,,,,,,,,,,,,,,,,,,,,,,,,,,,,,,,,,,,,,,,,,,,,,,,,,,,,,,,,,,,,,,,,,,,,,,,,,,,,,,,,,,,,,,,,,,,,,,,,,,,,,,,,,,,,,,,,,,,,,,,,,,,,,,,,,,,,,,,,,,,,,,,,4.929577464788732,0.0,83.09859154929578,100.0,96.47887323943662
Amir Hadžiahmetović,Besiktas,MF,0.0,0.0,0.0,MF,True,True,Beşiktaş,,Merkez Orta Saha,Merkez Orta Saha,,MID,0.0,0.0,0.0,0.0,0.0,0.0,1.7101045818208034,0.0888461421714348,0.104033232698016,3.414122255369749,1.4098027109535178,1.003415681404764,3.95929686594013,4.556540600587755,0.0,0.0,79.7289454321584,0.0,0.0,0.0,0.0,0.0,0.0,0.20140693673078844,0.029797680764553053,0.0,0.10666300451830484,0.0,0.104033232698016,,,,,,,,,,,,,,,,,,,,,,,,,,,,,,,,,,,,,,,,,,,,,,,,,,,,,,,,,,,,,,,,,,,,,,,,,,,,,,,,,,,,,,,,,,,,,,,,,,,,,,,,,,,,,,,,,,,,,,,,,,,,,,,,,,,,,,,,,,,,,,,,,,,,,,,,,,,,,,,,,,,,,,,,,,,,,,,,,,,,,,,,,,,,,,,,,,,,,,,,,,,,,,,,,,,,,,,,,,,,,,,,,,,,,,,,,,,,,,,,,,,,,,,,,,,,,,,,,,,,,,,,,,,,,,5.964214711729622,76.1431411530815,57.25646123260437,6.560636182902585,48.70775347912525
Emrecan Uzunhan,Besiktas,MF,0.0,0.0,0.0,MF,True,True,Beşiktaş,,Merkez Orta Saha,Merkez Orta Saha,,MID,0.0,0.0,0.0,0.0,0.0,0.0,1.348712125348181,0.1959479461213493,0.1049716890274446,1.3009188923984272,2.9549192814318297,1.9276198799136048,6.478373888093893,5.278154449003601,0.0,0.0,85.48798182634779,0.0,0.0,0.0,0.0,0.0,0.0,0.275252854783156,0.020938286045575665,0.0,0.1418140846006931,0.0,0.1049716890274446,,,,,,,,,,,,,,,,,,,,,,,,,,,,,,,,,,,,,,,,,,,,,,,,,,,,,,,,,,,,,,,,,,,,,,,,,,,,,,,,,,,,,,,,,,,,,,,,,,,,,,,,,,,,,,,,,,,,,,,,,,,,,,,,,,,,,,,,,,,,,,,,,,,,,,,,,,,,,,,,,,,,,,,,,,,,,,,,,,,,,,,,,,,,,,,,,,,,,,,,,,,,,,,,,,,,,,,,,,,,,,,,,,,,,,,,,,,,,,,,,,,,,,,,,,,,,,,,,,,,,,,,,,,,,,5.964214711729622,96.22266401590457,39.363817097415506,12.72365805168986,48.70775347912525
Opponent Total,Besiktas,NAN,0.0,0.4025,0.0,NAN,False,False,Beşiktaş,,Merkez Orta Saha,Merkez Orta Saha,,MID,0.0,0.0,0.0,0.0,0.0,0.0,1.6318777726684957,0.1385566285330041,0.2601176195560611,3.1452825534801496,3.215792374396992,1.7848058356218903,3.0215819169948515,6.541769655088847,0.0,0.0,81.28368501432927,0.0,0.0,0.0,0.0,0.0,0.0,0.27897714479505165,0.03861168889262778,0.0,0.14721091017605137,0.0,0.2601176195560611,,,,,,,,,,,,,,,,,,,,,,,,,,,,,,,,,,,,,,,,,,,,,,,,,,,,,,,,,,,,,,,,,,,,,,,,,,,,,,,,,,,,,,,,,,,,,,,,,,,,,,,,,,,,,,,,,,,,,,,,,,,,,,,,,,,,,,,,,,,,,,,,,,,,,,,,,,,,,,,,,,,,,,,,,,,,,,,,,,,,,,,,,,,,,,,,,,,,,,,,,,,,,,,,,,,,,,,,,,,,,,,,,,,,,,,,,,,,,,,,,,,,,,,,,,,,,,,,,,,,,,,,,,,,,,5.964214711729622,96.42147117296223,69.98011928429423,15.50695825049702,48.70775347912525
Robin Yalçın,Eyupspor,DF,0.0,0.0,0.0,DF,False,True,Eyüpspor,Stoper,Çakılı Stoper,Çakılı Stoper,,CB,1.8232574281892275,1.0238937812765443,8.983123806552001,65.8773412716911,60.22410620759054,0.0,0.0,0.0,0.0,0.0,0.0,0.0,2.122812387268361,0.0,0.0,0.0,80.01222428064284,0.0,0.0,0.0,0.0,0.0,0.430870499230095,0.12638677358276934,0.0,0.0,0.32688670417762034,0.0,0.0,,,,,,,,,,,,,,,,,,,,,,,,,,,,,,,,,,,,,,,,,,,,,,,,,,,,,,,,,,,,,,,,,,,,,,,,,,,,,,,,,,,,,,,,,,,,,,,,,,,,,,,,,,,,,,,,,,,,,,,,,,,,,,,,,,,,,,,,,,,,,,,,,,,,,,,,,,,,,,,,,,,,,,,,,,,,,,,,,,,,,,,,,,,,,,,,,,,,,,,,,,,,,,,,,,,,,,,,,,,,,,,,,,,,,,,,,,,,,,,,,,,,,,,,,,,,,,,,,,,,,,,,,,,,,,78.76344086021506,8.198924731182796,7.526881720430108,75.80645161290323,60.08064516129033
Kerem Demirbay,Eyupspor,MF,0.0,0.0,0.0,MF,True,True,Eyüpspor,Merkez Orta Saha,Regista,Regista,,MID,0.0,0.0,0.0,0.0,0.0,0.0,0.7528298362642132,0.0140238381945519,0.0168499925924237,2.8968115025377026,3.850702420261574,1.9276198799136048,5.714701333155221,4.6083818449372576,0.0,0.0,86.25194557505331,0.0,0.0,0.0,0.0,0.0,0.0,0.29592640695416295,0.01544432682268334,0.0,0.15105206884161815,0.0,0.0168499925924237,,,,,,,,,,,,,,,,,,,,,,,,,,,,,,,,,,,,,,,,,,,,,,,,,,,,,,,,,,,,,,,,,,,,,,,,,,,,,,,,,,,,,,,,,,,,,,,,,,,,,,,,,,,,,,,,,,,,,,,,,,,,,,,,,,,,,,,,,,,,,,,,,,,,,,,,,,,,,,,,,,,,,,,,,,,,,,,,,,,,,,,,,,,,,,,,,,,,,,,,,,,,,,,,,,,,,,,,,,,,,,,,,,,,,,,,,,,,,,,,,,,,,,,,,,,,,,,,,,,,,,,,,,,,,,5.964214711729622,97.21669980119285,27.236580516898606,18.290258449304176,48.70775347912525
Marcos Felipe,Eyupspor,GK,0.0,0.0,0.0,GK,False,False,Eyüpspor,Kaleci,Kaleci (Savunma),Kaleci,Savunma,GK,0.0,0.0,0.0,0.0,0.0,0.0,0.0,0.0,0.0,0.0,0.0,0.0,0.0,0.0,0.0,0.0,0.0,56.126772645019386,2.9351332282682328,66.61796049705299,0.7355353990939868,1.8688032520732485,0.0,0.0,0.0,0.8224980121702954,0.8224980121702954,0.0,0.0,,,,,,,,,,,,,,,,,,,,,,,,,,,,,,,,,,,,,,,,,,,,,,,,,,,,,,,,,,,,,,,,,,,,,,,,,,,,,,,,,,,,,,,,,,,,,,,,,,,,,,,,,,,,,,,,,,,,,,,,,,,,,,,,,,,,,,,,,,,,,,,,,,,,,,,,,,,,,,,,,,,,,,,,,,,,,,,,,,,,,,,,,,,,,,,,,,,,,,,,,,,,,,,,,,,,,,,,,,,,,,,,,,,,,,,,,,,,,,,,,,,,,,,,,,,,,,,,,,,,,,,,,,,,,,4.929577464788732,0.0,83.09859154929578,100.0,96.47887323943662
Nihad Mujakić,Eyupspor,DF,0.0,0.0,0.0,DF,False,True,Eyüpspor,,Merkez Orta Saha,Merkez Orta Saha,,MID,0.0,0.0,0.0,0.0,0.0,0.0,1.9474348643827823,0.1902476900070234,0.3160132483171955,2.8814889805389408,1.94688203129005,1.5517547923853896,4.539025319793895,6.744893447094804,0.0,0.0,83.85401182252815,0.0,0.0,0.0,0.0,0.0,0.0,0.24996379760870557,0.039318601027863,0.0,0.1328456190099254,0.0,0.3160132483171955,,,,,,,,,,,,,,,,,,,,,,,,,,,,,,,,,,,,,,,,,,,,,,,,,,,,,,,,,,,,,,,,,,,,,,,,,,,,,,,,,,,,,,,,,,,,,,,,,,,,,,,,,,,,,,,,,,,,,,,,,,,,,,,,,,,,,,,,,,,,,,,,,,,,,,,,,,,,,,,,,,,,,,,,,,,,,,,,,,,,,,,,,,,,,,,,,,,,,,,,,,,,,,,,,,,,,,,,,,,,,,,,,,,,,,,,,,,,,,,,,,,,,,,,,,,,,,,,,,,,,,,,,,,,,,5.964214711729622,93.04174950298211,70.9741550695825,10.337972166998012,48.70775347912525
Luccas Claro,Eyupspor,DF,0.0,0.0,0.0,DF,False,True,Eyüpspor,Stoper,Standart Stoper (Durdurucu),Standart Stoper,Durdurucu,CB,3.294336567705979,1.123607501462118,4.682779719950144,51.13260024430112,77.92271976810694,0.0,0.0,0.0,0.0,0.0,0.0,0.0,2.111926441200673,0.0,0.0,0.0,81.8214585758169,0.0,0.0,0.0,0.0,0.0,0.42060233871582975,0.12906796718732738,0.0,0.0,0.3202352305385463,0.0,0.0,,,,,,,,,,,,,,,,,,,,,,,,,,,,,,,,,,,,,,,,,,,,,,,,,,,,,,,,,,,,,,,,,,,,,,,,,,,,,,,,,,,,,,,,,,,,,,,,,,,,,,,,,,,,,,,,,,,,,,,,,,,,,,,,,,,,,,,,,,,,,,,,,,,,,,,,,,,,,,,,,,,,,,,,,,,,,,,,,,,,,,,,,,,,,,,,,,,,,,,,,,,,,,,,,,,,,,,,,,,,,,,,,,,,,,,,,,,,,,,,,,,,,,,,,,,,,,,,,,,,,,,,,,,,,,74.59677419354838,9.274193548387096,7.526881720430108,71.10215053763442,60.08064516129033
Serdar Gürler,Eyupspor,FW,0.0,0.0,0.0,MF,True,True,Eyüpspor,Sol Kanat,Kanat Oyuncusu (Destek),Kanat Oyuncusu,Destek,WING,0.0,0.0,0.0,0.0,0.0,5.247871887168212,3.194459079109348,0.2459098104948692,0.3420414376440454,4.295620116433405,0.0,0.0,0.0,0.0,0.0,0.0,0.0,0.0,0.0,0.0,0.0,0.0,0.0,0.03273284015706539,0.06511175173321916,0.0,0.04888690308705111,0.0,0.3420414376440454,,,,,,,,,,,,,,,,,,,,,,,,,,,,,,,,,,,,,,,,,,,,,,,,,,,,,,,,,,,,,,,,,,,,,,,,,,,,,,,,,,,,,,,,,,,,,,,,,,,,,,,,,,,,,,,,,,,,,,,,,,,,,,,,,,,,,,,,,,,,,,,,,,,,,,,,,,,,,,,,,,,,,,,,,,,,,,,,,,,,,,,,,,,,,,,,,,,,,,,,,,,,,,,,,,,,,,,,,,,,,,,,,,,,,,,,,,,,,,,,,,,,,,,,,,,,,,,,,,,,,,,,,,,,,,3.2994923857868024,0.0,67.25888324873097,2.030456852791878,32.48730964467005
Lucas Calegari,Eyupspor,MF,0.0,0.12,0.12,DF,False,True,Eyüpspor,,Merkez Orta Saha,Merkez Orta Saha,,MID,0.0,0.0,0.0,0.0,0.0,0.0,2.21187386284078,0.0140238381945519,0.2982923560369135,3.080914715915597,2.934497812066941,1.5905851424230852,4.09635830583011,5.456469913147442,0.0,0.0,78.98726789132475,0.0,0.0,0.0,0.0,0.0,0.0,0.2703782201306795,0.04295271965967334,0.0,0.14377965399727444,0.0,0.2982923560369135,,,,,,,,,,,,,,,,,,,,,,,,,,,,,,,,,,,,,,,,,,,,,,,,,,,,,,,,,,,,,,,,,,,,,,,,,,,,,,,,,,,,,,,,,,,,,,,,,,,,,,,,,,,,,,,,,,,,,,,,,,,,,,,,,,,,,,,,,,,,,,,,,,,,,,,,,,,,,,,,,,,,,,,,,,,,,,,,,,,,,,,,,,,,,,,,,,,,,,,,,,,,,,,,,,,,,,,,,,,,,,,,,,,,,,,,,,,,,,,,,,,,,,,,,,,,,,,,,,,,,,,,,,,,,,5.964214711729622,96.02385685884693,74.75149105367794,13.717693836978132,56.461232604373755
Yalçın Kayan,Eyupspor,MF,0.0,0.27,0.27,MF,True,True,Eyüpspor,Merkez Orta Saha,Standart Orta Saha (Destek),Standart Orta Saha,Destek,MID,0.0,0.0,0.0,0.0,0.0,0.0,0.8551535801906289,0.186433445682808,0.2337316391292422,2.854764775546097,2.18539272283451,1.3431091916038569,2.0906202052286487,6.312283085111881,0.0,0.0,83.51500868656348,0.0,0.0,0.0,0.0,0.0,0.0,0.2395197803043963,0.027737713305941224,0.0,0.1253074328133864,0.0,0.2337316391292422,,,,,,,,,,,,,,,,,,,,,,,,,,,,,,,,,,,,,,,,,,,,,,,,,,,,,,,,,,,,,,,,,,,,,,,,,,,,,,,,,,,,,,,,,,,,,,,,,,,,,,,,,,,,,,,,,,,,,,,,,,,,,,,,,,,,,,,,,,,,,,,,,,,,,,,,,,,,,,,,,,,,,,,,,,,,,,,,,,,,,,,,,,,,,,,,,,,,,,,,,,,,,,,,,,,,,,,,,,,,,,,,,,,,,,,,,,,,,,,,,,,,,,,,,,,,,,,,,,,,,,,,,,,,,,5.964214711729622,91.05367793240556,52.286282306163024,10.139165009940358,74.95029821073558
Mame Baba Thiam,Eyupspor,FW,0.24,0.0,0.24,FW,True,False,Eyüpspor,,Merkez Orta Saha,Merkez Orta Saha,,MID,0.0,0.0,0.0,0.0,0.0,0.0,0.6010005665923397,0.0506201400413093,0.2076275495375845,2.490794868404822,3.139620649847853,1.9206360006627787,5.963790567864064,5.6167591748119,0.0,0.0,81.67756161651384,0.0,0.0,0.0,0.0,0.0,0.0,0.283129571182253,0.030142094818438835,0.0,0.14759320455481428,0.0,0.2076275495375845,,,,,,,,,,,,,,,,,,,,,,,,,,,,,,,,,,,,,,,,,,,,,,,,,,,,,,,,,,,,,,,,,,,,,,,,,,,,,,,,,,,,,,,,,,,,,,,,,,,,,,,,,,,,,,,,,,,,,,,,,,,,,,,,,,,,,,,,,,,,,,,,,,,,,,,,,,,,,,,,,,,,,,,,,,,,,,,,,,,,,,,,,,,,,,,,,,,,,,,,,,,,,,,,,,,,,,,,,,,,,,,,,,,,,,,,,,,,,,,,,,,,,,,,,,,,,,,,,,,,,,,,,,,,,,5.964214711729622,96.42147117296223,58.8469184890656,15.904572564612327,71.57057654075547
Denis Drăguș,Eyupspor,FW,0.0,0.0,0.0,MF,True,True,Eyüpspor,Santrafor,Yaratıcı Forvet,Yaratıcı Forvet,,FWD,0.0,0.0,0.0,0.0,0.0,0.0,2.3249185392266907,0.0,0.0,0.0,0.0,0.0,0.0,0.0,5.18699671303102,0.4207381555044375,0.0,0.0,0.0,0.0,0.0,0.0,0.0,0.0,0.04237364700610498,0.0,0.033898917604883984,0.4207381555044375,0.0,,,,,,,,,,,,,,,,,,,,,,,,,,,,,,,,,,,,,,,,,,,,,,,,,,,,,,,,,,,,,,,,,,,,,,,,,,,,,,,,,,,,,,,,,,,,,,,,,,,,,,,,,,,,,,,,,,,,,,,,,,,,,,,,,,,,,,,,,,,,,,,,,,,,,,,,,,,,,,,,,,,,,,,,,,,,,,,,,,,,,,,,,,,,,,,,,,,,,,,,,,,,,,,,,,,,,,,,,,,,,,,,,,,,,,,,,,,,,,,,,,,,,,,,,,,,,,,,,,,,,,,,,,,,,,9.809264305177113,2.7247956403269753,31.062670299727518,10.08174386920981,35.967302452316076
Svit Sešlar,Eyupspor,FW,0.17,0.17,0.35,MF,True,True,Eyüpspor,,Merkez Orta Saha,Merkez Orta Saha,,MID,0.0,0.0,0.0,0.0,0.0,0.0,0.5420451568519457,0.239518370029845,0.3123058743488782,1.1543611697424463,1.5976458246821594,1.2443881293235424,2.3452295315729987,4.766794557251506,0.0,0.0,87.86857453422425,0.0,0.0,0.0,0.0,0.0,0.0,0.23186116848646163,0.029298589466830702,0.0,0.12179030213659696,0.0,0.3123058743488782,,,,,,,,,,,,,,,,,,,,,,,,,,,,,,,,,,,,,,,,,,,,,,,,,,,,,,,,,,,,,,,,,,,,,,,,,,,,,,,,,,,,,,,,,,,,,,,,,,,,,,,,,,,,,,,,,,,,,,,,,,,,,,,,,,,,,,,,,,,,,,,,,,,,,,,,,,,,,,,,,,,,,,,,,,,,,,,,,,,,,,,,,,,,,,,,,,,,,,,,,,,,,,,,,,,,,,,,,,,,,,,,,,,,,,,,,,,,,,,,,,,,,,,,,,,,,,,,,,,,,,,,,,,,,,5.964214711729622,89.06560636182903,56.063618290258454,9.542743538767395,80.11928429423459
Halil Akbunar,Eyupspor,FW,0.22,0.0,0.22,MF,True,True,Eyüpspor,Sağ Kanat,Çalışkan Kanat Oyuncusu (Destek),Çalışkan Kanat Oyuncusu,Destek,WING,0.0,0.0,0.0,0.0,0.0,2.83096366856378,3.874354026758301,0.0481550315156356,0.1873609852536882,3.5164294542464147,0.0,0.0,0.0,0.0,0.0,0.0,0.0,0.0,0.0,0.0,0.0,0.0,0.0,0.019384415638103076,0.06854732609428622,0.0,0.046943720348002656,0.0,0.1873609852536882,,,,,,,,,,,,,,,,,,,,,,,,,,,,,,,,,,,,,,,,,,,,,,,,,,,,,,,,,,,,,,,,,,,,,,,,,,,,,,,,,,,,,,,,,,,,,,,,,,,,,,,,,,,,,,,,,,,,,,,,,,,,,,,,,,,,,,,,,,,,,,,,,,,,,,,,,,,,,,,,,,,,,,,,,,,,,,,,,,,,,,,,,,,,,,,,,,,,,,,,,,,,,,,,,,,,,,,,,,,,,,,,,,,,,,,,,,,,,,,,,,,,,,,,,,,,,,,,,,,,,,,,,,,,,,3.2994923857868024,0.0,71.31979695431471,2.030456852791878,44.41624365482234
Umut Meraş,Eyupspor,MF,0.0,0.0,0.0,DF,False,True,Eyüpspor,Sol Bek,Standart Bek (Savunma),Standart Bek,Savunma,FB,1.973671208669921,0.0,0.0,43.8214784796083,0.0,4.575570332203831,0.0,0.0,0.0,0.0,0.0,0.0,0.0,0.0,0.0,0.0,83.90134088038758,0.0,0.0,0.0,0.0,0.0,0.15613532554719892,0.12585201132058135,0.007625950553673051,0.0,0.11734845628050848,0.0,0.0,,,,,,,,,,,,,,,,,,,,,,,,,,,,,,,,,,,,,,,,,,,,,,,,,,,,,,,,,,,,,,,,,,,,,,,,,,,,,,,,,,,,,,,,,,,,,,,,,,,,,,,,,,,,,,,,,,,,,,,,,,,,,,,,,,,,,,,,,,,,,,,,,,,,,,,,,,,,,,,,,,,,,,,,,,,,,,,,,,,,,,,,,,,,,,,,,,,,,,,,,,,,,,,,,,,,,,,,,,,,,,,,,,,,,,,,,,,,,,,,,,,,,,,,,,,,,,,,,,,,,,,,,,,,,,11.320754716981133,5.660377358490567,8.176100628930817,7.547169811320755,50.943396226415096
Mateusz Łęgowski,Eyupspor,MF,0.0,0.26,0.26,MF,True,True,Eyüpspor,,Merkez Orta Saha,Merkez Orta Saha,,MID,0.0,0.0,0.0,0.0,0.0,0.0,1.7481401509308587,0.0919851878255211,0.06486556283505,0.926837998108643,3.670645007908523,1.0707765648048415,4.371275104884768,8.667274854121318,0.0,0.0,78.68374472396842,0.0,0.0,0.0,0.0,0.0,0.0,0.2636682336343751,0.024993119017982197,0.0,0.136832740620784,0.0,0.06486556283505,,,,,,,,,,,,,,,,,,,,,,,,,,,,,,,,,,,,,,,,,,,,,,,,,,,,,,,,,,,,,,,,,,,,,,,,,,,,,,,,,,,,,,,,,,,,,,,,,,,,,,,,,,,,,,,,,,,,,,,,,,,,,,,,,,,,,,,,,,,,,,,,,,,,,,,,,,,,,,,,,,,,,,,,,,,,,,,,,,,,,,,,,,,,,,,,,,,,,,,,,,,,,,,,,,,,,,,,,,,,,,,,,,,,,,,,,,,,,,,,,,,,,,,,,,,,,,,,,,,,,,,,,,,,,,5.964214711729622,95.2286282306163,47.514910536779325,10.934393638170974,74.15506958250498
Prince Obeng Ampem,Eyupspor,MF,0.23,0.0,0.23,MF,True,True,Eyüpspor,,Merkez Orta Saha,Merkez Orta Saha,,MID,0.0,0.0,0.0,0.0,0.0,0.0,1.6748974757864397,0.0817329040845197,0.02763920676679,3.286289189102355,1.862228789396739,0.7445530053973866,4.80339147469475,7.581634764958565,0.0,0.0,83.02328729901996,0.0,0.0,0.0,0.0,0.0,0.0,0.2122992621631983,0.03527026600129189,0.0,0.11320368428185754,0.0,0.02763920676679,,,,,,,,,,,,,,,,,,,,,,,,,,,,,,,,,,,,,,,,,,,,,,,,,,,,,,,,,,,,,,,,,,,,,,,,,,,,,,,,,,,,,,,,,,,,,,,,,,,,,,,,,,,,,,,,,,,,,,,,,,,,,,,,,,,,,,,,,,,,,,,,,,,,,,,,,,,,,,,,,,,,,,,,,,,,,,,,,,,,,,,,,,,,,,,,,,,,,,,,,,,,,,,,,,,,,,,,,,,,,,,,,,,,,,,,,,,,,,,,,,,,,,,,,,,,,,,,,,,,,,,,,,,,,,5.964214711729622,81.90854870775348,65.4075546719682,7.75347912524851,70.17892644135189
Umut Bozok,Eyupspor,FW,0.34,0.0,0.34,FW,True,False,Eyüpspor,Santrafor,Fırsatçı Golcü,Fırsatçı Golcü,,FWD,0.0,0.0,0.0,0.0,0.0,0.0,4.6893127695543,0.0,0.0,0.0,0.0,0.0,0.0,0.0,6.401584667212422,0.5922392987602934,0.0,0.0,0.0,0.0,0.0,0.0,0.0,0.0,0.0874130958210109,0.0,0.06993047665680872,0.5922392987602934,0.0,,,,,,,,,,,,,,,,,,,,,,,,,,,,,,,,,,,,,,,,,,,,,,,,,,,,,,,,,,,,,,,,,,,,,,,,,,,,,,,,,,,,,,,,,,,,,,,,,,,,,,,,,,,,,,,,,,,,,,,,,,,,,,,,,,,,,,,,,,,,,,,,,,,,,,,,,,,,,,,,,,,,,,,,,,,,,,,,,,,,,,,,,,,,,,,,,,,,,,,,,,,,,,,,,,,,,,,,,,,,,,,,,,,,,,,,,,,,,,,,,,,,,,,,,,,,,,,,,,,,,,,,,,,,,,9.809264305177113,2.7247956403269753,80.38147138964578,35.967302452316076,54.223433242506815
Emre Akbaba,Eyupspor,MF,0.0,0.0,0.0,MF,True,True,Eyüpspor,On Numara,Gizli Forvet,Gizli Forvet,,AM,0.0,0.0,0.0,0.0,0.0,0.0,1.548064566699547,0.0372220125831111,0.0838285594683383,2.464955849205993,2.1033579632684587,1.679308478391587,5.142132283072936,3.840679054598716,0.0,0.0,83.50117708957725,0.0,0.0,0.0,0.0,0.0,0.0,0.23875600812648679,0.02499617766874399,0.0,0.12687685736386659,0.0,0.0838285594683383,,,,,,,,,,,,,,,,,,,,,,,,,,,,,,,,,,,,,,,,,,,,,,,,,,,,,,,,,,,,,,,,,,,,,,,,,,,,,,,,,,,,,,,,,,,,,,,,,,,,,,,,,,,,,,,,,,,,,,,,,,,,,,,,,,,,,,,,,,,,,,,,,,,,,,,,,,,,,,,,,,,,,,,,,,,,,,,,,,,,,,,,,,,,,,,,,,,,,,,,,,,,,,,,,,,,,,,,,,,,,,,,,,,,,,,,,,,,,,,,,,,,,,,,,,,,,,,,,,,,,,,,,,,,,,,,,,
Melih Kabasakal,Eyupspor,MF,0.0,0.0,0.0,MF,True,True,Eyüpspor,,Merkez Orta Saha,Merkez Orta Saha,,MID,0.0,0.0,0.0,0.0,0.0,0.0,0.8870889018435484,0.0764010538725537,0.2781023975450665,2.9506506856356767,1.1742758562410494,1.601665898113387,5.443158146539378,8.210807855387477,0.0,0.0,86.70007291558943,0.0,0.0,0.0,0.0,0.0,0.0,0.23156935313258448,0.027371611634327338,0.0,0.12125899889315771,0.0,0.2781023975450665,,,,,,,,,,,,,,,,,,,,,,,,,,,,,,,,,,,,,,,,,,,,,,,,,,,,,,,,,,,,,,,,,,,,,,,,,,,,,,,,,,,,,,,,,,,,,,,,,,,,,,,,,,,,,,,,,,,,,,,,,,,,,,,,,,,,,,,,,,,,,,,,,,,,,,,,,,,,,,,,,,,,,,,,,,,,,,,,,,,,,,,,,,,,,,,,,,,,,,,,,,,,,,,,,,,,,,,,,,,,,,,,,,,,,,,,,,,,,,,,,,,,,,,,,,,,,,,,,,,,,,,,,,,,,,5.964214711729622,89.06560636182903,51.689860834990064,9.145129224652088,48.70775347912525
Berke Özer,Eyupspor,GK,0.0,0.0,0.0,GK,False,False,Eyüpspor,,Merkez Orta Saha,Merkez Orta Saha,,MID,0.0,0.0,0.0,0.0,0.0,0.0,1.2209025914015808,0.2191626904570501,0.0166754062591058,2.1001103490838853,1.3345366369638292,1.0765325577862024,3.266361917613575,5.924587189497082,0.0,0.0,84.89145090108254,0.0,0.0,0.0,0.0,0.0,0.0,0.1972795200172557,0.018126318037089757,0.0,0.10226502361604581,0.0,0.0166754062591058,,,,,,,,,,,,,,,,,,,,,,,,,,,,,,,,,,,,,,,,,,,,,,,,,,,,,,,,,,,,,,,,,,,,,,,,,,,,,,,,,,,,,,,,,,,,,,,,,,,,,,,,,,,,,,,,,,,,,,,,,,,,,,,,,,,,,,,,,,,,,,,,,,,,,,,,,,,,,,,,,,,,,,,,,,,,,,,,,,,,,,,,,,,,,,,,,,,,,,,,,,,,,,,,,,,,,,,,,,,,,,,,,,,,,,,,,,,,,,,,,,,,,,,,,,,,,,,,,,,,,,,,,,,,,,5.964214711729622,71.96819085487077,32.60437375745527,5.964214711729622,48.70775347912525
Talha Ulvan,Eyupspor,DF,0.0,0.0,0.0,DF,False,True,Eyüpspor,,Merkez Orta Saha,Merkez Orta Saha,,MID,0.0,0.0,0.0,0.0,0.0,0.0,1.6484003038909636,0.2459098104948692,0.2039823922792213,1.116732110198465,2.5475857081369844,0.5834547459142635,2.049893883292247,8.367313361364548,0.0,0.0,86.00654804633017,0.0,0.0,0.0,0.0,0.0,0.0,0.23805340267228128,0.027435129005574654,0.0,0.12451372713725557,0.0,0.2039823922792213,,,,,,,,,,,,,,,,,,,,,,,,,,,,,,,,,,,,,,,,,,,,,,,,,,,,,,,,,,,,,,,,,,,,,,,,,,,,,,,,,,,,,,,,,,,,,,,,,,,,,,,,,,,,,,,,,,,,,,,,,,,,,,,,,,,,,,,,,,,,,,,,,,,,,,,,,,,,,,,,,,,,,,,,,,,,,,,,,,,,,,,,,,,,,,,,,,,,,,,,,,,,,,,,,,,,,,,,,,,,,,,,,,,,,,,,,,,,,,,,,,,,,,,,,,,,,,,,,,,,,,,,,,,,,,5.964214711729622,90.85487077534792,51.689860834990064,9.940357852882704,48.70775347912525
Taras Stepanenko,Eyupspor,MF,0.0,0.0,0.0,MF,True,True,Eyüpspor,Ön Libero,Ön Libero (Çapa),Ön Libero,Çapa,DM,2.9279052650131794,0.0,0.0,0.0,0.0,0.0,1.443210403604256,0.092077382626712,0.3420414376440454,1.1380016389468863,0.0,0.0,2.7143798066970586,7.799131535683891,0.0,0.0,0.0,0.0,0.0,0.0,0.0,0.0,0.03659881581266474,0.03692895648029841,0.03095876563917159,0.0,0.03563587611178295,0.0,0.3420414376440454,,,,,,,,,,,,,,,,,,,,,,,,,,,,,,,,,,,,,,,,,,,,,,,,,,,,,,,,,,,,,,,,,,,,,,,,,,,,,,,,,,,,,,,,,,,,,,,,,,,,,,,,,,,,,,,,,,,,,,,,,,,,,,,,,,,,,,,,,,,,,,,,,,,,,,,,,,,,,,,,,,,,,,,,,,,,,,,,,,,,,,,,,,,,,,,,,,,,,,,,,,,,,,,,,,,,,,,,,,,,,,,,,,,,,,,,,,,,,,,,,,,,,,,,,,,,,,,,,,,,,,,,,,,,,,,,,,
Ilter Tashkin,Eyupspor,MF,0.0,0.0,0.0,MF,True,True,Eyüpspor,,Merkez Orta Saha,Merkez Orta Saha,,MID,0.0,0.0,0.0,0.0,0.0,0.0,2.474349592451264,0.1121526577386356,0.2994936328431388,2.651026275518223,1.8027780301839145,1.758495991577016,5.617218311774559,5.551281026815401,0.0,0.0,87.32459142782108,0.0,0.0,0.0,0.0,0.0,0.0,0.25557259632807683,0.043350806927033754,0.0,0.13645645954944516,0.0,0.2994936328431388,,,,,,,,,,,,,,,,,,,,,,,,,,,,,,,,,,,,,,,,,,,,,,,,,,,,,,,,,,,,,,,,,,,,,,,,,,,,,,,,,,,,,,,,,,,,,,,,,,,,,,,,,,,,,,,,,,,,,,,,,,,,,,,,,,,,,,,,,,,,,,,,,,,,,,,,,,,,,,,,,,,,,,,,,,,,,,,,,,,,,,,,,,,,,,,,,,,,,,,,,,,,,,,,,,,,,,,,,,,,,,,,,,,,,,,,,,,,,,,,,,,,,,,,,,,,,,,,,,,,,,,,,,,,,,5.964214711729622,94.03578528827038,74.95029821073558,10.536779324055665,48.70775347912525
Emir Ortakaya,Eyupspor,DF,0.0,0.0,0.0,DF,False,True,Eyüpspor,Stoper,Pas Dağıtan Stoper (Sıkı Defans),Pas Dağıtan Stoper,Sıkı Defans,CB,1.101475893971669,0.8054897217790842,6.121846205422759,66.12329413616686,72.12476083481245,0.0,0.0,0.0,0.0,0.0,0.0,0.0,6.8003713577826455,0.0,0.0,0.0,81.53655006749327,0.0,0.0,0.0,0.0,0.0,0.4332625412063293,0.14270593917458782,0.0,0.0,0.331824966679348,0.0,0.0,,,,,,,,,,,,,,,,,,,,,,,,,,,,,,,,,,,,,,,,,,,,,,,,,,,,,,,,,,,,,,,,,,,,,,,,,,,,,,,,,,,,,,,,,,,,,,,,,,,,,,,,,,,,,,,,,,,,,,,,,,,,,,,,,,,,,,,,,,,,,,,,,,,,,,,,,,,,,,,,,,,,,,,,,,,,,,,,,,,,,,,,,,,,,,,,,,,,,,,,,,,,,,,,,,,,,,,,,,,,,,,,,,,,,,,,,,,,,,,,,,,,,,,,,,,,,,,,,,,,,,,,,,,,,,79.43548387096774,26.478494623655912,7.526881720430108,77.82258064516128,60.08064516129033
Metehan Altunbaş,Eyupspor,FW,0.0,0.0,0.0,FW,True,False,Eyüpspor,,Merkez Orta Saha,Merkez Orta Saha,,MID,0.0,0.0,0.0,0.0,0.0,0.0,0.6865234803691396,0.1805177345506842,0.1825059911652563,1.9618259162285487,3.506440677226584,0.5834547459142635,4.678282996737893,3.134815849920704,0.0,0.0,88.34643568389826,0.0,0.0,0.0,0.0,0.0,0.0,0.2775523057100787,0.01907003924087302,0.0,0.14259016070321395,0.0,0.1825059911652563,,,,,,,,,,,,,,,,,,,,,,,,,,,,,,,,,,,,,,,,,,,,,,,,,,,,,,,,,,,,,,,,,,,,,,,,,,,,,,,,,,,,,,,,,,,,,,,,,,,,,,,,,,,,,,,,,,,,,,,,,,,,,,,,,,,,,,,,,,,,,,,,,,,,,,,,,,,,,,,,,,,,,,,,,,,,,,,,,,,,,,,,,,,,,,,,,,,,,,,,,,,,,,,,,,,,,,,,,,,,,,,,,,,,,,,,,,,,,,,,,,,,,,,,,,,,,,,,,,,,,,,,,,,,,,5.964214711729622,96.42147117296223,35.188866799204774,13.518886679920477,48.70775347912525
Mete-Kaan Demir,Eyupspor,FW,0.0,0.0,0.0,FW,True,False,Eyüpspor,,Merkez Orta Saha,Merkez Orta Saha,,MID,0.0,0.0,0.0,0.0,0.0,0.0,1.859803563499947,0.2215489451162686,0.0222743182503248,1.3414167620909092,1.1272268465434114,1.5555496694435764,6.180588516036244,4.6120641563096765,0.0,0.0,81.76650596066965,0.0,0.0,0.0,0.0,0.0,0.0,0.20180029133970884,0.022842550270239736,0.0,0.10546865572390236,0.0,0.0222743182503248,,,,,,,,,,,,,,,,,,,,,,,,,,,,,,,,,,,,,,,,,,,,,,,,,,,,,,,,,,,,,,,,,,,,,,,,,,,,,,,,,,,,,,,,,,,,,,,,,,,,,,,,,,,,,,,,,,,,,,,,,,,,,,,,,,,,,,,,,,,,,,,,,,,,,,,,,,,,,,,,,,,,,,,,,,,,,,,,,,,,,,,,,,,,,,,,,,,,,,,,,,,,,,,,,,,,,,,,,,,,,,,,,,,,,,,,,,,,,,,,,,,,,,,,,,,,,,,,,,,,,,,,,,,,,,5.964214711729622,76.54075546719682,42.74353876739563,6.36182902584493,48.70775347912525
Hamza Akman,Eyupspor,MF,0.0,0.0,0.0,MF,True,True,Eyüpspor,,Merkez Orta Saha,Merkez Orta Saha,,MID,0.0,0.0,0.0,0.0,0.0,0.0,1.2490694130190136,0.148261083546696,0.2909807300349984,2.12730527620188,2.1372821460158087,1.9276198799136048,6.106941814503472,6.249805287965201,0.0,0.0,84.45627246436683,0.0,0.0,0.0,0.0,0.0,0.0,0.26397558671729116,0.029448186522094775,0.0,0.13787743066306454,0.0,0.2909807300349984,,,,,,,,,,,,,,,,,,,,,,,,,,,,,,,,,,,,,,,,,,,,,,,,,,,,,,,,,,,,,,,,,,,,,,,,,,,,,,,,,,,,,,,,,,,,,,,,,,,,,,,,,,,,,,,,,,,,,,,,,,,,,,,,,,,,,,,,,,,,,,,,,,,,,,,,,,,,,,,,,,,,,,,,,,,,,,,,,,,,,,,,,,,,,,,,,,,,,,,,,,,,,,,,,,,,,,,,,,,,,,,,,,,,,,,,,,,,,,,,,,,,,,,,,,,,,,,,,,,,,,,,,,,,,,5.964214711729622,95.2286282306163,56.2624254473161,11.133200795228628,48.70775347912525
Cengiz Köseer,Eyupspor,GK,0.0,0.0,0.0,GK,False,False,Eyüpspor,,Merkez Orta Saha,Merkez Orta Saha,,MID,0.0,0.0,0.0,0.0,0.0,0.0,1.299219191343791,0.0978814245444573,0.2096424778620236,0.9733641301028622,2.012036640307278,1.1564919922223051,6.216630838939416,6.800869318956884,0.0,0.0,88.0812969412704,0.0,0.0,0.0,0.0,0.0,0.0,0.24646842041286723,0.02381130135317601,0.0,0.12799647047706883,0.0,0.2096424778620236,,,,,,,,,,,,,,,,,,,,,,,,,,,,,,,,,,,,,,,,,,,,,,,,,,,,,,,,,,,,,,,,,,,,,,,,,,,,,,,,,,,,,,,,,,,,,,,,,,,,,,,,,,,,,,,,,,,,,,,,,,,,,,,,,,,,,,,,,,,,,,,,,,,,,,,,,,,,,,,,,,,,,,,,,,,,,,,,,,,,,,,,,,,,,,,,,,,,,,,,,,,,,,,,,,,,,,,,,,,,,,,,,,,,,,,,,,,,,,,,,,,,,,,,,,,,,,,,,,,,,,,,,,,,,,5.964214711729622,92.44532803180915,45.32803180914513,10.139165009940358,48.70775347912525
Gilbert Mendy,Eyupspor,DF,0.0,0.0,0.0,DF,False,True,Eyüpspor,,Merkez Orta Saha,Merkez Orta Saha,,MID,0.0,0.0,0.0,0.0,0.0,0.0,1.9069553078821704,0.1031554602121559,0.0402265489708483,2.3713227851688767,1.1272268465434114,0.8524601074939291,4.425473299897701,4.5473261125992135,0.0,0.0,89.14603468984694,0.0,0.0,0.0,0.0,0.0,0.0,0.19978145634230374,0.026606922000577828,0.0,0.10521211257126743,0.0,0.0402265489708483,,,,,,,,,,,,,,,,,,,,,,,,,,,,,,,,,,,,,,,,,,,,,,,,,,,,,,,,,,,,,,,,,,,,,,,,,,,,,,,,,,,,,,,,,,,,,,,,,,,,,,,,,,,,,,,,,,,,,,,,,,,,,,,,,,,,,,,,,,,,,,,,,,,,,,,,,,,,,,,,,,,,,,,,,,,,,,,,,,,,,,,,,,,,,,,,,,,,,,,,,,,,,,,,,,,,,,,,,,,,,,,,,,,,,,,,,,,,,,,,,,,,,,,,,,,,,,,,,,,,,,,,,,,,,,5.964214711729622,74.55268389662028,50.29821073558648,6.36182902584493,48.70775347912525
Halil Yeral,Eyupspor,GK,0.0,0.0,0.0,GK,False,False,Eyüpspor,,Merkez Orta Saha,Merkez Orta Saha,,MID,0.0,0.0,0.0,0.0,0.0,0.0,1.854115917781176,0.1739045366242017,0.0328500496881746,1.5262821919747638,1.3731051970015309,1.5573065150650724,3.668141979184328,3.836136444436945,0.0,0.0,88.67423173252516,0.0,0.0,0.0,0.0,0.0,0.0,0.21310438388738515,0.023670866645275655,0.0,0.11128636527274771,0.0,0.0328500496881746,,,,,,,,,,,,,,,,,,,,,,,,,,,,,,,,,,,,,,,,,,,,,,,,,,,,,,,,,,,,,,,,,,,,,,,,,,,,,,,,,,,,,,,,,,,,,,,,,,,,,,,,,,,,,,,,,,,,,,,,,,,,,,,,,,,,,,,,,,,,,,,,,,,,,,,,,,,,,,,,,,,,,,,,,,,,,,,,,,,,,,,,,,,,,,,,,,,,,,,,,,,,,,,,,,,,,,,,,,,,,,,,,,,,,,,,,,,,,,,,,,,,,,,,,,,,,,,,,,,,,,,,,,,,,,5.964214711729622,82.10735586481114,44.731610337972164,7.3558648111332,48.70775347912525
Jankat Yilmaz,Eyupspor,GK,0.0,0.0,0.0,GK,False,False,Eyüpspor,,Merkez Orta Saha,Merkez Orta Saha,,MID,0.0,0.0,0.0,0.0,0.0,0.0,2.4816375867745952,0.0140238381945519,0.3183693868028073,2.9534095717204085,2.240928024755906,1.7256922130233776,5.95779101295685,8.009581420795794,0.0,0.0,82.45760715149252,0.0,0.0,0.0,0.0,0.0,0.0,0.26383432061301226,0.04493467526915927,0.0,0.140904095360338,0.0,0.3183693868028073,,,,,,,,,,,,,,,,,,,,,,,,,,,,,,,,,,,,,,,,,,,,,,,,,,,,,,,,,,,,,,,,,,,,,,,,,,,,,,,,,,,,,,,,,,,,,,,,,,,,,,,,,,,,,,,,,,,,,,,,,,,,,,,,,,,,,,,,,,,,,,,,,,,,,,,,,,,,,,,,,,,,,,,,,,,,,,,,,,,,,,,,,,,,,,,,,,,,,,,,,,,,,,,,,,,,,,,,,,,,,,,,,,,,,,,,,,,,,,,,,,,,,,,,,,,,,,,,,,,,,,,,,,,,,,5.964214711729622,95.2286282306163,75.94433399602386,12.72365805168986,48.70775347912525
Opponent Total,Eyupspor,NAN,0.0,0.4025,0.0,NAN,False,False,Eyüpspor,,Merkez Orta Saha,Merkez Orta Saha,,MID,0.0,0.0,0.0,0.0,0.0,0.0,0.6696280078536629,0.1548973343649601,0.2342200920283274,1.6379772890936493,2.47859375334234,1.319645474116771,4.256470565146275,8.667274854121318,0.0,0.0,80.3419982066238,0.0,0.0,0.0,0.0,0.0,0.0,0.24821998269102954,0.02418502698240385,0.0,0.12894699674199556,0.0,0.2342200920283274,,,,,,,,,,,,,,,,,,,,,,,,,,,,,,,,,,,,,,,,,,,,,,,,,,,,,,,,,,,,,,,,,,,,,,,,,,,,,,,,,,,,,,,,,,,,,,,,,,,,,,,,,,,,,,,,,,,,,,,,,,,,,,,,,,,,,,,,,,,,,,,,,,,,,,,,,,,,,,,,,,,,,,,,,,,,,,,,,,,,,,,,,,,,,,,,,,,,,,,,,,,,,,,,,,,,,,,,,,,,,,,,,,,,,,,,,,,,,,,,,,,,,,,,,,,,,,,,,,,,,,,,,,,,,,5.964214711729622,93.04174950298211,45.92445328031809,10.337972166998012,48.70775347912525
Atakan Çankaya,Fatihkaragumruk,DF,0.09,0.09,0.18,DF,False,True,Fatih Karagümrük,Sağ Bek,Çakılı Bek,Çakılı Bek,,FB,0.9491279076858888,0.0,0.0,46.1489432096127,0.0,1.5613464325277038,0.0,0.0,0.0,0.0,0.0,0.0,0.0,0.0,0.0,0.0,82.69060955350366,0.0,0.0,0.0,0.0,0.0,0.15031092847491173,0.1240359143302555,0.00710224405421284,0.0,0.11378668734737508,0.0,0.0,,,,,,,,,,,,,,,,,,,,,,,,,,,,,,,,,,,,,,,,,,,,,,,,,,,,,,,,,,,,,,,,,,,,,,,,,,,,,,,,,,,,,,,,,,,,,,,,,,,,,,,,,,,,,,,,,,,,,,,,,,,,,,,,,,,,,,,,,,,,,,,,,,,,,,,,,,,,,,,,,,,,,,,,,,,,,,,,,,,,,,,,,,,,,,,,,,,,,,,,,,,,,,,,,,,,,,,,,,,,,,,,,,,,,,,,,,,,,,,,,,,,,,,,,,,,,,,,,,,,,,,,,,,,,,11.320754716981133,5.660377358490567,7.547169811320755,7.547169811320755,66.66666666666666
Ivo Grbić,Fatihkaragumruk,GK,0.0,0.0,0.0,GK,False,False,Fatih Karagümrük,,Merkez Orta Saha,Merkez Orta Saha,,MID,0.0,0.0,0.0,0.0,0.0,0.0,0.6186302637067493,0.0888732526103393,0.2902503797608644,2.0290944025208635,2.2128692417646074,1.9276198799136048,2.9172109820171723,6.154141093816115,0.0,0.0,83.87271044887906,0.0,0.0,0.0,0.0,0.0,0.0,0.2556174724550327,0.022869053833804227,0.0,0.13238254699427718,0.0,0.2902503797608644,,,,,,,,,,,,,,,,,,,,,,,,,,,,,,,,,,,,,,,,,,,,,,,,,,,,,,,,,,,,,,,,,,,,,,,,,,,,,,,,,,,,,,,,,,,,,,,,,,,,,,,,,,,,,,,,,,,,,,,,,,,,,,,,,,,,,,,,,,,,,,,,,,,,,,,,,,,,,,,,,,,,,,,,,,,,,,,,,,,,,,,,,,,,,,,,,,,,,,,,,,,,,,,,,,,,,,,,,,,,,,,,,,,,,,,,,,,,,,,,,,,,,,,,,,,,,,,,,,,,,,,,,,,,,,5.964214711729622,94.03578528827038,42.74353876739563,10.337972166998012,48.70775347912525
Jure Balkovec,Fatihkaragumruk,DF,0.0,0.0,0.0,DF,False,True,Fatih Karagümrük,Sol Bek,Standart Bek (Destek),Standart Bek,Destek,FB,2.1589976781453726,0.0,0.0,44.017034331488894,0.0,4.154388844898123,0.0,0.0,0.0,0.0,0.0,0.0,0.0,0.0,0.0,0.0,78.18728507646034,0.0,0.0,0.0,0.0,0.0,0.15903857397128385,0.11728092761469051,0.006923981408163538,0.0,0.11608836155168178,0.0,0.0,,,,,,,,,,,,,,,,,,,,,,,,,,,,,,,,,,,,,,,,,,,,,,,,,,,,,,,,,,,,,,,,,,,,,,,,,,,,,,,,,,,,,,,,,,,,,,,,,,,,,,,,,,,,,,,,,,,,,,,,,,,,,,,,,,,,,,,,,,,,,,,,,,,,,,,,,,,,,,,,,,,,,,,,,,,,,,,,,,,,,,,,,,,,,,,,,,,,,,,,,,,,,,,,,,,,,,,,,,,,,,,,,,,,,,,,,,,,,,,,,,,,,,,,,,,,,,,,,,,,,,,,,,,,,,11.320754716981133,5.031446540880504,6.918238993710692,7.547169811320755,50.943396226415096
Daniel Johnson,Fatihkaragumruk,MF,0.11,0.23,0.34,MF,True,True,Fatih Karagümrük,Merkez Orta Saha,İki Yönlü Orta Saha,İki Yönlü Orta Saha,,MID,3.145619311258784,0.0,0.0,0.0,0.0,0.0,1.9211115159703565,0.198549332819271,0.3076426150987935,0.926837998108643,3.5967314368736565,1.227646677517191,6.8003713577826455,4.030075715089821,0.0,0.0,0.0,0.0,0.0,0.0,0.0,0.0,0.039320241390734804,0.1724877140478548,0.04053391475892691,0.0,0.10614671239293322,0.0,0.3076426150987935,,,,,,,,,,,,,,,,,,,,,,,,,,,,,,,,,,,,,,,,,,,,,,,,,,,,,,,,,,,,,,,,,,,,,,,,,,,,,,,,,,,,,,,,,,,,,,,,,,,,,,,,,,,,,,,,,,,,,,,,,,,,,,,,,,,,,,,,,,,,,,,,,,,,,,,,,,,,,,,,,,,,,,,,,,,,,,,,,,,,,,,,,,,,,,,,,,,,,,,,,,,,,,,,,,,,,,,,,,,,,,,,,,,,,,,,,,,,,,,,,,,,,,,,,,,,,,,,,,,,,,,,,,,,,,9.145129224652088,45.72564612326044,71.96819085487077,6.36182902584493,79.32405566600397
Tiago Çukur,Fatihkaragumruk,FW,0.12,0.0,0.12,MF,True,True,Fatih Karagümrük,Santrafor,Pivot Santrafor (Destek),Pivot Santrafor,Destek,FWD,0.0,0.0,0.0,0.0,0.0,0.0,2.624806031722397,0.0,0.0,0.0,0.0,0.0,0.0,3.1135117261813545,5.834463744683747,0.3810179440025489,0.0,0.0,0.0,0.0,0.0,0.0,0.0,0.0,0.04836705777188528,0.0,0.03869364621750823,0.3810179440025489,0.0,,,,,,,,,,,,,,,,,,,,,,,,,,,,,,,,,,,,,,,,,,,,,,,,,,,,,,,,,,,,,,,,,,,,,,,,,,,,,,,,,,,,,,,,,,,,,,,,,,,,,,,,,,,,,,,,,,,,,,,,,,,,,,,,,,,,,,,,,,,,,,,,,,,,,,,,,,,,,,,,,,,,,,,,,,,,,,,,,,,,,,,,,,,,,,,,,,,,,,,,,,,,,,,,,,,,,,,,,,,,,,,,,,,,,,,,,,,,,,,,,,,,,,,,,,,,,,,,,,,,,,,,,,,,,,9.809264305177113,2.7247956403269753,37.60217983651226,11.444141689373296,37.32970027247956
Anıl Çınar,Fatihkaragumruk,DF,0.14,0.0,0.14,DF,False,True,Fatih Karagümrük,,Merkez Orta Saha,Merkez Orta Saha,,MID,0.0,0.0,0.0,0.0,0.0,0.0,1.6146125257134591,0.023247659955783,0.2001203232169127,0.995606597045309,2.592813035236281,0.5834547459142635,6.274870097807372,4.633843959116214,0.0,0.0,86.8996974220325,0.0,0.0,0.0,0.0,0.0,0.0,0.25296450277593285,0.03223995467842437,0.0,0.1329302423236513,0.0,0.2001203232169127,,,,,,,,,,,,,,,,,,,,,,,,,,,,,,,,,,,,,,,,,,,,,,,,,,,,,,,,,,,,,,,,,,,,,,,,,,,,,,,,,,,,,,,,,,,,,,,,,,,,,,,,,,,,,,,,,,,,,,,,,,,,,,,,,,,,,,,,,,,,,,,,,,,,,,,,,,,,,,,,,,,,,,,,,,,,,,,,,,,,,,,,,,,,,,,,,,,,,,,,,,,,,,,,,,,,,,,,,,,,,,,,,,,,,,,,,,,,,,,,,,,,,,,,,,,,,,,,,,,,,,,,,,,,,,5.964214711729622,93.63817097415506,61.431411530815105,10.337972166998012,58.25049701789264
Sergio Antonio De Luiz Junior,Fatihkaragumruk,FW,0.14,0.0,0.14,MF,True,True,Fatih Karagümrük,,Merkez Orta Saha,Merkez Orta Saha,,MID,0.0,0.0,0.0,0.0,0.0,0.0,0.9757373997755924,0.1470505667370976,0.1811062231142644,1.8597326022980487,2.7853950247170447,1.257193397456792,6.412799383861737,3.1135117261813545,0.0,0.0,83.91082884903958,0.0,0.0,0.0,0.0,0.0,0.0,0.2643375567305215,0.027250954428071624,0.0,0.13761896925087508,0.0,0.1811062231142644,,,,,,,,,,,,,,,,,,,,,,,,,,,,,,,,,,,,,,,,,,,,,,,,,,,,,,,,,,,,,,,,,,,,,,,,,,,,,,,,,,,,,,,,,,,,,,,,,,,,,,,,,,,,,,,,,,,,,,,,,,,,,,,,,,,,,,,,,,,,,,,,,,,,,,,,,,,,,,,,,,,,,,,,,,,,,,,,,,,,,,,,,,,,,,,,,,,,,,,,,,,,,,,,,,,,,,,,,,,,,,,,,,,,,,,,,,,,,,,,,,,,,,,,,,,,,,,,,,,,,,,,,,,,,,5.964214711729622,95.2286282306163,51.491053677932406,11.133200795228628,58.25049701789264
Berkay Özcan,Fatihkaragumruk,MF,0.0,0.15,0.15,MF,True,True,Fatih Karagümrük,Merkez Orta Saha,Oyun Kurucu (Destek),Oyun Kurucu,Destek,MID,0.0,0.0,0.0,0.0,0.0,0.0,0.5667806748768719,0.1202432224715309,0.1506495936123465,2.0958348537362337,1.1272268465434114,1.5776809209838252,4.33154878070085,8.485792839362993,0.0,0.0,83.79817035976401,0.0,0.0,0.0,0.0,0.0,0.0,0.2108456821489663,0.018433377627603165,0.0,0.10910951660000377,0.0,0.1506495936123465,,,,,,,,,,,,,,,,,,,,,,,,,,,,,,,,,,,,,,,,,,,,,,,,,,,,,,,,,,,,,,,,,,,,,,,,,,,,,,,,,,,,,,,,,,,,,,,,,,,,,,,,,,,,,,,,,,,,,,,,,,,,,,,,,,,,,,,,,,,,,,,,,,,,,,,,,,,,,,,,,,,,,,,,,,,,,,,,,,,,,,,,,,,,,,,,,,,,,,,,,,,,,,,,,,,,,,,,,,,,,,,,,,,,,,,,,,,,,,,,,,,,,,,,,,,,,,,,,,,,,,,,,,,,,,5.964214711729622,81.31212723658051,33.20079522862823,6.958250497017893,59.84095427435388
Andre Gray,Fatihkaragumruk,FW,0.0,0.0,0.0,FW,True,False,Fatih Karagümrük,Santrafor,Fırsatçı Golcü,Fırsatçı Golcü,,FWD,0.0,0.0,0.0,0.0,0.0,0.0,4.6893127695543,0.0,0.0,0.0,0.0,0.0,0.0,0.0,5.058166407236344,0.4759722201827012,0.0,0.0,0.0,0.0,0.0,0.0,0.0,0.0,0.06852822861293852,0.0,0.054822582890350816,0.4759722201827012,0.0,,,,,,,,,,,,,,,,,,,,,,,,,,,,,,,,,,,,,,,,,,,,,,,,,,,,,,,,,,,,,,,,,,,,,,,,,,,,,,,,,,,,,,,,,,,,,,,,,,,,,,,,,,,,,,,,,,,,,,,,,,,,,,,,,,,,,,,,,,,,,,,,,,,,,,,,,,,,,,,,,,,,,,,,,,,,,,,,,,,,,,,,,,,,,,,,,,,,,,,,,,,,,,,,,,,,,,,,,,,,,,,,,,,,,,,,,,,,,,,,,,,,,,,,,,,,,,,,,,,,,,,,,,,,,,9.809264305177113,2.7247956403269753,64.30517711171662,20.435967302452315,35.967302452316076
Sam Larsson,Fatihkaragumruk,MF,0.2,0.4025,0.61,MF,True,True,Fatih Karagümrük,On Numara,Serbest Oyuncu (Trequartista),Serbest Oyuncu,Trequartista,AM,0.0,0.0,0.0,0.0,0.0,0.0,0.5798823241525042,0.1605813814763068,0.1109313057268917,2.4200554799221203,2.3922854783605114,1.7939607067237684,2.3784986365489376,3.706506497340847,0.0,0.0,88.05876505298161,0.0,0.0,0.0,0.0,0.0,0.0,0.24980119224884506,0.028311214170406013,0.0,0.13339396037554432,0.0,0.1109313057268917,,,,,,,,,,,,,,,,,,,,,,,,,,,,,,,,,,,,,,,,,,,,,,,,,,,,,,,,,,,,,,,,,,,,,,,,,,,,,,,,,,,,,,,,,,,,,,,,,,,,,,,,,,,,,,,,,,,,,,,,,,,,,,,,,,,,,,,,,,,,,,,,,,,,,,,,,,,,,,,,,,,,,,,,,,,,,,,,,,,,,,,,,,,,,,,,,,,,,,,,,,,,,,,,,,,,,,,,,,,,,,,,,,,,,,,,,,,,,,,,,,,,,,,,,,,,,,,,,,,,,,,,,,,,,,,,,,
Marius Doh,Fatihkaragumruk,MF,0.0,0.0,0.0,MF,True,True,Fatih Karagümrük,,Merkez Orta Saha,Merkez Orta Saha,,MID,0.0,0.0,0.0,0.0,0.0,0.0,2.2778008367946483,0.016213398620742,0.1521085863005491,1.5874889625151187,3.880849047213319,0.768883417861685,3.939130449584656,6.459098853085521,0.0,0.0,82.33684534880624,0.0,0.0,0.0,0.0,0.0,0.0,0.277434430163476,0.032831074226256245,0.0,0.14528342992698925,0.0,0.1521085863005491,,,,,,,,,,,,,,,,,,,,,,,,,,,,,,,,,,,,,,,,,,,,,,,,,,,,,,,,,,,,,,,,,,,,,,,,,,,,,,,,,,,,,,,,,,,,,,,,,,,,,,,,,,,,,,,,,,,,,,,,,,,,,,,,,,,,,,,,,,,,,,,,,,,,,,,,,,,,,,,,,,,,,,,,,,,,,,,,,,,,,,,,,,,,,,,,,,,,,,,,,,,,,,,,,,,,,,,,,,,,,,,,,,,,,,,,,,,,,,,,,,,,,,,,,,,,,,,,,,,,,,,,,,,,,,5.964214711729622,96.42147117296223,62.02783300198808,15.308151093439365,48.70775347912525
Muhammed Kadıoğlu,Fatihkaragumruk,DF,0.0,0.0,0.0,DF,False,True,Fatih Karagümrük,,Merkez Orta Saha,Merkez Orta Saha,,MID,0.0,0.0,0.0,0.0,0.0,0.0,0.8029213819093601,0.1449959468570328,0.2708578795055547,2.676451092541665,2.5570968403886463,1.700005222645522,6.017688297313017,4.644331324123236,0.0,0.0,88.31753609773975,0.0,0.0,0.0,0.0,0.0,0.0,0.2777565468160123,0.025554656730669954,0.0,0.14398920475414015,0.0,0.2708578795055547,,,,,,,,,,,,,,,,,,,,,,,,,,,,,,,,,,,,,,,,,,,,,,,,,,,,,,,,,,,,,,,,,,,,,,,,,,,,,,,,,,,,,,,,,,,,,,,,,,,,,,,,,,,,,,,,,,,,,,,,,,,,,,,,,,,,,,,,,,,,,,,,,,,,,,,,,,,,,,,,,,,,,,,,,,,,,,,,,,,,,,,,,,,,,,,,,,,,,,,,,,,,,,,,,,,,,,,,,,,,,,,,,,,,,,,,,,,,,,,,,,,,,,,,,,,,,,,,,,,,,,,,,,,,,,5.964214711729622,96.42147117296223,49.30417495029821,14.115308151093439,48.70775347912525
Barış Kalayci,Fatihkaragumruk,MF,0.0,0.0,0.0,MF,True,True,Fatih Karagümrük,,Merkez Orta Saha,Merkez Orta Saha,,MID,0.0,0.0,0.0,0.0,0.0,0.0,1.0790802804425936,0.1403711469898809,0.210673200855296,3.1223304724108525,3.03262680237686,1.329060613577818,6.508870142731143,6.325068015094761,0.0,0.0,82.88165761142068,0.0,0.0,0.0,0.0,0.0,0.0,0.27552057927923473,0.027023557019664912,0.0,0.14316500104355034,0.0,0.210673200855296,,,,,,,,,,,,,,,,,,,,,,,,,,,,,,,,,,,,,,,,,,,,,,,,,,,,,,,,,,,,,,,,,,,,,,,,,,,,,,,,,,,,,,,,,,,,,,,,,,,,,,,,,,,,,,,,,,,,,,,,,,,,,,,,,,,,,,,,,,,,,,,,,,,,,,,,,,,,,,,,,,,,,,,,,,,,,,,,,,,,,,,,,,,,,,,,,,,,,,,,,,,,,,,,,,,,,,,,,,,,,,,,,,,,,,,,,,,,,,,,,,,,,,,,,,,,,,,,,,,,,,,,,,,,,,5.964214711729622,96.22266401590457,50.89463220675944,13.518886679920477,48.70775347912525
David Datro Fofana,Fatihkaragumruk,FW,0.525,0.0,0.6179999999999995,FW,True,False,Fatih Karagümrük,Santrafor,Yaratıcı Forvet,Yaratıcı Forvet,,FWD,0.0,0.0,0.0,0.0,0.0,0.0,4.6893127695543,0.0,0.0,0.0,0.0,0.0,0.0,0.0,5.077799094370862,0.3866662581194613,0.0,0.0,0.0,0.0,0.0,0.0,0.0,0.0,0.08546886670097308,0.0,0.06837509336077846,0.3866662581194613,0.0,,,,,,,,,,,,,,,,,,,,,,,,,,,,,,,,,,,,,,,,,,,,,,,,,,,,,,,,,,,,,,,,,,,,,,,,,,,,,,,,,,,,,,,,,,,,,,,,,,,,,,,,,,,,,,,,,,,,,,,,,,,,,,,,,,,,,,,,,,,,,,,,,,,,,,,,,,,,,,,,,,,,,,,,,,,,,,,,,,,,,,,,,,,,,,,,,,,,,,,,,,,,,,,,,,,,,,,,,,,,,,,,,,,,,,,,,,,,,,,,,,,,,,,,,,,,,,,,,,,,,,,,,,,,,,9.809264305177113,2.7247956403269753,79.01907356948229,32.9700272479564,78.2016348773842
Çağtay Kurukalıp,Fatihkaragumruk,DF,0.0,0.34,0.34,DF,False,True,Fatih Karagümrük,Sol Bek,Standart Bek (Destek),Standart Bek,Destek,FB,1.8674306621345431,0.0,0.0,44.66417560128264,0.0,1.6066995189310047,0.0,0.0,0.0,0.0,0.0,0.0,0.0,0.0,0.0,0.0,82.06803704233539,0.0,0.0,0.0,0.0,0.0,0.15733541008052973,0.1231020555635031,0.006077832531551674,0.0,0.11681388821562612,0.0,0.0,,,,,,,,,,,,,,,,,,,,,,,,,,,,,,,,,,,,,,,,,,,,,,,,,,,,,,,,,,,,,,,,,,,,,,,,,,,,,,,,,,,,,,,,,,,,,,,,,,,,,,,,,,,,,,,,,,,,,,,,,,,,,,,,,,,,,,,,,,,,,,,,,,,,,,,,,,,,,,,,,,,,,,,,,,,,,,,,,,,,,,,,,,,,,,,,,,,,,,,,,,,,,,,,,,,,,,,,,,,,,,,,,,,,,,,,,,,,,,,,,,,,,,,,,,,,,,,,,,,,,,,,,,,,,,11.320754716981133,5.660377358490567,6.918238993710692,7.547169811320755,83.64779874213836
Ahmet Sivri,Fatihkaragumruk,FW,0.0,0.0,0.0,MF,True,True,Fatih Karagümrük,Sol Kanat,Kanat Oyuncusu (Destek),Kanat Oyuncusu,Destek,WING,0.0,0.0,0.0,0.0,0.0,8.576278388994181,1.6613380127362567,0.2459098104948692,0.2749342813881026,4.517920861271849,0.0,0.0,0.0,0.0,0.0,0.0,0.0,0.0,0.0,0.0,0.0,0.0,0.0,0.027642143587638023,0.0531993508510566,0.0,0.040212253586925366,0.0,0.2749342813881026,,,,,,,,,,,,,,,,,,,,,,,,,,,,,,,,,,,,,,,,,,,,,,,,,,,,,,,,,,,,,,,,,,,,,,,,,,,,,,,,,,,,,,,,,,,,,,,,,,,,,,,,,,,,,,,,,,,,,,,,,,,,,,,,,,,,,,,,,,,,,,,,,,,,,,,,,,,,,,,,,,,,,,,,,,,,,,,,,,,,,,,,,,,,,,,,,,,,,,,,,,,,,,,,,,,,,,,,,,,,,,,,,,,,,,,,,,,,,,,,,,,,,,,,,,,,,,,,,,,,,,,,,,,,,,3.2994923857868024,0.0,46.954314720812185,0.7614213197969544,32.48730964467005
Matías Kranevitter,Fatihkaragumruk,MF,0.0,0.0,0.0,MF,True,True,Fatih Karagümrük,Ön Libero,Ön Libero (Çapa),Ön Libero,Çapa,DM,3.145069588768393,0.0,0.0,0.0,0.0,0.0,0.875978444676675,0.1401650236040427,0.3123831514841961,2.9055976700120443,0.0,0.0,5.876730752015678,6.908522330111185,0.0,0.0,0.0,0.0,0.0,0.0,0.0,0.0,0.039313369859604916,0.04625284146229778,0.028519104681164704,0.0,0.040624252625263306,0.0,0.3123831514841961,,,,,,,,,,,,,,,,,,,,,,,,,,,,,,,,,,,,,,,,,,,,,,,,,,,,,,,,,,,,,,,,,,,,,,,,,,,,,,,,,,,,,,,,,,,,,,,,,,,,,,,,,,,,,,,,,,,,,,,,,,,,,,,,,,,,,,,,,,,,,,,,,,,,,,,,,,,,,,,,,,,,,,,,,,,,,,,,,,,,,,,,,,,,,,,,,,,,,,,,,,,,,,,,,,,,,,,,,,,,,,,,,,,,,,,,,,,,,,,,,,,,,,,,,,,,,,,,,,,,,,,,,,,,,,,,,,
Ricardo Esgaio,Fatihkaragumruk,MF,0.0,0.0,0.0,DF,False,True,Fatih Karagümrük,Sağ Bek,Ofansif Bek (Destek),Ofansif Bek,Destek,FB,0.9491279076858888,0.0,0.0,47.127379217346174,0.0,5.82945713130095,0.0,0.0,0.0,3.5254863302748163,0.0,0.0,0.0,0.0,0.0,0.0,80.70875381141283,0.0,0.0,0.0,0.0,0.0,0.15324623649811214,0.12546998862996275,0.018529477711188624,0.0,0.11797001038028262,0.0,0.0,,,,,,,,,,,,,,,,,,,,,,,,,,,,,,,,,,,,,,,,,,,,,,,,,,,,,,,,,,,,,,,,,,,,,,,,,,,,,,,,,,,,,,,,,,,,,,,,,,,,,,,,,,,,,,,,,,,,,,,,,,,,,,,,,,,,,,,,,,,,,,,,,,,,,,,,,,,,,,,,,,,,,,,,,,,,,,,,,,,,,,,,,,,,,,,,,,,,,,,,,,,,,,,,,,,,,,,,,,,,,,,,,,,,,,,,,,,,,,,,,,,,,,,,,,,,,,,,,,,,,,,,,,,,,,11.320754716981133,5.660377358490567,30.18867924528302,7.547169811320755,50.943396226415096
Enzo Roco,Fatihkaragumruk,DF,0.0,0.0,0.0,DF,False,True,Fatih Karagümrük,Stoper,Standart Stoper (Durdurucu),Standart Stoper,Durdurucu,CB,2.71285811931918,1.6362503386685423,4.413453769348862,59.36531536566178,75.75238255529035,0.0,0.0,0.0,0.0,0.0,0.0,0.0,3.438398701772508,0.0,0.0,0.0,78.18728507646034,0.0,0.0,0.0,0.0,0.0,0.43081065410569336,0.12759612372000803,0.0,0.0,0.3270866826179869,0.0,0.0,,,,,,,,,,,,,,,,,,,,,,,,,,,,,,,,,,,,,,,,,,,,,,,,,,,,,,,,,,,,,,,,,,,,,,,,,,,,,,,,,,,,,,,,,,,,,,,,,,,,,,,,,,,,,,,,,,,,,,,,,,,,,,,,,,,,,,,,,,,,,,,,,,,,,,,,,,,,,,,,,,,,,,,,,,,,,,,,,,,,,,,,,,,,,,,,,,,,,,,,,,,,,,,,,,,,,,,,,,,,,,,,,,,,,,,,,,,,,,,,,,,,,,,,,,,,,,,,,,,,,,,,,,,,,,78.76344086021506,8.60215053763441,7.526881720430108,76.0752688172043,60.08064516129033
Tarık Kalpaklı,Fatihkaragumruk,MF,0.0,0.0,0.0,MF,True,True,Fatih Karagümrük,,Merkez Orta Saha,Merkez Orta Saha,,MID,0.0,0.0,0.0,0.0,0.0,0.0,1.1454922422470684,0.1508719166491137,0.1551830050327157,0.926837998108643,1.9355915737506493,1.0948305229849449,3.01736371248798,7.97845082224321,0.0,0.0,81.93879726814008,0.0,0.0,0.0,0.0,0.0,0.0,0.22002367999722075,0.01997933761905092,0.0,0.11400770752242056,0.0,0.1551830050327157,,,,,,,,,,,,,,,,,,,,,,,,,,,,,,,,,,,,,,,,,,,,,,,,,,,,,,,,,,,,,,,,,,,,,,,,,,,,,,,,,,,,,,,,,,,,,,,,,,,,,,,,,,,,,,,,,,,,,,,,,,,,,,,,,,,,,,,,,,,,,,,,,,,,,,,,,,,,,,,,,,,,,,,,,,,,,,,,,,,,,,,,,,,,,,,,,,,,,,,,,,,,,,,,,,,,,,,,,,,,,,,,,,,,,,,,,,,,,,,,,,,,,,,,,,,,,,,,,,,,,,,,,,,,,,5.964214711729622,85.08946322067594,37.17693836978131,7.75347912524851,48.70775347912525
Fatih Kuruçuk,Fatihkaragumruk,DF,0.0,0.0,0.0,DF,False,True,Fatih Karagümrük,,Merkez Orta Saha,Merkez Orta Saha,,MID,0.0,0.0,0.0,0.0,0.0,0.0,0.5457900697667961,0.1691169843065905,0.2124813525515639,2.097368757596138,3.321974134458288,0.6975725428686403,2.3348680601263574,4.23852763056362,0.0,0.0,83.44787893439639,0.0,0.0,0.0,0.0,0.0,0.0,0.26191945390987215,0.019200576693720862,0.0,0.13479984229368025,0.0,0.2124813525515639,,,,,,,,,,,,,,,,,,,,,,,,,,,,,,,,,,,,,,,,,,,,,,,,,,,,,,,,,,,,,,,,,,,,,,,,,,,,,,,,,,,,,,,,,,,,,,,,,,,,,,,,,,,,,,,,,,,,,,,,,,,,,,,,,,,,,,,,,,,,,,,,,,,,,,,,,,,,,,,,,,,,,,,,,,,,,,,,,,,,,,,,,,,,,,,,,,,,,,,,,,,,,,,,,,,,,,,,,,,,,,,,,,,,,,,,,,,,,,,,,,,,,,,,,,,,,,,,,,,,,,,,,,,,,,5.964214711729622,95.02982107355865,35.387673956262425,10.337972166998012,48.70775347912525
Nikoloz Ugrekhelidze,Fatihkaragumruk,DF,0.0,0.0,0.0,DF,False,True,Fatih Karagümrük,Stoper,Standart Stoper (Savunma),Standart Stoper,Savunma,CB,1.5183941032332593,1.0486142056719054,8.250837052545183,65.6464978928559,62.86982082125055,0.0,0.0,0.0,0.0,0.0,0.0,0.0,3.841745732151576,0.0,0.0,0.0,78.18728507646034,0.0,0.0,0.0,0.0,0.0,0.42809955237241104,0.12880616481114524,0.0,0.0,0.32543091962291676,0.0,0.0,,,,,,,,,,,,,,,,,,,,,,,,,,,,,,,,,,,,,,,,,,,,,,,,,,,,,,,,,,,,,,,,,,,,,,,,,,,,,,,,,,,,,,,,,,,,,,,,,,,,,,,,,,,,,,,,,,,,,,,,,,,,,,,,,,,,,,,,,,,,,,,,,,,,,,,,,,,,,,,,,,,,,,,,,,,,,,,,,,,,,,,,,,,,,,,,,,,,,,,,,,,,,,,,,,,,,,,,,,,,,,,,,,,,,,,,,,,,,,,,,,,,,,,,,,,,,,,,,,,,,,,,,,,,,,78.09139784946237,9.13978494623656,7.526881720430108,74.73118279569893,60.08064516129033
João Pedro Gomes Camacho,Fatihkaragumruk,MF,0.0,0.0,0.0,MF,True,True,Fatih Karagümrük,,Merkez Orta Saha,Merkez Orta Saha,,MID,0.0,0.0,0.0,0.0,0.0,0.0,1.4900255609073678,0.2012472499201924,0.220957643582196,1.0833114817290723,3.318764445628345,1.797943638363369,6.386752265664193,3.1135117261813545,0.0,0.0,87.14936350409842,0.0,0.0,0.0,0.0,0.0,0.0,0.29544714083617807,0.0264468400566842,0.0,0.15301293842942587,0.0,0.220957643582196,,,,,,,,,,,,,,,,,,,,,,,,,,,,,,,,,,,,,,,,,,,,,,,,,,,,,,,,,,,,,,,,,,,,,,,,,,,,,,,,,,,,,,,,,,,,,,,,,,,,,,,,,,,,,,,,,,,,,,,,,,,,,,,,,,,,,,,,,,,,,,,,,,,,,,,,,,,,,,,,,,,,,,,,,,,,,,,,,,,,,,,,,,,,,,,,,,,,,,,,,,,,,,,,,,,,,,,,,,,,,,,,,,,,,,,,,,,,,,,,,,,,,,,,,,,,,,,,,,,,,,,,,,,,,,5.964214711729622,97.21669980119285,49.90059642147117,19.08548707753479,48.70775347912525
Alper Demirol,Fatihkaragumruk,MF,0.0,0.0,0.0,MF,True,True,Fatih Karagümrük,,Merkez Orta Saha,Merkez Orta Saha,,MID,0.0,0.0,0.0,0.0,0.0,0.0,0.5420451568519457,0.0674551800320535,0.2070940068072139,1.4535215428288244,2.563888142962417,0.7359098122695731,3.947024694894377,3.821313780412844,0.0,0.0,79.51202433436794,0.0,0.0,0.0,0.0,0.0,0.0,0.2374488245322643,0.017338015697880075,0.0,0.12219201540570816,0.0,0.2070940068072139,,,,,,,,,,,,,,,,,,,,,,,,,,,,,,,,,,,,,,,,,,,,,,,,,,,,,,,,,,,,,,,,,,,,,,,,,,,,,,,,,,,,,,,,,,,,,,,,,,,,,,,,,,,,,,,,,,,,,,,,,,,,,,,,,,,,,,,,,,,,,,,,,,,,,,,,,,,,,,,,,,,,,,,,,,,,,,,,,,,,,,,,,,,,,,,,,,,,,,,,,,,,,,,,,,,,,,,,,,,,,,,,,,,,,,,,,,,,,,,,,,,,,,,,,,,,,,,,,,,,,,,,,,,,,,5.964214711729622,90.85487077534792,31.809145129224653,9.542743538767395,48.70775347912525
Ömer Gümüş,Fatihkaragumruk,MF,0.0,0.0,0.0,MF,True,True,Fatih Karagümrük,,Merkez Orta Saha,Merkez Orta Saha,,MID,0.0,0.0,0.0,0.0,0.0,0.0,2.080748666426959,0.2062623525450155,0.2459218205799307,3.463989001821296,3.880849047213319,0.9646817888136489,4.708804821337816,8.400111851088631,0.0,0.0,80.3570305904642,0.0,0.0,0.0,0.0,0.0,0.0,0.2895613904969851,0.03930433199202006,0.0,0.15264156164689657,0.0,0.2459218205799307,,,,,,,,,,,,,,,,,,,,,,,,,,,,,,,,,,,,,,,,,,,,,,,,,,,,,,,,,,,,,,,,,,,,,,,,,,,,,,,,,,,,,,,,,,,,,,,,,,,,,,,,,,,,,,,,,,,,,,,,,,,,,,,,,,,,,,,,,,,,,,,,,,,,,,,,,,,,,,,,,,,,,,,,,,,,,,,,,,,,,,,,,,,,,,,,,,,,,,,,,,,,,,,,,,,,,,,,,,,,,,,,,,,,,,,,,,,,,,,,,,,,,,,,,,,,,,,,,,,,,,,,,,,,,,5.964214711729622,97.01789264413519,70.9741550695825,18.687872763419485,48.70775347912525
Tuğbey Akgün,Fatihkaragumruk,MF,0.0,0.0,0.0,MF,True,True,Fatih Karagümrük,,Merkez Orta Saha,Merkez Orta Saha,,MID,0.0,0.0,0.0,0.0,0.0,0.0,0.8907953720119094,0.1245639205658634,0.0831017139311822,1.1847379658340855,1.37665064428796,0.9350682979436552,6.8003713577826455,8.243340465375091,0.0,0.0,89.14603468984694,0.0,0.0,0.0,0.0,0.0,0.0,0.2175747694776992,0.015193867191951597,0.0,0.11182615817723991,0.0,0.0831017139311822,,,,,,,,,,,,,,,,,,,,,,,,,,,,,,,,,,,,,,,,,,,,,,,,,,,,,,,,,,,,,,,,,,,,,,,,,,,,,,,,,,,,,,,,,,,,,,,,,,,,,,,,,,,,,,,,,,,,,,,,,,,,,,,,,,,,,,,,,,,,,,,,,,,,,,,,,,,,,,,,,,,,,,,,,,,,,,,,,,,,,,,,,,,,,,,,,,,,,,,,,,,,,,,,,,,,,,,,,,,,,,,,,,,,,,,,,,,,,,,,,,,,,,,,,,,,,,,,,,,,,,,,,,,,,,5.964214711729622,84.29423459244532,26.24254473161034,7.3558648111332,48.70775347912525
Furkan Bekleviç,Fatihkaragumruk,GK,0.0,0.0,0.0,GK,False,False,Fatih Karagümrük,Kaleci,Kaleci (Savunma),Kaleci,Savunma,GK,0.0,0.0,0.0,0.0,0.0,0.0,0.0,0.0,0.0,0.0,0.0,0.0,0.0,0.0,0.0,0.0,0.0,74.05903930819225,3.5602040635334324,61.27116700572047,0.5236053451493905,0.8630829072672506,0.0,0.0,0.0,0.9040023297442032,0.9040023297442032,0.0,0.0,,,,,,,,,,,,,,,,,,,,,,,,,,,,,,,,,,,,,,,,,,,,,,,,,,,,,,,,,,,,,,,,,,,,,,,,,,,,,,,,,,,,,,,,,,,,,,,,,,,,,,,,,,,,,,,,,,,,,,,,,,,,,,,,,,,,,,,,,,,,,,,,,,,,,,,,,,,,,,,,,,,,,,,,,,,,,,,,,,,,,,,,,,,,,,,,,,,,,,,,,,,,,,,,,,,,,,,,,,,,,,,,,,,,,,,,,,,,,,,,,,,,,,,,,,,,,,,,,,,,,,,,,,,,,,4.929577464788732,0.0,83.09859154929578,100.0,96.47887323943662
Burhan Ersoy,Fatihkaragumruk,MF,0.0,0.0,0.0,MF,True,True,Fatih Karagümrük,,Merkez Orta Saha,Merkez Orta Saha,,MID,0.0,0.0,0.0,0.0,0.0,0.0,1.534025020669472,0.0192645697835827,0.1793273221410267,2.1469980143186618,1.1272268465434114,1.8071210512862808,2.332823639571114,6.58447861302185,0.0,0.0,80.10589952857629,0.0,0.0,0.0,0.0,0.0,0.0,0.20511087466635478,0.027880838128132444,0.0,0.10813160495880388,0.0,0.1793273221410267,,,,,,,,,,,,,,,,,,,,,,,,,,,,,,,,,,,,,,,,,,,,,,,,,,,,,,,,,,,,,,,,,,,,,,,,,,,,,,,,,,,,,,,,,,,,,,,,,,,,,,,,,,,,,,,,,,,,,,,,,,,,,,,,,,,,,,,,,,,,,,,,,,,,,,,,,,,,,,,,,,,,,,,,,,,,,,,,,,,,,,,,,,,,,,,,,,,,,,,,,,,,,,,,,,,,,,,,,,,,,,,,,,,,,,,,,,,,,,,,,,,,,,,,,,,,,,,,,,,,,,,,,,,,,,5.964214711729622,77.33598409542743,52.48508946322068,6.759443339960239,48.70775347912525
Kerem Özmen,Fatihkaragumruk,MF,0.0,0.0,0.0,MF,True,True,Fatih Karagümrük,,Merkez Orta Saha,Merkez Orta Saha,,MID,0.0,0.0,0.0,0.0,0.0,0.0,2.2481660838790622,0.0146377323109948,0.0364786809829216,2.4690204826589217,3.310474635271288,1.509054491313347,5.241590037260478,6.60310116260192,0.0,0.0,84.81272781517265,0.0,0.0,0.0,0.0,0.0,0.0,0.2708984883443366,0.030113359284754792,0.0,0.14147191602911927,0.0,0.0364786809829216,,,,,,,,,,,,,,,,,,,,,,,,,,,,,,,,,,,,,,,,,,,,,,,,,,,,,,,,,,,,,,,,,,,,,,,,,,,,,,,,,,,,,,,,,,,,,,,,,,,,,,,,,,,,,,,,,,,,,,,,,,,,,,,,,,,,,,,,,,,,,,,,,,,,,,,,,,,,,,,,,,,,,,,,,,,,,,,,,,,,,,,,,,,,,,,,,,,,,,,,,,,,,,,,,,,,,,,,,,,,,,,,,,,,,,,,,,,,,,,,,,,,,,,,,,,,,,,,,,,,,,,,,,,,,,5.964214711729622,96.02385685884693,58.4493041749503,12.72365805168986,48.70775347912525
Kerem Yandal,Fatihkaragumruk,GK,0.0,0.0,0.0,GK,False,False,Fatih Karagümrük,,Merkez Orta Saha,Merkez Orta Saha,,MID,0.0,0.0,0.0,0.0,0.0,0.0,1.766842474999108,0.0835595796740152,0.1345789646756844,2.6966554204690807,3.4214666120946475,1.6950220957870583,2.370527112874336,6.990220047277533,0.0,0.0,84.95177359994325,0.0,0.0,0.0,0.0,0.0,0.0,0.2767457079878243,0.02979322188819116,0.0,0.14433149837155038,0.0,0.1345789646756844,,,,,,,,,,,,,,,,,,,,,,,,,,,,,,,,,,,,,,,,,,,,,,,,,,,,,,,,,,,,,,,,,,,,,,,,,,,,,,,,,,,,,,,,,,,,,,,,,,,,,,,,,,,,,,,,,,,,,,,,,,,,,,,,,,,,,,,,,,,,,,,,,,,,,,,,,,,,,,,,,,,,,,,,,,,,,,,,,,,,,,,,,,,,,,,,,,,,,,,,,,,,,,,,,,,,,,,,,,,,,,,,,,,,,,,,,,,,,,,,,,,,,,,,,,,,,,,,,,,,,,,,,,,,,,5.964214711729622,96.42147117296223,57.25646123260437,14.314115308151093,48.70775347912525
Opponent Total,Fatihkaragumruk,NAN,0.0,0.0,0.6179999999999995,NAN,False,False,Fatih Karagümrük,,Merkez Orta Saha,Merkez Orta Saha,,MID,0.0,0.0,0.0,0.0,0.0,0.0,1.519211351757804,0.1962242442778669,0.1706834740174425,2.311051445414668,1.3606216873617287,0.8757018481887484,3.8773446423325018,4.052227671740697,0.0,0.0,83.87549354460293,0.0,0.0,0.0,0.0,0.0,0.0,0.2079429448157487,0.027797081091812413,0.0,0.10953088862623683,0.0,0.1706834740174425,,,,,,,,,,,,,,,,,,,,,,,,,,,,,,,,,,,,,,,,,,,,,,,,,,,,,,,,,,,,,,,,,,,,,,,,,,,,,,,,,,,,,,,,,,,,,,,,,,,,,,,,,,,,,,,,,,,,,,,,,,,,,,,,,,,,,,,,,,,,,,,,,,,,,,,,,,,,,,,,,,,,,,,,,,,,,,,,,,,,,,,,,,,,,,,,,,,,,,,,,,,,,,,,,,,,,,,,,,,,,,,,,,,,,,,,,,,,,,,,,,,,,,,,,,,,,,,,,,,,,,,,,,,,,,5.964214711729622,78.92644135188867,52.48508946322068,6.958250497017893,93.43936381709742
Date,Fatihkaragumruk,COMP,0.0,0.0,0.0,COMP,False,False,Fatih Karagümrük,,Merkez Orta Saha,Merkez Orta Saha,,MID,0.0,0.0,0.0,0.0,0.0,0.0,1.081100881542289,0.1769202336852289,0.2282784908409153,0.926837998108643,1.7967484988758182,1.4373111494104984,6.019072725967233,8.486471675549758,0.0,0.0,85.73694298292182,0.0,0.0,0.0,0.0,0.0,0.0,0.24154558162462547,0.02225924344433111,0.0,0.12522463950117896,0.0,0.2282784908409153,,,,,,,,,,,,,,,,,,,,,,,,,,,,,,,,,,,,,,,,,,,,,,,,,,,,,,,,,,,,,,,,,,,,,,,,,,,,,,,,,,,,,,,,,,,,,,,,,,,,,,,,,,,,,,,,,,,,,,,,,,,,,,,,,,,,,,,,,,,,,,,,,,,,,,,,,,,,,,,,,,,,,,,,,,,,,,,,,,,,,,,,,,,,,,,,,,,,,,,,,,,,,,,,,,,,,,,,,,,,,,,,,,,,,,,,,,,,,,,,,,,,,,,,,,,,,,,,,,,,,,,,,,,,,,5.964214711729622,91.45129224652088,42.14711729622266,10.139165009940358,48.70775347912525
Milan Škriniar,Fenerbahçe,DF,0.1,0.1,0.1,DF,False,True,Fenerbahçe,Stoper,Standart Stoper (Sıkı Defans),Standart Stoper,Sıkı Defans,CB,1.7029430857320642,0.8864420213547017,8.325080972880851,62.578406464502194,72.52613203374491,0.0,0.0,0.0,0.0,0.0,0.0,0.0,3.9580031914686127,0.0,0.0,0.0,80.1006824543398,0.0,0.0,0.0,0.0,0.0,0.44583787786872536,0.13202503325591555,0.005000000000000001,0.0,0.3389915211592909,0.0,0.0,,,,,,,,,,,,,,,,,,,,,,,,,,,,,,,,,,,,,,,,,,,,,,,,,,,,,,,,,,,,,,,,,,,,,,,,,,,,,,,,,,,,,,,,,,,,,,,,,,,,,,,,,,,,,,,,,,,,,,,,,,,,,,,,,,,,,,,,,,,,,,,,,,,,,,,,,,,,,,,,,,,,,,,,,,,,,,,,,,,,,,,,,,,,,,,,,,,,,,,,,,,,,,,,,,,,,,,,,,,,,,,,,,,,,,,,,,,,,,,,,,,,,,,,,,,,,,,,,,,,,,,,,,,,,,84.67741935483872,12.231182795698924,16.93548387096774,80.91397849462365,68.54838709677419
Jayden Oosterwolde,Fenerbahçe,DF,0.0,0.0,0.0,DF,False,True,Fenerbahçe,Stoper,Pas Dağıtan Stoper (Savunma),Pas Dağıtan Stoper,Savunma,CB,2.5565002772590955,0.719139945400875,7.633910350413836,62.88742923248315,55.447664010699015,0.0,0.0,0.0,0.0,0.0,0.0,0.0,5.54946632979375,0.0,0.0,0.0,81.82283232214753,0.0,0.0,0.0,0.0,0.0,0.41013043685936124,0.13938264747260254,0.0,0.0,0.31496783529607336,0.0,0.0,,,,,,,,,,,,,,,,,,,,,,,,,,,,,,,,,,,,,,,,,,,,,,,,,,,,,,,,,,,,,,,,,,,,,,,,,,,,,,,,,,,,,,,,,,,,,,,,,,,,,,,,,,,,,,,,,,,,,,,,,,,,,,,,,,,,,,,,,,,,,,,,,,,,,,,,,,,,,,,,,,,,,,,,,,,,,,,,,,,,,,,,,,,,,,,,,,,,,,,,,,,,,,,,,,,,,,,,,,,,,,,,,,,,,,,,,,,,,,,,,,,,,,,,,,,,,,,,,,,,,,,,,,,,,,71.37096774193549,20.29569892473118,7.526881720430108,67.20430107526882,60.08064516129033
Youssef En-Nesyri,Fenerbahçe,FW,0.525,0.4025,0.0,FW,True,False,Fenerbahçe,Santrafor,Yaratıcı Forvet,Yaratıcı Forvet,,FWD,0.0,0.0,0.0,0.0,0.0,0.0,4.6893127695543,0.0,0.0,0.0,0.0,0.0,0.0,0.0,6.675547864192519,0.7002641359635631,0.0,0.0,0.0,0.0,0.0,0.0,0.0,0.0,0.1037483156938868,0.0,0.08299865255510945,0.7002641359635631,0.0,,,,,,,,,,,,,,,,,,,,,,,,,,,,,,,,,,,,,,,,,,,,,,,,,,,,,,,,,,,,,,,,,,,,,,,,,,,,,,,,,,,,,,,,,,,,,,,,,,,,,,,,,,,,,,,,,,,,,,,,,,,,,,,,,,,,,,,,,,,,,,,,,,,,,,,,,,,,,,,,,,,,,,,,,,,,,,,,,,,,,,,,,,,,,,,,,,,,,,,,,,,,,,,,,,,,,,,,,,,,,,,,,,,,,,,,,,,,,,,,,,,,,,,,,,,,,,,,,,,,,,,,,,,,,,9.809264305177113,2.7247956403269753,91.00817438692098,53.950953678474114,35.967302452316076
Nélson Semedo,Fenerbahçe,MF,0.2,0.2,0.2,DF,False,True,Fenerbahçe,Sağ Bek,Standart Bek (Hücum),Standart Bek,Hücum,FB,2.2850836609815213,0.0,0.0,44.33433988236887,0.0,2.246888271182193,0.0,0.0,0.0,0.0,0.0,0.0,0.0,0.0,0.0,0.0,82.49401064935998,0.0,0.0,0.0,0.0,0.0,0.16156656540937564,0.12374101597403997,0.013744813785303657,0.0,0.12065455025396053,0.0,0.0,,,,,,,,,,,,,,,,,,,,,,,,,,,,,,,,,,,,,,,,,,,,,,,,,,,,,,,,,,,,,,,,,,,,,,,,,,,,,,,,,,,,,,,,,,,,,,,,,,,,,,,,,,,,,,,,,,,,,,,,,,,,,,,,,,,,,,,,,,,,,,,,,,,,,,,,,,,,,,,,,,,,,,,,,,,,,,,,,,,,,,,,,,,,,,,,,,,,,,,,,,,,,,,,,,,,,,,,,,,,,,,,,,,,,,,,,,,,,,,,,,,,,,,,,,,,,,,,,,,,,,,,,,,,,,11.320754716981133,5.660377358490567,18.867924528301888,7.547169811320755,70.44025157232704
Archie Brown,Fenerbahçe,DF,0.0,0.0,0.2,DF,False,True,Fenerbahçe,Sol Bek,Ofansif Bek (Hücum),Ofansif Bek,Hücum,FB,2.3654830809040823,0.0,0.0,62.41913561566063,0.0,5.471045484883611,0.0,0.0,0.0,1.4193171298788685,0.0,0.0,0.0,0.0,0.0,0.0,79.9002775825238,0.0,0.0,0.0,0.0,0.0,0.2168259453582829,0.12162456278613429,0.012666701966169857,0.0,0.1474336819082157,0.0,0.0,,,,,,,,,,,,,,,,,,,,,,,,,,,,,,,,,,,,,,,,,,,,,,,,,,,,,,,,,,,,,,,,,,,,,,,,,,,,,,,,,,,,,,,,,,,,,,,,,,,,,,,,,,,,,,,,,,,,,,,,,,,,,,,,,,,,,,,,,,,,,,,,,,,,,,,,,,,,,,,,,,,,,,,,,,,,,,,,,,,,,,,,,,,,,,,,,,,,,,,,,,,,,,,,,,,,,,,,,,,,,,,,,,,,,,,,,,,,,,,,,,,,,,,,,,,,,,,,,,,,,,,,,,,,,,18.238993710691823,5.660377358490567,15.09433962264151,12.578616352201259,70.44025157232704
İsmail Yüksek,Fenerbahçe,MF,0.2,0.2,0.4,MF,True,True,Fenerbahçe,Ön Libero,Savaşçı Orta Saha (Savunma),Savaşçı Orta Saha,Savunma,DM,2.007527603245641,1.7791072578513183,0.0,0.0,0.0,0.0,1.0993040174222155,0.1971537411681016,0.3326858684051712,1.6814455322587782,0.0,0.0,0.0,4.860444749257713,0.0,0.0,0.0,0.0,0.0,0.0,0.0,0.0,0.025094095040570516,0.028716676387737176,0.03850408874107596,0.0,0.029587384454254937,0.0,0.3326858684051712,,,,,,,,,,,,,,,,,,,,,,,,,,,,,,,,,,,,,,,,,,,,,,,,,,,,,,,,,,,,,,,,,,,,,,,,,,,,,,,,,,,,,,,,,,,,,,,,,,,,,,,,,,,,,,,,,,,,,,,,,,,,,,,,,,,,,,,,,,,,,,,,,,,,,,,,,,,,,,,,,,,,,,,,,,,,,,,,,,,,,,,,,,,,,,,,,,,,,,,,,,,,,,,,,,,,,,,,,,,,,,,,,,,,,,,,,,,,,,,,,,,,,,,,,,,,,,,,,,,,,,,,,,,,,,,,,,
Ederson,Fenerbahçe,GK,0.0,0.0,0.0,GK,False,False,Fenerbahçe,Kaleci,Libero Kaleci (Destek),Libero Kaleci,Destek,GK,0.0,0.0,0.0,0.0,0.0,0.0,0.0,0.0,0.0,0.0,0.0,0.0,0.0,0.0,0.0,0.0,0.0,62.84452607415594,5.042965300359907,74.64294929887281,0.8655290447975682,1.0944758675340098,0.0,0.0,0.0,1.0333270942392159,1.0333270942392159,0.0,0.0,,,,,,,,,,,,,,,,,,,,,,,,,,,,,,,,,,,,,,,,,,,,,,,,,,,,,,,,,,,,,,,,,,,,,,,,,,,,,,,,,,,,,,,,,,,,,,,,,,,,,,,,,,,,,,,,,,,,,,,,,,,,,,,,,,,,,,,,,,,,,,,,,,,,,,,,,,,,,,,,,,,,,,,,,,,,,,,,,,,,,,,,,,,,,,,,,,,,,,,,,,,,,,,,,,,,,,,,,,,,,,,,,,,,,,,,,,,,,,,,,,,,,,,,,,,,,,,,,,,,,,,,,,,,,,4.929577464788732,0.0,83.09859154929578,100.0,96.47887323943662
Kerem Aktürkoğlu,Fenerbahçe,MF,0.0,0.4025,0.2,FW,True,False,Fenerbahçe,Sol Kanat,İçe Kat Eden Oyuncu (Hücum),İçe Kat Eden Oyuncu,Hücum,WING,0.0,0.0,0.0,0.0,0.0,3.502871212243488,3.658545316388036,0.0724733116200331,0.0252865519121144,2.5932188287079017,0.0,0.0,0.0,0.0,0.0,0.0,0.0,0.0,0.0,0.0,0.0,0.0,0.0,0.00526444768885403,0.05394308099920717,0.0,0.03394518290618051,0.0,0.0252865519121144,,,,,,,,,,,,,,,,,,,,,,,,,,,,,,,,,,,,,,,,,,,,,,,,,,,,,,,,,,,,,,,,,,,,,,,,,,,,,,,,,,,,,,,,,,,,,,,,,,,,,,,,,,,,,,,,,,,,,,,,,,,,,,,,,,,,,,,,,,,,,,,,,,,,,,,,,,,,,,,,,,,,,,,,,,,,,,,,,,,,,,,,,,,,,,,,,,,,,,,,,,,,,,,,,,,,,,,,,,,,,,,,,,,,,,,,,,,,,,,,,,,,,,,,,,,,,,,,,,,,,,,,,,,,,,3.2994923857868024,0.0,48.223350253807105,0.5076142131979695,42.89340101522843
Marco Asensio,Fenerbahçe,FW,0.1,0.1,0.2,MF,True,True,Fenerbahçe,On Numara,Serbest Oyuncu (Trequartista),Serbest Oyuncu,Trequartista,AM,0.0,0.0,0.0,0.0,0.0,0.0,1.8059226059161992,0.1293172641104023,0.2102278732919245,2.197821437138721,1.1272268465434114,1.357618974715623,4.167361163778172,5.298831169496985,0.0,0.0,80.75792070957142,0.0,0.0,0.0,0.0,0.0,0.0,0.20738556123250568,0.03696289458368578,0.0,0.11478164899135858,0.0,0.2102278732919245,,,,,,,,,,,,,,,,,,,,,,,,,,,,,,,,,,,,,,,,,,,,,,,,,,,,,,,,,,,,,,,,,,,,,,,,,,,,,,,,,,,,,,,,,,,,,,,,,,,,,,,,,,,,,,,,,,,,,,,,,,,,,,,,,,,,,,,,,,,,,,,,,,,,,,,,,,,,,,,,,,,,,,,,,,,,,,,,,,,,,,,,,,,,,,,,,,,,,,,,,,,,,,,,,,,,,,,,,,,,,,,,,,,,,,,,,,,,,,,,,,,,,,,,,,,,,,,,,,,,,,,,,,,,,,,,,,
Talisca,Fenerbahçe,MF,0.3,0.3,0.6179999999999995,MF,True,True,Fenerbahçe,On Numara,Serbest Oyuncu (Trequartista),Serbest Oyuncu,Trequartista,AM,0.0,0.0,0.0,0.0,0.0,0.0,2.487692658564452,0.1100497494888726,0.2602578706617959,1.03723954769105,1.879925832341694,1.7492455651824066,6.8003713577826455,6.113506231697025,0.0,0.0,84.63194721332098,0.0,0.0,0.0,0.0,0.0,0.0,0.25210267242887385,0.05288034028134399,0.0,0.14191543829884012,0.0,0.2602578706617959,,,,,,,,,,,,,,,,,,,,,,,,,,,,,,,,,,,,,,,,,,,,,,,,,,,,,,,,,,,,,,,,,,,,,,,,,,,,,,,,,,,,,,,,,,,,,,,,,,,,,,,,,,,,,,,,,,,,,,,,,,,,,,,,,,,,,,,,,,,,,,,,,,,,,,,,,,,,,,,,,,,,,,,,,,,,,,,,,,,,,,,,,,,,,,,,,,,,,,,,,,,,,,,,,,,,,,,,,,,,,,,,,,,,,,,,,,,,,,,,,,,,,,,,,,,,,,,,,,,,,,,,,,,,,,,,,,
Nene Dorgeles,Fenerbahçe,DF,0.1,0.1,0.5,FW,True,False,Fenerbahçe,,Merkez Orta Saha,Merkez Orta Saha,,MID,0.0,0.0,0.0,0.0,0.0,0.0,1.7898622986836954,0.0368631316765709,0.1771931208233209,1.746692714264788,3.3194256217560145,1.859130590721891,4.795296424733011,3.2817958006503303,0.0,0.0,82.46607906296276,0.0,0.0,0.0,0.0,0.0,0.0,0.2819135509408486,0.03435307960543176,0.0,0.14782739139151063,0.0,0.1771931208233209,,,,,,,,,,,,,,,,,,,,,,,,,,,,,,,,,,,,,,,,,,,,,,,,,,,,,,,,,,,,,,,,,,,,,,,,,,,,,,,,,,,,,,,,,,,,,,,,,,,,,,,,,,,,,,,,,,,,,,,,,,,,,,,,,,,,,,,,,,,,,,,,,,,,,,,,,,,,,,,,,,,,,,,,,,,,,,,,,,,,,,,,,,,,,,,,,,,,,,,,,,,,,,,,,,,,,,,,,,,,,,,,,,,,,,,,,,,,,,,,,,,,,,,,,,,,,,,,,,,,,,,,,,,,,,5.964214711729622,96.42147117296223,64.21471172962227,16.10337972166998,89.26441351888667
Fred,Fenerbahçe,MF,0.4,0.4,0.1,MF,True,True,Fenerbahçe,Merkez Orta Saha,İki Yönlü Orta Saha,İki Yönlü Orta Saha,,MID,2.6112894627461545,0.0,0.0,0.0,0.0,0.0,1.5713451764770523,0.0820481884023278,0.2219364109817159,0.926837998108643,3.880849047213319,1.314605484605925,3.0443164255673443,3.997700212536477,0.0,0.0,0.0,0.0,0.0,0.0,0.0,0.0,0.032641118284326934,0.16419096333836355,0.04690800319931078,0.0,0.10126941779434201,0.0,0.2219364109817159,,,,,,,,,,,,,,,,,,,,,,,,,,,,,,,,,,,,,,,,,,,,,,,,,,,,,,,,,,,,,,,,,,,,,,,,,,,,,,,,,,,,,,,,,,,,,,,,,,,,,,,,,,,,,,,,,,,,,,,,,,,,,,,,,,,,,,,,,,,,,,,,,,,,,,,,,,,,,,,,,,,,,,,,,,,,,,,,,,,,,,,,,,,,,,,,,,,,,,,,,,,,,,,,,,,,,,,,,,,,,,,,,,,,,,,,,,,,,,,,,,,,,,,,,,,,,,,,,,,,,,,,,,,,,,8.151093439363818,36.97813121272366,77.73359840954275,5.7654075546719685,54.07554671968191
Edson Álvarez,Fenerbahçe,MF,0.0,0.0,0.0,MF,True,True,Fenerbahçe,Ön Libero,Gizli Libero,Gizli Libero,,DM,0.0,0.0,0.0,0.0,0.0,0.0,1.934366071502417,0.1085048415434688,0.0248262756468207,1.0121619423185562,2.553881583137737,0.5834547459142635,3.6058107631797673,7.428201698558222,0.0,0.0,85.94000711555027,0.0,0.0,0.0,0.0,0.0,0.0,0.22834701612535463,0.02286711659669339,0.0,0.11874693138201599,0.0,0.0248262756468207,,,,,,,,,,,,,,,,,,,,,,,,,,,,,,,,,,,,,,,,,,,,,,,,,,,,,,,,,,,,,,,,,,,,,,,,,,,,,,,,,,,,,,,,,,,,,,,,,,,,,,,,,,,,,,,,,,,,,,,,,,,,,,,,,,,,,,,,,,,,,,,,,,,,,,,,,,,,,,,,,,,,,,,,,,,,,,,,,,,,,,,,,,,,,,,,,,,,,,,,,,,,,,,,,,,,,,,,,,,,,,,,,,,,,,,,,,,,,,,,,,,,,,,,,,,,,,,,,,,,,,,,,,,,,,,,,,
Sebastian Szymański,Fenerbahçe,FW,0.1,0.1,0.4,MF,True,True,Fenerbahçe,On Numara,Gizli Forvet,Gizli Forvet,,AM,0.0,0.0,0.0,0.0,0.0,0.0,1.3769317857958083,0.0221501074199043,0.0890370532946464,1.8716928457443087,2.0442867795048643,1.511029878588189,3.1005566295237657,3.496792007550759,0.0,0.0,79.6946825204778,0.0,0.0,0.0,0.0,0.0,0.0,0.2223003255540089,0.02701003210410471,0.0,0.11925317240823585,0.0,0.0890370532946464,,,,,,,,,,,,,,,,,,,,,,,,,,,,,,,,,,,,,,,,,,,,,,,,,,,,,,,,,,,,,,,,,,,,,,,,,,,,,,,,,,,,,,,,,,,,,,,,,,,,,,,,,,,,,,,,,,,,,,,,,,,,,,,,,,,,,,,,,,,,,,,,,,,,,,,,,,,,,,,,,,,,,,,,,,,,,,,,,,,,,,,,,,,,,,,,,,,,,,,,,,,,,,,,,,,,,,,,,,,,,,,,,,,,,,,,,,,,,,,,,,,,,,,,,,,,,,,,,,,,,,,,,,,,,,,,,,
Oğuz Aydın,Fenerbahçe,FW,0.0,0.0,0.0,FW,True,False,Fenerbahçe,Sol Kanat,Kanat Oyuncusu (Destek),Kanat Oyuncusu,Destek,WING,0.0,0.0,0.0,0.0,0.0,2.470639260633928,3.802912342502471,0.2459098104948692,0.2130606189761154,4.517920861271849,0.0,0.0,0.0,0.0,0.0,0.0,0.0,0.0,0.0,0.0,0.0,0.0,0.0,0.022692250594679046,0.0619640824383055,0.0,0.043986124641387014,0.0,0.2130606189761154,,,,,,,,,,,,,,,,,,,,,,,,,,,,,,,,,,,,,,,,,,,,,,,,,,,,,,,,,,,,,,,,,,,,,,,,,,,,,,,,,,,,,,,,,,,,,,,,,,,,,,,,,,,,,,,,,,,,,,,,,,,,,,,,,,,,,,,,,,,,,,,,,,,,,,,,,,,,,,,,,,,,,,,,,,,,,,,,,,,,,,,,,,,,,,,,,,,,,,,,,,,,,,,,,,,,,,,,,,,,,,,,,,,,,,,,,,,,,,,,,,,,,,,,,,,,,,,,,,,,,,,,,,,,,,3.2994923857868024,0.0,63.1979695431472,1.2690355329949239,32.48730964467005
Çağlar Söyüncü,Fenerbahçe,DF,0.0,0.0,0.0,DF,False,True,Fenerbahçe,Stoper,Standart Stoper (Durdurucu),Standart Stoper,Durdurucu,CB,2.827003538216112,1.3124813887041853,9.099439211985652,71.18804073074607,72.63628622254046,0.0,0.0,0.0,0.0,0.0,0.0,0.0,3.260134555776825,0.0,0.0,0.0,78.88687450828658,0.0,0.0,0.0,0.0,0.0,0.49115531005619517,0.12811071542976035,0.0,0.0,0.36943086012528864,0.0,0.0,,,,,,,,,,,,,,,,,,,,,,,,,,,,,,,,,,,,,,,,,,,,,,,,,,,,,,,,,,,,,,,,,,,,,,,,,,,,,,,,,,,,,,,,,,,,,,,,,,,,,,,,,,,,,,,,,,,,,,,,,,,,,,,,,,,,,,,,,,,,,,,,,,,,,,,,,,,,,,,,,,,,,,,,,,,,,,,,,,,,,,,,,,,,,,,,,,,,,,,,,,,,,,,,,,,,,,,,,,,,,,,,,,,,,,,,,,,,,,,,,,,,,,,,,,,,,,,,,,,,,,,,,,,,,,94.08602150537635,8.736559139784946,7.526881720430108,91.8010752688172,60.08064516129033
Levent Mercan,Fenerbahçe,DF,0.0,0.0,0.0,DF,False,True,Fenerbahçe,Sol Bek,Standart Bek (Destek),Standart Bek,Destek,FB,0.9491279076858888,0.0,0.0,43.10986083203685,0.0,1.993956559257863,0.0,0.0,0.0,0.0,0.0,0.0,0.0,0.0,0.0,0.0,79.9378293982334,0.0,0.0,0.0,0.0,0.0,0.14119368134218416,0.11990674409735011,0.0033232609320964384,0.0,0.10723351608671639,0.0,0.0,,,,,,,,,,,,,,,,,,,,,,,,,,,,,,,,,,,,,,,,,,,,,,,,,,,,,,,,,,,,,,,,,,,,,,,,,,,,,,,,,,,,,,,,,,,,,,,,,,,,,,,,,,,,,,,,,,,,,,,,,,,,,,,,,,,,,,,,,,,,,,,,,,,,,,,,,,,,,,,,,,,,,,,,,,,,,,,,,,,,,,,,,,,,,,,,,,,,,,,,,,,,,,,,,,,,,,,,,,,,,,,,,,,,,,,,,,,,,,,,,,,,,,,,,,,,,,,,,,,,,,,,,,,,,,11.320754716981133,5.031446540880504,5.031446540880504,5.660377358490567,50.943396226415096
İrfan Kahveci,Fenerbahçe,FW,0.0,0.0,0.0,MF,True,True,Fenerbahçe,,Merkez Orta Saha,Merkez Orta Saha,,MID,0.0,0.0,0.0,0.0,0.0,0.0,0.5420451568519457,0.0551529881778028,0.1266485826217985,1.158332535916263,2.115217884718991,0.5834547459142635,3.752602671430809,6.618912656798329,0.0,0.0,84.85052900207371,0.0,0.0,0.0,0.0,0.0,0.0,0.2223217615273259,0.013382226213182056,0.0,0.11383732600629937,0.0,0.1266485826217985,,,,,,,,,,,,,,,,,,,,,,,,,,,,,,,,,,,,,,,,,,,,,,,,,,,,,,,,,,,,,,,,,,,,,,,,,,,,,,,,,,,,,,,,,,,,,,,,,,,,,,,,,,,,,,,,,,,,,,,,,,,,,,,,,,,,,,,,,,,,,,,,,,,,,,,,,,,,,,,,,,,,,,,,,,,,,,,,,,,,,,,,,,,,,,,,,,,,,,,,,,,,,,,,,,,,,,,,,,,,,,,,,,,,,,,,,,,,,,,,,,,,,,,,,,,,,,,,,,,,,,,,,,,,,,5.964214711729622,85.6858846918489,24.055666003976143,7.75347912524851,48.70775347912525
Jáder Durán,Fenerbahçe,FW,0.2,0.2,0.1,FW,True,False,Fenerbahçe,,Merkez Orta Saha,Merkez Orta Saha,,MID,0.0,0.0,0.0,0.0,0.0,0.0,1.5808233133436107,0.1495563235159347,0.1653726742522797,2.332360290306207,1.1272268465434114,1.323287997616034,3.862666368797754,4.472094658087926,0.0,0.0,80.22324426459988,0.0,0.0,0.0,0.0,0.0,0.0,0.20173425516690108,0.03825404082929282,0.0,0.1085179357493091,0.0,0.1653726742522797,,,,,,,,,,,,,,,,,,,,,,,,,,,,,,,,,,,,,,,,,,,,,,,,,,,,,,,,,,,,,,,,,,,,,,,,,,,,,,,,,,,,,,,,,,,,,,,,,,,,,,,,,,,,,,,,,,,,,,,,,,,,,,,,,,,,,,,,,,,,,,,,,,,,,,,,,,,,,,,,,,,,,,,,,,,,,,,,,,,,,,,,,,,,,,,,,,,,,,,,,,,,,,,,,,,,,,,,,,,,,,,,,,,,,,,,,,,,,,,,,,,,,,,,,,,,,,,,,,,,,,,,,,,,,,5.964214711729622,76.34194831013916,69.38369781312127,6.958250497017893,54.07554671968191
İrfan Can Eğribayat,Fenerbahçe,GK,0.0,0.0,0.0,GK,False,False,Fenerbahçe,Kaleci,Kaleci (Savunma),Kaleci,Savunma,GK,0.0,0.0,0.0,0.0,0.0,0.0,0.0,0.0,0.0,0.0,0.0,0.0,0.0,0.0,0.0,0.0,0.0,71.64885281600843,3.640130838029839,66.21964643431325,0.6844640930984376,1.5082033211088175,0.0,0.0,0.0,0.9150645720197095,0.9150645720197095,0.0,0.0,,,,,,,,,,,,,,,,,,,,,,,,,,,,,,,,,,,,,,,,,,,,,,,,,,,,,,,,,,,,,,,,,,,,,,,,,,,,,,,,,,,,,,,,,,,,,,,,,,,,,,,,,,,,,,,,,,,,,,,,,,,,,,,,,,,,,,,,,,,,,,,,,,,,,,,,,,,,,,,,,,,,,,,,,,,,,,,,,,,,,,,,,,,,,,,,,,,,,,,,,,,,,,,,,,,,,,,,,,,,,,,,,,,,,,,,,,,,,,,,,,,,,,,,,,,,,,,,,,,,,,,,,,,,,,4.929577464788732,0.0,83.09859154929578,100.0,96.47887323943662
Mert Müldür,Fenerbahçe,DF,0.0,0.0,0.0,DF,False,True,Fenerbahçe,Sağ Bek,Standart Bek (Destek),Standart Bek,Destek,FB,1.2706920018502463,0.0,0.0,53.11278473925637,0.0,3.975785170290708,0.0,0.0,0.0,0.0,0.0,0.0,0.0,0.0,0.0,0.0,84.31021929874612,0.0,0.0,0.0,0.0,0.0,0.17522200424089718,0.12646532894811918,0.006626308617151181,0.0,0.12687586252831456,0.0,0.0,,,,,,,,,,,,,,,,,,,,,,,,,,,,,,,,,,,,,,,,,,,,,,,,,,,,,,,,,,,,,,,,,,,,,,,,,,,,,,,,,,,,,,,,,,,,,,,,,,,,,,,,,,,,,,,,,,,,,,,,,,,,,,,,,,,,,,,,,,,,,,,,,,,,,,,,,,,,,,,,,,,,,,,,,,,,,,,,,,,,,,,,,,,,,,,,,,,,,,,,,,,,,,,,,,,,,,,,,,,,,,,,,,,,,,,,,,,,,,,,,,,,,,,,,,,,,,,,,,,,,,,,,,,,,,13.836477987421384,5.660377358490567,6.918238993710692,7.547169811320755,50.943396226415096
Tarık Çetin,Fenerbahçe,GK,0.0,0.0,0.0,GK,False,False,Fenerbahçe,Kaleci,Kaleci (Savunma),Kaleci,Savunma,GK,0.0,0.0,0.0,0.0,0.0,0.0,0.0,0.0,0.0,0.0,0.0,0.0,0.0,0.0,0.0,0.0,0.0,59.24678221356552,2.554563366576581,66.50366644053494,0.737654779954096,1.6424294229930765,0.0,0.0,0.0,0.8282548992814118,0.8282548992814118,0.0,0.0,,,,,,,,,,,,,,,,,,,,,,,,,,,,,,,,,,,,,,,,,,,,,,,,,,,,,,,,,,,,,,,,,,,,,,,,,,,,,,,,,,,,,,,,,,,,,,,,,,,,,,,,,,,,,,,,,,,,,,,,,,,,,,,,,,,,,,,,,,,,,,,,,,,,,,,,,,,,,,,,,,,,,,,,,,,,,,,,,,,,,,,,,,,,,,,,,,,,,,,,,,,,,,,,,,,,,,,,,,,,,,,,,,,,,,,,,,,,,,,,,,,,,,,,,,,,,,,,,,,,,,,,,,,,,,4.929577464788732,0.0,83.09859154929578,100.0,96.47887323943662
Sofyan Amrabat,Fenerbahçe,MF,0.0,0.0,0.0,MF,True,True,Fenerbahçe,,Merkez Orta Saha,Merkez Orta Saha,,MID,0.0,0.0,0.0,0.0,0.0,0.0,2.411013097461298,0.1839157785597974,0.0166754062591058,2.661555416670618,1.899401582695708,0.9314490935655172,2.343568388619805,5.335773684251859,0.0,0.0,81.34371675738043,0.0,0.0,0.0,0.0,0.0,0.0,0.2046610409578508,0.031431035766653764,0.0,0.10861672763225615,0.0,0.0166754062591058,,,,,,,,,,,,,,,,,,,,,,,,,,,,,,,,,,,,,,,,,,,,,,,,,,,,,,,,,,,,,,,,,,,,,,,,,,,,,,,,,,,,,,,,,,,,,,,,,,,,,,,,,,,,,,,,,,,,,,,,,,,,,,,,,,,,,,,,,,,,,,,,,,,,,,,,,,,,,,,,,,,,,,,,,,,,,,,,,,,,,,,,,,,,,,,,,,,,,,,,,,,,,,,,,,,,,,,,,,,,,,,,,,,,,,,,,,,,,,,,,,,,,,,,,,,,,,,,,,,,,,,,,,,,,,5.964214711729622,77.33598409542743,60.238568588469185,6.958250497017893,48.70775347912525
Yusuf Akçiçek,Fenerbahçe,DF,0.0,0.0,0.0,DF,False,True,Fenerbahçe,,Merkez Orta Saha,Merkez Orta Saha,,MID,0.0,0.0,0.0,0.0,0.0,0.0,0.7681361789510852,0.2459098104948692,0.0490084341436611,2.961584087594524,2.939376224913792,0.9601648992832118,3.8478709971338656,4.732162420624199,0.0,0.0,80.62451760388299,0.0,0.0,0.0,0.0,0.0,0.0,0.24268680447487406,0.017045659374243606,0.0,0.12475253411228575,0.0,0.0490084341436611,,,,,,,,,,,,,,,,,,,,,,,,,,,,,,,,,,,,,,,,,,,,,,,,,,,,,,,,,,,,,,,,,,,,,,,,,,,,,,,,,,,,,,,,,,,,,,,,,,,,,,,,,,,,,,,,,,,,,,,,,,,,,,,,,,,,,,,,,,,,,,,,,,,,,,,,,,,,,,,,,,,,,,,,,,,,,,,,,,,,,,,,,,,,,,,,,,,,,,,,,,,,,,,,,,,,,,,,,,,,,,,,,,,,,,,,,,,,,,,,,,,,,,,,,,,,,,,,,,,,,,,,,,,,,,5.964214711729622,91.84890656063618,31.21272365805169,10.139165009940358,48.70775347912525
Dominik Livaković,Fenerbahçe,GK,0.0,0.0,0.0,GK,False,False,Fenerbahçe,,Merkez Orta Saha,Merkez Orta Saha,,MID,0.0,0.0,0.0,0.0,0.0,0.0,1.8490102707233984,0.2332783328358894,0.096885007726957,1.3404056594609872,3.880849047213319,1.029437755178535,4.321192598696125,5.134036298789695,0.0,0.0,80.1940533584258,0.0,0.0,0.0,0.0,0.0,0.0,0.27454800327028744,0.025716517164964734,0.0,0.14241730506813666,0.0,0.096885007726957,,,,,,,,,,,,,,,,,,,,,,,,,,,,,,,,,,,,,,,,,,,,,,,,,,,,,,,,,,,,,,,,,,,,,,,,,,,,,,,,,,,,,,,,,,,,,,,,,,,,,,,,,,,,,,,,,,,,,,,,,,,,,,,,,,,,,,,,,,,,,,,,,,,,,,,,,,,,,,,,,,,,,,,,,,,,,,,,,,,,,,,,,,,,,,,,,,,,,,,,,,,,,,,,,,,,,,,,,,,,,,,,,,,,,,,,,,,,,,,,,,,,,,,,,,,,,,,,,,,,,,,,,,,,,,5.964214711729622,96.22266401590457,49.50298210735586,13.518886679920477,48.70775347912525
Bartuğ Elmaz,Fenerbahçe,MF,0.0,0.0,0.0,MF,True,True,Fenerbahçe,Ön Libero,Defansif Orta Saha (Destek),Defansif Orta Saha,Destek,DM,0.0,0.0,0.0,0.0,0.0,0.0,0.8219607461840186,0.1606412998837978,0.3400364418153677,1.2522029720994885,3.5411824809516985,1.431938673574415,5.613688761194023,7.314275431105473,0.0,0.0,87.908531418728,0.0,0.0,0.0,0.0,0.0,0.0,0.30518658700419504,0.024951572564703615,0.0,0.15758360801503823,0.0,0.3400364418153677,,,,,,,,,,,,,,,,,,,,,,,,,,,,,,,,,,,,,,,,,,,,,,,,,,,,,,,,,,,,,,,,,,,,,,,,,,,,,,,,,,,,,,,,,,,,,,,,,,,,,,,,,,,,,,,,,,,,,,,,,,,,,,,,,,,,,,,,,,,,,,,,,,,,,,,,,,,,,,,,,,,,,,,,,,,,,,,,,,,,,,,,,,,,,,,,,,,,,,,,,,,,,,,,,,,,,,,,,,,,,,,,,,,,,,,,,,,,,,,,,,,,,,,,,,,,,,,,,,,,,,,,,,,,,,,,,,
Cenk Tosun,Fenerbahçe,MF,0.0,0.0,0.0,MF,True,True,Fenerbahçe,Santrafor,Yardımcı Forvet (Destek),Yardımcı Forvet,Destek,FWD,0.0,0.0,0.0,0.0,0.0,0.0,4.63769184832799,0.0,0.0,0.0,0.0,0.0,0.0,0.0,2.7749445849792163,0.7976626137032232,0.0,0.0,0.0,0.0,0.0,0.0,0.0,0.0,0.0826343100152446,0.0,0.06610744801219569,0.7976626137032232,0.0,,,,,,,,,,,,,,,,,,,,,,,,,,,,,,,,,,,,,,,,,,,,,,,,,,,,,,,,,,,,,,,,,,,,,,,,,,,,,,,,,,,,,,,,,,,,,,,,,,,,,,,,,,,,,,,,,,,,,,,,,,,,,,,,,,,,,,,,,,,,,,,,,,,,,,,,,,,,,,,,,,,,,,,,,,,,,,,,,,,,,,,,,,,,,,,,,,,,,,,,,,,,,,,,,,,,,,,,,,,,,,,,,,,,,,,,,,,,,,,,,,,,,,,,,,,,,,,,,,,,,,,,,,,,,,9.809264305177113,2.7247956403269753,78.2016348773842,30.24523160762943,35.967302452316076
Cengiz Ünder,Fenerbahçe,MF,0.0,0.0,0.0,FW,True,False,Fenerbahçe,,Merkez Orta Saha,Merkez Orta Saha,,MID,0.0,0.0,0.0,0.0,0.0,0.0,1.5252381373934707,0.105312013323518,0.1159714524860677,1.0823331689028808,1.1272268465434114,1.0010749485031538,5.28364742360804,4.78273029373905,0.0,0.0,81.42849081193069,0.0,0.0,0.0,0.0,0.0,0.0,0.19745724077258378,0.02259707239563462,0.0,0.10324803486541881,0.0,0.1159714524860677,,,,,,,,,,,,,,,,,,,,,,,,,,,,,,,,,,,,,,,,,,,,,,,,,,,,,,,,,,,,,,,,,,,,,,,,,,,,,,,,,,,,,,,,,,,,,,,,,,,,,,,,,,,,,,,,,,,,,,,,,,,,,,,,,,,,,,,,,,,,,,,,,,,,,,,,,,,,,,,,,,,,,,,,,,,,,,,,,,,,,,,,,,,,,,,,,,,,,,,,,,,,,,,,,,,,,,,,,,,,,,,,,,,,,,,,,,,,,,,,,,,,,,,,,,,,,,,,,,,,,,,,,,,,,,5.964214711729622,72.16699801192843,42.34592445328032,6.163021868787276,48.70775347912525
Rodrigo Becão,Fenerbahçe,DF,0.0,0.0,0.0,DF,False,True,Fenerbahçe,Stoper,Standart Stoper (Durdurucu),Standart Stoper,Durdurucu,CB,1.5101231676924374,1.7297702515768592,9.808730669781292,66.46734079047363,53.09371606507798,0.0,0.0,0.0,0.0,0.0,0.0,0.0,2.128778756592747,0.0,0.0,0.0,81.4202172303596,0.0,0.0,0.0,0.0,0.0,0.41640438992881323,0.12851666211531765,0.0,0.0,0.3171864053732328,0.0,0.0,,,,,,,,,,,,,,,,,,,,,,,,,,,,,,,,,,,,,,,,,,,,,,,,,,,,,,,,,,,,,,,,,,,,,,,,,,,,,,,,,,,,,,,,,,,,,,,,,,,,,,,,,,,,,,,,,,,,,,,,,,,,,,,,,,,,,,,,,,,,,,,,,,,,,,,,,,,,,,,,,,,,,,,,,,,,,,,,,,,,,,,,,,,,,,,,,,,,,,,,,,,,,,,,,,,,,,,,,,,,,,,,,,,,,,,,,,,,,,,,,,,,,,,,,,,,,,,,,,,,,,,,,,,,,,73.11827956989248,8.736559139784946,7.526881720430108,69.08602150537635,60.08064516129033
Alexander Djiku,Fenerbahçe,MF,0.0,0.0,0.0,DF,False,True,Fenerbahçe,,Merkez Orta Saha,Merkez Orta Saha,,MID,0.0,0.0,0.0,0.0,0.0,0.0,0.6030205442581112,0.1590443411770581,0.1687143703392288,2.518361673767819,3.695681814024518,1.5990485758854205,5.543828276145771,6.398427841781383,0.0,0.0,89.1254853823734,0.0,0.0,0.0,0.0,0.0,0.0,0.3018209976803623,0.01907468444056981,0.0,0.1547254357282951,0.0,0.1687143703392288,,,,,,,,,,,,,,,,,,,,,,,,,,,,,,,,,,,,,,,,,,,,,,,,,,,,,,,,,,,,,,,,,,,,,,,,,,,,,,,,,,,,,,,,,,,,,,,,,,,,,,,,,,,,,,,,,,,,,,,,,,,,,,,,,,,,,,,,,,,,,,,,,,,,,,,,,,,,,,,,,,,,,,,,,,,,,,,,,,,,,,,,,,,,,,,,,,,,,,,,,,,,,,,,,,,,,,,,,,,,,,,,,,,,,,,,,,,,,,,,,,,,,,,,,,,,,,,,,,,,,,,,,,,,,,5.964214711729622,97.4155069582505,35.188866799204774,19.880715705765407,48.70775347912525
Engin Biterge,Fenerbahçe,GK,0.0,0.0,0.0,GK,False,False,Fenerbahçe,,Merkez Orta Saha,Merkez Orta Saha,,MID,0.0,0.0,0.0,0.0,0.0,0.0,1.3457789661421888,0.196412904520058,0.0686341994584375,2.7074844615146336,3.3495952398958777,1.1067910783608046,2.0418184093842857,5.856302413194598,0.0,0.0,89.14603468984694,0.0,0.0,0.0,0.0,0.0,0.0,0.26580932216878,0.022971868793545975,0.0,0.1374990348430992,0.0,0.0686341994584375,,,,,,,,,,,,,,,,,,,,,,,,,,,,,,,,,,,,,,,,,,,,,,,,,,,,,,,,,,,,,,,,,,,,,,,,,,,,,,,,,,,,,,,,,,,,,,,,,,,,,,,,,,,,,,,,,,,,,,,,,,,,,,,,,,,,,,,,,,,,,,,,,,,,,,,,,,,,,,,,,,,,,,,,,,,,,,,,,,,,,,,,,,,,,,,,,,,,,,,,,,,,,,,,,,,,,,,,,,,,,,,,,,,,,,,,,,,,,,,,,,,,,,,,,,,,,,,,,,,,,,,,,,,,,,5.964214711729622,95.2286282306163,43.141153081510936,11.133200795228628,48.70775347912525
Yiğit Efe Demir,Fenerbahçe,DF,0.0,0.0,0.0,DF,False,True,Fenerbahçe,Stoper,Standart Stoper (Savunma),Standart Stoper,Savunma,CB,1.8216161028349973,1.4656327763424704,10.83050315627883,54.073360677035744,77.076587200387,0.0,0.0,0.0,0.0,0.0,0.0,0.0,2.0387682031757746,0.0,0.0,0.0,78.18728507646034,0.0,0.0,0.0,0.0,0.0,0.44988510569270435,0.12339723222421783,0.0,0.0,0.33959902042973655,0.0,0.0,,,,,,,,,,,,,,,,,,,,,,,,,,,,,,,,,,,,,,,,,,,,,,,,,,,,,,,,,,,,,,,,,,,,,,,,,,,,,,,,,,,,,,,,,,,,,,,,,,,,,,,,,,,,,,,,,,,,,,,,,,,,,,,,,,,,,,,,,,,,,,,,,,,,,,,,,,,,,,,,,,,,,,,,,,,,,,,,,,,,,,,,,,,,,,,,,,,,,,,,,,,,,,,,,,,,,,,,,,,,,,,,,,,,,,,,,,,,,,,,,,,,,,,,,,,,,,,,,,,,,,,,,,,,,,86.02150537634408,6.317204301075269,7.526881720430108,81.45161290322581,60.08064516129033
Mert Yandaş,Fenerbahçe,MF,0.0,0.0,0.0,MF,True,True,Fenerbahçe,,Merkez Orta Saha,Merkez Orta Saha,,MID,0.0,0.0,0.0,0.0,0.0,0.0,1.987942990680017,0.0295840477308468,0.2137730248765189,0.926837998108643,3.341128370712941,0.602529800464938,3.0883369979026805,6.982026992175889,0.0,0.0,84.85512563924517,0.0,0.0,0.0,0.0,0.0,0.0,0.2640798870686954,0.03074744589713254,0.0,0.1381894327137742,0.0,0.2137730248765189,,,,,,,,,,,,,,,,,,,,,,,,,,,,,,,,,,,,,,,,,,,,,,,,,,,,,,,,,,,,,,,,,,,,,,,,,,,,,,,,,,,,,,,,,,,,,,,,,,,,,,,,,,,,,,,,,,,,,,,,,,,,,,,,,,,,,,,,,,,,,,,,,,,,,,,,,,,,,,,,,,,,,,,,,,,,,,,,,,,,,,,,,,,,,,,,,,,,,,,,,,,,,,,,,,,,,,,,,,,,,,,,,,,,,,,,,,,,,,,,,,,,,,,,,,,,,,,,,,,,,,,,,,,,,,5.964214711729622,95.2286282306163,59.24453280318092,11.332007952286283,48.70775347912525
Abdülkerim Bardakcı,Galatasaray,DF,0.2,0.2,0.0,DF,False,True,Galatasaray,Stoper,Pas Dağıtan Stoper (Sıkı Defans),Pas Dağıtan Stoper,Sıkı Defans,CB,2.46322181643414,1.2586459245328503,6.12098100667196,64.89791443438136,60.419684674794325,0.0,0.0,0.0,0.0,0.0,0.0,0.0,6.754814537429568,0.0,0.0,0.0,81.66592607179292,0.0,0.0,0.0,0.0,0.0,0.4173397677400364,0.1427633327199781,0.010000000000000002,0.0,0.3216905039620211,0.0,0.0,,,,,,,,,,,,,,,,,,,,,,,,,,,,,,,,,,,,,,,,,,,,,,,,,,,,,,,,,,,,,,,,,,,,,,,,,,,,,,,,,,,,,,,,,,,,,,,,,,,,,,,,,,,,,,,,,,,,,,,,,,,,,,,,,,,,,,,,,,,,,,,,,,,,,,,,,,,,,,,,,,,,,,,,,,,,,,,,,,,,,,,,,,,,,,,,,,,,,,,,,,,,,,,,,,,,,,,,,,,,,,,,,,,,,,,,,,,,,,,,,,,,,,,,,,,,,,,,,,,,,,,,,,,,,,73.38709677419355,26.61290322580645,35.3494623655914,72.04301075268818,60.08064516129033
Roland Sallai,Galatasaray,FW,0.1,0.1,0.2,DF,False,True,Galatasaray,Sağ Bek,Ofansif Bek (Hücum),Ofansif Bek,Hücum,FB,2.170542175648204,0.0,0.0,50.25992067474154,0.0,5.093209599257972,0.0,0.0,0.0,3.3858019355796705,0.0,0.0,0.0,0.0,0.0,0.0,81.01483721370488,0.0,0.0,0.0,0.0,0.0,0.1779115392198272,0.1257545082400319,0.02195318750437913,0.0,0.131072759582799,0.0,0.0,,,,,,,,,,,,,,,,,,,,,,,,,,,,,,,,,,,,,,,,,,,,,,,,,,,,,,,,,,,,,,,,,,,,,,,,,,,,,,,,,,,,,,,,,,,,,,,,,,,,,,,,,,,,,,,,,,,,,,,,,,,,,,,,,,,,,,,,,,,,,,,,,,,,,,,,,,,,,,,,,,,,,,,,,,,,,,,,,,,,,,,,,,,,,,,,,,,,,,,,,,,,,,,,,,,,,,,,,,,,,,,,,,,,,,,,,,,,,,,,,,,,,,,,,,,,,,,,,,,,,,,,,,,,,,13.836477987421384,5.660377358490567,38.9937106918239,10.062893081761008,70.44025157232704
Lucas Torreira,Galatasaray,MF,0.1,0.1,0.0,MF,True,True,Galatasaray,Ön Libero,Ön Libero (Çapa),Ön Libero,Çapa,DM,3.1079170151050404,0.0,0.0,0.0,0.0,0.0,1.1299002009018624,0.102476222424072,0.098239125430591,3.327773064857963,0.0,0.0,3.357046902233572,8.620978435948548,0.0,0.0,0.0,0.0,0.0,0.0,0.0,0.0,0.03884896268881301,0.022089987072220454,0.028547999688387178,0.0,0.028409282280431564,0.0,0.098239125430591,,,,,,,,,,,,,,,,,,,,,,,,,,,,,,,,,,,,,,,,,,,,,,,,,,,,,,,,,,,,,,,,,,,,,,,,,,,,,,,,,,,,,,,,,,,,,,,,,,,,,,,,,,,,,,,,,,,,,,,,,,,,,,,,,,,,,,,,,,,,,,,,,,,,,,,,,,,,,,,,,,,,,,,,,,,,,,,,,,,,,,,,,,,,,,,,,,,,,,,,,,,,,,,,,,,,,,,,,,,,,,,,,,,,,,,,,,,,,,,,,,,,,,,,,,,,,,,,,,,,,,,,,,,,,,,,,,
Leroy Sané,Galatasaray,MF,0.4,0.4,0.0,FW,True,False,Galatasaray,Sağ Kanat,İçe Kat Eden Oyuncu (Hücum),İçe Kat Eden Oyuncu,Hücum,WING,0.0,0.0,0.0,0.0,0.0,6.163931656513367,3.749261633596199,0.0890704316492339,0.3420414376440454,4.517920861271849,0.0,0.0,0.0,0.0,0.0,0.0,0.0,0.0,0.0,0.0,0.0,0.0,0.0,0.03301071608811344,0.09274229542242574,0.0,0.06554859207988947,0.0,0.3420414376440454,,,,,,,,,,,,,,,,,,,,,,,,,,,,,,,,,,,,,,,,,,,,,,,,,,,,,,,,,,,,,,,,,,,,,,,,,,,,,,,,,,,,,,,,,,,,,,,,,,,,,,,,,,,,,,,,,,,,,,,,,,,,,,,,,,,,,,,,,,,,,,,,,,,,,,,,,,,,,,,,,,,,,,,,,,,,,,,,,,,,,,,,,,,,,,,,,,,,,,,,,,,,,,,,,,,,,,,,,,,,,,,,,,,,,,,,,,,,,,,,,,,,,,,,,,,,,,,,,,,,,,,,,,,,,,3.2994923857868024,0.0,88.83248730964468,3.807106598984772,32.48730964467005
Davinson Sánchez,Galatasaray,DF,0.1,0.1,0.0,DF,False,True,Galatasaray,Stoper,Standart Stoper (Durdurucu),Standart Stoper,Durdurucu,CB,2.5974675787331725,1.3270672870983016,8.130402786409562,51.764218685010746,65.15757117343571,0.0,0.0,0.0,0.0,0.0,0.0,0.0,3.3314407477823105,0.0,0.0,0.0,85.71834288432783,0.0,0.0,0.0,0.0,0.0,0.40485761396551656,0.13857183656983865,0.005000000000000001,0.0,0.3116146970898293,0.0,0.0,,,,,,,,,,,,,,,,,,,,,,,,,,,,,,,,,,,,,,,,,,,,,,,,,,,,,,,,,,,,,,,,,,,,,,,,,,,,,,,,,,,,,,,,,,,,,,,,,,,,,,,,,,,,,,,,,,,,,,,,,,,,,,,,,,,,,,,,,,,,,,,,,,,,,,,,,,,,,,,,,,,,,,,,,,,,,,,,,,,,,,,,,,,,,,,,,,,,,,,,,,,,,,,,,,,,,,,,,,,,,,,,,,,,,,,,,,,,,,,,,,,,,,,,,,,,,,,,,,,,,,,,,,,,,,68.27956989247312,18.010752688172044,16.93548387096774,65.18817204301075,60.08064516129033
Barış Alper Yılmaz,Galatasaray,MF,0.525,0.4025,0.6,FW,True,False,Galatasaray,Sol Kanat,Kanat Oyuncusu (Hücum),Kanat Oyuncusu,Hücum,WING,0.0,0.0,0.0,0.0,0.0,7.172066739931228,2.9062430705857296,0.1228865668085083,0.3420414376440454,4.517920861271849,0.0,0.0,0.0,0.0,0.0,0.0,0.0,0.0,0.0,0.0,0.0,0.0,0.0,0.03301071608811344,0.0910173349313508,0.0,0.0645136157852445,0.0,0.3420414376440454,,,,,,,,,,,,,,,,,,,,,,,,,,,,,,,,,,,,,,,,,,,,,,,,,,,,,,,,,,,,,,,,,,,,,,,,,,,,,,,,,,,,,,,,,,,,,,,,,,,,,,,,,,,,,,,,,,,,,,,,,,,,,,,,,,,,,,,,,,,,,,,,,,,,,,,,,,,,,,,,,,,,,,,,,,,,,,,,,,,,,,,,,,,,,,,,,,,,,,,,,,,,,,,,,,,,,,,,,,,,,,,,,,,,,,,,,,,,,,,,,,,,,,,,,,,,,,,,,,,,,,,,,,,,,,3.2994923857868024,0.0,87.81725888324873,3.0456852791878175,80.96446700507614
Uğurcan Çakır,Galatasaray,GK,0.0,0.0,0.0,GK,False,False,Galatasaray,Kaleci,Kaleci (Savunma),Kaleci,Savunma,GK,0.0,0.0,0.0,0.0,0.0,0.0,0.0,0.0,0.0,0.0,0.0,0.0,0.0,0.0,0.0,0.0,0.0,58.63649934414201,4.908753883293676,74.59212356676127,0.3908020849831183,0.8564563159885995,0.0,0.0,0.0,0.9152252398113181,0.9152252398113181,0.0,0.0,,,,,,,,,,,,,,,,,,,,,,,,,,,,,,,,,,,,,,,,,,,,,,,,,,,,,,,,,,,,,,,,,,,,,,,,,,,,,,,,,,,,,,,,,,,,,,,,,,,,,,,,,,,,,,,,,,,,,,,,,,,,,,,,,,,,,,,,,,,,,,,,,,,,,,,,,,,,,,,,,,,,,,,,,,,,,,,,,,,,,,,,,,,,,,,,,,,,,,,,,,,,,,,,,,,,,,,,,,,,,,,,,,,,,,,,,,,,,,,,,,,,,,,,,,,,,,,,,,,,,,,,,,,,,,4.929577464788732,0.0,83.09859154929578,100.0,96.47887323943662
Gabriel Sara,Galatasaray,MF,0.1,0.1,0.5,MF,True,True,Galatasaray,Merkez Orta Saha,İki Yönlü Orta Saha,İki Yönlü Orta Saha,,MID,1.4037908421302618,0.0,0.0,0.0,0.0,0.0,1.796314621423158,0.2099505714089043,0.0724474024534493,0.9403224658589756,2.222752625721451,1.4772295155304942,6.8003713577826455,7.395432583261502,0.0,0.0,0.0,0.0,0.0,0.0,0.0,0.0,0.017547385526628274,0.11621333085654856,0.028211848477016993,0.0,0.06901325078166616,0.0,0.0724474024534493,,,,,,,,,,,,,,,,,,,,,,,,,,,,,,,,,,,,,,,,,,,,,,,,,,,,,,,,,,,,,,,,,,,,,,,,,,,,,,,,,,,,,,,,,,,,,,,,,,,,,,,,,,,,,,,,,,,,,,,,,,,,,,,,,,,,,,,,,,,,,,,,,,,,,,,,,,,,,,,,,,,,,,,,,,,,,,,,,,,,,,,,,,,,,,,,,,,,,,,,,,,,,,,,,,,,,,,,,,,,,,,,,,,,,,,,,,,,,,,,,,,,,,,,,,,,,,,,,,,,,,,,,,,,,,6.560636182902585,3.5785288270377733,53.47912524850894,2.982107355864811,89.26441351888667
Mario Lemina,Galatasaray,MF,0.0,0.0,0.3,MF,True,True,Galatasaray,Ön Libero,Savaşçı Orta Saha (Destek),Savaşçı Orta Saha,Destek,DM,3.151685523790128,1.2861232334330797,0.0,0.0,0.0,0.0,2.070444917658431,0.095958237983261,0.1808004199560926,2.2615001053128907,0.0,0.0,0.0,8.667274854121318,0.0,0.0,0.0,0.0,0.0,0.0,0.0,0.0,0.0393960690473766,0.017290908728128523,0.033590216238110246,0.0,0.02718231832589929,0.0,0.1808004199560926,,,,,,,,,,,,,,,,,,,,,,,,,,,,,,,,,,,,,,,,,,,,,,,,,,,,,,,,,,,,,,,,,,,,,,,,,,,,,,,,,,,,,,,,,,,,,,,,,,,,,,,,,,,,,,,,,,,,,,,,,,,,,,,,,,,,,,,,,,,,,,,,,,,,,,,,,,,,,,,,,,,,,,,,,,,,,,,,,,,,,,,,,,,,,,,,,,,,,,,,,,,,,,,,,,,,,,,,,,,,,,,,,,,,,,,,,,,,,,,,,,,,,,,,,,,,,,,,,,,,,,,,,,,,,,,,,,
Yunus Akgün,Galatasaray,FW,0.525,0.4025,0.5,FW,True,False,Galatasaray,Sağ Kanat,İçe Kat Eden Oyuncu (Destek),İçe Kat Eden Oyuncu,Destek,WING,0.0,0.0,0.0,0.0,0.0,2.2271041223303087,2.889461963304123,0.2185834166912497,0.1121592794267631,2.16329530392248,0.0,0.0,0.0,0.0,0.0,0.0,0.0,0.0,0.0,0.0,0.0,0.0,0.0,0.011676861484044149,0.06752606927380181,0.0,0.04401870000949433,0.0,0.1121592794267631,,,,,,,,,,,,,,,,,,,,,,,,,,,,,,,,,,,,,,,,,,,,,,,,,,,,,,,,,,,,,,,,,,,,,,,,,,,,,,,,,,,,,,,,,,,,,,,,,,,,,,,,,,,,,,,,,,,,,,,,,,,,,,,,,,,,,,,,,,,,,,,,,,,,,,,,,,,,,,,,,,,,,,,,,,,,,,,,,,,,,,,,,,,,,,,,,,,,,,,,,,,,,,,,,,,,,,,,,,,,,,,,,,,,,,,,,,,,,,,,,,,,,,,,,,,,,,,,,,,,,,,,,,,,,,3.2994923857868024,0.0,70.05076142131979,1.2690355329949239,74.61928934010153
Eren Elmalı,Galatasaray,MF,0.1,0.1,0.0,DF,False,True,Galatasaray,Sol Bek,Standart Bek (Destek),Standart Bek,Destek,FB,2.0720414736522192,0.0,0.0,64.55946542271516,0.0,1.5613464325277038,0.0,0.0,0.0,0.0,0.0,0.0,0.0,0.0,0.0,0.0,87.08113820676621,0.0,0.0,0.0,0.0,0.0,0.21957891468879825,0.13062170731014933,0.00760224405421284,0.0,0.15049641834828648,0.0,0.0,,,,,,,,,,,,,,,,,,,,,,,,,,,,,,,,,,,,,,,,,,,,,,,,,,,,,,,,,,,,,,,,,,,,,,,,,,,,,,,,,,,,,,,,,,,,,,,,,,,,,,,,,,,,,,,,,,,,,,,,,,,,,,,,,,,,,,,,,,,,,,,,,,,,,,,,,,,,,,,,,,,,,,,,,,,,,,,,,,,,,,,,,,,,,,,,,,,,,,,,,,,,,,,,,,,,,,,,,,,,,,,,,,,,,,,,,,,,,,,,,,,,,,,,,,,,,,,,,,,,,,,,,,,,,,18.238993710691823,5.660377358490567,8.176100628930817,13.20754716981132,50.943396226415096
Victor Osimhen,Galatasaray,FW,0.525,0.0,0.2,FW,True,False,Galatasaray,Santrafor,Komple Forvet (Hücum),Komple Forvet,Hücum,FWD,0.0,0.0,0.0,0.0,0.0,0.0,4.311228201004338,0.0,0.0,2.860862219085803,1.1973593464624652,0.0,0.0,0.0,1.161241430490398,0.3749711111252314,0.0,0.0,0.0,0.0,0.0,0.0,0.0,0.039496858167731214,0.08830857897254114,0.0,0.07657139190319259,0.3749711111252314,0.0,,,,,,,,,,,,,,,,,,,,,,,,,,,,,,,,,,,,,,,,,,,,,,,,,,,,,,,,,,,,,,,,,,,,,,,,,,,,,,,,,,,,,,,,,,,,,,,,,,,,,,,,,,,,,,,,,,,,,,,,,,,,,,,,,,,,,,,,,,,,,,,,,,,,,,,,,,,,,,,,,,,,,,,,,,,,,,,,,,,,,,,,,,,,,,,,,,,,,,,,,,,,,,,,,,,,,,,,,,,,,,,,,,,,,,,,,,,,,,,,,,,,,,,,,,,,,,,,,,,,,,,,,,,,,,9.809264305177113,4.087193460490464,80.65395095367847,45.776566757493185,41.96185286103542
Ismail Jakobs,Galatasaray,DF,0.0,0.0,0.2,DF,False,True,Galatasaray,Sol Bek,Standart Bek (Hücum),Standart Bek,Hücum,FB,1.1136857329058416,0.0,0.0,43.10986083203685,0.0,3.279558739485266,0.0,0.0,0.0,0.0,0.0,0.0,0.0,0.0,0.0,0.0,86.95795918069487,0.0,0.0,0.0,0.0,0.0,0.14325065415743357,0.13043693877104232,0.005465931232475444,0.0,0.11184959495652456,0.0,0.0,,,,,,,,,,,,,,,,,,,,,,,,,,,,,,,,,,,,,,,,,,,,,,,,,,,,,,,,,,,,,,,,,,,,,,,,,,,,,,,,,,,,,,,,,,,,,,,,,,,,,,,,,,,,,,,,,,,,,,,,,,,,,,,,,,,,,,,,,,,,,,,,,,,,,,,,,,,,,,,,,,,,,,,,,,,,,,,,,,,,,,,,,,,,,,,,,,,,,,,,,,,,,,,,,,,,,,,,,,,,,,,,,,,,,,,,,,,,,,,,,,,,,,,,,,,,,,,,,,,,,,,,,,,,,,11.320754716981133,5.660377358490567,6.289308176100629,6.289308176100629,70.44025157232704
Mauro Icardi,Galatasaray,FW,0.4,0.4,0.0,FW,True,False,Galatasaray,Santrafor,Fırsatçı Golcü,Fırsatçı Golcü,,FWD,0.0,0.0,0.0,0.0,0.0,0.0,4.6893127695543,0.0,0.0,0.0,0.0,0.0,0.0,0.0,2.631727356389192,0.6519347556711166,0.0,0.0,0.0,0.0,0.0,0.0,0.0,0.0,0.09652652568059376,0.0,0.07722122054447501,0.6519347556711166,0.0,,,,,,,,,,,,,,,,,,,,,,,,,,,,,,,,,,,,,,,,,,,,,,,,,,,,,,,,,,,,,,,,,,,,,,,,,,,,,,,,,,,,,,,,,,,,,,,,,,,,,,,,,,,,,,,,,,,,,,,,,,,,,,,,,,,,,,,,,,,,,,,,,,,,,,,,,,,,,,,,,,,,,,,,,,,,,,,,,,,,,,,,,,,,,,,,,,,,,,,,,,,,,,,,,,,,,,,,,,,,,,,,,,,,,,,,,,,,,,,,,,,,,,,,,,,,,,,,,,,,,,,,,,,,,,9.809264305177113,2.7247956403269753,86.37602179836512,46.86648501362398,35.967302452316076
Wilfried Singo,Galatasaray,DF,0.0,0.0,0.1,DF,False,True,Galatasaray,Sağ Bek,İki Yönlü Bek,İki Yönlü Bek,,FB,1.1558938496724076,0.0,0.0,49.94638997614354,0.0,8.576278388994181,0.0,0.0,0.0,1.6048819601432336,0.0,0.0,0.0,0.0,0.0,0.0,78.91791236413384,0.0,0.0,0.0,0.0,0.0,0.16428784304933572,0.1203829709963798,0.018306002215348387,0.0,0.12192001326665149,0.0,0.0,,,,,,,,,,,,,,,,,,,,,,,,,,,,,,,,,,,,,,,,,,,,,,,,,,,,,,,,,,,,,,,,,,,,,,,,,,,,,,,,,,,,,,,,,,,,,,,,,,,,,,,,,,,,,,,,,,,,,,,,,,,,,,,,,,,,,,,,,,,,,,,,,,,,,,,,,,,,,,,,,,,,,,,,,,,,,,,,,,,,,,,,,,,,,,,,,,,,,,,,,,,,,,,,,,,,,,,,,,,,,,,,,,,,,,,,,,,,,,,,,,,,,,,,,,,,,,,,,,,,,,,,,,,,,,11.320754716981133,5.660377358490567,30.18867924528302,7.547169811320755,57.23270440251572
İlkay Gündoğan,Galatasaray,MF,0.3,0.3,0.4,MF,True,True,Galatasaray,Merkez Orta Saha,Regista,Regista,,MID,0.0,0.0,0.0,0.0,0.0,0.0,2.3470734209068507,0.1429680678067966,0.0166754062591058,2.7144634025174748,3.880849047213319,1.9276198799136048,5.219338546516523,3.187098810367708,0.0,0.0,87.62403008420826,0.0,0.0,0.0,0.0,0.0,0.0,0.29716094213484096,0.04592390896572643,0.0,0.15776525286056575,0.0,0.0166754062591058,,,,,,,,,,,,,,,,,,,,,,,,,,,,,,,,,,,,,,,,,,,,,,,,,,,,,,,,,,,,,,,,,,,,,,,,,,,,,,,,,,,,,,,,,,,,,,,,,,,,,,,,,,,,,,,,,,,,,,,,,,,,,,,,,,,,,,,,,,,,,,,,,,,,,,,,,,,,,,,,,,,,,,,,,,,,,,,,,,,,,,,,,,,,,,,,,,,,,,,,,,,,,,,,,,,,,,,,,,,,,,,,,,,,,,,,,,,,,,,,,,,,,,,,,,,,,,,,,,,,,,,,,,,,,,5.964214711729622,97.4155069582505,76.54075546719682,22.86282306163022,84.49304174950298
Günay Güvenç,Galatasaray,GK,0.0,0.0,0.0,GK,False,False,Galatasaray,Kaleci,Kaleci (Savunma),Kaleci,Savunma,GK,0.0,0.0,0.0,0.0,0.0,0.0,0.0,0.0,0.0,0.0,0.0,0.0,0.0,0.0,0.0,0.0,0.0,58.66809019706868,4.325398470083344,72.75114942710427,0.2660311547166061,1.5923245229177894,0.0,0.0,0.0,0.8164446438578727,0.8164446438578727,0.0,0.0,,,,,,,,,,,,,,,,,,,,,,,,,,,,,,,,,,,,,,,,,,,,,,,,,,,,,,,,,,,,,,,,,,,,,,,,,,,,,,,,,,,,,,,,,,,,,,,,,,,,,,,,,,,,,,,,,,,,,,,,,,,,,,,,,,,,,,,,,,,,,,,,,,,,,,,,,,,,,,,,,,,,,,,,,,,,,,,,,,,,,,,,,,,,,,,,,,,,,,,,,,,,,,,,,,,,,,,,,,,,,,,,,,,,,,,,,,,,,,,,,,,,,,,,,,,,,,,,,,,,,,,,,,,,,,4.929577464788732,0.0,83.09859154929578,100.0,96.47887323943662
Kaan Ayhan,Galatasaray,FW,0.0,0.0,0.0,MF,True,True,Galatasaray,Ön Libero,Gizli Libero,Gizli Libero,,DM,0.0,0.0,0.0,0.0,0.0,0.0,0.8927483718964525,0.1469423402155495,0.0166754062591058,3.151616634114431,2.3739872770107144,1.6756397637261609,5.308421441999283,4.57358426579895,0.0,0.0,79.71601347198872,0.0,0.0,0.0,0.0,0.0,0.0,0.23712705259356626,0.017473541554614835,0.0,0.1220582346077061,0.0,0.0166754062591058,,,,,,,,,,,,,,,,,,,,,,,,,,,,,,,,,,,,,,,,,,,,,,,,,,,,,,,,,,,,,,,,,,,,,,,,,,,,,,,,,,,,,,,,,,,,,,,,,,,,,,,,,,,,,,,,,,,,,,,,,,,,,,,,,,,,,,,,,,,,,,,,,,,,,,,,,,,,,,,,,,,,,,,,,,,,,,,,,,,,,,,,,,,,,,,,,,,,,,,,,,,,,,,,,,,,,,,,,,,,,,,,,,,,,,,,,,,,,,,,,,,,,,,,,,,,,,,,,,,,,,,,,,,,,,,,,,
Kazımcan Karataş,Galatasaray,DF,0.0,0.0,0.0,DF,False,True,Galatasaray,Sol Bek,Standart Bek (Hücum),Standart Bek,Hücum,FB,1.4298025747453496,0.0,0.0,64.23676083188423,0.0,4.049834742962762,0.0,0.0,0.0,0.0,0.0,0.0,0.0,0.0,0.0,0.0,80.31175119965785,0.0,0.0,0.0,0.0,0.0,0.21058281467996956,0.12046762679948678,0.006749724571604604,0.0,0.14278164029415172,0.0,0.0,,,,,,,,,,,,,,,,,,,,,,,,,,,,,,,,,,,,,,,,,,,,,,,,,,,,,,,,,,,,,,,,,,,,,,,,,,,,,,,,,,,,,,,,,,,,,,,,,,,,,,,,,,,,,,,,,,,,,,,,,,,,,,,,,,,,,,,,,,,,,,,,,,,,,,,,,,,,,,,,,,,,,,,,,,,,,,,,,,,,,,,,,,,,,,,,,,,,,,,,,,,,,,,,,,,,,,,,,,,,,,,,,,,,,,,,,,,,,,,,,,,,,,,,,,,,,,,,,,,,,,,,,,,,,,17.61006289308176,5.660377358490567,6.918238993710692,10.69182389937107,50.943396226415096
Ahmed Kutucu,Galatasaray,MF,0.0,0.0,0.0,FW,True,False,Galatasaray,Sol Kanat,Defansif Kanat Oyuncusu (Destek),Defansif Kanat Oyuncusu,Destek,WING,3.291379888533233,0.0,0.0,50.74984384908101,0.0,6.611023471089155,2.2096318995514683,0.1668773674258306,0.1130395355052813,4.377980959110042,0.0,0.0,0.0,0.0,0.0,0.0,0.0,0.0,0.0,0.0,0.0,0.0,0.19339178015390843,0.014515639039310057,0.0485812252653163,0.0,0.05284260488637364,0.0,0.1130395355052813,,,,,,,,,,,,,,,,,,,,,,,,,,,,,,,,,,,,,,,,,,,,,,,,,,,,,,,,,,,,,,,,,,,,,,,,,,,,,,,,,,,,,,,,,,,,,,,,,,,,,,,,,,,,,,,,,,,,,,,,,,,,,,,,,,,,,,,,,,,,,,,,,,,,,,,,,,,,,,,,,,,,,,,,,,,,,,,,,,,,,,,,,,,,,,,,,,,,,,,,,,,,,,,,,,,,,,,,,,,,,,,,,,,,,,,,,,,,,,,,,,,,,,,,,,,,,,,,,,,,,,,,,,,,,,38.07106598984771,0.0,38.3248730964467,2.030456852791878,32.48730964467005
Berkan Kutlu,Galatasaray,MF,0.0,0.0,0.0,MF,True,True,Galatasaray,Merkez Orta Saha,Savaşçı Orta Saha (Savunma),Savaşçı Orta Saha,Savunma,MID,3.294336567705979,1.7791072578513183,0.0,0.0,0.0,0.0,1.238563423199547,0.0461190632834098,0.0766740831856502,2.728034716757555,0.0,0.0,0.0,7.5215876554588545,0.0,0.0,0.0,0.0,0.0,0.0,0.0,0.0,0.04117920709632474,0.009543970050798961,0.022272684351315367,0.0,0.021580284024559977,0.0,0.0766740831856502,,,,,,,,,,,,,,,,,,,,,,,,,,,,,,,,,,,,,,,,,,,,,,,,,,,,,,,,,,,,,,,,,,,,,,,,,,,,,,,,,,,,,,,,,,,,,,,,,,,,,,,,,,,,,,,,,,,,,,,,,,,,,,,,,,,,,,,,,,,,,,,,,,,,,,,,,,,,,,,,,,,,,,,,,,,,,,,,,,,,,,,,,,,,,,,,,,,,,,,,,,,,,,,,,,,,,,,,,,,,,,,,,,,,,,,,,,,,,,,,,,,,,,,,,,,,,,,,,,,,,,,,,,,,,,9.145129224652088,0.9940357852882704,42.14711729622266,0.9940357852882704,48.70775347912525
Nicolò Zaniolo,Galatasaray,MF,0.0,0.0,0.0,FW,True,False,Galatasaray,,Merkez Orta Saha,Merkez Orta Saha,,MID,0.0,0.0,0.0,0.0,0.0,0.0,0.7200736279938766,0.0905588604130721,0.0166754062591058,2.9646658242884385,2.1940158788635085,0.928637486889059,4.419946840898736,3.3085548809055023,0.0,0.0,82.49457892055497,0.0,0.0,0.0,0.0,0.0,0.0,0.22179161235385883,0.015279417091024098,0.0,0.11395168959513423,0.0,0.0166754062591058,,,,,,,,,,,,,,,,,,,,,,,,,,,,,,,,,,,,,,,,,,,,,,,,,,,,,,,,,,,,,,,,,,,,,,,,,,,,,,,,,,,,,,,,,,,,,,,,,,,,,,,,,,,,,,,,,,,,,,,,,,,,,,,,,,,,,,,,,,,,,,,,,,,,,,,,,,,,,,,,,,,,,,,,,,,,,,,,,,,,,,,,,,,,,,,,,,,,,,,,,,,,,,,,,,,,,,,,,,,,,,,,,,,,,,,,,,,,,,,,,,,,,,,,,,,,,,,,,,,,,,,,,,,,,,5.964214711729622,85.48707753479125,26.640159045725646,7.75347912524851,48.70775347912525
Arda Ünyay,Galatasaray,DF,0.0,0.0,0.0,DF,False,True,Galatasaray,Stoper,Standart Stoper (Savunma),Standart Stoper,Savunma,CB,2.8837903953853865,0.8068941431478454,6.583651783529968,66.06048195515788,74.79372398323224,0.0,0.0,0.0,0.0,0.0,0.0,0.0,2.675212749207416,0.0,0.0,0.0,85.84831818927563,0.0,0.0,0.0,0.0,0.0,0.46510414765607133,0.1367981155315357,0.0,0.0,0.35293252646555706,0.0,0.0,,,,,,,,,,,,,,,,,,,,,,,,,,,,,,,,,,,,,,,,,,,,,,,,,,,,,,,,,,,,,,,,,,,,,,,,,,,,,,,,,,,,,,,,,,,,,,,,,,,,,,,,,,,,,,,,,,,,,,,,,,,,,,,,,,,,,,,,,,,,,,,,,,,,,,,,,,,,,,,,,,,,,,,,,,,,,,,,,,,,,,,,,,,,,,,,,,,,,,,,,,,,,,,,,,,,,,,,,,,,,,,,,,,,,,,,,,,,,,,,,,,,,,,,,,,,,,,,,,,,,,,,,,,,,,89.51612903225806,16.666666666666664,7.526881720430108,87.76881720430107,60.08064516129033
Yusuf Demir,Galatasaray,MF,0.0,0.0,0.0,MF,True,True,Galatasaray,Sağ Kanat,Oyun Kurucu (Destek),Oyun Kurucu,Destek,WING,0.0,0.0,0.0,0.0,0.0,5.726043131660181,3.257193646911364,0.0640902403906025,0.3420414376440454,4.038740525013662,0.0,0.0,0.0,0.0,0.0,0.0,0.0,0.0,0.0,0.0,0.0,0.0,0.0,0.032411740667790706,0.06589385050684325,0.0,0.04925983250444316,0.0,0.3420414376440454,,,,,,,,,,,,,,,,,,,,,,,,,,,,,,,,,,,,,,,,,,,,,,,,,,,,,,,,,,,,,,,,,,,,,,,,,,,,,,,,,,,,,,,,,,,,,,,,,,,,,,,,,,,,,,,,,,,,,,,,,,,,,,,,,,,,,,,,,,,,,,,,,,,,,,,,,,,,,,,,,,,,,,,,,,,,,,,,,,,,,,,,,,,,,,,,,,,,,,,,,,,,,,,,,,,,,,,,,,,,,,,,,,,,,,,,,,,,,,,,,,,,,,,,,,,,,,,,,,,,,,,,,,,,,,3.2994923857868024,0.0,67.51269035532995,2.030456852791878,32.48730964467005
Metehan Baltacı,Galatasaray,DF,0.0,0.0,0.0,DF,False,True,Galatasaray,Stoper,Standart Stoper (Savunma),Standart Stoper,Savunma,CB,2.803922519005201,1.3765079493690866,10.361489558149628,50.66278276354055,59.601488030918354,0.0,0.0,0.0,0.0,0.0,0.0,0.0,2.2726660277409287,0.0,0.0,0.0,82.67977885421719,0.0,0.0,0.0,0.0,0.0,0.4051176969098134,0.13083766636454858,0.0,0.0,0.3097499211097791,0.0,0.0,,,,,,,,,,,,,,,,,,,,,,,,,,,,,,,,,,,,,,,,,,,,,,,,,,,,,,,,,,,,,,,,,,,,,,,,,,,,,,,,,,,,,,,,,,,,,,,,,,,,,,,,,,,,,,,,,,,,,,,,,,,,,,,,,,,,,,,,,,,,,,,,,,,,,,,,,,,,,,,,,,,,,,,,,,,,,,,,,,,,,,,,,,,,,,,,,,,,,,,,,,,,,,,,,,,,,,,,,,,,,,,,,,,,,,,,,,,,,,,,,,,,,,,,,,,,,,,,,,,,,,,,,,,,,,68.27956989247312,11.29032258064516,7.526881720430108,64.11290322580645,60.08064516129033
Ahmet Şen,Galatasaray,GK,0.0,0.0,0.0,GK,False,False,Galatasaray,,Merkez Orta Saha,Merkez Orta Saha,,MID,0.0,0.0,0.0,0.0,0.0,0.0,2.484215354532588,0.083627822185483,0.0378090139457419,1.7165155198655766,1.908747186499578,1.149150319398894,2.0387682031757746,5.978197483207418,0.0,0.0,87.57278716017856,0.0,0.0,0.0,0.0,0.0,0.0,0.21714552125125722,0.030645802902819503,0.0,0.1147019212061925,0.0,0.0378090139457419,,,,,,,,,,,,,,,,,,,,,,,,,,,,,,,,,,,,,,,,,,,,,,,,,,,,,,,,,,,,,,,,,,,,,,,,,,,,,,,,,,,,,,,,,,,,,,,,,,,,,,,,,,,,,,,,,,,,,,,,,,,,,,,,,,,,,,,,,,,,,,,,,,,,,,,,,,,,,,,,,,,,,,,,,,,,,,,,,,,,,,,,,,,,,,,,,,,,,,,,,,,,,,,,,,,,,,,,,,,,,,,,,,,,,,,,,,,,,,,,,,,,,,,,,,,,,,,,,,,,,,,,,,,,,,5.964214711729622,83.89662027833002,59.24453280318092,7.75347912524851,48.70775347912525
Jankat Yilmaz,Galatasaray,GK,0.0,0.0,0.0,GK,False,False,Galatasaray,,Merkez Orta Saha,Merkez Orta Saha,,MID,0.0,0.0,0.0,0.0,0.0,0.0,2.34670203264102,0.0140238381945519,0.118601227268563,3.0000278071155835,1.197084576863097,1.5281658248328522,6.022473212159111,6.581057093501335,0.0,0.0,82.40868874436484,0.0,0.0,0.0,0.0,0.0,0.0,0.2137536103717898,0.03571113893494169,0.0,0.11401903297288324,0.0,0.118601227268563,,,,,,,,,,,,,,,,,,,,,,,,,,,,,,,,,,,,,,,,,,,,,,,,,,,,,,,,,,,,,,,,,,,,,,,,,,,,,,,,,,,,,,,,,,,,,,,,,,,,,,,,,,,,,,,,,,,,,,,,,,,,,,,,,,,,,,,,,,,,,,,,,,,,,,,,,,,,,,,,,,,,,,,,,,,,,,,,,,,,,,,,,,,,,,,,,,,,,,,,,,,,,,,,,,,,,,,,,,,,,,,,,,,,,,,,,,,,,,,,,,,,,,,,,,,,,,,,,,,,,,,,,,,,,,5.964214711729622,82.10735586481114,65.8051689860835,7.75347912524851,48.70775347912525
Elias Jelert,Galatasaray,DF,0.0,0.0,0.0,DF,False,True,Galatasaray,,Merkez Orta Saha,Merkez Orta Saha,,MID,0.0,0.0,0.0,0.0,0.0,0.0,1.533909973589175,0.0140238381945519,0.2809049878529345,1.0163100852386229,1.684706090481097,0.998684235723068,5.864047866451687,5.005463344901765,0.0,0.0,79.04420661963347,0.0,0.0,0.0,0.0,0.0,0.0,0.22542268641386723,0.02911607446310569,0.0,0.11853455809955475,0.0,0.2809049878529345,,,,,,,,,,,,,,,,,,,,,,,,,,,,,,,,,,,,,,,,,,,,,,,,,,,,,,,,,,,,,,,,,,,,,,,,,,,,,,,,,,,,,,,,,,,,,,,,,,,,,,,,,,,,,,,,,,,,,,,,,,,,,,,,,,,,,,,,,,,,,,,,,,,,,,,,,,,,,,,,,,,,,,,,,,,,,,,,,,,,,,,,,,,,,,,,,,,,,,,,,,,,,,,,,,,,,,,,,,,,,,,,,,,,,,,,,,,,,,,,,,,,,,,,,,,,,,,,,,,,,,,,,,,,,,5.964214711729622,87.27634194831015,55.864811133200796,8.946322067594433,48.70775347912525
Gökdeniz Gürpüz,Galatasaray,MF,0.0,0.0,0.0,MF,True,True,Galatasaray,Merkez Orta Saha,Standart Orta Saha (Destek),Standart Orta Saha,Destek,MID,0.0,0.0,0.0,0.0,0.0,0.0,2.168269918190485,0.2079242609189433,0.2002170251792552,3.216004971363425,1.7398109049340738,0.5848784842200734,4.742095814967813,7.625473222474931,0.0,0.0,84.68141893113825,0.0,0.0,0.0,0.0,0.0,0.0,0.22225328848147882,0.03773139261748362,0.0,0.11867292276423613,0.0,0.2002170251792552,,,,,,,,,,,,,,,,,,,,,,,,,,,,,,,,,,,,,,,,,,,,,,,,,,,,,,,,,,,,,,,,,,,,,,,,,,,,,,,,,,,,,,,,,,,,,,,,,,,,,,,,,,,,,,,,,,,,,,,,,,,,,,,,,,,,,,,,,,,,,,,,,,,,,,,,,,,,,,,,,,,,,,,,,,,,,,,,,,,,,,,,,,,,,,,,,,,,,,,,,,,,,,,,,,,,,,,,,,,,,,,,,,,,,,,,,,,,,,,,,,,,,,,,,,,,,,,,,,,,,,,,,,,,,,5.964214711729622,85.48707753479125,69.18489065606362,8.946322067594433,48.70775347912525
Furkan Koçak,Galatasaray,MF,0.0,0.0,0.0,MF,True,True,Galatasaray,,Merkez Orta Saha,Merkez Orta Saha,,MID,0.0,0.0,0.0,0.0,0.0,0.0,1.4940117522712888,0.0682677024932031,0.1794337040847457,2.278499415615088,2.4522312091306047,1.0608815705192205,2.332316628881361,3.639589518802631,0.0,0.0,88.14145021795241,0.0,0.0,0.0,0.0,0.0,0.0,0.24589210564157765,0.02781371422514044,0.0,0.1285087956658169,0.0,0.1794337040847457,,,,,,,,,,,,,,,,,,,,,,,,,,,,,,,,,,,,,,,,,,,,,,,,,,,,,,,,,,,,,,,,,,,,,,,,,,,,,,,,,,,,,,,,,,,,,,,,,,,,,,,,,,,,,,,,,,,,,,,,,,,,,,,,,,,,,,,,,,,,,,,,,,,,,,,,,,,,,,,,,,,,,,,,,,,,,,,,,,,,,,,,,,,,,,,,,,,,,,,,,,,,,,,,,,,,,,,,,,,,,,,,,,,,,,,,,,,,,,,,,,,,,,,,,,,,,,,,,,,,,,,,,,,,,,5.964214711729622,92.44532803180915,52.48508946322068,10.139165009940358,48.70775347912525
Çağrı Balta,Galatasaray,FW,0.0,0.0,0.0,FW,True,False,Galatasaray,,Merkez Orta Saha,Merkez Orta Saha,,MID,0.0,0.0,0.0,0.0,0.0,0.0,1.7095299448057957,0.1295196915597038,0.1027210881228425,3.006703978898733,3.242333219790082,1.9166728740414551,5.832575247662923,3.450826690414853,0.0,0.0,87.55111664572203,0.0,0.0,0.0,0.0,0.0,0.0,0.2868205574393469,0.02872090292021849,0.0,0.14915445930371715,0.0,0.1027210881228425,,,,,,,,,,,,,,,,,,,,,,,,,,,,,,,,,,,,,,,,,,,,,,,,,,,,,,,,,,,,,,,,,,,,,,,,,,,,,,,,,,,,,,,,,,,,,,,,,,,,,,,,,,,,,,,,,,,,,,,,,,,,,,,,,,,,,,,,,,,,,,,,,,,,,,,,,,,,,,,,,,,,,,,,,,,,,,,,,,,,,,,,,,,,,,,,,,,,,,,,,,,,,,,,,,,,,,,,,,,,,,,,,,,,,,,,,,,,,,,,,,,,,,,,,,,,,,,,,,,,,,,,,,,,,,5.964214711729622,96.81908548707754,55.26838966202783,16.898608349900595,48.70775347912525
Kacper Kozłowski,Gaziantep,MF,0.26,0.09,0.35,MF,True,True,Gaziantep,,Merkez Orta Saha,Merkez Orta Saha,,MID,0.0,0.0,0.0,0.0,0.0,0.0,0.5871613074436349,0.0746813933971932,0.3261138018014857,2.02125936819941,2.42142948519384,1.4626015959478371,4.918567938656819,7.369132537221619,0.0,0.0,80.10147768156423,0.0,0.0,0.0,0.0,0.0,0.0,0.2581055071877177,0.03526931356699431,0.0,0.1361066163072577,0.0,0.3261138018014857,,,,,,,,,,,,,,,,,,,,,,,,,,,,,,,,,,,,,,,,,,,,,,,,,,,,,,,,,,,,,,,,,,,,,,,,,,,,,,,,,,,,,,,,,,,,,,,,,,,,,,,,,,,,,,,,,,,,,,,,,,,,,,,,,,,,,,,,,,,,,,,,,,,,,,,,,,,,,,,,,,,,,,,,,,,,,,,,,,,,,,,,,,,,,,,,,,,,,,,,,,,,,,,,,,,,,,,,,,,,,,,,,,,,,,,,,,,,,,,,,,,,,,,,,,,,,,,,,,,,,,,,,,,,,,5.964214711729622,94.43339960238568,65.4075546719682,10.536779324055665,80.11928429423459
Alexandru Maxim,Gaziantep,FW,0.18,0.4025,0.6179999999999995,MF,True,True,Gaziantep,On Numara,Serbest Oyuncu (Trequartista),Serbest Oyuncu,Trequartista,AM,0.0,0.0,0.0,0.0,0.0,0.0,1.986067883043297,0.2351698112788351,0.138955264433017,2.5376597770306173,1.1735333483414818,1.5072187230008105,5.909799885789796,5.972947897237191,0.0,0.0,86.0731753729496,0.0,0.0,0.0,0.0,0.0,0.0,0.21894193988798002,0.042988038850330194,0.0,0.12236738159908907,0.0,0.138955264433017,,,,,,,,,,,,,,,,,,,,,,,,,,,,,,,,,,,,,,,,,,,,,,,,,,,,,,,,,,,,,,,,,,,,,,,,,,,,,,,,,,,,,,,,,,,,,,,,,,,,,,,,,,,,,,,,,,,,,,,,,,,,,,,,,,,,,,,,,,,,,,,,,,,,,,,,,,,,,,,,,,,,,,,,,,,,,,,,,,,,,,,,,,,,,,,,,,,,,,,,,,,,,,,,,,,,,,,,,,,,,,,,,,,,,,,,,,,,,,,,,,,,,,,,,,,,,,,,,,,,,,,,,,,,,,,,,,
Kévin Rodrigues,Gaziantep,MF,0.18,0.09,0.28,DF,False,True,Gaziantep,Sol Bek,Standart Bek (Destek),Standart Bek,Destek,FB,1.6236890748247363,0.0,0.0,61.637678147349504,0.0,4.507062547046997,0.0,0.0,0.0,0.0,0.0,0.0,0.0,0.0,0.0,0.0,78.18728507646034,0.0,0.0,0.0,0.0,0.0,0.20520914787735772,0.11728092761469051,0.015611770911744996,0.0,0.140911206405435,0.0,0.0,,,,,,,,,,,,,,,,,,,,,,,,,,,,,,,,,,,,,,,,,,,,,,,,,,,,,,,,,,,,,,,,,,,,,,,,,,,,,,,,,,,,,,,,,,,,,,,,,,,,,,,,,,,,,,,,,,,,,,,,,,,,,,,,,,,,,,,,,,,,,,,,,,,,,,,,,,,,,,,,,,,,,,,,,,,,,,,,,,,,,,,,,,,,,,,,,,,,,,,,,,,,,,,,,,,,,,,,,,,,,,,,,,,,,,,,,,,,,,,,,,,,,,,,,,,,,,,,,,,,,,,,,,,,,,16.9811320754717,5.031446540880504,22.641509433962266,10.69182389937107,76.10062893081762
Myenty Abena,Gaziantep,DF,0.11,0.0,0.11,DF,False,True,Gaziantep,Stoper,Çakılı Stoper,Çakılı Stoper,,CB,1.94853861892112,1.7791072578513183,6.166658010096594,64.64438953183658,76.86569685488601,0.0,0.0,0.0,0.0,0.0,0.0,0.0,3.719063155284208,0.0,0.0,0.0,80.89706002978532,0.0,0.0,0.0,0.0,0.0,0.4515651968698827,0.1325027795105306,0.0044,0.0,0.343036193711024,0.0,0.0,,,,,,,,,,,,,,,,,,,,,,,,,,,,,,,,,,,,,,,,,,,,,,,,,,,,,,,,,,,,,,,,,,,,,,,,,,,,,,,,,,,,,,,,,,,,,,,,,,,,,,,,,,,,,,,,,,,,,,,,,,,,,,,,,,,,,,,,,,,,,,,,,,,,,,,,,,,,,,,,,,,,,,,,,,,,,,,,,,,,,,,,,,,,,,,,,,,,,,,,,,,,,,,,,,,,,,,,,,,,,,,,,,,,,,,,,,,,,,,,,,,,,,,,,,,,,,,,,,,,,,,,,,,,,,87.23118279569893,12.634408602150538,15.994623655913978,83.33333333333334,70.83333333333334
Mustafa Burak Bozan,Gaziantep,GK,0.0,0.11,0.11,GK,False,False,Gaziantep,,Merkez Orta Saha,Merkez Orta Saha,,MID,0.0,0.0,0.0,0.0,0.0,0.0,0.6681983156339932,0.0648241897164434,0.03048246837852,2.221287184527505,3.873369402964612,1.4484232304564597,5.7587349619792025,7.1304143785664165,0.0,0.0,80.64605116122776,0.0,0.0,0.0,0.0,0.0,0.0,0.2813879186245055,0.014554499852799496,0.0,0.14360485928281266,0.0,0.03048246837852,,,,,,,,,,,,,,,,,,,,,,,,,,,,,,,,,,,,,,,,,,,,,,,,,,,,,,,,,,,,,,,,,,,,,,,,,,,,,,,,,,,,,,,,,,,,,,,,,,,,,,,,,,,,,,,,,,,,,,,,,,,,,,,,,,,,,,,,,,,,,,,,,,,,,,,,,,,,,,,,,,,,,,,,,,,,,,,,,,,,,,,,,,,,,,,,,,,,,,,,,,,,,,,,,,,,,,,,,,,,,,,,,,,,,,,,,,,,,,,,,,,,,,,,,,,,,,,,,,,,,,,,,,,,,,5.964214711729622,96.42147117296223,25.24850894632207,13.717693836978132,55.26838966202783
Melih Kabasakal,Gaziantep,DF,0.12,0.12,0.24,MF,True,True,Gaziantep,Ön Libero,Defansif Orta Saha (Savunma),Defansif Orta Saha,Savunma,DM,0.0,0.0,0.0,0.0,0.0,0.0,2.13474202353031,0.1074142031847337,0.2159732806412304,2.775291708739396,3.828172957282337,0.7984882084391551,6.015010359789185,5.608964031622477,0.0,0.0,80.61849041462607,0.0,0.0,0.0,0.0,0.0,0.0,0.28654225563358676,0.04292458073280081,0.0,0.15185604396335353,0.0,0.2159732806412304,,,,,,,,,,,,,,,,,,,,,,,,,,,,,,,,,,,,,,,,,,,,,,,,,,,,,,,,,,,,,,,,,,,,,,,,,,,,,,,,,,,,,,,,,,,,,,,,,,,,,,,,,,,,,,,,,,,,,,,,,,,,,,,,,,,,,,,,,,,,,,,,,,,,,,,,,,,,,,,,,,,,,,,,,,,,,,,,,,,,,,,,,,,,,,,,,,,,,,,,,,,,,,,,,,,,,,,,,,,,,,,,,,,,,,,,,,,,,,,,,,,,,,,,,,,,,,,,,,,,,,,,,,,,,,,,,,
Arda Kızıldağ,Gaziantep,MF,0.13,0.0,0.13,DF,False,True,Gaziantep,Stoper,Standart Stoper (Sıkı Defans),Standart Stoper,Sıkı Defans,CB,2.9243584426950715,0.8540924167601764,7.511771365645089,71.18804073074607,61.676050362024895,0.0,0.0,0.0,0.0,0.0,0.0,0.0,2.0387682031757746,0.0,0.0,0.0,78.4048037791496,0.0,0.0,0.0,0.0,0.0,0.4543872044019561,0.12372351027825172,0.005200000000000001,0.0,0.3433357451370196,0.0,0.0,,,,,,,,,,,,,,,,,,,,,,,,,,,,,,,,,,,,,,,,,,,,,,,,,,,,,,,,,,,,,,,,,,,,,,,,,,,,,,,,,,,,,,,,,,,,,,,,,,,,,,,,,,,,,,,,,,,,,,,,,,,,,,,,,,,,,,,,,,,,,,,,,,,,,,,,,,,,,,,,,,,,,,,,,,,,,,,,,,,,,,,,,,,,,,,,,,,,,,,,,,,,,,,,,,,,,,,,,,,,,,,,,,,,,,,,,,,,,,,,,,,,,,,,,,,,,,,,,,,,,,,,,,,,,,87.63440860215054,6.720430107526881,17.20430107526882,83.60215053763442,74.86559139784946
Christopher Lungoyi,Gaziantep,FW,0.27,0.27,0.53,MF,True,True,Gaziantep,Sol Kanat,Kanat Oyuncusu (Hücum),Kanat Oyuncusu,Hücum,WING,0.0,0.0,0.0,0.0,0.0,2.7228550621253387,2.593882055052796,0.0683745609683393,0.3420414376440454,2.806094059875613,0.0,0.0,0.0,0.0,0.0,0.0,0.0,0.0,0.0,0.0,0.0,0.0,0.0,0.03087093258636815,0.06467380497618772,0.0,0.04806556276162307,0.0,0.3420414376440454,,,,,,,,,,,,,,,,,,,,,,,,,,,,,,,,,,,,,,,,,,,,,,,,,,,,,,,,,,,,,,,,,,,,,,,,,,,,,,,,,,,,,,,,,,,,,,,,,,,,,,,,,,,,,,,,,,,,,,,,,,,,,,,,,,,,,,,,,,,,,,,,,,,,,,,,,,,,,,,,,,,,,,,,,,,,,,,,,,,,,,,,,,,,,,,,,,,,,,,,,,,,,,,,,,,,,,,,,,,,,,,,,,,,,,,,,,,,,,,,,,,,,,,,,,,,,,,,,,,,,,,,,,,,,,3.2994923857868024,0.0,67.00507614213198,2.030456852791878,76.6497461928934
Luis Pérez,Gaziantep,DF,0.0,0.0,0.0,MF,True,True,Gaziantep,Sağ Bek,Standart Bek (Destek),Standart Bek,Destek,FB,1.851033111601503,0.0,0.0,60.426801773732,0.0,2.36832699486363,0.0,0.0,0.0,0.0,0.0,0.0,0.0,0.0,0.0,0.0,87.78777678547269,0.0,0.0,0.0,0.0,0.0,0.2044183192162148,0.13168166517820903,0.0039472116581060505,0.0,0.14250310149319131,0.0,0.0,,,,,,,,,,,,,,,,,,,,,,,,,,,,,,,,,,,,,,,,,,,,,,,,,,,,,,,,,,,,,,,,,,,,,,,,,,,,,,,,,,,,,,,,,,,,,,,,,,,,,,,,,,,,,,,,,,,,,,,,,,,,,,,,,,,,,,,,,,,,,,,,,,,,,,,,,,,,,,,,,,,,,,,,,,,,,,,,,,,,,,,,,,,,,,,,,,,,,,,,,,,,,,,,,,,,,,,,,,,,,,,,,,,,,,,,,,,,,,,,,,,,,,,,,,,,,,,,,,,,,,,,,,,,,,16.352201257861633,7.547169811320755,5.660377358490567,10.69182389937107,50.943396226415096
Deian Sorescu,Gaziantep,DF,0.14,0.0,0.14,MF,True,True,Gaziantep,Sağ Kanat,Çalışkan Kanat Oyuncusu (Hücum),Çalışkan Kanat Oyuncusu,Hücum,WING,0.0,0.0,0.0,0.0,0.0,3.2076671386245343,3.0323142136848835,0.1672579152651198,0.0476804606365017,4.517920861271849,0.0,0.0,0.0,0.0,0.0,0.0,0.0,0.0,0.0,0.0,0.0,0.0,0.0,0.009461837927509948,0.05447127461319608,0.0,0.03552131614617063,0.0,0.0476804606365017,,,,,,,,,,,,,,,,,,,,,,,,,,,,,,,,,,,,,,,,,,,,,,,,,,,,,,,,,,,,,,,,,,,,,,,,,,,,,,,,,,,,,,,,,,,,,,,,,,,,,,,,,,,,,,,,,,,,,,,,,,,,,,,,,,,,,,,,,,,,,,,,,,,,,,,,,,,,,,,,,,,,,,,,,,,,,,,,,,,,,,,,,,,,,,,,,,,,,,,,,,,,,,,,,,,,,,,,,,,,,,,,,,,,,,,,,,,,,,,,,,,,,,,,,,,,,,,,,,,,,,,,,,,,,,3.2994923857868024,0.0,48.984771573604064,0.7614213197969544,35.53299492385787
Mohamed Lamine Bayo,Gaziantep,MF,0.34,0.0,0.34,FW,True,False,Gaziantep,,Merkez Orta Saha,Merkez Orta Saha,,MID,0.0,0.0,0.0,0.0,0.0,0.0,2.0422589841078103,0.2181825626211504,0.0398434377168104,1.0204009514825918,3.355568629445225,1.1275007961534202,4.590040332023124,4.478412199434641,0.0,0.0,88.48886127966222,0.0,0.0,0.0,0.0,0.0,0.0,0.26854595994791886,0.038167329728456996,0.0,0.14190644591965082,0.0,0.0398434377168104,,,,,,,,,,,,,,,,,,,,,,,,,,,,,,,,,,,,,,,,,,,,,,,,,,,,,,,,,,,,,,,,,,,,,,,,,,,,,,,,,,,,,,,,,,,,,,,,,,,,,,,,,,,,,,,,,,,,,,,,,,,,,,,,,,,,,,,,,,,,,,,,,,,,,,,,,,,,,,,,,,,,,,,,,,,,,,,,,,,,,,,,,,,,,,,,,,,,,,,,,,,,,,,,,,,,,,,,,,,,,,,,,,,,,,,,,,,,,,,,,,,,,,,,,,,,,,,,,,,,,,,,,,,,,,5.964214711729622,95.82504970178927,69.38369781312127,12.72365805168986,79.32405566600397
Drissa Camara,Gaziantep,MF,0.18,0.36,0.53,MF,True,True,Gaziantep,Merkez Orta Saha,Savaşçı Orta Saha (Destek),Savaşçı Orta Saha,Destek,MID,3.294336567705979,1.1857948414974584,0.0,0.0,0.0,0.0,1.8883638652602504,0.2104833916979521,0.1208280999805922,0.9629506267745224,0.0,0.0,0.0,7.145448194277495,0.0,0.0,0.0,0.0,0.0,0.0,0.0,0.0,0.04117920709632474,0.01086993628191553,0.0369241392187625,0.0,0.02517355811360769,0.0,0.1208280999805922,,,,,,,,,,,,,,,,,,,,,,,,,,,,,,,,,,,,,,,,,,,,,,,,,,,,,,,,,,,,,,,,,,,,,,,,,,,,,,,,,,,,,,,,,,,,,,,,,,,,,,,,,,,,,,,,,,,,,,,,,,,,,,,,,,,,,,,,,,,,,,,,,,,,,,,,,,,,,,,,,,,,,,,,,,,,,,,,,,,,,,,,,,,,,,,,,,,,,,,,,,,,,,,,,,,,,,,,,,,,,,,,,,,,,,,,,,,,,,,,,,,,,,,,,,,,,,,,,,,,,,,,,,,,,,9.145129224652088,0.9940357852882704,67.59443339960238,0.9940357852882704,89.46322067594433
Tayyib Talha Sanuç,Gaziantep,MF,0.0,0.0,0.0,DF,False,True,Gaziantep,,Merkez Orta Saha,Merkez Orta Saha,,MID,0.0,0.0,0.0,0.0,0.0,0.0,0.5420451568519457,0.0465253544615693,0.1775941785512331,1.4671787318273954,3.880849047213319,1.626409697544977,2.701622590967575,7.796495273813876,0.0,0.0,80.99602743288276,0.0,0.0,0.0,0.0,0.0,0.0,0.286462033500684,0.01619216554013727,0.0,0.14646944985836946,0.0,0.1775941785512331,,,,,,,,,,,,,,,,,,,,,,,,,,,,,,,,,,,,,,,,,,,,,,,,,,,,,,,,,,,,,,,,,,,,,,,,,,,,,,,,,,,,,,,,,,,,,,,,,,,,,,,,,,,,,,,,,,,,,,,,,,,,,,,,,,,,,,,,,,,,,,,,,,,,,,,,,,,,,,,,,,,,,,,,,,,,,,,,,,,,,,,,,,,,,,,,,,,,,,,,,,,,,,,,,,,,,,,,,,,,,,,,,,,,,,,,,,,,,,,,,,,,,,,,,,,,,,,,,,,,,,,,,,,,,,5.964214711729622,96.81908548707754,29.62226640159046,15.50695825049702,48.70775347912525
Semih Güler,Gaziantep,DF,0.0,0.0,0.0,DF,False,True,Gaziantep,Stoper,Standart Stoper (Durdurucu),Standart Stoper,Durdurucu,CB,1.9744981749936,1.2701626176001104,4.627651050738128,64.38685444689698,52.73823772176552,0.0,0.0,0.0,0.0,0.0,0.0,0.0,2.4778753128725777,0.0,0.0,0.0,83.95174521677643,0.0,0.0,0.0,0.0,0.0,0.3805383918374456,0.1333612437637824,0.0,0.0,0.29304912303896835,0.0,0.0,,,,,,,,,,,,,,,,,,,,,,,,,,,,,,,,,,,,,,,,,,,,,,,,,,,,,,,,,,,,,,,,,,,,,,,,,,,,,,,,,,,,,,,,,,,,,,,,,,,,,,,,,,,,,,,,,,,,,,,,,,,,,,,,,,,,,,,,,,,,,,,,,,,,,,,,,,,,,,,,,,,,,,,,,,,,,,,,,,,,,,,,,,,,,,,,,,,,,,,,,,,,,,,,,,,,,,,,,,,,,,,,,,,,,,,,,,,,,,,,,,,,,,,,,,,,,,,,,,,,,,,,,,,,,,55.77956989247311,14.112903225806454,7.526881720430108,51.88172043010753,60.08064516129033
Badou Ndiaye,Gaziantep,MF,0.0,0.26,0.26,MF,True,True,Gaziantep,Merkez Orta Saha,İki Yönlü Orta Saha,İki Yönlü Orta Saha,,MID,2.3215439622345846,0.0,0.0,0.0,0.0,0.0,1.03656954748519,0.2006608274489276,0.3059778836398115,1.2307706363056086,3.482556766318909,1.8969356494221208,6.3841064942869785,7.16817882512656,0.0,0.0,0.0,0.0,0.0,0.0,0.0,0.0,0.029019299527932307,0.17809975120032698,0.02828173741120838,0.0,0.10341201294078486,0.0,0.3059778836398115,,,,,,,,,,,,,,,,,,,,,,,,,,,,,,,,,,,,,,,,,,,,,,,,,,,,,,,,,,,,,,,,,,,,,,,,,,,,,,,,,,,,,,,,,,,,,,,,,,,,,,,,,,,,,,,,,,,,,,,,,,,,,,,,,,,,,,,,,,,,,,,,,,,,,,,,,,,,,,,,,,,,,,,,,,,,,,,,,,,,,,,,,,,,,,,,,,,,,,,,,,,,,,,,,,,,,,,,,,,,,,,,,,,,,,,,,,,,,,,,,,,,,,,,,,,,,,,,,,,,,,,,,,,,,,7.952286282306163,51.689860834990064,53.47912524850894,6.163021868787276,74.15506958250498
Emmanuel Boateng,Gaziantep,FW,0.0,0.0,0.0,FW,True,False,Gaziantep,Santrafor,Yaratıcı Forvet,Yaratıcı Forvet,,FWD,0.0,0.0,0.0,0.0,0.0,0.0,3.157758086477952,0.0,0.0,0.0,0.0,0.0,0.0,0.0,2.307348277760464,0.3047789943953393,0.0,0.0,0.0,0.0,0.0,0.0,0.0,0.0,0.045431171519113134,0.0,0.03634493721529051,0.3047789943953393,0.0,,,,,,,,,,,,,,,,,,,,,,,,,,,,,,,,,,,,,,,,,,,,,,,,,,,,,,,,,,,,,,,,,,,,,,,,,,,,,,,,,,,,,,,,,,,,,,,,,,,,,,,,,,,,,,,,,,,,,,,,,,,,,,,,,,,,,,,,,,,,,,,,,,,,,,,,,,,,,,,,,,,,,,,,,,,,,,,,,,,,,,,,,,,,,,,,,,,,,,,,,,,,,,,,,,,,,,,,,,,,,,,,,,,,,,,,,,,,,,,,,,,,,,,,,,,,,,,,,,,,,,,,,,,,,,9.809264305177113,2.7247956403269753,35.14986376021799,11.1716621253406,35.967302452316076
Ogün Özçiçek,Gaziantep,MF,0.0,0.0,0.0,MF,True,True,Gaziantep,Ön Libero,Defansif Orta Saha (Destek),Defansif Orta Saha,Destek,DM,0.0,0.0,0.0,0.0,0.0,0.0,0.95253639681277,0.1145467216844731,0.1727413031190415,3.1538156297989444,2.633446998400789,0.6520593463297387,5.355787366898444,4.632870823379776,0.0,0.0,81.15896815821614,0.0,0.0,0.0,0.0,0.0,0.0,0.2443516882717613,0.024319555167386722,0.0,0.127039755169358,0.0,0.1727413031190415,,,,,,,,,,,,,,,,,,,,,,,,,,,,,,,,,,,,,,,,,,,,,,,,,,,,,,,,,,,,,,,,,,,,,,,,,,,,,,,,,,,,,,,,,,,,,,,,,,,,,,,,,,,,,,,,,,,,,,,,,,,,,,,,,,,,,,,,,,,,,,,,,,,,,,,,,,,,,,,,,,,,,,,,,,,,,,,,,,,,,,,,,,,,,,,,,,,,,,,,,,,,,,,,,,,,,,,,,,,,,,,,,,,,,,,,,,,,,,,,,,,,,,,,,,,,,,,,,,,,,,,,,,,,,,,,,,
Zafer Görgen,Gaziantep,GK,0.0,0.0,0.0,GK,False,False,Gaziantep,Kaleci,Kaleci (Savunma),Kaleci,Savunma,GK,0.0,0.0,0.0,0.0,0.0,0.0,0.0,0.0,0.0,0.0,0.0,0.0,0.0,0.0,0.0,0.0,0.0,61.08484485919075,4.818496824692567,77.74425485152653,0.336761097525165,1.05167469907888,0.0,0.0,0.0,0.9050107503680056,0.9050107503680056,0.0,0.0,,,,,,,,,,,,,,,,,,,,,,,,,,,,,,,,,,,,,,,,,,,,,,,,,,,,,,,,,,,,,,,,,,,,,,,,,,,,,,,,,,,,,,,,,,,,,,,,,,,,,,,,,,,,,,,,,,,,,,,,,,,,,,,,,,,,,,,,,,,,,,,,,,,,,,,,,,,,,,,,,,,,,,,,,,,,,,,,,,,,,,,,,,,,,,,,,,,,,,,,,,,,,,,,,,,,,,,,,,,,,,,,,,,,,,,,,,,,,,,,,,,,,,,,,,,,,,,,,,,,,,,,,,,,,,4.929577464788732,0.0,83.09859154929578,100.0,96.47887323943662
Yusuf Kabadayı,Gaziantep,FW,0.43,0.0,0.43,MF,True,True,Gaziantep,Sol Kanat,İçe Kat Eden Oyuncu (Hücum),İçe Kat Eden Oyuncu,Hücum,WING,0.0,0.0,0.0,0.0,0.0,5.975820081212564,2.285373711546386,0.2459098104948692,0.2250293197131126,4.517920861271849,0.0,0.0,0.0,0.0,0.0,0.0,0.0,0.0,0.0,0.0,0.0,0.0,0.0,0.02364974665363882,0.07030941219252226,0.0,0.049280571311605,0.0,0.2250293197131126,,,,,,,,,,,,,,,,,,,,,,,,,,,,,,,,,,,,,,,,,,,,,,,,,,,,,,,,,,,,,,,,,,,,,,,,,,,,,,,,,,,,,,,,,,,,,,,,,,,,,,,,,,,,,,,,,,,,,,,,,,,,,,,,,,,,,,,,,,,,,,,,,,,,,,,,,,,,,,,,,,,,,,,,,,,,,,,,,,,,,,,,,,,,,,,,,,,,,,,,,,,,,,,,,,,,,,,,,,,,,,,,,,,,,,,,,,,,,,,,,,,,,,,,,,,,,,,,,,,,,,,,,,,,,,3.2994923857868024,0.0,74.8730964467005,2.030456852791878,67.00507614213198
Juninho Bacuna,Gaziantep,MF,0.0,0.0,0.0,MF,True,True,Gaziantep,Merkez Orta Saha,İki Yönlü Orta Saha,İki Yönlü Orta Saha,,MID,1.3785934697446915,0.0,0.0,0.0,0.0,0.0,1.1562864556901902,0.1207422180213388,0.2457905681110824,1.39187776586672,3.293583383964153,0.6267625322016697,6.8003713577826455,6.541384001214523,0.0,0.0,0.0,0.0,0.0,0.0,0.0,0.0,0.017232418371808646,0.15001314623151757,0.024874181696012,0.0,0.08515113496650378,0.0,0.2457905681110824,,,,,,,,,,,,,,,,,,,,,,,,,,,,,,,,,,,,,,,,,,,,,,,,,,,,,,,,,,,,,,,,,,,,,,,,,,,,,,,,,,,,,,,,,,,,,,,,,,,,,,,,,,,,,,,,,,,,,,,,,,,,,,,,,,,,,,,,,,,,,,,,,,,,,,,,,,,,,,,,,,,,,,,,,,,,,,,,,,,,,,,,,,,,,,,,,,,,,,,,,,,,,,,,,,,,,,,,,,,,,,,,,,,,,,,,,,,,,,,,,,,,,,,,,,,,,,,,,,,,,,,,,,,,,,6.560636182902585,22.266401590457257,46.91848906560636,4.3737574552683895,48.70775347912525
Enver Kulasin,Gaziantep,MF,0.0,0.0,0.0,MF,True,True,Gaziantep,Sağ Kanat,Kanat Oyuncusu (Destek),Kanat Oyuncusu,Destek,WING,0.0,0.0,0.0,0.0,0.0,4.074503294593018,3.1944893921294173,0.2459098104948692,0.1687271394821144,4.517920861271849,0.0,0.0,0.0,0.0,0.0,0.0,0.0,0.0,0.0,0.0,0.0,0.0,0.0,0.019145572235158965,0.056779620478080065,0.0,0.03981144395739572,0.0,0.1687271394821144,,,,,,,,,,,,,,,,,,,,,,,,,,,,,,,,,,,,,,,,,,,,,,,,,,,,,,,,,,,,,,,,,,,,,,,,,,,,,,,,,,,,,,,,,,,,,,,,,,,,,,,,,,,,,,,,,,,,,,,,,,,,,,,,,,,,,,,,,,,,,,,,,,,,,,,,,,,,,,,,,,,,,,,,,,,,,,,,,,,,,,,,,,,,,,,,,,,,,,,,,,,,,,,,,,,,,,,,,,,,,,,,,,,,,,,,,,,,,,,,,,,,,,,,,,,,,,,,,,,,,,,,,,,,,,3.2994923857868024,0.0,53.045685279187815,0.7614213197969544,32.48730964467005
Nazim Sangaré,Gaziantep,DF,0.0,0.0,0.0,DF,False,True,Gaziantep,,Merkez Orta Saha,Merkez Orta Saha,,MID,0.0,0.0,0.0,0.0,0.0,0.0,0.584049768204061,0.0333699931039859,0.3420414376440454,3.434836190711655,3.880849047213319,0.9167791641345684,5.102368925259853,5.165843381640161,0.0,0.0,78.18728507646034,0.0,0.0,0.0,0.0,0.0,0.0,0.2944220535188014,0.028109245664581565,0.0,0.152832875892317,0.0,0.3420414376440454,,,,,,,,,,,,,,,,,,,,,,,,,,,,,,,,,,,,,,,,,,,,,,,,,,,,,,,,,,,,,,,,,,,,,,,,,,,,,,,,,,,,,,,,,,,,,,,,,,,,,,,,,,,,,,,,,,,,,,,,,,,,,,,,,,,,,,,,,,,,,,,,,,,,,,,,,,,,,,,,,,,,,,,,,,,,,,,,,,,,,,,,,,,,,,,,,,,,,,,,,,,,,,,,,,,,,,,,,,,,,,,,,,,,,,,,,,,,,,,,,,,,,,,,,,,,,,,,,,,,,,,,,,,,,,5.964214711729622,97.21669980119285,53.08151093439364,18.687872763419485,48.70775347912525
Salem M'bakata,Gaziantep,DF,0.0,0.0,0.0,DF,False,True,Gaziantep,,Merkez Orta Saha,Merkez Orta Saha,,MID,0.0,0.0,0.0,0.0,0.0,0.0,2.367611428365232,0.0201503784392811,0.0460211919642935,1.7096186377819886,1.2268151218502523,0.9144786626987804,5.711265935995436,3.549492439959805,0.0,0.0,88.44802840950621,0.0,0.0,0.0,0.0,0.0,0.0,0.20614619267260587,0.029791008556679033,0.0,0.10903129804763874,0.0,0.0460211919642935,,,,,,,,,,,,,,,,,,,,,,,,,,,,,,,,,,,,,,,,,,,,,,,,,,,,,,,,,,,,,,,,,,,,,,,,,,,,,,,,,,,,,,,,,,,,,,,,,,,,,,,,,,,,,,,,,,,,,,,,,,,,,,,,,,,,,,,,,,,,,,,,,,,,,,,,,,,,,,,,,,,,,,,,,,,,,,,,,,,,,,,,,,,,,,,,,,,,,,,,,,,,,,,,,,,,,,,,,,,,,,,,,,,,,,,,,,,,,,,,,,,,,,,,,,,,,,,,,,,,,,,,,,,,,,5.964214711729622,78.52882703777337,57.25646123260437,6.958250497017893,48.70775347912525
Ali Kalın,Gaziantep,FW,0.0,0.0,0.0,FW,True,False,Gaziantep,,Merkez Orta Saha,Merkez Orta Saha,,MID,0.0,0.0,0.0,0.0,0.0,0.0,1.5629847054959902,0.1819848267434413,0.0961560339318318,1.291718372359488,2.097042244784114,1.148028391391759,2.8494050302536764,8.503881452773456,0.0,0.0,87.51113775850962,0.0,0.0,0.0,0.0,0.0,0.0,0.22925374562292117,0.022705384343131896,0.0,0.11916794968008697,0.0,0.0961560339318318,,,,,,,,,,,,,,,,,,,,,,,,,,,,,,,,,,,,,,,,,,,,,,,,,,,,,,,,,,,,,,,,,,,,,,,,,,,,,,,,,,,,,,,,,,,,,,,,,,,,,,,,,,,,,,,,,,,,,,,,,,,,,,,,,,,,,,,,,,,,,,,,,,,,,,,,,,,,,,,,,,,,,,,,,,,,,,,,,,,,,,,,,,,,,,,,,,,,,,,,,,,,,,,,,,,,,,,,,,,,,,,,,,,,,,,,,,,,,,,,,,,,,,,,,,,,,,,,,,,,,,,,,,,,,,5.964214711729622,88.07157057654076,42.54473161033797,8.946322067594433,48.70775347912525
Mirza Cihan,Gaziantep,FW,0.0,0.0,0.0,FW,True,False,Gaziantep,,Merkez Orta Saha,Merkez Orta Saha,,MID,0.0,0.0,0.0,0.0,0.0,0.0,1.0416010523818495,0.1241152880888249,0.1381016264591762,2.932185969284694,1.6761438040202976,1.9276198799136048,2.974875999501446,3.820911785513768,0.0,0.0,85.52794722108814,0.0,0.0,0.0,0.0,0.0,0.0,0.2311285237277895,0.023270540505397282,0.0,0.1202183699649742,0.0,0.1381016264591762,,,,,,,,,,,,,,,,,,,,,,,,,,,,,,,,,,,,,,,,,,,,,,,,,,,,,,,,,,,,,,,,,,,,,,,,,,,,,,,,,,,,,,,,,,,,,,,,,,,,,,,,,,,,,,,,,,,,,,,,,,,,,,,,,,,,,,,,,,,,,,,,,,,,,,,,,,,,,,,,,,,,,,,,,,,,,,,,,,,,,,,,,,,,,,,,,,,,,,,,,,,,,,,,,,,,,,,,,,,,,,,,,,,,,,,,,,,,,,,,,,,,,,,,,,,,,,,,,,,,,,,,,,,,,,5.964214711729622,88.86679920477137,43.93638170974155,8.946322067594433,48.70775347912525
Sokratis Dioudis,Gaziantep,GK,0.0,0.0,0.0,GK,False,False,Gaziantep,,Merkez Orta Saha,Merkez Orta Saha,,MID,0.0,0.0,0.0,0.0,0.0,0.0,1.2336611858559952,0.1092126756537948,0.1476398624885909,2.5785109938523654,1.58749925240281,0.6012538200257329,6.452047586096643,8.667274854121318,0.0,0.0,87.0031891672661,0.0,0.0,0.0,0.0,0.0,0.0,0.2215390391230621,0.024688483842734504,0.0,0.11570721633007795,0.0,0.1476398624885909,,,,,,,,,,,,,,,,,,,,,,,,,,,,,,,,,,,,,,,,,,,,,,,,,,,,,,,,,,,,,,,,,,,,,,,,,,,,,,,,,,,,,,,,,,,,,,,,,,,,,,,,,,,,,,,,,,,,,,,,,,,,,,,,,,,,,,,,,,,,,,,,,,,,,,,,,,,,,,,,,,,,,,,,,,,,,,,,,,,,,,,,,,,,,,,,,,,,,,,,,,,,,,,,,,,,,,,,,,,,,,,,,,,,,,,,,,,,,,,,,,,,,,,,,,,,,,,,,,,,,,,,,,,,,,5.964214711729622,85.2882703777336,46.71968190854871,8.34990059642147,48.70775347912525
Rob Nizet,Gaziantep,DF,0.0,0.0,0.0,DF,False,True,Gaziantep,Sol Bek,Ofansif Bek (Hücum),Ofansif Bek,Hücum,FB,1.4271531872686132,0.0,0.0,46.4475706761235,0.0,7.983716446726374,0.0,0.0,0.0,1.4909678285971135,0.0,0.0,0.0,0.0,0.0,0.0,84.71892194229126,0.0,0.0,0.0,0.0,0.0,0.15718212686922817,0.12894209269918327,0.017033613649370075,0.0,0.12068041397424308,0.0,0.0,,,,,,,,,,,,,,,,,,,,,,,,,,,,,,,,,,,,,,,,,,,,,,,,,,,,,,,,,,,,,,,,,,,,,,,,,,,,,,,,,,,,,,,,,,,,,,,,,,,,,,,,,,,,,,,,,,,,,,,,,,,,,,,,,,,,,,,,,,,,,,,,,,,,,,,,,,,,,,,,,,,,,,,,,,,,,,,,,,,,,,,,,,,,,,,,,,,,,,,,,,,,,,,,,,,,,,,,,,,,,,,,,,,,,,,,,,,,,,,,,,,,,,,,,,,,,,,,,,,,,,,,,,,,,,11.320754716981133,5.660377358490567,25.157232704402517,7.547169811320755,50.943396226415096
İbrahim Alkış,Gaziantep,GK,0.0,0.0,0.0,GK,False,False,Gaziantep,,Merkez Orta Saha,Merkez Orta Saha,,MID,0.0,0.0,0.0,0.0,0.0,0.0,1.3391253350601549,0.1823770571630991,0.143857376342941,2.145128434423476,1.4224088466780282,1.2780514915708925,5.749888992260354,5.676034637747734,0.0,0.0,79.8245828090939,0.0,0.0,0.0,0.0,0.0,0.0,0.2130195796147908,0.02450836949037788,0.0,0.11141146370547098,0.0,0.143857376342941,,,,,,,,,,,,,,,,,,,,,,,,,,,,,,,,,,,,,,,,,,,,,,,,,,,,,,,,,,,,,,,,,,,,,,,,,,,,,,,,,,,,,,,,,,,,,,,,,,,,,,,,,,,,,,,,,,,,,,,,,,,,,,,,,,,,,,,,,,,,,,,,,,,,,,,,,,,,,,,,,,,,,,,,,,,,,,,,,,,,,,,,,,,,,,,,,,,,,,,,,,,,,,,,,,,,,,,,,,,,,,,,,,,,,,,,,,,,,,,,,,,,,,,,,,,,,,,,,,,,,,,,,,,,,,5.964214711729622,82.10735586481114,46.52087475149106,7.3558648111332,48.70775347912525
Onur Başyiğit,Gaziantep,DF,0.0,0.0,0.0,DF,False,True,Gaziantep,,Merkez Orta Saha,Merkez Orta Saha,,MID,0.0,0.0,0.0,0.0,0.0,0.0,1.6612481000572965,0.1913782247477774,0.3176638508947942,2.2994815875316044,2.86724092469799,0.7690470230183157,6.541142443501615,4.110797573031718,0.0,0.0,83.49988313505091,0.0,0.0,0.0,0.0,0.0,0.0,0.27071364517529367,0.03506773900519375,0.0,0.14237037038868558,0.0,0.3176638508947942,,,,,,,,,,,,,,,,,,,,,,,,,,,,,,,,,,,,,,,,,,,,,,,,,,,,,,,,,,,,,,,,,,,,,,,,,,,,,,,,,,,,,,,,,,,,,,,,,,,,,,,,,,,,,,,,,,,,,,,,,,,,,,,,,,,,,,,,,,,,,,,,,,,,,,,,,,,,,,,,,,,,,,,,,,,,,,,,,,,,,,,,,,,,,,,,,,,,,,,,,,,,,,,,,,,,,,,,,,,,,,,,,,,,,,,,,,,,,,,,,,,,,,,,,,,,,,,,,,,,,,,,,,,,,,5.964214711729622,96.02385685884693,65.20874751491054,13.518886679920477,48.70775347912525
Kuzey Bulgulu,Gaziantep,NAN,0.0,0.0,0.0,NAN,False,False,Gaziantep,,Merkez Orta Saha,Merkez Orta Saha,,MID,0.0,0.0,0.0,0.0,0.0,0.0,1.4829267981626453,0.0397270419173383,0.2499114255633997,2.7418448013351124,3.343965567241915,1.9276198799136048,5.793576605819604,6.251405684270149,0.0,0.0,82.21463264818537,0.0,0.0,0.0,0.0,0.0,0.0,0.2933561640524393,0.031680337007500226,0.0,0.1530141494277197,0.0,0.2499114255633997,,,,,,,,,,,,,,,,,,,,,,,,,,,,,,,,,,,,,,,,,,,,,,,,,,,,,,,,,,,,,,,,,,,,,,,,,,,,,,,,,,,,,,,,,,,,,,,,,,,,,,,,,,,,,,,,,,,,,,,,,,,,,,,,,,,,,,,,,,,,,,,,,,,,,,,,,,,,,,,,,,,,,,,,,,,,,,,,,,,,,,,,,,,,,,,,,,,,,,,,,,,,,,,,,,,,,,,,,,,,,,,,,,,,,,,,,,,,,,,,,,,,,,,,,,,,,,,,,,,,,,,,,,,,,,5.964214711729622,97.21669980119285,60.63618290258449,19.08548707753479,48.70775347912525
Muhammet Güneş,Gaziantep,MF,0.0,0.0,0.0,MF,True,True,Gaziantep,,Merkez Orta Saha,Merkez Orta Saha,,MID,0.0,0.0,0.0,0.0,0.0,0.0,2.3307231437502764,0.1525562873694103,0.2127668249317463,1.4168278015945066,2.734895198261082,0.6699552570911963,4.98577652995151,8.23767501525845,0.0,0.0,79.1253183150842,0.0,0.0,0.0,0.0,0.0,0.0,0.24453387261321408,0.035359973938758886,0.0,0.12933893109435882,0.0,0.2127668249317463,,,,,,,,,,,,,,,,,,,,,,,,,,,,,,,,,,,,,,,,,,,,,,,,,,,,,,,,,,,,,,,,,,,,,,,,,,,,,,,,,,,,,,,,,,,,,,,,,,,,,,,,,,,,,,,,,,,,,,,,,,,,,,,,,,,,,,,,,,,,,,,,,,,,,,,,,,,,,,,,,,,,,,,,,,,,,,,,,,,,,,,,,,,,,,,,,,,,,,,,,,,,,,,,,,,,,,,,,,,,,,,,,,,,,,,,,,,,,,,,,,,,,,,,,,,,,,,,,,,,,,,,,,,,,,5.964214711729622,92.2465208747515,65.60636182902584,10.337972166998012,48.70775347912525
Berke Özçelik,Gaziantep,MF,0.0,0.0,0.0,MF,True,True,Gaziantep,,Merkez Orta Saha,Merkez Orta Saha,,MID,0.0,0.0,0.0,0.0,0.0,0.0,1.4436233141022434,0.0338385205694213,0.1082804512519737,3.490101573353204,1.440888128764629,1.105401503542387,5.270663685139368,7.393349318457367,0.0,0.0,83.83356582257909,0.0,0.0,0.0,0.0,0.0,0.0,0.21439506927221083,0.027492705124484394,0.0,0.11269607566100229,0.0,0.1082804512519737,,,,,,,,,,,,,,,,,,,,,,,,,,,,,,,,,,,,,,,,,,,,,,,,,,,,,,,,,,,,,,,,,,,,,,,,,,,,,,,,,,,,,,,,,,,,,,,,,,,,,,,,,,,,,,,,,,,,,,,,,,,,,,,,,,,,,,,,,,,,,,,,,,,,,,,,,,,,,,,,,,,,,,,,,,,,,,,,,,,,,,,,,,,,,,,,,,,,,,,,,,,,,,,,,,,,,,,,,,,,,,,,,,,,,,,,,,,,,,,,,,,,,,,,,,,,,,,,,,,,,,,,,,,,,,5.964214711729622,82.30616302186878,51.689860834990064,7.5546719681908545,48.70775347912525
Opponent Total,Gaziantep,NAN,0.0,0.4025,0.0,NAN,False,False,Gaziantep,,Merkez Orta Saha,Merkez Orta Saha,,MID,0.0,0.0,0.0,0.0,0.0,0.0,2.4835318311289565,0.1878437715072614,0.2883266344774531,3.4319415377963143,3.4333713098004126,1.606827477251909,6.445639619700049,7.839366887168699,0.0,0.0,89.04887580411162,0.0,0.0,0.0,0.0,0.0,0.0,0.30736984169850023,0.048973237534878485,0.0,0.16347956835622582,0.0,0.2883266344774531,,,,,,,,,,,,,,,,,,,,,,,,,,,,,,,,,,,,,,,,,,,,,,,,,,,,,,,,,,,,,,,,,,,,,,,,,,,,,,,,,,,,,,,,,,,,,,,,,,,,,,,,,,,,,,,,,,,,,,,,,,,,,,,,,,,,,,,,,,,,,,,,,,,,,,,,,,,,,,,,,,,,,,,,,,,,,,,,,,,,,,,,,,,,,,,,,,,,,,,,,,,,,,,,,,,,,,,,,,,,,,,,,,,,,,,,,,,,,,,,,,,,,,,,,,,,,,,,,,,,,,,,,,,,,,5.964214711729622,97.61431411530815,80.71570576540755,27.037773359840955,48.70775347912525
Dimitris Goutas,genclerbirligi,DF,0.08,0.0,0.08,DF,False,True,Gençlerbirliği,,Merkez Orta Saha,Merkez Orta Saha,,MID,0.0,0.0,0.0,0.0,0.0,0.0,2.1879924112647013,0.1642387890667848,0.3342711790197461,2.5558793531367296,2.9078641214911856,1.556831642041168,4.894033772559703,6.952700200264304,0.0,0.0,78.48070942860834,0.0,0.0,0.0,0.0,0.0,0.0,0.2729281072489453,0.04484046965627869,0.0,0.1454321475557284,0.0,0.3342711790197461,,,,,,,,,,,,,,,,,,,,,,,,,,,,,,,,,,,,,,,,,,,,,,,,,,,,,,,,,,,,,,,,,,,,,,,,,,,,,,,,,,,,,,,,,,,,,,,,,,,,,,,,,,,,,,,,,,,,,,,,,,,,,,,,,,,,,,,,,,,,,,,,,,,,,,,,,,,,,,,,,,,,,,,,,,,,,,,,,,,,,,,,,,,,,,,,,,,,,,,,,,,,,,,,,,,,,,,,,,,,,,,,,,,,,,,,,,,,,,,,,,,,,,,,,,,,,,,,,,,,,,,,,,,,,,5.964214711729622,96.02385685884693,75.94433399602386,15.308151093439365,49.70178926441352
Pedro Pereira,genclerbirligi,DF,0.0,0.0,0.0,DF,False,True,Gençlerbirliği,Sağ Bek,Standart Bek (Destek),Standart Bek,Destek,FB,1.5863090174263514,0.0,0.0,44.272189684751645,0.0,4.285029218688051,0.0,0.0,0.0,0.0,0.0,0.0,0.0,0.0,0.0,0.0,85.74457321024308,0.0,0.0,0.0,0.0,0.0,0.15264543177208434,0.1286168598153646,0.007141715364480087,0.0,0.11633611690354757,0.0,0.0,,,,,,,,,,,,,,,,,,,,,,,,,,,,,,,,,,,,,,,,,,,,,,,,,,,,,,,,,,,,,,,,,,,,,,,,,,,,,,,,,,,,,,,,,,,,,,,,,,,,,,,,,,,,,,,,,,,,,,,,,,,,,,,,,,,,,,,,,,,,,,,,,,,,,,,,,,,,,,,,,,,,,,,,,,,,,,,,,,,,,,,,,,,,,,,,,,,,,,,,,,,,,,,,,,,,,,,,,,,,,,,,,,,,,,,,,,,,,,,,,,,,,,,,,,,,,,,,,,,,,,,,,,,,,,11.320754716981133,5.660377358490567,7.547169811320755,7.547169811320755,50.943396226415096
Göktan Gürpüz,genclerbirligi,FW,0.0,0.21,0.21,MF,True,True,Gençlerbirliği,On Numara,Oyun Kurucu (Destek),Oyun Kurucu,Destek,AM,0.0,0.0,0.0,0.0,0.0,0.0,0.8378720801504053,0.2391536552708645,0.2874193988925793,1.338764617508692,2.1644971183809867,1.1340929553408985,5.161956621641937,7.153659387107115,0.0,0.0,81.49753096192552,0.0,0.0,0.0,0.0,0.0,0.0,0.24434548187264937,0.025322408300978955,0.0,0.12976946342661838,0.0,0.2874193988925793,,,,,,,,,,,,,,,,,,,,,,,,,,,,,,,,,,,,,,,,,,,,,,,,,,,,,,,,,,,,,,,,,,,,,,,,,,,,,,,,,,,,,,,,,,,,,,,,,,,,,,,,,,,,,,,,,,,,,,,,,,,,,,,,,,,,,,,,,,,,,,,,,,,,,,,,,,,,,,,,,,,,,,,,,,,,,,,,,,,,,,,,,,,,,,,,,,,,,,,,,,,,,,,,,,,,,,,,,,,,,,,,,,,,,,,,,,,,,,,,,,,,,,,,,,,,,,,,,,,,,,,,,,,,,,,,,,
Thalisson Kelven,genclerbirligi,DF,0.1,0.0,0.1,DF,False,True,Gençlerbirliği,,Merkez Orta Saha,Merkez Orta Saha,,MID,0.0,0.0,0.0,0.0,0.0,0.0,2.3542499507522243,0.0172395040891052,0.0166754062591058,2.636616254564487,3.0223908866081888,1.0197862519290777,2.782383580018003,8.095173909391916,0.0,0.0,80.49049123446844,0.0,0.0,0.0,0.0,0.0,0.0,0.23968121078787258,0.034801056394297696,0.0,0.12680081667279583,0.0,0.0166754062591058,,,,,,,,,,,,,,,,,,,,,,,,,,,,,,,,,,,,,,,,,,,,,,,,,,,,,,,,,,,,,,,,,,,,,,,,,,,,,,,,,,,,,,,,,,,,,,,,,,,,,,,,,,,,,,,,,,,,,,,,,,,,,,,,,,,,,,,,,,,,,,,,,,,,,,,,,,,,,,,,,,,,,,,,,,,,,,,,,,,,,,,,,,,,,,,,,,,,,,,,,,,,,,,,,,,,,,,,,,,,,,,,,,,,,,,,,,,,,,,,,,,,,,,,,,,,,,,,,,,,,,,,,,,,,,5.964214711729622,91.05367793240556,65.00994035785288,10.139165009940358,54.07554671968191
Žan Žužek,genclerbirligi,MF,0.21,0.0,0.21,DF,False,True,Gençlerbirliği,,Merkez Orta Saha,Merkez Orta Saha,,MID,0.0,0.0,0.0,0.0,0.0,0.0,0.6443694355594998,0.0142636802878135,0.2227404795641924,0.9949357042437748,1.7797149377284986,1.096418567829306,4.369606100580514,4.498008053155115,0.0,0.0,80.85775984398836,0.0,0.0,0.0,0.0,0.0,0.0,0.22329609271245876,0.02624065279877213,0.0,0.11689617691598381,0.0,0.2227404795641924,,,,,,,,,,,,,,,,,,,,,,,,,,,,,,,,,,,,,,,,,,,,,,,,,,,,,,,,,,,,,,,,,,,,,,,,,,,,,,,,,,,,,,,,,,,,,,,,,,,,,,,,,,,,,,,,,,,,,,,,,,,,,,,,,,,,,,,,,,,,,,,,,,,,,,,,,,,,,,,,,,,,,,,,,,,,,,,,,,,,,,,,,,,,,,,,,,,,,,,,,,,,,,,,,,,,,,,,,,,,,,,,,,,,,,,,,,,,,,,,,,,,,,,,,,,,,,,,,,,,,,,,,,,,,,5.964214711729622,86.87872763419483,49.50298210735586,8.747514910536779,66.79920477137176
Matěj Hanousek,genclerbirligi,DF,0.0,0.0,0.0,DF,False,True,Gençlerbirliği,,Merkez Orta Saha,Merkez Orta Saha,,MID,0.0,0.0,0.0,0.0,0.0,0.0,2.1166443878315024,0.0705467686733,0.0178973835047352,0.926837998108643,2.035576625482632,0.8964143947379589,5.581985559790494,5.936549781858843,0.0,0.0,88.9012146225525,0.0,0.0,0.0,0.0,0.0,0.0,0.2272016314767632,0.02419943421377604,0.0,0.11844070258113681,0.0,0.0178973835047352,,,,,,,,,,,,,,,,,,,,,,,,,,,,,,,,,,,,,,,,,,,,,,,,,,,,,,,,,,,,,,,,,,,,,,,,,,,,,,,,,,,,,,,,,,,,,,,,,,,,,,,,,,,,,,,,,,,,,,,,,,,,,,,,,,,,,,,,,,,,,,,,,,,,,,,,,,,,,,,,,,,,,,,,,,,,,,,,,,,,,,,,,,,,,,,,,,,,,,,,,,,,,,,,,,,,,,,,,,,,,,,,,,,,,,,,,,,,,,,,,,,,,,,,,,,,,,,,,,,,,,,,,,,,,,5.964214711729622,87.8727634194831,46.12326043737575,8.747514910536779,48.70775347912525
M'Baye Niang,genclerbirligi,FW,0.25,0.25,0.5,FW,True,False,Gençlerbirliği,Santrafor,Pivot Santrafor (Hücum),Pivot Santrafor,Hücum,FWD,0.0,0.0,0.0,0.0,0.0,0.0,3.870724849939508,0.0,0.0,0.0,0.0,0.0,0.0,3.1135117261813545,6.416222325967361,0.6847975738168204,0.0,0.0,0.0,0.0,0.0,0.0,0.0,0.0,0.0823344109456142,0.0,0.06586752875649136,0.6847975738168204,0.0,,,,,,,,,,,,,,,,,,,,,,,,,,,,,,,,,,,,,,,,,,,,,,,,,,,,,,,,,,,,,,,,,,,,,,,,,,,,,,,,,,,,,,,,,,,,,,,,,,,,,,,,,,,,,,,,,,,,,,,,,,,,,,,,,,,,,,,,,,,,,,,,,,,,,,,,,,,,,,,,,,,,,,,,,,,,,,,,,,,,,,,,,,,,,,,,,,,,,,,,,,,,,,,,,,,,,,,,,,,,,,,,,,,,,,,,,,,,,,,,,,,,,,,,,,,,,,,,,,,,,,,,,,,,,,9.809264305177113,2.7247956403269753,78.2016348773842,30.24523160762943,68.66485013623979
Oğulcan Ülgün,genclerbirligi,MF,0.26,0.0,0.26,MF,True,True,Gençlerbirliği,Ön Libero,Defansif Orta Saha (Destek),Defansif Orta Saha,Destek,DM,0.0,0.0,0.0,0.0,0.0,0.0,1.1993089163008182,0.0654264209339764,0.0901625271168026,1.495743798980277,3.7524575293959694,0.8079994080601998,3.354713491581827,4.327256650917613,0.0,0.0,83.61682865081148,0.0,0.0,0.0,0.0,0.0,0.0,0.26926578237181437,0.02973894974513098,0.0,0.14058068113493338,0.0,0.0901625271168026,,,,,,,,,,,,,,,,,,,,,,,,,,,,,,,,,,,,,,,,,,,,,,,,,,,,,,,,,,,,,,,,,,,,,,,,,,,,,,,,,,,,,,,,,,,,,,,,,,,,,,,,,,,,,,,,,,,,,,,,,,,,,,,,,,,,,,,,,,,,,,,,,,,,,,,,,,,,,,,,,,,,,,,,,,,,,,,,,,,,,,,,,,,,,,,,,,,,,,,,,,,,,,,,,,,,,,,,,,,,,,,,,,,,,,,,,,,,,,,,,,,,,,,,,,,,,,,,,,,,,,,,,,,,,,,,,,
Erhan Erentürk,genclerbirligi,GK,0.0,0.0,0.0,GK,False,False,Gençlerbirliği,Kaleci,Kaleci (Savunma),Kaleci,Savunma,GK,0.0,0.0,0.0,0.0,0.0,0.0,0.0,0.0,0.0,0.0,0.0,0.0,0.0,0.0,0.0,0.0,0.0,65.49512863264476,4.684482051282947,69.44429850323898,0.4562646731757538,1.4484587458903693,0.0,0.0,0.0,0.8997065389309713,0.8997065389309713,0.0,0.0,,,,,,,,,,,,,,,,,,,,,,,,,,,,,,,,,,,,,,,,,,,,,,,,,,,,,,,,,,,,,,,,,,,,,,,,,,,,,,,,,,,,,,,,,,,,,,,,,,,,,,,,,,,,,,,,,,,,,,,,,,,,,,,,,,,,,,,,,,,,,,,,,,,,,,,,,,,,,,,,,,,,,,,,,,,,,,,,,,,,,,,,,,,,,,,,,,,,,,,,,,,,,,,,,,,,,,,,,,,,,,,,,,,,,,,,,,,,,,,,,,,,,,,,,,,,,,,,,,,,,,,,,,,,,,4.929577464788732,0.0,83.09859154929578,100.0,96.47887323943662
Franco Tongya,genclerbirligi,FW,0.32,0.0,0.32,MF,True,True,Gençlerbirliği,On Numara,Serbest Oyuncu (Trequartista),Serbest Oyuncu,Trequartista,AM,0.0,0.0,0.0,0.0,0.0,0.0,2.243746072934646,0.0617446997679999,0.02083364512172,2.049081983196154,1.8715135170142607,1.224559546338335,3.0112709026226745,8.667274854121318,0.0,0.0,83.59559295527782,0.0,0.0,0.0,0.0,0.0,0.0,0.21316904493502037,0.04119351149220565,0.0,0.11894257591517188,0.0,0.02083364512172,,,,,,,,,,,,,,,,,,,,,,,,,,,,,,,,,,,,,,,,,,,,,,,,,,,,,,,,,,,,,,,,,,,,,,,,,,,,,,,,,,,,,,,,,,,,,,,,,,,,,,,,,,,,,,,,,,,,,,,,,,,,,,,,,,,,,,,,,,,,,,,,,,,,,,,,,,,,,,,,,,,,,,,,,,,,,,,,,,,,,,,,,,,,,,,,,,,,,,,,,,,,,,,,,,,,,,,,,,,,,,,,,,,,,,,,,,,,,,,,,,,,,,,,,,,,,,,,,,,,,,,,,,,,,,,,,,
Tom Dele-Bashiru,genclerbirligi,MF,0.0,0.16,0.16,MF,True,True,Gençlerbirliği,Merkez Orta Saha,İki Yönlü Orta Saha,İki Yönlü Orta Saha,,MID,2.137348971374591,0.0,0.0,0.0,0.0,0.0,2.222919049225646,0.2265636451302591,0.2113284085322857,3.144335764602628,2.7205868543667195,1.267580855644944,4.473096981730966,8.66435603811968,0.0,0.0,0.0,0.0,0.0,0.0,0.0,0.0,0.026716862142182385,0.13488730179920477,0.040143166245054464,0.0,0.08348734279126799,0.0,0.2113284085322857,,,,,,,,,,,,,,,,,,,,,,,,,,,,,,,,,,,,,,,,,,,,,,,,,,,,,,,,,,,,,,,,,,,,,,,,,,,,,,,,,,,,,,,,,,,,,,,,,,,,,,,,,,,,,,,,,,,,,,,,,,,,,,,,,,,,,,,,,,,,,,,,,,,,,,,,,,,,,,,,,,,,,,,,,,,,,,,,,,,,,,,,,,,,,,,,,,,,,,,,,,,,,,,,,,,,,,,,,,,,,,,,,,,,,,,,,,,,,,,,,,,,,,,,,,,,,,,,,,,,,,,,,,,,,,7.75347912524851,8.34990059642147,71.76938369781311,4.3737574552683895,60.437375745526836
Sekou Koita,genclerbirligi,FW,0.0,0.0,0.0,MF,True,True,Gençlerbirliği,,Merkez Orta Saha,Merkez Orta Saha,,MID,0.0,0.0,0.0,0.0,0.0,0.0,2.0924433402470046,0.0623865499623765,0.2403064697224123,2.763356488369032,2.40996480447381,0.902800634101411,3.5691340411220778,3.2365608682110354,0.0,0.0,87.12690770946338,0.0,0.0,0.0,0.0,0.0,0.0,0.24991743052155108,0.037445083412289124,0.0,0.13244773194323337,0.0,0.2403064697224123,,,,,,,,,,,,,,,,,,,,,,,,,,,,,,,,,,,,,,,,,,,,,,,,,,,,,,,,,,,,,,,,,,,,,,,,,,,,,,,,,,,,,,,,,,,,,,,,,,,,,,,,,,,,,,,,,,,,,,,,,,,,,,,,,,,,,,,,,,,,,,,,,,,,,,,,,,,,,,,,,,,,,,,,,,,,,,,,,,,,,,,,,,,,,,,,,,,,,,,,,,,,,,,,,,,,,,,,,,,,,,,,,,,,,,,,,,,,,,,,,,,,,,,,,,,,,,,,,,,,,,,,,,,,,,5.964214711729622,93.04174950298211,68.98608349900597,10.337972166998012,48.70775347912525
Metehan Mimaroğlu,genclerbirligi,FW,0.2,0.0,0.2,MF,True,True,Gençlerbirliği,Sol Kanat,Çalışkan Kanat Oyuncusu (Destek),Çalışkan Kanat Oyuncusu,Destek,WING,0.0,0.0,0.0,0.0,0.0,8.568210100559213,3.473414552813648,0.0336510649037531,0.3420414376440454,4.517920861271849,0.0,0.0,0.0,0.0,0.0,0.0,0.0,0.0,0.0,0.0,0.0,0.0,0.0,0.03301071608811344,0.08199095535467663,0.0,0.059097788039240005,0.0,0.3420414376440454,,,,,,,,,,,,,,,,,,,,,,,,,,,,,,,,,,,,,,,,,,,,,,,,,,,,,,,,,,,,,,,,,,,,,,,,,,,,,,,,,,,,,,,,,,,,,,,,,,,,,,,,,,,,,,,,,,,,,,,,,,,,,,,,,,,,,,,,,,,,,,,,,,,,,,,,,,,,,,,,,,,,,,,,,,,,,,,,,,,,,,,,,,,,,,,,,,,,,,,,,,,,,,,,,,,,,,,,,,,,,,,,,,,,,,,,,,,,,,,,,,,,,,,,,,,,,,,,,,,,,,,,,,,,,,3.2994923857868024,0.0,83.75634517766497,2.5380710659898478,42.89340101522843
Abdurrahim Dursun,genclerbirligi,DF,0.0,0.0,0.0,MF,True,True,Gençlerbirliği,Sol Bek,Standart Bek (Savunma),Standart Bek,Savunma,FB,2.070700594827386,0.0,0.0,56.71608049811077,0.0,1.5613464325277038,0.0,0.0,0.0,0.0,0.0,0.0,0.0,0.0,0.0,0.0,78.18728507646034,0.0,0.0,0.0,0.0,0.0,0.19603199892967466,0.11728092761469051,0.0026022440542128396,0.0,0.13372072656008704,0.0,0.0,,,,,,,,,,,,,,,,,,,,,,,,,,,,,,,,,,,,,,,,,,,,,,,,,,,,,,,,,,,,,,,,,,,,,,,,,,,,,,,,,,,,,,,,,,,,,,,,,,,,,,,,,,,,,,,,,,,,,,,,,,,,,,,,,,,,,,,,,,,,,,,,,,,,,,,,,,,,,,,,,,,,,,,,,,,,,,,,,,,,,,,,,,,,,,,,,,,,,,,,,,,,,,,,,,,,,,,,,,,,,,,,,,,,,,,,,,,,,,,,,,,,,,,,,,,,,,,,,,,,,,,,,,,,,,15.09433962264151,5.031446540880504,5.031446540880504,10.062893081761008,50.943396226415096
Gökhan Akkan,genclerbirligi,GK,0.0,0.0,0.0,GK,False,False,Gençlerbirliği,Kaleci,Kaleci (Savunma),Kaleci,Savunma,GK,0.0,0.0,0.0,0.0,0.0,0.0,0.0,0.0,0.0,0.0,0.0,0.0,0.0,0.0,0.0,0.0,0.0,63.63890037284232,3.793699936433256,62.39188491876603,0.690808859553496,1.450294566141342,0.0,0.0,0.0,0.8886911810209973,0.8886911810209973,0.0,0.0,,,,,,,,,,,,,,,,,,,,,,,,,,,,,,,,,,,,,,,,,,,,,,,,,,,,,,,,,,,,,,,,,,,,,,,,,,,,,,,,,,,,,,,,,,,,,,,,,,,,,,,,,,,,,,,,,,,,,,,,,,,,,,,,,,,,,,,,,,,,,,,,,,,,,,,,,,,,,,,,,,,,,,,,,,,,,,,,,,,,,,,,,,,,,,,,,,,,,,,,,,,,,,,,,,,,,,,,,,,,,,,,,,,,,,,,,,,,,,,,,,,,,,,,,,,,,,,,,,,,,,,,,,,,,,4.929577464788732,0.0,83.09859154929578,100.0,96.47887323943662
Michał Nalepa,genclerbirligi,FW,0.0,0.0,0.0,MF,True,True,Gençlerbirliği,,Merkez Orta Saha,Merkez Orta Saha,,MID,0.0,0.0,0.0,0.0,0.0,0.0,2.059063916244829,0.0679874315321577,0.0400706733230667,2.805307607239949,3.670423412188044,0.9311924973458752,3.207503139964168,7.233451035094131,0.0,0.0,79.8539064480591,0.0,0.0,0.0,0.0,0.0,0.0,0.26019624729270585,0.029206735113470834,0.0,0.1359394706690471,0.0,0.0400706733230667,,,,,,,,,,,,,,,,,,,,,,,,,,,,,,,,,,,,,,,,,,,,,,,,,,,,,,,,,,,,,,,,,,,,,,,,,,,,,,,,,,,,,,,,,,,,,,,,,,,,,,,,,,,,,,,,,,,,,,,,,,,,,,,,,,,,,,,,,,,,,,,,,,,,,,,,,,,,,,,,,,,,,,,,,,,,,,,,,,,,,,,,,,,,,,,,,,,,,,,,,,,,,,,,,,,,,,,,,,,,,,,,,,,,,,,,,,,,,,,,,,,,,,,,,,,,,,,,,,,,,,,,,,,,,,5.964214711729622,94.63220675944333,55.864811133200796,10.536779324055665,48.70775347912525
Adama Traoré,genclerbirligi,MF,0.0,0.0,0.0,MF,True,True,Gençlerbirliği,,Merkez Orta Saha,Merkez Orta Saha,,MID,0.0,0.0,0.0,0.0,0.0,0.0,1.0398261921058856,0.1898495656044909,0.1343436090657428,1.948832003009804,3.123164050802582,1.4851340952118357,3.0745631851819795,8.551489904493994,0.0,0.0,83.84718424920061,0.0,0.0,0.0,0.0,0.0,0.0,0.26414992761062356,0.02064408629121308,0.0,0.1362037810635544,0.0,0.1343436090657428,,,,,,,,,,,,,,,,,,,,,,,,,,,,,,,,,,,,,,,,,,,,,,,,,,,,,,,,,,,,,,,,,,,,,,,,,,,,,,,,,,,,,,,,,,,,,,,,,,,,,,,,,,,,,,,,,,,,,,,,,,,,,,,,,,,,,,,,,,,,,,,,,,,,,,,,,,,,,,,,,,,,,,,,,,,,,,,,,,,,,,,,,,,,,,,,,,,,,,,,,,,,,,,,,,,,,,,,,,,,,,,,,,,,,,,,,,,,,,,,,,,,,,,,,,,,,,,,,,,,,,,,,,,,,,5.964214711729622,95.2286282306163,38.767395626242546,10.536779324055665,48.70775347912525
Moussa Kyabou,genclerbirligi,MF,0.0,0.0,0.0,MF,True,True,Gençlerbirliği,Ön Libero,Defansif Orta Saha (Savunma),Defansif Orta Saha,Savunma,DM,0.0,0.0,0.0,0.0,0.0,0.0,0.5699304944076296,0.112434960612635,0.1596827781344397,1.7340244798768,1.1866096784941085,1.9276198799136048,4.124254214340435,4.083452070764001,0.0,0.0,83.15982256945271,0.0,0.0,0.0,0.0,0.0,0.0,0.2165672379013289,0.016421677269145885,0.0,0.11156795440449363,0.0,0.1596827781344397,,,,,,,,,,,,,,,,,,,,,,,,,,,,,,,,,,,,,,,,,,,,,,,,,,,,,,,,,,,,,,,,,,,,,,,,,,,,,,,,,,,,,,,,,,,,,,,,,,,,,,,,,,,,,,,,,,,,,,,,,,,,,,,,,,,,,,,,,,,,,,,,,,,,,,,,,,,,,,,,,,,,,,,,,,,,,,,,,,,,,,,,,,,,,,,,,,,,,,,,,,,,,,,,,,,,,,,,,,,,,,,,,,,,,,,,,,,,,,,,,,,,,,,,,,,,,,,,,,,,,,,,,,,,,,,,,,
Dal Varesanovic,genclerbirligi,MF,0.0,0.0,0.0,MF,True,True,Gençlerbirliği,On Numara,Ofansif Orta Saha (Hücum),Ofansif Orta Saha,Hücum,AM,0.0,0.0,0.0,0.0,0.0,0.0,1.246258375406839,0.1941776392387953,0.1291685576163208,1.801804660058428,1.4419091328369111,1.4054558008390623,6.53919256941767,6.407671383315777,0.0,0.0,85.16292828655988,0.0,0.0,0.0,0.0,0.0,0.0,0.2242868215701648,0.022133837708867295,0.0,0.11878356209774259,0.0,0.1291685576163208,,,,,,,,,,,,,,,,,,,,,,,,,,,,,,,,,,,,,,,,,,,,,,,,,,,,,,,,,,,,,,,,,,,,,,,,,,,,,,,,,,,,,,,,,,,,,,,,,,,,,,,,,,,,,,,,,,,,,,,,,,,,,,,,,,,,,,,,,,,,,,,,,,,,,,,,,,,,,,,,,,,,,,,,,,,,,,,,,,,,,,,,,,,,,,,,,,,,,,,,,,,,,,,,,,,,,,,,,,,,,,,,,,,,,,,,,,,,,,,,,,,,,,,,,,,,,,,,,,,,,,,,,,,,,,,,,,
Samed Onur,genclerbirligi,MF,0.0,0.0,0.0,MF,True,True,Gençlerbirliği,Merkez Orta Saha,Standart Orta Saha (Destek),Standart Orta Saha,Destek,MID,0.0,0.0,0.0,0.0,0.0,0.0,0.7644014814716682,0.0163415393910963,0.0423587501698175,3.4666538220873564,1.1272268465434114,0.6154692005974494,4.535298233693592,8.49292978552825,0.0,0.0,89.14603468984694,0.0,0.0,0.0,0.0,0.0,0.0,0.19809580743230987,0.018004999376727775,0.0,0.10264890359150049,0.0,0.0423587501698175,,,,,,,,,,,,,,,,,,,,,,,,,,,,,,,,,,,,,,,,,,,,,,,,,,,,,,,,,,,,,,,,,,,,,,,,,,,,,,,,,,,,,,,,,,,,,,,,,,,,,,,,,,,,,,,,,,,,,,,,,,,,,,,,,,,,,,,,,,,,,,,,,,,,,,,,,,,,,,,,,,,,,,,,,,,,,,,,,,,,,,,,,,,,,,,,,,,,,,,,,,,,,,,,,,,,,,,,,,,,,,,,,,,,,,,,,,,,,,,,,,,,,,,,,,,,,,,,,,,,,,,,,,,,,,5.964214711729622,72.76341948310139,32.60437375745527,6.163021868787276,48.70775347912525
Henry Onyekuru,genclerbirligi,MF,0.0,0.0,0.0,MF,True,True,Gençlerbirliği,Sol Kanat,İçe Kat Eden Oyuncu (Hücum),İçe Kat Eden Oyuncu,Hücum,WING,0.0,0.0,0.0,0.0,0.0,7.731181606388356,1.4393087698084484,0.1572415630237604,0.0417624573400093,2.342252262830084,0.0,0.0,0.0,0.0,0.0,0.0,0.0,0.0,0.0,0.0,0.0,0.0,0.0,0.006268811915738351,0.03480451932607399,0.0,0.0227633551703659,0.0,0.0417624573400093,,,,,,,,,,,,,,,,,,,,,,,,,,,,,,,,,,,,,,,,,,,,,,,,,,,,,,,,,,,,,,,,,,,,,,,,,,,,,,,,,,,,,,,,,,,,,,,,,,,,,,,,,,,,,,,,,,,,,,,,,,,,,,,,,,,,,,,,,,,,,,,,,,,,,,,,,,,,,,,,,,,,,,,,,,,,,,,,,,,,,,,,,,,,,,,,,,,,,,,,,,,,,,,,,,,,,,,,,,,,,,,,,,,,,,,,,,,,,,,,,,,,,,,,,,,,,,,,,,,,,,,,,,,,,,3.2994923857868024,0.0,21.82741116751269,0.25380710659898476,32.48730964467005
Ricardo Velho,genclerbirligi,GK,0.0,0.0,0.0,GK,False,False,Gençlerbirliği,Kaleci,Kaleci (Savunma),Kaleci,Savunma,GK,0.0,0.0,0.0,0.0,0.0,0.0,0.0,0.0,0.0,0.0,0.0,0.0,0.0,0.0,0.0,0.0,0.0,60.82458280396084,4.765622705069351,74.26489574445989,0.7164383499538061,1.3036620261121377,0.0,0.0,0.0,0.9671952258739062,0.9671952258739062,0.0,0.0,,,,,,,,,,,,,,,,,,,,,,,,,,,,,,,,,,,,,,,,,,,,,,,,,,,,,,,,,,,,,,,,,,,,,,,,,,,,,,,,,,,,,,,,,,,,,,,,,,,,,,,,,,,,,,,,,,,,,,,,,,,,,,,,,,,,,,,,,,,,,,,,,,,,,,,,,,,,,,,,,,,,,,,,,,,,,,,,,,,,,,,,,,,,,,,,,,,,,,,,,,,,,,,,,,,,,,,,,,,,,,,,,,,,,,,,,,,,,,,,,,,,,,,,,,,,,,,,,,,,,,,,,,,,,,4.929577464788732,0.0,83.09859154929578,100.0,96.47887323943662
Daniel Popa,genclerbirligi,FW,0.0,0.0,0.0,FW,True,False,Gençlerbirliği,,Merkez Orta Saha,Merkez Orta Saha,,MID,0.0,0.0,0.0,0.0,0.0,0.0,1.8593972866951696,0.121892798418346,0.1466317265656163,0.926837998108643,2.8927653706874903,0.6133754207811004,2.939601904076615,3.2036758715147933,0.0,0.0,87.23338672898457,0.0,0.0,0.0,0.0,0.0,0.0,0.248541563860933,0.026776336924847956,0.0,0.1296260493154361,0.0,0.1466317265656163,,,,,,,,,,,,,,,,,,,,,,,,,,,,,,,,,,,,,,,,,,,,,,,,,,,,,,,,,,,,,,,,,,,,,,,,,,,,,,,,,,,,,,,,,,,,,,,,,,,,,,,,,,,,,,,,,,,,,,,,,,,,,,,,,,,,,,,,,,,,,,,,,,,,,,,,,,,,,,,,,,,,,,,,,,,,,,,,,,,,,,,,,,,,,,,,,,,,,,,,,,,,,,,,,,,,,,,,,,,,,,,,,,,,,,,,,,,,,,,,,,,,,,,,,,,,,,,,,,,,,,,,,,,,,,5.964214711729622,93.04174950298211,50.29821073558648,10.337972166998012,48.70775347912525
Fıratcan Üzüm,genclerbirligi,MF,0.0,0.0,0.0,MF,True,True,Gençlerbirliği,Sağ Bek,Standart Bek (Destek),Standart Bek,Destek,FB,0.9491279076858888,0.0,0.0,63.23439972818964,0.0,4.385809166938072,0.0,0.0,0.0,0.0,0.0,0.0,0.0,0.0,0.0,0.0,86.89178635664321,0.0,0.0,0.0,0.0,0.0,0.20156729803064255,0.1303376795349648,0.007309681944896788,0.0,0.14134688926479005,0.0,0.0,,,,,,,,,,,,,,,,,,,,,,,,,,,,,,,,,,,,,,,,,,,,,,,,,,,,,,,,,,,,,,,,,,,,,,,,,,,,,,,,,,,,,,,,,,,,,,,,,,,,,,,,,,,,,,,,,,,,,,,,,,,,,,,,,,,,,,,,,,,,,,,,,,,,,,,,,,,,,,,,,,,,,,,,,,,,,,,,,,,,,,,,,,,,,,,,,,,,,,,,,,,,,,,,,,,,,,,,,,,,,,,,,,,,,,,,,,,,,,,,,,,,,,,,,,,,,,,,,,,,,,,,,,,,,,15.723270440251572,5.660377358490567,7.547169811320755,10.69182389937107,50.943396226415096
Oghenekaro Etebo,genclerbirligi,MF,0.0,0.0,0.0,MF,True,True,Gençlerbirliği,,Merkez Orta Saha,Merkez Orta Saha,,MID,0.0,0.0,0.0,0.0,0.0,0.0,1.1268094257293495,0.0140238381945519,0.2629123167329463,3.140985039530612,2.343020276231255,1.927134831268349,2.3848583469043705,7.18452160348104,0.0,0.0,82.77438843620912,0.0,0.0,0.0,0.0,0.0,0.0,0.2554730050890387,0.029637049525437883,0.0,0.13366391244960693,0.0,0.2629123167329463,,,,,,,,,,,,,,,,,,,,,,,,,,,,,,,,,,,,,,,,,,,,,,,,,,,,,,,,,,,,,,,,,,,,,,,,,,,,,,,,,,,,,,,,,,,,,,,,,,,,,,,,,,,,,,,,,,,,,,,,,,,,,,,,,,,,,,,,,,,,,,,,,,,,,,,,,,,,,,,,,,,,,,,,,,,,,,,,,,,,,,,,,,,,,,,,,,,,,,,,,,,,,,,,,,,,,,,,,,,,,,,,,,,,,,,,,,,,,,,,,,,,,,,,,,,,,,,,,,,,,,,,,,,,,,5.964214711729622,94.03578528827038,56.85884691848907,10.337972166998012,48.70775347912525
Sinan Osmanoğlu,genclerbirligi,DF,0.0,0.0,0.0,DF,False,True,Gençlerbirliği,Stoper,Çakılı Stoper,Çakılı Stoper,,CB,2.1507993963185355,1.665110379120751,4.237822591684085,59.70424815516305,77.16145929257792,0.0,0.0,0.0,0.0,0.0,0.0,0.0,2.0387682031757746,0.0,0.0,0.0,82.53204289809267,0.0,0.0,0.0,0.0,0.0,0.4271535357621429,0.12991436895666633,0.0,0.0,0.32499034882483324,0.0,0.0,,,,,,,,,,,,,,,,,,,,,,,,,,,,,,,,,,,,,,,,,,,,,,,,,,,,,,,,,,,,,,,,,,,,,,,,,,,,,,,,,,,,,,,,,,,,,,,,,,,,,,,,,,,,,,,,,,,,,,,,,,,,,,,,,,,,,,,,,,,,,,,,,,,,,,,,,,,,,,,,,,,,,,,,,,,,,,,,,,,,,,,,,,,,,,,,,,,,,,,,,,,,,,,,,,,,,,,,,,,,,,,,,,,,,,,,,,,,,,,,,,,,,,,,,,,,,,,,,,,,,,,,,,,,,,77.95698924731182,10.21505376344086,7.526881720430108,74.05913978494624,60.08064516129033
Kevin Csoboth,genclerbirligi,FW,0.0,0.0,0.0,FW,True,False,Gençlerbirliği,Sol Kanat,Kanat Oyuncusu (Hücum),Kanat Oyuncusu,Hücum,WING,0.0,0.0,0.0,0.0,0.0,8.576278388994181,3.498789146722684,0.0400982254891506,0.1055629712790187,4.088334979084974,0.0,0.0,0.0,0.0,0.0,0.0,0.0,0.0,0.0,0.0,0.0,0.0,0.0,0.013555456426177715,0.06372504508109034,0.0,0.04230166397650752,0.0,0.1055629712790187,,,,,,,,,,,,,,,,,,,,,,,,,,,,,,,,,,,,,,,,,,,,,,,,,,,,,,,,,,,,,,,,,,,,,,,,,,,,,,,,,,,,,,,,,,,,,,,,,,,,,,,,,,,,,,,,,,,,,,,,,,,,,,,,,,,,,,,,,,,,,,,,,,,,,,,,,,,,,,,,,,,,,,,,,,,,,,,,,,,,,,,,,,,,,,,,,,,,,,,,,,,,,,,,,,,,,,,,,,,,,,,,,,,,,,,,,,,,,,,,,,,,,,,,,,,,,,,,,,,,,,,,,,,,,,3.2994923857868024,0.0,65.73604060913706,1.015228426395939,32.48730964467005
Dilhan Demir,genclerbirligi,MF,0.0,0.0,0.0,MF,True,True,Gençlerbirliği,Sağ Kanat,Kanat Oyuncusu (Destek),Kanat Oyuncusu,Destek,WING,0.0,0.0,0.0,0.0,0.0,3.817695872652898,2.620889595370921,0.0140238381945519,0.3420414376440454,2.58179242582248,0.0,0.0,0.0,0.0,0.0,0.0,0.0,0.0,0.0,0.0,0.0,0.0,0.0,0.03059055554380173,0.05270786097844872,0.0,0.04080188325020975,0.0,0.3420414376440454,,,,,,,,,,,,,,,,,,,,,,,,,,,,,,,,,,,,,,,,,,,,,,,,,,,,,,,,,,,,,,,,,,,,,,,,,,,,,,,,,,,,,,,,,,,,,,,,,,,,,,,,,,,,,,,,,,,,,,,,,,,,,,,,,,,,,,,,,,,,,,,,,,,,,,,,,,,,,,,,,,,,,,,,,,,,,,,,,,,,,,,,,,,,,,,,,,,,,,,,,,,,,,,,,,,,,,,,,,,,,,,,,,,,,,,,,,,,,,,,,,,,,,,,,,,,,,,,,,,,,,,,,,,,,,3.2994923857868024,0.0,45.68527918781726,0.7614213197969544,32.48730964467005
Furkan Ayaz,genclerbirligi,NAN,0.0,0.0,0.0,NAN,False,False,Gençlerbirliği,,Merkez Orta Saha,Merkez Orta Saha,,MID,0.0,0.0,0.0,0.0,0.0,0.0,2.4487814218058213,0.0156633008638386,0.0248526825866394,2.362423603145462,1.4028245527068266,0.9459361854610004,5.480780725689626,4.784094044235305,0.0,0.0,87.93063662728856,0.0,0.0,0.0,0.0,0.0,0.0,0.2095533205919845,0.031387980529387446,0.0,0.11105425640186974,0.0,0.0248526825866394,,,,,,,,,,,,,,,,,,,,,,,,,,,,,,,,,,,,,,,,,,,,,,,,,,,,,,,,,,,,,,,,,,,,,,,,,,,,,,,,,,,,,,,,,,,,,,,,,,,,,,,,,,,,,,,,,,,,,,,,,,,,,,,,,,,,,,,,,,,,,,,,,,,,,,,,,,,,,,,,,,,,,,,,,,,,,,,,,,,,,,,,,,,,,,,,,,,,,,,,,,,,,,,,,,,,,,,,,,,,,,,,,,,,,,,,,,,,,,,,,,,,,,,,,,,,,,,,,,,,,,,,,,,,,,5.964214711729622,80.31809145129225,60.238568588469185,7.3558648111332,48.70775347912525
Mehmet Akbal,genclerbirligi,MF,0.0,0.0,0.0,MF,True,True,Gençlerbirliği,,Merkez Orta Saha,Merkez Orta Saha,,MID,0.0,0.0,0.0,0.0,0.0,0.0,1.7460413624251974,0.2266093633361027,0.0280630049286662,1.9842616318118944,3.873802363170311,0.6381004791237131,3.913993822181939,8.546377172259183,0.0,0.0,80.04850035974977,0.0,0.0,0.0,0.0,0.0,0.0,0.26232567752219366,0.023543587900928357,0.0,0.1358715563412825,0.0,0.0280630049286662,,,,,,,,,,,,,,,,,,,,,,,,,,,,,,,,,,,,,,,,,,,,,,,,,,,,,,,,,,,,,,,,,,,,,,,,,,,,,,,,,,,,,,,,,,,,,,,,,,,,,,,,,,,,,,,,,,,,,,,,,,,,,,,,,,,,,,,,,,,,,,,,,,,,,,,,,,,,,,,,,,,,,,,,,,,,,,,,,,,,,,,,,,,,,,,,,,,,,,,,,,,,,,,,,,,,,,,,,,,,,,,,,,,,,,,,,,,,,,,,,,,,,,,,,,,,,,,,,,,,,,,,,,,,,,5.964214711729622,95.02982107355865,44.731610337972164,10.536779324055665,48.70775347912525
Yiğit Aydar,genclerbirligi,DF,0.0,0.0,0.0,DF,False,True,Gençlerbirliği,,Merkez Orta Saha,Merkez Orta Saha,,MID,0.0,0.0,0.0,0.0,0.0,0.0,2.127209183632158,0.0348113427793987,0.1241699521425944,2.758195683120869,2.5889791718368595,1.3985668807255722,6.109154732926797,8.667274854121318,0.0,0.0,78.36556423570752,0.0,0.0,0.0,0.0,0.0,0.0,0.2479050296936397,0.033134379129827536,0.0,0.13057939067278534,0.0,0.1241699521425944,,,,,,,,,,,,,,,,,,,,,,,,,,,,,,,,,,,,,,,,,,,,,,,,,,,,,,,,,,,,,,,,,,,,,,,,,,,,,,,,,,,,,,,,,,,,,,,,,,,,,,,,,,,,,,,,,,,,,,,,,,,,,,,,,,,,,,,,,,,,,,,,,,,,,,,,,,,,,,,,,,,,,,,,,,,,,,,,,,,,,,,,,,,,,,,,,,,,,,,,,,,,,,,,,,,,,,,,,,,,,,,,,,,,,,,,,,,,,,,,,,,,,,,,,,,,,,,,,,,,,,,,,,,,,,5.964214711729622,93.04174950298211,62.62425447316103,10.337972166998012,48.70775347912525
Ebrar Aydın,genclerbirligi,GK,0.0,0.0,0.0,GK,False,False,Gençlerbirliği,,Merkez Orta Saha,Merkez Orta Saha,,MID,0.0,0.0,0.0,0.0,0.0,0.0,0.6783018127578817,0.1331051705688042,0.3296039990666237,2.1140061418466978,1.7256798823386674,1.435473167435399,5.2975538432038505,8.665598934680602,0.0,0.0,80.45338046957127,0.0,0.0,0.0,0.0,0.0,0.0,0.23888605381829772,0.025252193444860512,0.0,0.12449346559812097,0.0,0.3296039990666237,,,,,,,,,,,,,,,,,,,,,,,,,,,,,,,,,,,,,,,,,,,,,,,,,,,,,,,,,,,,,,,,,,,,,,,,,,,,,,,,,,,,,,,,,,,,,,,,,,,,,,,,,,,,,,,,,,,,,,,,,,,,,,,,,,,,,,,,,,,,,,,,,,,,,,,,,,,,,,,,,,,,,,,,,,,,,,,,,,,,,,,,,,,,,,,,,,,,,,,,,,,,,,,,,,,,,,,,,,,,,,,,,,,,,,,,,,,,,,,,,,,,,,,,,,,,,,,,,,,,,,,,,,,,,,5.964214711729622,90.85487077534792,48.111332007952285,9.940357852882704,48.70775347912525
Mikail Okyar,genclerbirligi,MF,0.0,0.0,0.0,MF,True,True,Gençlerbirliği,,Merkez Orta Saha,Merkez Orta Saha,,MID,0.0,0.0,0.0,0.0,0.0,0.0,2.2102304127725074,0.1027739006501766,0.2340004263530199,3.158242742820484,2.5018107134641228,1.4727572301780325,5.9812072527068425,5.845285299944782,0.0,0.0,82.08493867337111,0.0,0.0,0.0,0.0,0.0,0.0,0.2608845471615386,0.03935792803889708,0.0,0.13831385918854872,0.0,0.2340004263530199,,,,,,,,,,,,,,,,,,,,,,,,,,,,,,,,,,,,,,,,,,,,,,,,,,,,,,,,,,,,,,,,,,,,,,,,,,,,,,,,,,,,,,,,,,,,,,,,,,,,,,,,,,,,,,,,,,,,,,,,,,,,,,,,,,,,,,,,,,,,,,,,,,,,,,,,,,,,,,,,,,,,,,,,,,,,,,,,,,,,,,,,,,,,,,,,,,,,,,,,,,,,,,,,,,,,,,,,,,,,,,,,,,,,,,,,,,,,,,,,,,,,,,,,,,,,,,,,,,,,,,,,,,,,,,5.964214711729622,94.83101391650099,70.9741550695825,11.530815109343937,48.70775347912525
Yusuf Temel,genclerbirligi,FW,0.0,0.0,0.0,FW,True,False,Gençlerbirliği,,Merkez Orta Saha,Merkez Orta Saha,,MID,0.0,0.0,0.0,0.0,0.0,0.0,2.337790100078128,0.0868358315647106,0.2375344848353976,3.2318950328303986,3.0388609982053234,0.901103041786312,3.359730197092244,8.17225590593588,0.0,0.0,84.12696908951472,0.0,0.0,0.0,0.0,0.0,0.0,0.263994647376373,0.04095901797627318,0.0,0.14018912728344116,0.0,0.2375344848353976,,,,,,,,,,,,,,,,,,,,,,,,,,,,,,,,,,,,,,,,,,,,,,,,,,,,,,,,,,,,,,,,,,,,,,,,,,,,,,,,,,,,,,,,,,,,,,,,,,,,,,,,,,,,,,,,,,,,,,,,,,,,,,,,,,,,,,,,,,,,,,,,,,,,,,,,,,,,,,,,,,,,,,,,,,,,,,,,,,,,,,,,,,,,,,,,,,,,,,,,,,,,,,,,,,,,,,,,,,,,,,,,,,,,,,,,,,,,,,,,,,,,,,,,,,,,,,,,,,,,,,,,,,,,,,5.964214711729622,95.2286282306163,71.96819085487077,12.326043737574553,48.70775347912525
Opponent Total,genclerbirligi,NAN,0.0,0.4025,0.0,NAN,False,False,Gençlerbirliği,,Merkez Orta Saha,Merkez Orta Saha,,MID,0.0,0.0,0.0,0.0,0.0,0.0,1.4228300295197656,0.2249583364218181,0.1266719967932527,1.9386465025583297,1.2287176539206934,0.5834547459142635,5.46179461230529,8.067296391210423,0.0,0.0,85.3815496864944,0.0,0.0,0.0,0.0,0.0,0.0,0.20262812704465033,0.028166796423323592,0.0,0.10694742280698988,0.0,0.1266719967932527,,,,,,,,,,,,,,,,,,,,,,,,,,,,,,,,,,,,,,,,,,,,,,,,,,,,,,,,,,,,,,,,,,,,,,,,,,,,,,,,,,,,,,,,,,,,,,,,,,,,,,,,,,,,,,,,,,,,,,,,,,,,,,,,,,,,,,,,,,,,,,,,,,,,,,,,,,,,,,,,,,,,,,,,,,,,,,,,,,,,,,,,,,,,,,,,,,,,,,,,,,,,,,,,,,,,,,,,,,,,,,,,,,,,,,,,,,,,,,,,,,,,,,,,,,,,,,,,,,,,,,,,,,,,,,5.964214711729622,77.13717693836978,53.28031809145129,6.759443339960239,48.70775347912525
Héliton,Göztepe,DF,0.0,0.08,0.08,DF,False,True,Göztepe,Stoper,Standart Stoper (Durdurucu),Standart Stoper,Durdurucu,CB,2.9929828102360485,1.514845479529625,10.83050315627883,66.08220546105883,52.73860030358401,0.0,0.0,0.0,0.0,0.0,0.0,0.0,2.405981925982379,0.0,0.0,0.0,78.18728507646034,0.0,0.0,0.0,0.0,0.0,0.4397087566452793,0.12449887339263765,0.0008,0.0,0.3327759043302231,0.0,0.0,,,,,,,,,,,,,,,,,,,,,,,,,,,,,,,,,,,,,,,,,,,,,,,,,,,,,,,,,,,,,,,,,,,,,,,,,,,,,,,,,,,,,,,,,,,,,,,,,,,,,,,,,,,,,,,,,,,,,,,,,,,,,,,,,,,,,,,,,,,,,,,,,,,,,,,,,,,,,,,,,,,,,,,,,,,,,,,,,,,,,,,,,,,,,,,,,,,,,,,,,,,,,,,,,,,,,,,,,,,,,,,,,,,,,,,,,,,,,,,,,,,,,,,,,,,,,,,,,,,,,,,,,,,,,,81.58602150537635,7.39247311827957,7.795698924731183,77.95698924731182,62.76881720430107
Mateusz Lis,Göztepe,GK,0.0,0.0,0.0,GK,False,False,Göztepe,Kaleci,Kaleci (Savunma),Kaleci,Savunma,GK,0.0,0.0,0.0,0.0,0.0,0.0,0.0,0.0,0.0,0.0,0.0,0.0,0.0,0.0,0.0,0.0,0.0,67.23705789444759,2.2654775061557584,75.21570097233794,0.2630546733937066,0.6354346550816125,0.0,0.0,0.0,0.8089195266848412,0.8089195266848412,0.0,0.0,,,,,,,,,,,,,,,,,,,,,,,,,,,,,,,,,,,,,,,,,,,,,,,,,,,,,,,,,,,,,,,,,,,,,,,,,,,,,,,,,,,,,,,,,,,,,,,,,,,,,,,,,,,,,,,,,,,,,,,,,,,,,,,,,,,,,,,,,,,,,,,,,,,,,,,,,,,,,,,,,,,,,,,,,,,,,,,,,,,,,,,,,,,,,,,,,,,,,,,,,,,,,,,,,,,,,,,,,,,,,,,,,,,,,,,,,,,,,,,,,,,,,,,,,,,,,,,,,,,,,,,,,,,,,,4.929577464788732,0.0,83.09859154929578,100.0,96.47887323943662
Amine Cherni,Göztepe,MF,0.0,0.17,0.17,MF,True,True,Göztepe,Sol Bek,Ofansif Bek (Hücum),Ofansif Bek,Hücum,FB,1.2291428053848352,0.0,0.0,53.919072325348246,0.0,8.576278388994181,0.0,0.0,0.0,1.4927973937929788,0.0,0.0,0.0,0.0,0.0,0.0,81.53536507120222,0.0,0.0,0.0,0.0,0.0,0.1771215020433552,0.12416904434904455,0.019725790799472752,0.0,0.1297566224862855,0.0,0.0,,,,,,,,,,,,,,,,,,,,,,,,,,,,,,,,,,,,,,,,,,,,,,,,,,,,,,,,,,,,,,,,,,,,,,,,,,,,,,,,,,,,,,,,,,,,,,,,,,,,,,,,,,,,,,,,,,,,,,,,,,,,,,,,,,,,,,,,,,,,,,,,,,,,,,,,,,,,,,,,,,,,,,,,,,,,,,,,,,,,,,,,,,,,,,,,,,,,,,,,,,,,,,,,,,,,,,,,,,,,,,,,,,,,,,,,,,,,,,,,,,,,,,,,,,,,,,,,,,,,,,,,,,,,,,13.836477987421384,5.660377358490567,33.33333333333333,8.80503144654088,65.40880503144653
Arda Kurtulan,Göztepe,MF,0.0,0.09,0.09,MF,True,True,Göztepe,,Merkez Orta Saha,Merkez Orta Saha,,MID,0.0,0.0,0.0,0.0,0.0,0.0,1.6731311692770523,0.0140238381945519,0.2077812769229884,1.5474350525346394,1.824111445143676,1.9276198799136048,3.320309923468594,4.914602839459533,0.0,0.0,88.92726860657307,0.0,0.0,0.0,0.0,0.0,0.0,0.24554627020278708,0.029811150401026665,0.0,0.12873536518159887,0.0,0.2077812769229884,,,,,,,,,,,,,,,,,,,,,,,,,,,,,,,,,,,,,,,,,,,,,,,,,,,,,,,,,,,,,,,,,,,,,,,,,,,,,,,,,,,,,,,,,,,,,,,,,,,,,,,,,,,,,,,,,,,,,,,,,,,,,,,,,,,,,,,,,,,,,,,,,,,,,,,,,,,,,,,,,,,,,,,,,,,,,,,,,,,,,,,,,,,,,,,,,,,,,,,,,,,,,,,,,,,,,,,,,,,,,,,,,,,,,,,,,,,,,,,,,,,,,,,,,,,,,,,,,,,,,,,,,,,,,,5.964214711729622,92.44532803180915,57.25646123260437,10.337972166998012,52.087475149105366
Janderson,Göztepe,FW,0.09,0.28,0.37,FW,True,False,Göztepe,Forvet,Yaratıcı Forvet,Yaratıcı Forvet,,FWD,0.0,0.0,0.0,0.0,0.0,0.0,4.477559877466008,0.0,0.0,0.0,0.0,0.0,0.0,0.0,4.802269598593174,0.8795571249805885,0.0,0.0,0.0,0.0,0.0,0.0,0.0,0.0,0.09115546809195957,0.0,0.07292437447356766,0.8795571249805885,0.0,,,,,,,,,,,,,,,,,,,,,,,,,,,,,,,,,,,,,,,,,,,,,,,,,,,,,,,,,,,,,,,,,,,,,,,,,,,,,,,,,,,,,,,,,,,,,,,,,,,,,,,,,,,,,,,,,,,,,,,,,,,,,,,,,,,,,,,,,,,,,,,,,,,,,,,,,,,,,,,,,,,,,,,,,,,,,,,,,,,,,,,,,,,,,,,,,,,,,,,,,,,,,,,,,,,,,,,,,,,,,,,,,,,,,,,,,,,,,,,,,,,,,,,,,,,,,,,,,,,,,,,,,,,,,,9.809264305177113,2.7247956403269753,83.10626702997274,40.05449591280654,56.94822888283378
Malcom Bokélé,Göztepe,DF,0.1,0.0,0.1,DF,False,True,Göztepe,,Merkez Orta Saha,Merkez Orta Saha,,MID,0.0,0.0,0.0,0.0,0.0,0.0,2.0061005818962907,0.1659474215438972,0.0166754062591058,2.3993458872020783,3.4208964726519806,0.8763395685366537,6.695342397251458,7.973492844904064,0.0,0.0,84.11824811460549,0.0,0.0,0.0,0.0,0.0,0.0,0.2663686019310029,0.030726386787332336,0.0,0.13932957832296794,0.0,0.0166754062591058,,,,,,,,,,,,,,,,,,,,,,,,,,,,,,,,,,,,,,,,,,,,,,,,,,,,,,,,,,,,,,,,,,,,,,,,,,,,,,,,,,,,,,,,,,,,,,,,,,,,,,,,,,,,,,,,,,,,,,,,,,,,,,,,,,,,,,,,,,,,,,,,,,,,,,,,,,,,,,,,,,,,,,,,,,,,,,,,,,,,,,,,,,,,,,,,,,,,,,,,,,,,,,,,,,,,,,,,,,,,,,,,,,,,,,,,,,,,,,,,,,,,,,,,,,,,,,,,,,,,,,,,,,,,,,5.964214711729622,95.2286282306163,59.24453280318092,11.72962226640159,54.07554671968191
Rhaldney,Göztepe,MF,0.1,0.1,0.2,MF,True,True,Göztepe,Ön Libero,Defansif Orta Saha (Destek),Defansif Orta Saha,Destek,DM,0.0,0.0,0.0,0.0,0.0,0.0,0.7671611172468664,0.2408486085533876,0.2226336162433397,3.263381033165066,2.378994611207984,1.5140394320788213,5.181871407666872,3.222045808292956,0.0,0.0,84.01530773550876,0.0,0.0,0.0,0.0,0.0,0.0,0.2575389212346091,0.02973540840511492,0.0,0.13471654229832752,0.0,0.2226336162433397,,,,,,,,,,,,,,,,,,,,,,,,,,,,,,,,,,,,,,,,,,,,,,,,,,,,,,,,,,,,,,,,,,,,,,,,,,,,,,,,,,,,,,,,,,,,,,,,,,,,,,,,,,,,,,,,,,,,,,,,,,,,,,,,,,,,,,,,,,,,,,,,,,,,,,,,,,,,,,,,,,,,,,,,,,,,,,,,,,,,,,,,,,,,,,,,,,,,,,,,,,,,,,,,,,,,,,,,,,,,,,,,,,,,,,,,,,,,,,,,,,,,,,,,,,,,,,,,,,,,,,,,,,,,,,,,,,
Juan Santos,Göztepe,FW,0.52,0.0,0.52,FW,True,False,Göztepe,Santrafor,Fırsatçı Golcü,Fırsatçı Golcü,,FWD,0.0,0.0,0.0,0.0,0.0,0.0,4.6893127695543,0.0,0.0,0.0,0.0,0.0,0.0,0.0,4.560768296228343,0.4773158674302018,0.0,0.0,0.0,0.0,0.0,0.0,0.0,0.0,0.08938930348782491,0.0,0.07151144279025994,0.4773158674302018,0.0,,,,,,,,,,,,,,,,,,,,,,,,,,,,,,,,,,,,,,,,,,,,,,,,,,,,,,,,,,,,,,,,,,,,,,,,,,,,,,,,,,,,,,,,,,,,,,,,,,,,,,,,,,,,,,,,,,,,,,,,,,,,,,,,,,,,,,,,,,,,,,,,,,,,,,,,,,,,,,,,,,,,,,,,,,,,,,,,,,,,,,,,,,,,,,,,,,,,,,,,,,,,,,,,,,,,,,,,,,,,,,,,,,,,,,,,,,,,,,,,,,,,,,,,,,,,,,,,,,,,,,,,,,,,,,9.809264305177113,2.7247956403269753,81.74386920980926,37.87465940054496,70.84468664850137
Anthony Dennis,Göztepe,MF,0.21,0.0,0.21,MF,True,True,Göztepe,Merkez Orta Saha,İki Yönlü Orta Saha,İki Yönlü Orta Saha,,MID,2.1363449249889435,0.0,0.0,0.0,0.0,0.0,1.455388760573229,0.1400420458654604,0.3196504316516828,1.3687879103152998,3.8681414308358,1.5628108594027847,3.0715763883353,6.577619270892319,0.0,0.0,0.0,0.0,0.0,0.0,0.0,0.0,0.026704311562361794,0.17598415440115042,0.03916187464758786,0.0,0.10383574559880132,0.0,0.3196504316516828,,,,,,,,,,,,,,,,,,,,,,,,,,,,,,,,,,,,,,,,,,,,,,,,,,,,,,,,,,,,,,,,,,,,,,,,,,,,,,,,,,,,,,,,,,,,,,,,,,,,,,,,,,,,,,,,,,,,,,,,,,,,,,,,,,,,,,,,,,,,,,,,,,,,,,,,,,,,,,,,,,,,,,,,,,,,,,,,,,,,,,,,,,,,,,,,,,,,,,,,,,,,,,,,,,,,,,,,,,,,,,,,,,,,,,,,,,,,,,,,,,,,,,,,,,,,,,,,,,,,,,,,,,,,,,7.75347912524851,50.49701789264414,70.9741550695825,6.36182902584493,66.79920477137176
Junior Olaitan,Göztepe,MF,0.17,0.0,0.17,MF,True,True,Göztepe,On Numara,Ofansif Orta Saha (Hücum),Ofansif Orta Saha,Hücum,AM,0.0,0.0,0.0,0.0,0.0,0.0,1.2371923583218576,0.2342056155082729,0.2144007139206867,2.482009775621404,2.6397314260968847,1.5599448048180644,3.622559000876711,4.3800530237262185,0.0,0.0,78.60291611787578,0.0,0.0,0.0,0.0,0.0,0.0,0.25161773536780296,0.033952976579099556,0.0,0.13599476065763136,0.0,0.2144007139206867,,,,,,,,,,,,,,,,,,,,,,,,,,,,,,,,,,,,,,,,,,,,,,,,,,,,,,,,,,,,,,,,,,,,,,,,,,,,,,,,,,,,,,,,,,,,,,,,,,,,,,,,,,,,,,,,,,,,,,,,,,,,,,,,,,,,,,,,,,,,,,,,,,,,,,,,,,,,,,,,,,,,,,,,,,,,,,,,,,,,,,,,,,,,,,,,,,,,,,,,,,,,,,,,,,,,,,,,,,,,,,,,,,,,,,,,,,,,,,,,,,,,,,,,,,,,,,,,,,,,,,,,,,,,,,,,,,
Novatus Dismas,Göztepe,DF,0.0,0.15,0.15,MF,True,True,Göztepe,,Merkez Orta Saha,Merkez Orta Saha,,MID,0.0,0.0,0.0,0.0,0.0,0.0,0.7073853835407231,0.0140238381945519,0.3057945077132207,2.5052125942498056,2.298448006628408,1.4150111256192286,3.347559311461364,3.723401314663673,0.0,0.0,78.41893863187468,0.0,0.0,0.0,0.0,0.0,0.0,0.2454447693252067,0.027068665629560576,0.0,0.12813611778851547,0.0,0.3057945077132207,,,,,,,,,,,,,,,,,,,,,,,,,,,,,,,,,,,,,,,,,,,,,,,,,,,,,,,,,,,,,,,,,,,,,,,,,,,,,,,,,,,,,,,,,,,,,,,,,,,,,,,,,,,,,,,,,,,,,,,,,,,,,,,,,,,,,,,,,,,,,,,,,,,,,,,,,,,,,,,,,,,,,,,,,,,,,,,,,,,,,,,,,,,,,,,,,,,,,,,,,,,,,,,,,,,,,,,,,,,,,,,,,,,,,,,,,,,,,,,,,,,,,,,,,,,,,,,,,,,,,,,,,,,,,,5.964214711729622,92.2465208747515,50.89463220675944,10.139165009940358,59.84095427435388
Efkan Bekiroğlu,Göztepe,MF,0.45,0.22,0.6179999999999995,MF,True,True,Göztepe,On Numara,Oyun Kurucu (Destek),Oyun Kurucu,Destek,AM,0.0,0.0,0.0,0.0,0.0,0.0,1.171822286812216,0.1046983297685403,0.2533905694131328,2.779405160521259,1.1316998279290154,0.9693610913204724,2.9546329253582178,3.461719209775255,0.0,0.0,84.61391954299647,0.0,0.0,0.0,0.0,0.0,0.0,0.20802169130194909,0.04900235854595062,0.0,0.11871155321475974,0.0,0.2533905694131328,,,,,,,,,,,,,,,,,,,,,,,,,,,,,,,,,,,,,,,,,,,,,,,,,,,,,,,,,,,,,,,,,,,,,,,,,,,,,,,,,,,,,,,,,,,,,,,,,,,,,,,,,,,,,,,,,,,,,,,,,,,,,,,,,,,,,,,,,,,,,,,,,,,,,,,,,,,,,,,,,,,,,,,,,,,,,,,,,,,,,,,,,,,,,,,,,,,,,,,,,,,,,,,,,,,,,,,,,,,,,,,,,,,,,,,,,,,,,,,,,,,,,,,,,,,,,,,,,,,,,,,,,,,,,,,,,,
Allan Godói,Göztepe,DF,0.0,0.21,0.21,DF,False,True,Göztepe,Stoper,Standart Stoper (Durdurucu),Standart Stoper,Durdurucu,CB,2.7992657980944293,1.4667173150947947,10.687840964097646,61.45632226228791,59.579409127712445,0.0,0.0,0.0,0.0,0.0,0.0,0.0,2.0387682031757746,0.0,0.0,0.0,85.02019902943226,0.0,0.0,0.0,0.0,0.0,0.4395605851763095,0.1336466031536757,0.0021000000000000003,0.0,0.33463173025415177,0.0,0.0,,,,,,,,,,,,,,,,,,,,,,,,,,,,,,,,,,,,,,,,,,,,,,,,,,,,,,,,,,,,,,,,,,,,,,,,,,,,,,,,,,,,,,,,,,,,,,,,,,,,,,,,,,,,,,,,,,,,,,,,,,,,,,,,,,,,,,,,,,,,,,,,,,,,,,,,,,,,,,,,,,,,,,,,,,,,,,,,,,,,,,,,,,,,,,,,,,,,,,,,,,,,,,,,,,,,,,,,,,,,,,,,,,,,,,,,,,,,,,,,,,,,,,,,,,,,,,,,,,,,,,,,,,,,,,81.58602150537635,14.381720430107528,11.29032258064516,79.03225806451613,85.75268817204301
Taha Altıkardeş,Göztepe,DF,0.0,0.0,0.0,DF,False,True,Göztepe,Stoper,Pas Dağıtan Stoper (Sıkı Defans),Pas Dağıtan Stoper,Sıkı Defans,CB,2.799491811915035,0.945557171005792,8.113089001911241,53.111139876213855,68.5095903822343,0.0,0.0,0.0,0.0,0.0,0.0,0.0,6.8003713577826455,0.0,0.0,0.0,87.69049693763857,0.0,0.0,0.0,0.0,0.0,0.4196883032459069,0.15193685947980579,0.0,0.0,0.3241691841680959,0.0,0.0,,,,,,,,,,,,,,,,,,,,,,,,,,,,,,,,,,,,,,,,,,,,,,,,,,,,,,,,,,,,,,,,,,,,,,,,,,,,,,,,,,,,,,,,,,,,,,,,,,,,,,,,,,,,,,,,,,,,,,,,,,,,,,,,,,,,,,,,,,,,,,,,,,,,,,,,,,,,,,,,,,,,,,,,,,,,,,,,,,,,,,,,,,,,,,,,,,,,,,,,,,,,,,,,,,,,,,,,,,,,,,,,,,,,,,,,,,,,,,,,,,,,,,,,,,,,,,,,,,,,,,,,,,,,,,74.46236559139786,49.193548387096776,7.526881720430108,73.52150537634408,60.08064516129033
Furkan Bayır,Göztepe,DF,0.0,0.0,0.0,DF,False,True,Göztepe,Stoper,Standart Stoper (Savunma),Standart Stoper,Savunma,CB,3.198446820988356,1.4727324923858205,9.567793648749584,63.64041973289837,78.00959065461953,0.0,0.0,0.0,0.0,0.0,0.0,0.0,2.0387682031757746,0.0,0.0,0.0,84.04790967215486,0.0,0.0,0.0,0.0,0.0,0.4897111120892623,0.13218816911775963,0.0,0.0,0.3692354122860355,0.0,0.0,,,,,,,,,,,,,,,,,,,,,,,,,,,,,,,,,,,,,,,,,,,,,,,,,,,,,,,,,,,,,,,,,,,,,,,,,,,,,,,,,,,,,,,,,,,,,,,,,,,,,,,,,,,,,,,,,,,,,,,,,,,,,,,,,,,,,,,,,,,,,,,,,,,,,,,,,,,,,,,,,,,,,,,,,,,,,,,,,,,,,,,,,,,,,,,,,,,,,,,,,,,,,,,,,,,,,,,,,,,,,,,,,,,,,,,,,,,,,,,,,,,,,,,,,,,,,,,,,,,,,,,,,,,,,,93.54838709677419,12.365591397849462,7.526881720430108,91.8010752688172,60.08064516129033
Emersonn,Göztepe,FW,0.525,0.0,0.6179999999999995,FW,True,False,Göztepe,,Merkez Orta Saha,Merkez Orta Saha,,MID,0.0,0.0,0.0,0.0,0.0,0.0,0.5431618497095365,0.0650394477405127,0.0421954457412915,1.1552327498436017,1.4972493394604678,0.9066443806460986,5.473204794468639,7.177732655268839,0.0,0.0,83.25814335898013,0.0,0.0,0.0,0.0,0.0,0.0,0.20464365191198947,0.031007518201356034,0.0,0.10852332959626594,0.0,0.0421954457412915,,,,,,,,,,,,,,,,,,,,,,,,,,,,,,,,,,,,,,,,,,,,,,,,,,,,,,,,,,,,,,,,,,,,,,,,,,,,,,,,,,,,,,,,,,,,,,,,,,,,,,,,,,,,,,,,,,,,,,,,,,,,,,,,,,,,,,,,,,,,,,,,,,,,,,,,,,,,,,,,,,,,,,,,,,,,,,,,,,,,,,,,,,,,,,,,,,,,,,,,,,,,,,,,,,,,,,,,,,,,,,,,,,,,,,,,,,,,,,,,,,,,,,,,,,,,,,,,,,,,,,,,,,,,,,5.964214711729622,77.33598409542743,59.84095427435388,6.958250497017893,93.43936381709742
Ibrahim Sabra,Göztepe,FW,0.0,0.0,0.0,FW,True,False,Göztepe,Santrafor,Yaratıcı Forvet,Yaratıcı Forvet,,FWD,0.0,0.0,0.0,0.0,0.0,0.0,3.709945816361072,0.0,0.0,0.0,0.0,0.0,0.0,0.0,1.161241430490398,0.787321007233317,0.0,0.0,0.0,0.0,0.0,0.0,0.0,0.0,0.07288677667421604,0.0,0.058309421339372836,0.787321007233317,0.0,,,,,,,,,,,,,,,,,,,,,,,,,,,,,,,,,,,,,,,,,,,,,,,,,,,,,,,,,,,,,,,,,,,,,,,,,,,,,,,,,,,,,,,,,,,,,,,,,,,,,,,,,,,,,,,,,,,,,,,,,,,,,,,,,,,,,,,,,,,,,,,,,,,,,,,,,,,,,,,,,,,,,,,,,,,,,,,,,,,,,,,,,,,,,,,,,,,,,,,,,,,,,,,,,,,,,,,,,,,,,,,,,,,,,,,,,,,,,,,,,,,,,,,,,,,,,,,,,,,,,,,,,,,,,,9.809264305177113,2.7247956403269753,67.57493188010899,22.615803814713896,35.967302452316076
İsmail Köybaşı,Göztepe,DF,0.0,0.0,0.0,DF,False,True,Göztepe,Sol Bek,Standart Bek (Savunma),Standart Bek,Savunma,FB,2.012694296003739,0.0,0.0,54.2903172367475,0.0,1.5613464325277038,0.0,0.0,0.0,0.0,0.0,0.0,0.0,0.0,0.0,0.0,86.1785490688698,0.0,0.0,0.0,0.0,0.0,0.18802963041028922,0.1292678236033047,0.0026022440542128396,0.0,0.1333156110969786,0.0,0.0,,,,,,,,,,,,,,,,,,,,,,,,,,,,,,,,,,,,,,,,,,,,,,,,,,,,,,,,,,,,,,,,,,,,,,,,,,,,,,,,,,,,,,,,,,,,,,,,,,,,,,,,,,,,,,,,,,,,,,,,,,,,,,,,,,,,,,,,,,,,,,,,,,,,,,,,,,,,,,,,,,,,,,,,,,,,,,,,,,,,,,,,,,,,,,,,,,,,,,,,,,,,,,,,,,,,,,,,,,,,,,,,,,,,,,,,,,,,,,,,,,,,,,,,,,,,,,,,,,,,,,,,,,,,,,15.09433962264151,5.660377358490567,5.031446540880504,10.062893081761008,50.943396226415096
Ahmed Ildiz,Göztepe,MF,0.0,0.0,0.0,MF,True,True,Göztepe,,Merkez Orta Saha,Merkez Orta Saha,,MID,0.0,0.0,0.0,0.0,0.0,0.0,0.5420451568519457,0.1827052412451824,0.3158586575500446,2.732727404641639,2.3366249162256727,1.396502424054055,3.0935780649896367,5.039249782608397,0.0,0.0,88.07016473976358,0.0,0.0,0.0,0.0,0.0,0.0,0.26111686701200093,0.02488661638212534,0.0,0.13553575678242552,0.0,0.3158586575500446,,,,,,,,,,,,,,,,,,,,,,,,,,,,,,,,,,,,,,,,,,,,,,,,,,,,,,,,,,,,,,,,,,,,,,,,,,,,,,,,,,,,,,,,,,,,,,,,,,,,,,,,,,,,,,,,,,,,,,,,,,,,,,,,,,,,,,,,,,,,,,,,,,,,,,,,,,,,,,,,,,,,,,,,,,,,,,,,,,,,,,,,,,,,,,,,,,,,,,,,,,,,,,,,,,,,,,,,,,,,,,,,,,,,,,,,,,,,,,,,,,,,,,,,,,,,,,,,,,,,,,,,,,,,,,5.964214711729622,94.83101391650099,46.91848906560636,10.337972166998012,48.70775347912525
Ruan,Göztepe,MF,0.0,0.0,0.0,DF,False,True,Göztepe,,Merkez Orta Saha,Merkez Orta Saha,,MID,0.0,0.0,0.0,0.0,0.0,0.0,0.6838492072251279,0.2453242726243116,0.0232553455245212,3.254387805797231,1.6275563962237831,1.7991434504175372,4.9765163296374455,7.348600629172568,0.0,0.0,79.92815501654215,0.0,0.0,0.0,0.0,0.0,0.0,0.21656403755591033,0.015904675407725208,0.0,0.11146295385950021,0.0,0.0232553455245212,,,,,,,,,,,,,,,,,,,,,,,,,,,,,,,,,,,,,,,,,,,,,,,,,,,,,,,,,,,,,,,,,,,,,,,,,,,,,,,,,,,,,,,,,,,,,,,,,,,,,,,,,,,,,,,,,,,,,,,,,,,,,,,,,,,,,,,,,,,,,,,,,,,,,,,,,,,,,,,,,,,,,,,,,,,,,,,,,,,,,,,,,,,,,,,,,,,,,,,,,,,,,,,,,,,,,,,,,,,,,,,,,,,,,,,,,,,,,,,,,,,,,,,,,,,,,,,,,,,,,,,,,,,,,,5.964214711729622,83.30019880715706,28.82703777335984,7.3558648111332,48.70775347912525
Salem Bouajila,Göztepe,FW,0.0,0.0,0.0,FW,True,False,Göztepe,Santrafor,Fırsatçı Golcü,Fırsatçı Golcü,,FWD,0.0,0.0,0.0,0.0,0.0,0.0,3.3402255419569644,0.0,0.0,0.0,0.0,0.0,0.0,0.0,5.372668326703884,0.5415175606591871,0.0,0.0,0.0,0.0,0.0,0.0,0.0,0.0,0.05801668999498724,0.0,0.046413351995989796,0.5415175606591871,0.0,,,,,,,,,,,,,,,,,,,,,,,,,,,,,,,,,,,,,,,,,,,,,,,,,,,,,,,,,,,,,,,,,,,,,,,,,,,,,,,,,,,,,,,,,,,,,,,,,,,,,,,,,,,,,,,,,,,,,,,,,,,,,,,,,,,,,,,,,,,,,,,,,,,,,,,,,,,,,,,,,,,,,,,,,,,,,,,,,,,,,,,,,,,,,,,,,,,,,,,,,,,,,,,,,,,,,,,,,,,,,,,,,,,,,,,,,,,,,,,,,,,,,,,,,,,,,,,,,,,,,,,,,,,,,,9.809264305177113,2.7247956403269753,49.04632152588556,13.623978201634879,35.967302452316076
Uğur Kaan Yıldız,Göztepe,DF,0.0,0.0,0.0,DF,False,True,Göztepe,Sağ Bek,Standart Bek (Destek),Standart Bek,Destek,FB,2.321851624068239,0.0,0.0,46.9994773415071,0.0,2.589149162241469,0.0,0.0,0.0,0.0,0.0,0.0,0.0,0.0,0.0,0.0,81.26373279976501,0.0,0.0,0.0,0.0,0.0,0.1700215773253743,0.12189559919964751,0.004315248603735782,0.0,0.12244251814332856,0.0,0.0,,,,,,,,,,,,,,,,,,,,,,,,,,,,,,,,,,,,,,,,,,,,,,,,,,,,,,,,,,,,,,,,,,,,,,,,,,,,,,,,,,,,,,,,,,,,,,,,,,,,,,,,,,,,,,,,,,,,,,,,,,,,,,,,,,,,,,,,,,,,,,,,,,,,,,,,,,,,,,,,,,,,,,,,,,,,,,,,,,,,,,,,,,,,,,,,,,,,,,,,,,,,,,,,,,,,,,,,,,,,,,,,,,,,,,,,,,,,,,,,,,,,,,,,,,,,,,,,,,,,,,,,,,,,,,13.20754716981132,5.660377358490567,5.660377358490567,7.547169811320755,50.943396226415096
Ogün Bayrak,Göztepe,MF,0.0,0.0,0.0,MF,True,True,Göztepe,Sağ Bek,Standart Bek (Destek),Standart Bek,Destek,FB,1.6698516515966324,0.0,0.0,59.23732332979842,0.0,4.189181463118215,0.0,0.0,0.0,0.0,0.0,0.0,0.0,0.0,0.0,0.0,82.277856100429,0.0,0.0,0.0,0.0,0.0,0.19858511563435316,0.1234167841506435,0.006981969105197026,0.0,0.13771398688340902,0.0,0.0,,,,,,,,,,,,,,,,,,,,,,,,,,,,,,,,,,,,,,,,,,,,,,,,,,,,,,,,,,,,,,,,,,,,,,,,,,,,,,,,,,,,,,,,,,,,,,,,,,,,,,,,,,,,,,,,,,,,,,,,,,,,,,,,,,,,,,,,,,,,,,,,,,,,,,,,,,,,,,,,,,,,,,,,,,,,,,,,,,,,,,,,,,,,,,,,,,,,,,,,,,,,,,,,,,,,,,,,,,,,,,,,,,,,,,,,,,,,,,,,,,,,,,,,,,,,,,,,,,,,,,,,,,,,,,15.09433962264151,5.660377358490567,7.547169811320755,10.69182389937107,50.943396226415096
Tibet Durakçay,Göztepe,FW,0.0,0.0,0.0,FW,True,False,Göztepe,Santrafor,Fırsatçı Golcü,Fırsatçı Golcü,,FWD,0.0,0.0,0.0,0.0,0.0,0.0,4.6893127695543,0.0,0.0,0.0,0.0,0.0,0.0,0.0,2.9411824749129494,0.9664112710987464,0.0,0.0,0.0,0.0,0.0,0.0,0.0,0.0,0.09082091274548604,0.0,0.07265673019638884,0.9664112710987464,0.0,,,,,,,,,,,,,,,,,,,,,,,,,,,,,,,,,,,,,,,,,,,,,,,,,,,,,,,,,,,,,,,,,,,,,,,,,,,,,,,,,,,,,,,,,,,,,,,,,,,,,,,,,,,,,,,,,,,,,,,,,,,,,,,,,,,,,,,,,,,,,,,,,,,,,,,,,,,,,,,,,,,,,,,,,,,,,,,,,,,,,,,,,,,,,,,,,,,,,,,,,,,,,,,,,,,,,,,,,,,,,,,,,,,,,,,,,,,,,,,,,,,,,,,,,,,,,,,,,,,,,,,,,,,,,,9.809264305177113,2.7247956403269753,82.83378746594006,39.509536784741144,35.967302452316076
Ekrem Kılıçarslan,Göztepe,GK,0.0,0.0,0.0,GK,False,False,Göztepe,Kaleci,Kaleci (Savunma),Kaleci,Savunma,GK,0.0,0.0,0.0,0.0,0.0,0.0,0.0,0.0,0.0,0.0,0.0,0.0,0.0,0.0,0.0,0.0,0.0,57.78987721304084,2.5879485872574355,71.22554395138992,0.5064483815465395,1.752953743383857,0.0,0.0,0.0,0.7775561221269518,0.7775561221269518,0.0,0.0,,,,,,,,,,,,,,,,,,,,,,,,,,,,,,,,,,,,,,,,,,,,,,,,,,,,,,,,,,,,,,,,,,,,,,,,,,,,,,,,,,,,,,,,,,,,,,,,,,,,,,,,,,,,,,,,,,,,,,,,,,,,,,,,,,,,,,,,,,,,,,,,,,,,,,,,,,,,,,,,,,,,,,,,,,,,,,,,,,,,,,,,,,,,,,,,,,,,,,,,,,,,,,,,,,,,,,,,,,,,,,,,,,,,,,,,,,,,,,,,,,,,,,,,,,,,,,,,,,,,,,,,,,,,,,4.929577464788732,0.0,83.09859154929578,100.0,96.47887323943662
Nevzat Üzel,Göztepe,GK,0.0,0.0,0.0,GK,False,False,Göztepe,,Merkez Orta Saha,Merkez Orta Saha,,MID,0.0,0.0,0.0,0.0,0.0,0.0,2.422541734337265,0.0641325156110619,0.1868886153917173,1.2851443939496534,1.1499370859790363,1.9201005933850928,3.3231751346267866,3.392138044793654,0.0,0.0,78.2996599454046,0.0,0.0,0.0,0.0,0.0,0.0,0.20727615652590917,0.03491382294391548,0.0,0.11062084285173768,0.0,0.1868886153917173,,,,,,,,,,,,,,,,,,,,,,,,,,,,,,,,,,,,,,,,,,,,,,,,,,,,,,,,,,,,,,,,,,,,,,,,,,,,,,,,,,,,,,,,,,,,,,,,,,,,,,,,,,,,,,,,,,,,,,,,,,,,,,,,,,,,,,,,,,,,,,,,,,,,,,,,,,,,,,,,,,,,,,,,,,,,,,,,,,,,,,,,,,,,,,,,,,,,,,,,,,,,,,,,,,,,,,,,,,,,,,,,,,,,,,,,,,,,,,,,,,,,,,,,,,,,,,,,,,,,,,,,,,,,,,5.964214711729622,78.72763419483101,65.20874751491054,7.3558648111332,48.70775347912525
Ege Yıldırım,Göztepe,DF,0.0,0.0,0.0,DF,False,True,Göztepe,,Merkez Orta Saha,Merkez Orta Saha,,MID,0.0,0.0,0.0,0.0,0.0,0.0,1.5540120253795355,0.1635436503685186,0.0497479933277101,1.4413669772944695,3.530948992155471,0.6588587066056364,5.309844723969343,4.891742026983662,0.0,0.0,83.38846521516152,0.0,0.0,0.0,0.0,0.0,0.0,0.2626051305462339,0.021133457430139935,0.0,0.13552925675914496,0.0,0.0497479933277101,,,,,,,,,,,,,,,,,,,,,,,,,,,,,,,,,,,,,,,,,,,,,,,,,,,,,,,,,,,,,,,,,,,,,,,,,,,,,,,,,,,,,,,,,,,,,,,,,,,,,,,,,,,,,,,,,,,,,,,,,,,,,,,,,,,,,,,,,,,,,,,,,,,,,,,,,,,,,,,,,,,,,,,,,,,,,,,,,,,,,,,,,,,,,,,,,,,,,,,,,,,,,,,,,,,,,,,,,,,,,,,,,,,,,,,,,,,,,,,,,,,,,,,,,,,,,,,,,,,,,,,,,,,,,,5.964214711729622,95.02982107355865,40.55666003976143,10.337972166998012,48.70775347912525
Opponent Total,Göztepe,NAN,0.5,0.25,0.6179999999999995,NAN,False,False,Göztepe,,Merkez Orta Saha,Merkez Orta Saha,,MID,0.0,0.0,0.0,0.0,0.0,0.0,2.428226538421762,0.049524408189935,0.0166754062591058,3.422766753912427,3.880849047213319,0.7322429188965798,6.074698642702696,6.236947754252023,0.0,0.0,80.8497426810271,0.0,0.0,0.0,0.0,0.0,0.0,0.272520316092616,0.05600619851936292,0.0,0.14746139775018058,0.0,0.0166754062591058,,,,,,,,,,,,,,,,,,,,,,,,,,,,,,,,,,,,,,,,,,,,,,,,,,,,,,,,,,,,,,,,,,,,,,,,,,,,,,,,,,,,,,,,,,,,,,,,,,,,,,,,,,,,,,,,,,,,,,,,,,,,,,,,,,,,,,,,,,,,,,,,,,,,,,,,,,,,,,,,,,,,,,,,,,,,,,,,,,,,,,,,,,,,,,,,,,,,,,,,,,,,,,,,,,,,,,,,,,,,,,,,,,,,,,,,,,,,,,,,,,,,,,,,,,,,,,,,,,,,,,,,,,,,,,5.964214711729622,96.02385685884693,86.67992047713717,15.705765407554672,93.43936381709742
Andreas Gianniotis,Kasımpaşa,GK,0.0,0.0,0.0,GK,False,False,Kasımpaşa,Kaleci,Kaleci (Savunma),Kaleci,Savunma,GK,0.0,0.0,0.0,0.0,0.0,0.0,0.0,0.0,0.0,0.0,0.0,0.0,0.0,0.0,0.0,0.0,0.0,60.84289297070436,2.210456421393158,75.41934359909122,0.4504466018892674,0.9811700974576038,0.0,0.0,0.0,0.809628596508515,0.809628596508515,0.0,0.0,,,,,,,,,,,,,,,,,,,,,,,,,,,,,,,,,,,,,,,,,,,,,,,,,,,,,,,,,,,,,,,,,,,,,,,,,,,,,,,,,,,,,,,,,,,,,,,,,,,,,,,,,,,,,,,,,,,,,,,,,,,,,,,,,,,,,,,,,,,,,,,,,,,,,,,,,,,,,,,,,,,,,,,,,,,,,,,,,,,,,,,,,,,,,,,,,,,,,,,,,,,,,,,,,,,,,,,,,,,,,,,,,,,,,,,,,,,,,,,,,,,,,,,,,,,,,,,,,,,,,,,,,,,,,,4.929577464788732,0.0,83.09859154929578,100.0,96.47887323943662
Nicholas Opoku,Kasımpaşa,DF,0.0,0.0,0.0,DF,False,True,Kasımpaşa,Stoper,Standart Stoper (Durdurucu),Standart Stoper,Durdurucu,CB,2.8152257846006865,1.0954402663417306,7.271623555314159,71.18804073074607,78.00959065461953,0.0,0.0,0.0,0.0,0.0,0.0,0.0,2.0387682031757746,0.0,0.0,0.0,85.44779904621116,0.0,0.0,0.0,0.0,0.0,0.49225591150505665,0.13428800317884407,0.0,0.0,0.37143673868930843,0.0,0.0,,,,,,,,,,,,,,,,,,,,,,,,,,,,,,,,,,,,,,,,,,,,,,,,,,,,,,,,,,,,,,,,,,,,,,,,,,,,,,,,,,,,,,,,,,,,,,,,,,,,,,,,,,,,,,,,,,,,,,,,,,,,,,,,,,,,,,,,,,,,,,,,,,,,,,,,,,,,,,,,,,,,,,,,,,,,,,,,,,,,,,,,,,,,,,,,,,,,,,,,,,,,,,,,,,,,,,,,,,,,,,,,,,,,,,,,,,,,,,,,,,,,,,,,,,,,,,,,,,,,,,,,,,,,,,94.48924731182797,14.919354838709678,7.526881720430108,91.8010752688172,60.08064516129033
Andri Fannar Baldursson,Kasımpaşa,MF,0.0,0.0,0.0,MF,True,True,Kasımpaşa,Ön Libero,Defansif Oyun Kurucu (Destek),Defansif Oyun Kurucu,Destek,DM,0.0,0.0,0.0,0.0,0.0,0.0,1.3082455444932772,0.1413325636429024,0.1477119910446736,1.2886377723156224,3.3794286219902183,1.91710438817462,5.8901262157232654,7.744338989033781,0.0,0.0,78.59537248006605,0.0,0.0,0.0,0.0,0.0,0.0,0.2791306183485632,0.022212529517508774,0.0,0.14400781507778335,0.0,0.1477119910446736,,,,,,,,,,,,,,,,,,,,,,,,,,,,,,,,,,,,,,,,,,,,,,,,,,,,,,,,,,,,,,,,,,,,,,,,,,,,,,,,,,,,,,,,,,,,,,,,,,,,,,,,,,,,,,,,,,,,,,,,,,,,,,,,,,,,,,,,,,,,,,,,,,,,,,,,,,,,,,,,,,,,,,,,,,,,,,,,,,,,,,,,,,,,,,,,,,,,,,,,,,,,,,,,,,,,,,,,,,,,,,,,,,,,,,,,,,,,,,,,,,,,,,,,,,,,,,,,,,,,,,,,,,,,,,,,,,
Attila Szalai,Kasımpaşa,DF,0.0,0.09,0.09,DF,False,True,Kasımpaşa,Stoper,Pas Dağıtan Stoper (Sıkı Defans),Pas Dağıtan Stoper,Sıkı Defans,CB,2.793946306733029,0.719139945400875,6.311441032646913,51.27291541408248,56.89628346963811,0.0,0.0,0.0,0.0,0.0,0.0,0.0,6.8003713577826455,0.0,0.0,0.0,82.18256101278973,0.0,0.0,0.0,0.0,0.0,0.373060057301485,0.14367495559253252,0.0009,0.0,0.289967031229546,0.0,0.0,,,,,,,,,,,,,,,,,,,,,,,,,,,,,,,,,,,,,,,,,,,,,,,,,,,,,,,,,,,,,,,,,,,,,,,,,,,,,,,,,,,,,,,,,,,,,,,,,,,,,,,,,,,,,,,,,,,,,,,,,,,,,,,,,,,,,,,,,,,,,,,,,,,,,,,,,,,,,,,,,,,,,,,,,,,,,,,,,,,,,,,,,,,,,,,,,,,,,,,,,,,,,,,,,,,,,,,,,,,,,,,,,,,,,,,,,,,,,,,,,,,,,,,,,,,,,,,,,,,,,,,,,,,,,,52.016129032258064,27.82258064516129,7.93010752688172,50.53763440860215,65.18817204301075
Cláudio Winck,Kasımpaşa,DF,0.29,0.0,0.29,DF,False,True,Kasımpaşa,Sağ Bek,Ofansif Bek (Hücum),Ofansif Bek,Hücum,FB,1.7045929249510363,0.0,0.0,44.67609371393809,0.0,3.7457833409132686,0.0,0.0,0.0,3.4437241606941464,0.0,0.0,0.0,0.0,0.0,0.0,78.18728507646034,0.0,0.0,0.0,0.0,0.0,0.1553356927037022,0.1215855828155582,0.026452282636590815,0.0,0.11943397772383672,0.0,0.0,,,,,,,,,,,,,,,,,,,,,,,,,,,,,,,,,,,,,,,,,,,,,,,,,,,,,,,,,,,,,,,,,,,,,,,,,,,,,,,,,,,,,,,,,,,,,,,,,,,,,,,,,,,,,,,,,,,,,,,,,,,,,,,,,,,,,,,,,,,,,,,,,,,,,,,,,,,,,,,,,,,,,,,,,,,,,,,,,,,,,,,,,,,,,,,,,,,,,,,,,,,,,,,,,,,,,,,,,,,,,,,,,,,,,,,,,,,,,,,,,,,,,,,,,,,,,,,,,,,,,,,,,,,,,,11.320754716981133,5.660377358490567,49.056603773584904,7.547169811320755,78.61635220125787
Godfried Frimpong,Kasımpaşa,MF,0.0,0.11,0.11,DF,False,True,Kasımpaşa,Sol Bek,Standart Bek (Hücum),Standart Bek,Hücum,FB,0.9821924192776194,0.0,0.0,48.09198091010609,0.0,1.5996697093950951,0.0,0.0,0.0,0.0,0.0,0.0,0.0,0.0,0.0,0.0,79.58603785418182,0.0,0.0,0.0,0.0,0.0,0.1565533479712885,0.11937905678127272,0.0037661161823251584,0.0,0.1148436142564911,0.0,0.0,,,,,,,,,,,,,,,,,,,,,,,,,,,,,,,,,,,,,,,,,,,,,,,,,,,,,,,,,,,,,,,,,,,,,,,,,,,,,,,,,,,,,,,,,,,,,,,,,,,,,,,,,,,,,,,,,,,,,,,,,,,,,,,,,,,,,,,,,,,,,,,,,,,,,,,,,,,,,,,,,,,,,,,,,,,,,,,,,,,,,,,,,,,,,,,,,,,,,,,,,,,,,,,,,,,,,,,,,,,,,,,,,,,,,,,,,,,,,,,,,,,,,,,,,,,,,,,,,,,,,,,,,,,,,,11.320754716981133,5.031446540880504,5.031446540880504,7.547169811320755,57.861635220125784
Pape Habib Guèye,Kasımpaşa,FW,0.33,0.0,0.33,FW,True,False,Kasımpaşa,Santrafor,Pivot Santrafor (Hücum),Pivot Santrafor,Hücum,FWD,0.0,0.0,0.0,0.0,0.0,0.0,4.6893127695543,0.0,0.0,0.0,0.0,0.0,0.0,3.1135117261813545,8.035043576041895,0.9430876398764524,0.0,0.0,0.0,0.0,0.0,0.0,0.0,0.0,0.10296074768992722,0.0,0.08236859815194178,0.9430876398764524,0.0,,,,,,,,,,,,,,,,,,,,,,,,,,,,,,,,,,,,,,,,,,,,,,,,,,,,,,,,,,,,,,,,,,,,,,,,,,,,,,,,,,,,,,,,,,,,,,,,,,,,,,,,,,,,,,,,,,,,,,,,,,,,,,,,,,,,,,,,,,,,,,,,,,,,,,,,,,,,,,,,,,,,,,,,,,,,,,,,,,,,,,,,,,,,,,,,,,,,,,,,,,,,,,,,,,,,,,,,,,,,,,,,,,,,,,,,,,,,,,,,,,,,,,,,,,,,,,,,,,,,,,,,,,,,,,9.809264305177113,2.7247956403269753,90.46321525885558,52.58855585831063,53.13351498637602
Mortadha Ben Ouanes,Kasımpaşa,DF,0.11,0.4025,0.56,MF,True,True,Kasımpaşa,Sol Kanat,Defansif Kanat Oyuncusu (Destek),Defansif Kanat Oyuncusu,Destek,WING,2.0945744085626528,0.0,0.0,55.28259930165578,0.0,8.576278388994181,3.533997727270673,0.2459098104948692,0.0256469244906077,4.517920861271849,0.0,0.0,0.0,0.0,0.0,0.0,0.0,0.0,0.0,0.0,0.0,0.0,0.19202997801200047,0.007699155035838427,0.07037945372050097,0.0,0.06374041654425217,0.0,0.0256469244906077,,,,,,,,,,,,,,,,,,,,,,,,,,,,,,,,,,,,,,,,,,,,,,,,,,,,,,,,,,,,,,,,,,,,,,,,,,,,,,,,,,,,,,,,,,,,,,,,,,,,,,,,,,,,,,,,,,,,,,,,,,,,,,,,,,,,,,,,,,,,,,,,,,,,,,,,,,,,,,,,,,,,,,,,,,,,,,,,,,,,,,,,,,,,,,,,,,,,,,,,,,,,,,,,,,,,,,,,,,,,,,,,,,,,,,,,,,,,,,,,,,,,,,,,,,,,,,,,,,,,,,,,,,,,,,37.309644670050766,0.0,75.1269035532995,3.0456852791878175,78.93401015228426
Mamadou Fall,Kasımpaşa,FW,0.0,0.0,0.0,MF,True,True,Kasımpaşa,Sağ Kanat,Kanat Oyuncusu (Hücum),Kanat Oyuncusu,Hücum,WING,0.0,0.0,0.0,0.0,0.0,5.018637088540905,2.293905119023044,0.2409797767866351,0.2462676903571446,4.517920861271849,0.0,0.0,0.0,0.0,0.0,0.0,0.0,0.0,0.0,0.0,0.0,0.0,0.0,0.025348816305161382,0.05244895610526403,0.0,0.03907401855470683,0.0,0.2462676903571446,,,,,,,,,,,,,,,,,,,,,,,,,,,,,,,,,,,,,,,,,,,,,,,,,,,,,,,,,,,,,,,,,,,,,,,,,,,,,,,,,,,,,,,,,,,,,,,,,,,,,,,,,,,,,,,,,,,,,,,,,,,,,,,,,,,,,,,,,,,,,,,,,,,,,,,,,,,,,,,,,,,,,,,,,,,,,,,,,,,,,,,,,,,,,,,,,,,,,,,,,,,,,,,,,,,,,,,,,,,,,,,,,,,,,,,,,,,,,,,,,,,,,,,,,,,,,,,,,,,,,,,,,,,,,,3.2994923857868024,0.0,44.923857868020306,0.7614213197969544,32.48730964467005
Haris Hajradinović,Kasımpaşa,MF,0.33,0.0,0.33,MF,True,True,Kasımpaşa,,Merkez Orta Saha,Merkez Orta Saha,,MID,0.0,0.0,0.0,0.0,0.0,0.0,1.0548138794790451,0.115983121672084,0.1032642476789546,3.106839752097864,3.561354765114001,1.6048028425021887,5.8042566546539085,4.912515017592419,0.0,0.0,86.69517944217155,0.0,0.0,0.0,0.0,0.0,0.0,0.29051291422261066,0.0356458080821933,0.0,0.152385618727744,0.0,0.1032642476789546,,,,,,,,,,,,,,,,,,,,,,,,,,,,,,,,,,,,,,,,,,,,,,,,,,,,,,,,,,,,,,,,,,,,,,,,,,,,,,,,,,,,,,,,,,,,,,,,,,,,,,,,,,,,,,,,,,,,,,,,,,,,,,,,,,,,,,,,,,,,,,,,,,,,,,,,,,,,,,,,,,,,,,,,,,,,,,,,,,,,,,,,,,,,,,,,,,,,,,,,,,,,,,,,,,,,,,,,,,,,,,,,,,,,,,,,,,,,,,,,,,,,,,,,,,,,,,,,,,,,,,,,,,,,,,5.964214711729622,97.01789264413519,65.8051689860835,18.48906560636183,78.92644135188867
Cafú,Kasımpaşa,MF,0.0,0.0,0.0,MF,True,True,Kasımpaşa,Merkez Orta Saha,İki Yönlü Orta Saha,İki Yönlü Orta Saha,,MID,1.3518226415225556,0.0,0.0,0.0,0.0,0.0,1.462897911964513,0.2430013324078842,0.170100172829161,2.1291502124096944,1.6014235465852082,1.6117897407775197,6.68934759280765,6.755348258622055,0.0,0.0,0.0,0.0,0.0,0.0,0.0,0.0,0.016897783019031946,0.10855704687948699,0.02675586156383581,0.0,0.06469903065822025,0.0,0.170100172829161,,,,,,,,,,,,,,,,,,,,,,,,,,,,,,,,,,,,,,,,,,,,,,,,,,,,,,,,,,,,,,,,,,,,,,,,,,,,,,,,,,,,,,,,,,,,,,,,,,,,,,,,,,,,,,,,,,,,,,,,,,,,,,,,,,,,,,,,,,,,,,,,,,,,,,,,,,,,,,,,,,,,,,,,,,,,,,,,,,,,,,,,,,,,,,,,,,,,,,,,,,,,,,,,,,,,,,,,,,,,,,,,,,,,,,,,,,,,,,,,,,,,,,,,,,,,,,,,,,,,,,,,,,,,,,6.560636182902585,2.982107355864811,50.29821073558648,2.982107355864811,48.70775347912525
Cem Üstündag,Kasımpaşa,MF,0.0,0.0,0.0,MF,True,True,Kasımpaşa,Merkez Orta Saha,Standart Orta Saha (Destek),Standart Orta Saha,Destek,MID,0.0,0.0,0.0,0.0,0.0,0.0,1.3229745461291114,0.1521318181741166,0.2020199603570927,1.467523900888578,1.725931390951136,1.82449073724466,2.9386120284612605,8.315866489417122,0.0,0.0,79.33911599948696,0.0,0.0,0.0,0.0,0.0,0.0,0.22496581457649636,0.02497935362779627,0.0,0.11747877801380743,0.0,0.2020199603570927,,,,,,,,,,,,,,,,,,,,,,,,,,,,,,,,,,,,,,,,,,,,,,,,,,,,,,,,,,,,,,,,,,,,,,,,,,,,,,,,,,,,,,,,,,,,,,,,,,,,,,,,,,,,,,,,,,,,,,,,,,,,,,,,,,,,,,,,,,,,,,,,,,,,,,,,,,,,,,,,,,,,,,,,,,,,,,,,,,,,,,,,,,,,,,,,,,,,,,,,,,,,,,,,,,,,,,,,,,,,,,,,,,,,,,,,,,,,,,,,,,,,,,,,,,,,,,,,,,,,,,,,,,,,,,5.964214711729622,87.27634194831015,47.514910536779325,8.747514910536779,48.70775347912525
Ali Yavuz Kol,Kasımpaşa,MF,0.0,0.0,0.0,MF,True,True,Kasımpaşa,Sol Kanat,Kanat Oyuncusu (Destek),Kanat Oyuncusu,Destek,WING,0.0,0.0,0.0,0.0,0.0,4.432631567196283,2.137121456149105,0.0652076455259544,0.22105351733986,4.517920861271849,0.0,0.0,0.0,0.0,0.0,0.0,0.0,0.0,0.0,0.0,0.0,0.0,0.0,0.023331682463778612,0.04889587668692555,0.0,0.03633703075128891,0.0,0.22105351733986,,,,,,,,,,,,,,,,,,,,,,,,,,,,,,,,,,,,,,,,,,,,,,,,,,,,,,,,,,,,,,,,,,,,,,,,,,,,,,,,,,,,,,,,,,,,,,,,,,,,,,,,,,,,,,,,,,,,,,,,,,,,,,,,,,,,,,,,,,,,,,,,,,,,,,,,,,,,,,,,,,,,,,,,,,,,,,,,,,,,,,,,,,,,,,,,,,,,,,,,,,,,,,,,,,,,,,,,,,,,,,,,,,,,,,,,,,,,,,,,,,,,,,,,,,,,,,,,,,,,,,,,,,,,,,3.2994923857868024,0.0,38.83248730964467,0.7614213197969544,32.48730964467005
Kubilay Kanatsızkuş,Kasımpaşa,FW,0.23,0.23,0.47,FW,True,False,Kasımpaşa,Santrafor,Çalışkan Forvet (Destek),Çalışkan Forvet,Destek,FWD,1.7954583389486132,0.0,0.0,0.0,0.0,0.0,2.8061135120252514,0.0,0.0,0.0,0.0,0.0,0.0,3.1135117261813545,4.33947057101292,0.4655772037886764,0.0,0.0,0.0,0.0,0.0,0.0,0.022443229236857667,0.0,0.06072373529246509,0.0,0.04970114969581496,0.4655772037886764,0.0,,,,,,,,,,,,,,,,,,,,,,,,,,,,,,,,,,,,,,,,,,,,,,,,,,,,,,,,,,,,,,,,,,,,,,,,,,,,,,,,,,,,,,,,,,,,,,,,,,,,,,,,,,,,,,,,,,,,,,,,,,,,,,,,,,,,,,,,,,,,,,,,,,,,,,,,,,,,,,,,,,,,,,,,,,,,,,,,,,,,,,,,,,,,,,,,,,,,,,,,,,,,,,,,,,,,,,,,,,,,,,,,,,,,,,,,,,,,,,,,,,,,,,,,,,,,,,,,,,,,,,,,,,,,,,11.989100817438691,2.7247956403269753,52.58855585831063,16.348773841961854,65.66757493188011
Fousseni Diabaté,Kasımpaşa,FW,0.0,0.0,0.0,MF,True,True,Kasımpaşa,Sağ Kanat,İçe Kat Eden Oyuncu (Destek),İçe Kat Eden Oyuncu,Destek,WING,0.0,0.0,0.0,0.0,0.0,2.3524466887854727,3.7451821975516673,0.0935251332372256,0.1672005894943743,2.384015241572108,0.0,0.0,0.0,0.0,0.0,0.0,0.0,0.0,0.0,0.0,0.0,0.0,0.0,0.01635606621151508,0.05402062814053104,0.0,0.03731919674777315,0.0,0.1672005894943743,,,,,,,,,,,,,,,,,,,,,,,,,,,,,,,,,,,,,,,,,,,,,,,,,,,,,,,,,,,,,,,,,,,,,,,,,,,,,,,,,,,,,,,,,,,,,,,,,,,,,,,,,,,,,,,,,,,,,,,,,,,,,,,,,,,,,,,,,,,,,,,,,,,,,,,,,,,,,,,,,,,,,,,,,,,,,,,,,,,,,,,,,,,,,,,,,,,,,,,,,,,,,,,,,,,,,,,,,,,,,,,,,,,,,,,,,,,,,,,,,,,,,,,,,,,,,,,,,,,,,,,,,,,,,,3.2994923857868024,0.0,48.223350253807105,0.7614213197969544,32.48730964467005
Jhon Espinoza,Kasımpaşa,DF,0.0,0.0,0.0,DF,False,True,Kasımpaşa,Sağ Bek,Standart Bek (Destek),Standart Bek,Destek,FB,1.5606010235998728,0.0,0.0,50.63591096541042,0.0,1.917005580930566,0.0,0.0,0.0,0.0,0.0,0.0,0.0,0.0,0.0,0.0,78.18728507646034,0.0,0.0,0.0,0.0,0.0,0.17141524569122965,0.11728092761469051,0.0031950093015509435,0.0,0.12153090299033216,0.0,0.0,,,,,,,,,,,,,,,,,,,,,,,,,,,,,,,,,,,,,,,,,,,,,,,,,,,,,,,,,,,,,,,,,,,,,,,,,,,,,,,,,,,,,,,,,,,,,,,,,,,,,,,,,,,,,,,,,,,,,,,,,,,,,,,,,,,,,,,,,,,,,,,,,,,,,,,,,,,,,,,,,,,,,,,,,,,,,,,,,,,,,,,,,,,,,,,,,,,,,,,,,,,,,,,,,,,,,,,,,,,,,,,,,,,,,,,,,,,,,,,,,,,,,,,,,,,,,,,,,,,,,,,,,,,,,,13.20754716981132,5.031446540880504,5.031446540880504,7.547169811320755,50.943396226415096
Adam Arous,Kasımpaşa,DF,0.0,0.0,0.0,DF,False,True,Kasımpaşa,,Merkez Orta Saha,Merkez Orta Saha,,MID,0.0,0.0,0.0,0.0,0.0,0.0,0.6218958369496622,0.0873765930217047,0.0166754062591058,3.151024733435781,3.880849047213319,0.8039489512030147,2.4419247349225937,6.695179129093828,0.0,0.0,85.29983400009326,0.0,0.0,0.0,0.0,0.0,0.0,0.2690330443068757,0.014763536453450308,0.0,0.1374692294441279,0.0,0.0166754062591058,,,,,,,,,,,,,,,,,,,,,,,,,,,,,,,,,,,,,,,,,,,,,,,,,,,,,,,,,,,,,,,,,,,,,,,,,,,,,,,,,,,,,,,,,,,,,,,,,,,,,,,,,,,,,,,,,,,,,,,,,,,,,,,,,,,,,,,,,,,,,,,,,,,,,,,,,,,,,,,,,,,,,,,,,,,,,,,,,,,,,,,,,,,,,,,,,,,,,,,,,,,,,,,,,,,,,,,,,,,,,,,,,,,,,,,,,,,,,,,,,,,,,,,,,,,,,,,,,,,,,,,,,,,,,,5.964214711729622,95.82504970178927,25.44731610337972,11.133200795228628,48.70775347912525
Yusuf Barasi,Kasımpaşa,MF,0.0,0.0,0.0,MF,True,True,Kasımpaşa,,Merkez Orta Saha,Merkez Orta Saha,,MID,0.0,0.0,0.0,0.0,0.0,0.0,1.745735260849433,0.0285239462219833,0.0430511532933109,2.002324188507197,1.5907771133602853,1.3813788066641028,5.494744142436928,4.397756848521802,0.0,0.0,81.37259700200266,0.0,0.0,0.0,0.0,0.0,0.0,0.21293412093018374,0.02418520921149476,0.0,0.11130410230739082,0.0,0.0430511532933109,,,,,,,,,,,,,,,,,,,,,,,,,,,,,,,,,,,,,,,,,,,,,,,,,,,,,,,,,,,,,,,,,,,,,,,,,,,,,,,,,,,,,,,,,,,,,,,,,,,,,,,,,,,,,,,,,,,,,,,,,,,,,,,,,,,,,,,,,,,,,,,,,,,,,,,,,,,,,,,,,,,,,,,,,,,,,,,,,,,,,,,,,,,,,,,,,,,,,,,,,,,,,,,,,,,,,,,,,,,,,,,,,,,,,,,,,,,,,,,,,,,,,,,,,,,,,,,,,,,,,,,,,,,,,,5.964214711729622,82.10735586481114,45.92445328031809,7.3558648111332,48.70775347912525
Atakan Müjde,Kasımpaşa,MF,0.0,0.0,0.0,MF,True,True,Kasımpaşa,Merkez Orta Saha,Savaşçı Orta Saha (Savunma),Savaşçı Orta Saha,Savunma,MID,1.9356102309527288,1.37172438361255,0.0,0.0,0.0,0.0,0.8536801832701593,0.0378117071837336,0.1955248387576488,2.1900068556101635,0.0,0.0,0.0,8.101053519174634,0.0,0.0,0.0,0.0,0.0,0.0,0.0,0.0,0.024195127886909112,0.01837949567012461,0.02183281252203296,0.0,0.02081484870554163,0.0,0.1955248387576488,,,,,,,,,,,,,,,,,,,,,,,,,,,,,,,,,,,,,,,,,,,,,,,,,,,,,,,,,,,,,,,,,,,,,,,,,,,,,,,,,,,,,,,,,,,,,,,,,,,,,,,,,,,,,,,,,,,,,,,,,,,,,,,,,,,,,,,,,,,,,,,,,,,,,,,,,,,,,,,,,,,,,,,,,,,,,,,,,,,,,,,,,,,,,,,,,,,,,,,,,,,,,,,,,,,,,,,,,,,,,,,,,,,,,,,,,,,,,,,,,,,,,,,,,,,,,,,,,,,,,,,,,,,,,,7.157057654075547,0.9940357852882704,41.15308151093439,0.9940357852882704,48.70775347912525
Emre Taşdemir,Kasımpaşa,DF,0.0,0.0,0.0,DF,False,True,Kasımpaşa,Sol Bek,Standart Bek (Destek),Standart Bek,Destek,FB,1.7054493529735395,0.0,0.0,52.690259467111375,0.0,3.889010273572265,0.0,0.0,0.0,0.0,0.0,0.0,0.0,0.0,0.0,0.0,78.69276138304261,0.0,0.0,0.0,0.0,0.0,0.17938889531350338,0.11803914207456391,0.006481683789287109,0.0,0.1264025270369783,0.0,0.0,,,,,,,,,,,,,,,,,,,,,,,,,,,,,,,,,,,,,,,,,,,,,,,,,,,,,,,,,,,,,,,,,,,,,,,,,,,,,,,,,,,,,,,,,,,,,,,,,,,,,,,,,,,,,,,,,,,,,,,,,,,,,,,,,,,,,,,,,,,,,,,,,,,,,,,,,,,,,,,,,,,,,,,,,,,,,,,,,,,,,,,,,,,,,,,,,,,,,,,,,,,,,,,,,,,,,,,,,,,,,,,,,,,,,,,,,,,,,,,,,,,,,,,,,,,,,,,,,,,,,,,,,,,,,,14.465408805031446,5.031446540880504,6.918238993710692,7.547169811320755,50.943396226415096
Berk Yıldızlı,Kasımpaşa,FW,0.0,0.0,0.0,FW,True,False,Kasımpaşa,,Merkez Orta Saha,Merkez Orta Saha,,MID,0.0,0.0,0.0,0.0,0.0,0.0,1.7011347052854422,0.0563292324878087,0.1201085736104303,1.7699300973793677,3.8542894310854967,1.5517093916262104,3.841736068971756,8.22059324340558,0.0,0.0,80.08195260426027,0.0,0.0,0.0,0.0,0.0,0.0,0.2823735594308224,0.026240515240720054,0.0,0.1464348827635552,0.0,0.1201085736104303,,,,,,,,,,,,,,,,,,,,,,,,,,,,,,,,,,,,,,,,,,,,,,,,,,,,,,,,,,,,,,,,,,,,,,,,,,,,,,,,,,,,,,,,,,,,,,,,,,,,,,,,,,,,,,,,,,,,,,,,,,,,,,,,,,,,,,,,,,,,,,,,,,,,,,,,,,,,,,,,,,,,,,,,,,,,,,,,,,,,,,,,,,,,,,,,,,,,,,,,,,,,,,,,,,,,,,,,,,,,,,,,,,,,,,,,,,,,,,,,,,,,,,,,,,,,,,,,,,,,,,,,,,,,,,5.964214711729622,96.42147117296223,49.50298210735586,15.308151093439365,48.70775347912525
Adnan Aktas,Kasımpaşa,DF,0.0,0.0,0.0,DF,False,True,Kasımpaşa,,Merkez Orta Saha,Merkez Orta Saha,,MID,0.0,0.0,0.0,0.0,0.0,0.0,1.7654222940361222,0.0627416653350745,0.2552107206423067,2.4009672988743045,3.880849047213319,1.520167828170459,4.161731132016737,3.1276164651023226,0.0,0.0,82.55701827503181,0.0,0.0,0.0,0.0,0.0,0.0,0.2989667764225318,0.033865070013239254,0.0,0.15625640221391374,0.0,0.2552107206423067,,,,,,,,,,,,,,,,,,,,,,,,,,,,,,,,,,,,,,,,,,,,,,,,,,,,,,,,,,,,,,,,,,,,,,,,,,,,,,,,,,,,,,,,,,,,,,,,,,,,,,,,,,,,,,,,,,,,,,,,,,,,,,,,,,,,,,,,,,,,,,,,,,,,,,,,,,,,,,,,,,,,,,,,,,,,,,,,,,,,,,,,,,,,,,,,,,,,,,,,,,,,,,,,,,,,,,,,,,,,,,,,,,,,,,,,,,,,,,,,,,,,,,,,,,,,,,,,,,,,,,,,,,,,,,5.964214711729622,97.4155069582505,63.618290258449306,21.669980119284293,48.70775347912525
Ege Albayrak,Kasımpaşa,GK,0.0,0.0,0.0,GK,False,False,Kasımpaşa,Kaleci,Kaleci (Savunma),Kaleci,Savunma,GK,0.0,0.0,0.0,0.0,0.0,0.0,0.0,0.0,0.0,0.0,0.0,0.0,0.0,0.0,0.0,0.0,0.0,62.32723686587384,2.975990992289793,69.87591192728782,0.3332646862824382,0.7797777655997813,0.0,0.0,0.0,0.8189157675808729,0.8189157675808729,0.0,0.0,,,,,,,,,,,,,,,,,,,,,,,,,,,,,,,,,,,,,,,,,,,,,,,,,,,,,,,,,,,,,,,,,,,,,,,,,,,,,,,,,,,,,,,,,,,,,,,,,,,,,,,,,,,,,,,,,,,,,,,,,,,,,,,,,,,,,,,,,,,,,,,,,,,,,,,,,,,,,,,,,,,,,,,,,,,,,,,,,,,,,,,,,,,,,,,,,,,,,,,,,,,,,,,,,,,,,,,,,,,,,,,,,,,,,,,,,,,,,,,,,,,,,,,,,,,,,,,,,,,,,,,,,,,,,,4.929577464788732,0.0,83.09859154929578,100.0,96.47887323943662
Taylan Aydın,Kasımpaşa,DF,0.0,0.0,0.0,DF,False,True,Kasımpaşa,,Merkez Orta Saha,Merkez Orta Saha,,MID,0.0,0.0,0.0,0.0,0.0,0.0,0.7192521915701611,0.2126540144602844,0.2283020770071788,1.2415144559795617,3.1351684172381464,1.1122275363000471,2.155745463966955,8.248210036105196,0.0,0.0,87.61734931467544,0.0,0.0,0.0,0.0,0.0,0.0,0.26844778515610784,0.019428391135937667,0.0,0.13810957080524144,0.0,0.2283020770071788,,,,,,,,,,,,,,,,,,,,,,,,,,,,,,,,,,,,,,,,,,,,,,,,,,,,,,,,,,,,,,,,,,,,,,,,,,,,,,,,,,,,,,,,,,,,,,,,,,,,,,,,,,,,,,,,,,,,,,,,,,,,,,,,,,,,,,,,,,,,,,,,,,,,,,,,,,,,,,,,,,,,,,,,,,,,,,,,,,,,,,,,,,,,,,,,,,,,,,,,,,,,,,,,,,,,,,,,,,,,,,,,,,,,,,,,,,,,,,,,,,,,,,,,,,,,,,,,,,,,,,,,,,,,,,5.964214711729622,95.82504970178927,36.18290258449304,11.332007952286283,48.70775347912525
Ali Emre Yanar,Kasımpaşa,GK,0.0,0.0,0.0,GK,False,False,Kasımpaşa,Kaleci,Kaleci (Savunma),Kaleci,Savunma,GK,0.0,0.0,0.0,0.0,0.0,0.0,0.0,0.0,0.0,0.0,0.0,0.0,0.0,0.0,0.0,0.0,0.0,64.12139968434072,3.166031869068446,70.45465658763987,0.2719192204002097,0.5611627123321459,0.0,0.0,0.0,0.8326763097695683,0.8326763097695683,0.0,0.0,,,,,,,,,,,,,,,,,,,,,,,,,,,,,,,,,,,,,,,,,,,,,,,,,,,,,,,,,,,,,,,,,,,,,,,,,,,,,,,,,,,,,,,,,,,,,,,,,,,,,,,,,,,,,,,,,,,,,,,,,,,,,,,,,,,,,,,,,,,,,,,,,,,,,,,,,,,,,,,,,,,,,,,,,,,,,,,,,,,,,,,,,,,,,,,,,,,,,,,,,,,,,,,,,,,,,,,,,,,,,,,,,,,,,,,,,,,,,,,,,,,,,,,,,,,,,,,,,,,,,,,,,,,,,,4.929577464788732,0.0,83.09859154929578,100.0,96.47887323943662
Yasin Eratilla,Kasımpaşa,FW,0.0,0.0,0.0,FW,True,False,Kasımpaşa,,Merkez Orta Saha,Merkez Orta Saha,,MID,0.0,0.0,0.0,0.0,0.0,0.0,0.5420451568519457,0.1403056970706312,0.2959615270464674,1.855920148959754,3.880849047213319,0.5834547459142635,3.297882246375246,6.173622804163272,0.0,0.0,82.70512292285487,0.0,0.0,0.0,0.0,0.0,0.0,0.28512544607843865,0.02189871302277754,0.0,0.14694246564377483,0.0,0.2959615270464674,,,,,,,,,,,,,,,,,,,,,,,,,,,,,,,,,,,,,,,,,,,,,,,,,,,,,,,,,,,,,,,,,,,,,,,,,,,,,,,,,,,,,,,,,,,,,,,,,,,,,,,,,,,,,,,,,,,,,,,,,,,,,,,,,,,,,,,,,,,,,,,,,,,,,,,,,,,,,,,,,,,,,,,,,,,,,,,,,,,,,,,,,,,,,,,,,,,,,,,,,,,,,,,,,,,,,,,,,,,,,,,,,,,,,,,,,,,,,,,,,,,,,,,,,,,,,,,,,,,,,,,,,,,,,,5.964214711729622,96.62027833001989,41.35188866799205,15.50695825049702,48.70775347912525
Berkay Muratoğlu,Kasımpaşa,DF,0.0,0.0,0.0,DF,False,True,Kasımpaşa,,Merkez Orta Saha,Merkez Orta Saha,,MID,0.0,0.0,0.0,0.0,0.0,0.0,2.039599330743724,0.1308477278435916,0.2423724893342288,3.4174132703052766,2.708619338701311,1.3743890852063947,2.16838201937232,8.634406191077378,0.0,0.0,87.00923579053267,0.0,0.0,0.0,0.0,0.0,0.0,0.26255498191767107,0.03863442605656959,0.0,0.13900437617014946,0.0,0.2423724893342288,,,,,,,,,,,,,,,,,,,,,,,,,,,,,,,,,,,,,,,,,,,,,,,,,,,,,,,,,,,,,,,,,,,,,,,,,,,,,,,,,,,,,,,,,,,,,,,,,,,,,,,,,,,,,,,,,,,,,,,,,,,,,,,,,,,,,,,,,,,,,,,,,,,,,,,,,,,,,,,,,,,,,,,,,,,,,,,,,,,,,,,,,,,,,,,,,,,,,,,,,,,,,,,,,,,,,,,,,,,,,,,,,,,,,,,,,,,,,,,,,,,,,,,,,,,,,,,,,,,,,,,,,,,,,,5.964214711729622,95.02982107355865,69.98011928429423,11.72962226640159,48.70775347912525
Loret Sadiku,Kasımpaşa,MF,0.0,0.0,0.0,DF,False,True,Kasımpaşa,,Merkez Orta Saha,Merkez Orta Saha,,MID,0.0,0.0,0.0,0.0,0.0,0.0,1.3655808899155724,0.0286922179673043,0.1504758770865518,1.4969602682930443,1.7786253495282711,0.8796523087694131,6.395928863006239,7.792699414641993,0.0,0.0,79.5058355615898,0.0,0.0,0.0,0.0,0.0,0.0,0.2189093555510832,0.02341724465335041,0.0,0.11413812670621168,0.0,0.1504758770865518,,,,,,,,,,,,,,,,,,,,,,,,,,,,,,,,,,,,,,,,,,,,,,,,,,,,,,,,,,,,,,,,,,,,,,,,,,,,,,,,,,,,,,,,,,,,,,,,,,,,,,,,,,,,,,,,,,,,,,,,,,,,,,,,,,,,,,,,,,,,,,,,,,,,,,,,,,,,,,,,,,,,,,,,,,,,,,,,,,,,,,,,,,,,,,,,,,,,,,,,,,,,,,,,,,,,,,,,,,,,,,,,,,,,,,,,,,,,,,,,,,,,,,,,,,,,,,,,,,,,,,,,,,,,,,5.964214711729622,84.89065606361828,44.333996023856855,7.75347912524851,48.70775347912525
Emirhan Yigit,Kasımpaşa,MF,0.0,0.0,0.0,MF,True,True,Kasımpaşa,,Merkez Orta Saha,Merkez Orta Saha,,MID,0.0,0.0,0.0,0.0,0.0,0.0,0.5420451568519457,0.2150349233373587,0.2355383178380513,2.573188994261489,2.3109876569968626,1.1753813692143356,3.2169834160926523,8.667274854121318,0.0,0.0,87.27325703598095,0.0,0.0,0.0,0.0,0.0,0.0,0.24958073772024122,0.02127495676769523,0.0,0.12904536021365967,0.0,0.2355383178380513,,,,,,,,,,,,,,,,,,,,,,,,,,,,,,,,,,,,,,,,,,,,,,,,,,,,,,,,,,,,,,,,,,,,,,,,,,,,,,,,,,,,,,,,,,,,,,,,,,,,,,,,,,,,,,,,,,,,,,,,,,,,,,,,,,,,,,,,,,,,,,,,,,,,,,,,,,,,,,,,,,,,,,,,,,,,,,,,,,,,,,,,,,,,,,,,,,,,,,,,,,,,,,,,,,,,,,,,,,,,,,,,,,,,,,,,,,,,,,,,,,,,,,,,,,,,,,,,,,,,,,,,,,,,,,5.964214711729622,93.04174950298211,40.55666003976143,10.337972166998012,48.70775347912525
Oğuzhan Yılmaz,Kasımpaşa,MF,0.0,0.0,0.0,MF,True,True,Kasımpaşa,,Merkez Orta Saha,Merkez Orta Saha,,MID,0.0,0.0,0.0,0.0,0.0,0.0,2.489219266056511,0.1807035758021209,0.0963834109893964,1.678013173406676,2.7806828061363578,1.9276198799136048,4.786685847865041,5.104270892710261,0.0,0.0,80.84319989887979,0.0,0.0,0.0,0.0,0.0,0.0,0.2577678291206197,0.032942562033657655,0.0,0.13547242696704137,0.0,0.0963834109893964,,,,,,,,,,,,,,,,,,,,,,,,,,,,,,,,,,,,,,,,,,,,,,,,,,,,,,,,,,,,,,,,,,,,,,,,,,,,,,,,,,,,,,,,,,,,,,,,,,,,,,,,,,,,,,,,,,,,,,,,,,,,,,,,,,,,,,,,,,,,,,,,,,,,,,,,,,,,,,,,,,,,,,,,,,,,,,,,,,,,,,,,,,,,,,,,,,,,,,,,,,,,,,,,,,,,,,,,,,,,,,,,,,,,,,,,,,,,,,,,,,,,,,,,,,,,,,,,,,,,,,,,,,,,,,5.964214711729622,94.43339960238568,62.42544731610338,10.337972166998012,48.70775347912525
Opponent Total,Kasımpaşa,NAN,0.0,0.0,0.0,NAN,False,False,Kasımpaşa,,Merkez Orta Saha,Merkez Orta Saha,,MID,0.0,0.0,0.0,0.0,0.0,0.0,0.5420451568519457,0.0169170904750003,0.1072097245723744,2.888377439353822,1.219244686081045,1.098552976463652,2.194896603305652,7.603129733586761,0.0,0.0,86.12871755866647,0.0,0.0,0.0,0.0,0.0,0.0,0.201020651142285,0.01692978414979899,0.0,0.1038962824011023,0.0,0.1072097245723744,,,,,,,,,,,,,,,,,,,,,,,,,,,,,,,,,,,,,,,,,,,,,,,,,,,,,,,,,,,,,,,,,,,,,,,,,,,,,,,,,,,,,,,,,,,,,,,,,,,,,,,,,,,,,,,,,,,,,,,,,,,,,,,,,,,,,,,,,,,,,,,,,,,,,,,,,,,,,,,,,,,,,,,,,,,,,,,,,,,,,,,,,,,,,,,,,,,,,,,,,,,,,,,,,,,,,,,,,,,,,,,,,,,,,,,,,,,,,,,,,,,,,,,,,,,,,,,,,,,,,,,,,,,,,,5.964214711729622,75.94433399602386,31.21272365805169,6.36182902584493,48.70775347912525
Lionel Carole,kayserispor,DF,0.0,0.0,0.0,DF,False,True,Kayserispor,Sol Bek,Standart Bek (Destek),Standart Bek,Destek,FB,1.2121998561790406,0.0,0.0,46.06024331037701,0.0,3.8801461461842974,0.0,0.0,0.0,0.0,0.0,0.0,0.0,0.0,0.0,0.0,85.23994828037216,0.0,0.0,0.0,0.0,0.0,0.15333322813336905,0.12785992242055824,0.006466910243640496,0.0,0.11631797284158009,0.0,0.0,,,,,,,,,,,,,,,,,,,,,,,,,,,,,,,,,,,,,,,,,,,,,,,,,,,,,,,,,,,,,,,,,,,,,,,,,,,,,,,,,,,,,,,,,,,,,,,,,,,,,,,,,,,,,,,,,,,,,,,,,,,,,,,,,,,,,,,,,,,,,,,,,,,,,,,,,,,,,,,,,,,,,,,,,,,,,,,,,,,,,,,,,,,,,,,,,,,,,,,,,,,,,,,,,,,,,,,,,,,,,,,,,,,,,,,,,,,,,,,,,,,,,,,,,,,,,,,,,,,,,,,,,,,,,,11.320754716981133,5.660377358490567,6.918238993710692,7.547169811320755,50.943396226415096
Miguel Filipe Nunes Cardoso,kayserispor,FW,0.2,0.1,0.3,MF,True,True,Kayserispor,,Merkez Orta Saha,Merkez Orta Saha,,MID,0.0,0.0,0.0,0.0,0.0,0.0,1.8595739806029616,0.1769587743074421,0.2761448059722776,1.1533588839395446,2.867029793851738,1.75970240999664,5.33423695652829,5.411585481655453,0.0,0.0,84.78937865809196,0.0,0.0,0.0,0.0,0.0,0.0,0.27912649190493116,0.04152492925476959,0.0,0.1478682318034195,0.0,0.2761448059722776,,,,,,,,,,,,,,,,,,,,,,,,,,,,,,,,,,,,,,,,,,,,,,,,,,,,,,,,,,,,,,,,,,,,,,,,,,,,,,,,,,,,,,,,,,,,,,,,,,,,,,,,,,,,,,,,,,,,,,,,,,,,,,,,,,,,,,,,,,,,,,,,,,,,,,,,,,,,,,,,,,,,,,,,,,,,,,,,,,,,,,,,,,,,,,,,,,,,,,,,,,,,,,,,,,,,,,,,,,,,,,,,,,,,,,,,,,,,,,,,,,,,,,,,,,,,,,,,,,,,,,,,,,,,,,5.964214711729622,96.42147117296223,72.96222664015905,16.10337972166998,76.34194831013916
Stefano Denswil,kayserispor,DF,0.1,0.0,0.1,DF,False,True,Kayserispor,Stoper,Standart Stoper (Sıkı Defans),Standart Stoper,Sıkı Defans,CB,2.6366172066709432,1.022951028690943,5.386354560566766,59.65256594501936,67.20313664369858,0.0,0.0,0.0,0.0,0.0,0.0,0.0,2.9476309063481905,0.0,0.0,0.0,82.98291459227195,0.0,0.0,0.0,0.0,0.0,0.4158322849314698,0.1333172646074525,0.004000000000000001,0.0,0.3181460523735194,0.0,0.0,,,,,,,,,,,,,,,,,,,,,,,,,,,,,,,,,,,,,,,,,,,,,,,,,,,,,,,,,,,,,,,,,,,,,,,,,,,,,,,,,,,,,,,,,,,,,,,,,,,,,,,,,,,,,,,,,,,,,,,,,,,,,,,,,,,,,,,,,,,,,,,,,,,,,,,,,,,,,,,,,,,,,,,,,,,,,,,,,,,,,,,,,,,,,,,,,,,,,,,,,,,,,,,,,,,,,,,,,,,,,,,,,,,,,,,,,,,,,,,,,,,,,,,,,,,,,,,,,,,,,,,,,,,,,,72.84946236559139,13.844086021505376,14.650537634408604,69.6236559139785,68.54838709677419
Ramazan Civelek,kayserispor,MF,0.0,0.11,0.11,DF,False,True,Kayserispor,Sağ Bek,Standart Bek (Destek),Standart Bek,Destek,FB,1.2577134926139475,0.0,0.0,43.10986083203685,0.0,3.564590531541189,0.0,0.0,0.0,0.0,0.0,0.0,0.0,0.0,0.0,0.0,78.18728507646034,0.0,0.0,0.0,0.0,0.0,0.1450510011537849,0.11728092761469051,0.007040984219235316,0.0,0.10911797570514666,0.0,0.0,,,,,,,,,,,,,,,,,,,,,,,,,,,,,,,,,,,,,,,,,,,,,,,,,,,,,,,,,,,,,,,,,,,,,,,,,,,,,,,,,,,,,,,,,,,,,,,,,,,,,,,,,,,,,,,,,,,,,,,,,,,,,,,,,,,,,,,,,,,,,,,,,,,,,,,,,,,,,,,,,,,,,,,,,,,,,,,,,,,,,,,,,,,,,,,,,,,,,,,,,,,,,,,,,,,,,,,,,,,,,,,,,,,,,,,,,,,,,,,,,,,,,,,,,,,,,,,,,,,,,,,,,,,,,,11.320754716981133,5.031446540880504,7.547169811320755,5.660377358490567,57.861635220125784
Bilal Bayazit,kayserispor,GK,0.0,0.0,0.0,GK,False,False,Kayserispor,,Merkez Orta Saha,Merkez Orta Saha,,MID,0.0,0.0,0.0,0.0,0.0,0.0,2.4657257430531687,0.1358845543356615,0.1562468307405537,3.418516821712071,3.880849047213319,0.7828109086238767,3.615136728770469,5.879253721823453,0.0,0.0,89.14603468984694,0.0,0.0,0.0,0.0,0.0,0.0,0.2895049897532239,0.03945342271443402,0.0,0.15264317941949876,0.0,0.1562468307405537,,,,,,,,,,,,,,,,,,,,,,,,,,,,,,,,,,,,,,,,,,,,,,,,,,,,,,,,,,,,,,,,,,,,,,,,,,,,,,,,,,,,,,,,,,,,,,,,,,,,,,,,,,,,,,,,,,,,,,,,,,,,,,,,,,,,,,,,,,,,,,,,,,,,,,,,,,,,,,,,,,,,,,,,,,,,,,,,,,,,,,,,,,,,,,,,,,,,,,,,,,,,,,,,,,,,,,,,,,,,,,,,,,,,,,,,,,,,,,,,,,,,,,,,,,,,,,,,,,,,,,,,,,,,,,5.964214711729622,97.01789264413519,70.9741550695825,18.687872763419485,48.70775347912525
László Bénes,kayserispor,MF,0.25,0.12,0.37,MF,True,True,Kayserispor,Merkez Orta Saha,Oyun Kurucu (Hücum),Oyun Kurucu,Hücum,MID,0.0,0.0,0.0,0.0,0.0,0.0,0.9022782188534438,0.0204313364366945,0.2794331191814233,2.025231761735826,1.570322949351183,1.5086907470375432,6.489595934788329,6.7650327793102205,0.0,0.0,82.64787021570376,0.0,0.0,0.0,0.0,0.0,0.0,0.23806683205070295,0.03646318636013094,0.0,0.12632605329737767,0.0,0.2794331191814233,,,,,,,,,,,,,,,,,,,,,,,,,,,,,,,,,,,,,,,,,,,,,,,,,,,,,,,,,,,,,,,,,,,,,,,,,,,,,,,,,,,,,,,,,,,,,,,,,,,,,,,,,,,,,,,,,,,,,,,,,,,,,,,,,,,,,,,,,,,,,,,,,,,,,,,,,,,,,,,,,,,,,,,,,,,,,,,,,,,,,,,,,,,,,,,,,,,,,,,,,,,,,,,,,,,,,,,,,,,,,,,,,,,,,,,,,,,,,,,,,,,,,,,,,,,,,,,,,,,,,,,,,,,,,,5.964214711729622,90.85487077534792,66.79920477137176,10.139165009940358,82.10735586481114
Aaron Opoku,kayserispor,FW,0.0,0.15,0.15,MF,True,True,Kayserispor,Sol Kanat,Kanat Oyuncusu (Hücum),Kanat Oyuncusu,Hücum,WING,0.0,0.0,0.0,0.0,0.0,2.3693568050172185,1.753507802645204,0.0140238381945519,0.1972861576594619,3.7733310249254144,0.0,0.0,0.0,0.0,0.0,0.0,0.0,0.0,0.0,0.0,0.0,0.0,0.0,0.020499556393913723,0.040308779903506085,0.0,0.03033513486027777,0.0,0.1972861576594619,,,,,,,,,,,,,,,,,,,,,,,,,,,,,,,,,,,,,,,,,,,,,,,,,,,,,,,,,,,,,,,,,,,,,,,,,,,,,,,,,,,,,,,,,,,,,,,,,,,,,,,,,,,,,,,,,,,,,,,,,,,,,,,,,,,,,,,,,,,,,,,,,,,,,,,,,,,,,,,,,,,,,,,,,,,,,,,,,,,,,,,,,,,,,,,,,,,,,,,,,,,,,,,,,,,,,,,,,,,,,,,,,,,,,,,,,,,,,,,,,,,,,,,,,,,,,,,,,,,,,,,,,,,,,,3.2994923857868024,0.0,28.680203045685282,0.25380710659898476,36.80203045685279
Dorukhan Toköz,kayserispor,MF,0.0,0.0,0.0,MF,True,True,Kayserispor,Ön Libero,Savaşçı Orta Saha (Destek),Savaşçı Orta Saha,Destek,DM,1.99683495549334,1.0712347973791996,0.0,0.0,0.0,0.0,0.698723674243112,0.1145751603821641,0.2878478307838974,1.4373362510354528,0.0,0.0,0.0,8.373487039525816,0.0,0.0,0.0,0.0,0.0,0.0,0.0,0.0,0.02496043694366675,0.024824496776506114,0.022094490601375652,0.0,0.024319277591628215,0.0,0.2878478307838974,,,,,,,,,,,,,,,,,,,,,,,,,,,,,,,,,,,,,,,,,,,,,,,,,,,,,,,,,,,,,,,,,,,,,,,,,,,,,,,,,,,,,,,,,,,,,,,,,,,,,,,,,,,,,,,,,,,,,,,,,,,,,,,,,,,,,,,,,,,,,,,,,,,,,,,,,,,,,,,,,,,,,,,,,,,,,,,,,,,,,,,,,,,,,,,,,,,,,,,,,,,,,,,,,,,,,,,,,,,,,,,,,,,,,,,,,,,,,,,,,,,,,,,,,,,,,,,,,,,,,,,,,,,,,,,,,,
João Mendes,kayserispor,MF,0.0,0.4025,0.48,MF,True,True,Kayserispor,On Numara,Serbest Oyuncu (Trequartista),Serbest Oyuncu,Trequartista,AM,0.0,0.0,0.0,0.0,0.0,0.0,0.6549083727871008,0.1211740717825117,0.3001468181814493,0.9984412177910342,3.37778534886515,1.9276198799136048,6.440590944670179,8.667274854121318,0.0,0.0,78.79398226601329,0.0,0.0,0.0,0.0,0.0,0.0,0.2930204018744438,0.02507605949960657,0.0,0.15403301878710385,0.0,0.3001468181814493,,,,,,,,,,,,,,,,,,,,,,,,,,,,,,,,,,,,,,,,,,,,,,,,,,,,,,,,,,,,,,,,,,,,,,,,,,,,,,,,,,,,,,,,,,,,,,,,,,,,,,,,,,,,,,,,,,,,,,,,,,,,,,,,,,,,,,,,,,,,,,,,,,,,,,,,,,,,,,,,,,,,,,,,,,,,,,,,,,,,,,,,,,,,,,,,,,,,,,,,,,,,,,,,,,,,,,,,,,,,,,,,,,,,,,,,,,,,,,,,,,,,,,,,,,,,,,,,,,,,,,,,,,,,,,,,,,
German Onugkha,kayserispor,FW,0.48,0.0,0.48,FW,True,False,Kayserispor,Santrafor,Pivot Santrafor (Hücum),Pivot Santrafor,Hücum,FWD,0.0,0.0,0.0,0.0,0.0,0.0,4.6893127695543,0.0,0.0,0.0,0.0,0.0,0.0,3.1135117261813545,8.093150135530593,0.5722695471515888,0.0,0.0,0.0,0.0,0.0,0.0,0.0,0.0,0.09210537983879705,0.0,0.07368430387103764,0.5722695471515888,0.0,,,,,,,,,,,,,,,,,,,,,,,,,,,,,,,,,,,,,,,,,,,,,,,,,,,,,,,,,,,,,,,,,,,,,,,,,,,,,,,,,,,,,,,,,,,,,,,,,,,,,,,,,,,,,,,,,,,,,,,,,,,,,,,,,,,,,,,,,,,,,,,,,,,,,,,,,,,,,,,,,,,,,,,,,,,,,,,,,,,,,,,,,,,,,,,,,,,,,,,,,,,,,,,,,,,,,,,,,,,,,,,,,,,,,,,,,,,,,,,,,,,,,,,,,,,,,,,,,,,,,,,,,,,,,,9.809264305177113,2.7247956403269753,83.92370572207084,41.41689373297003,67.30245231607628
Furkan Soyalp,kayserispor,MF,0.2,0.0,0.2,MF,True,True,Kayserispor,Merkez Orta Saha,Standart Orta Saha (Destek),Standart Orta Saha,Destek,MID,0.0,0.0,0.0,0.0,0.0,0.0,1.0368778098919509,0.0414436350408189,0.3208223325444225,1.25834634373636,3.723696381338858,0.6528396513094052,3.626453091808739,7.609640483187109,0.0,0.0,78.22986582661504,0.0,0.0,0.0,0.0,0.0,0.0,0.27696636375837985,0.034347537260037315,0.0,0.14535268933119738,0.0,0.3208223325444225,,,,,,,,,,,,,,,,,,,,,,,,,,,,,,,,,,,,,,,,,,,,,,,,,,,,,,,,,,,,,,,,,,,,,,,,,,,,,,,,,,,,,,,,,,,,,,,,,,,,,,,,,,,,,,,,,,,,,,,,,,,,,,,,,,,,,,,,,,,,,,,,,,,,,,,,,,,,,,,,,,,,,,,,,,,,,,,,,,,,,,,,,,,,,,,,,,,,,,,,,,,,,,,,,,,,,,,,,,,,,,,,,,,,,,,,,,,,,,,,,,,,,,,,,,,,,,,,,,,,,,,,,,,,,,5.964214711729622,96.42147117296223,64.21471172962227,15.308151093439365,65.4075546719682
Abdulsamet Burak,kayserispor,DF,0.0,0.0,0.0,DF,False,True,Kayserispor,Stoper,Standart Stoper (Durdurucu),Standart Stoper,Durdurucu,CB,1.687349535656185,1.590297271026365,5.251496341368688,71.18804073074607,68.95511636509397,0.0,0.0,0.0,0.0,0.0,0.0,0.0,3.2381346377962696,0.0,0.0,0.0,81.7475671552937,0.0,0.0,0.0,0.0,0.0,0.44205375790980006,0.13233575464632935,0.0,0.0,0.3359047814661259,0.0,0.0,,,,,,,,,,,,,,,,,,,,,,,,,,,,,,,,,,,,,,,,,,,,,,,,,,,,,,,,,,,,,,,,,,,,,,,,,,,,,,,,,,,,,,,,,,,,,,,,,,,,,,,,,,,,,,,,,,,,,,,,,,,,,,,,,,,,,,,,,,,,,,,,,,,,,,,,,,,,,,,,,,,,,,,,,,,,,,,,,,,,,,,,,,,,,,,,,,,,,,,,,,,,,,,,,,,,,,,,,,,,,,,,,,,,,,,,,,,,,,,,,,,,,,,,,,,,,,,,,,,,,,,,,,,,,,82.52688172043011,12.634408602150538,7.526881720430108,79.43548387096774,60.08064516129033
Carlos Mané,kayserispor,MF,0.0,0.0,0.0,MF,True,True,Kayserispor,Sağ Kanat,Kanat Oyuncusu (Hücum),Kanat Oyuncusu,Hücum,WING,0.0,0.0,0.0,0.0,0.0,6.844078791626583,3.5326369758584293,0.2459098104948692,0.2649702934651164,4.517920861271849,0.0,0.0,0.0,0.0,0.0,0.0,0.0,0.0,0.0,0.0,0.0,0.0,0.0,0.026845024553799127,0.06862678163641288,0.0,0.04922957634798746,0.0,0.2649702934651164,,,,,,,,,,,,,,,,,,,,,,,,,,,,,,,,,,,,,,,,,,,,,,,,,,,,,,,,,,,,,,,,,,,,,,,,,,,,,,,,,,,,,,,,,,,,,,,,,,,,,,,,,,,,,,,,,,,,,,,,,,,,,,,,,,,,,,,,,,,,,,,,,,,,,,,,,,,,,,,,,,,,,,,,,,,,,,,,,,,,,,,,,,,,,,,,,,,,,,,,,,,,,,,,,,,,,,,,,,,,,,,,,,,,,,,,,,,,,,,,,,,,,,,,,,,,,,,,,,,,,,,,,,,,,,3.2994923857868024,0.0,71.57360406091371,2.030456852791878,32.48730964467005
Gideon Jung,kayserispor,DF,0.0,0.0,0.0,MF,True,True,Kayserispor,Stoper,Çakılı Stoper,Çakılı Stoper,,CB,2.235431606118868,1.5911247341470989,6.001943185316763,71.18804073074607,63.45336565934959,0.0,0.0,0.0,0.0,0.0,0.0,0.0,2.750106295291479,0.0,0.0,0.0,79.60067339919681,0.0,0.0,0.0,0.0,0.0,0.4401533859858765,0.12765132898466966,0.0,0.0,0.33363763598704743,0.0,0.0,,,,,,,,,,,,,,,,,,,,,,,,,,,,,,,,,,,,,,,,,,,,,,,,,,,,,,,,,,,,,,,,,,,,,,,,,,,,,,,,,,,,,,,,,,,,,,,,,,,,,,,,,,,,,,,,,,,,,,,,,,,,,,,,,,,,,,,,,,,,,,,,,,,,,,,,,,,,,,,,,,,,,,,,,,,,,,,,,,,,,,,,,,,,,,,,,,,,,,,,,,,,,,,,,,,,,,,,,,,,,,,,,,,,,,,,,,,,,,,,,,,,,,,,,,,,,,,,,,,,,,,,,,,,,,81.72043010752688,8.736559139784946,7.526881720430108,78.36021505376344,60.08064516129033
Indrit Tuci,kayserispor,FW,0.5,0.0,0.5,FW,True,False,Kayserispor,Santrafor,Yaratıcı Forvet,Yaratıcı Forvet,,FWD,0.0,0.0,0.0,0.0,0.0,0.0,4.6893127695543,0.0,0.0,0.0,0.0,0.0,0.0,0.0,1.8074576026246465,0.2524195665261111,0.0,0.0,0.0,0.0,0.0,0.0,0.0,0.0,0.07836674435582079,0.0,0.06269339548465663,0.2524195665261111,0.0,,,,,,,,,,,,,,,,,,,,,,,,,,,,,,,,,,,,,,,,,,,,,,,,,,,,,,,,,,,,,,,,,,,,,,,,,,,,,,,,,,,,,,,,,,,,,,,,,,,,,,,,,,,,,,,,,,,,,,,,,,,,,,,,,,,,,,,,,,,,,,,,,,,,,,,,,,,,,,,,,,,,,,,,,,,,,,,,,,,,,,,,,,,,,,,,,,,,,,,,,,,,,,,,,,,,,,,,,,,,,,,,,,,,,,,,,,,,,,,,,,,,,,,,,,,,,,,,,,,,,,,,,,,,,,9.809264305177113,2.7247956403269753,75.74931880108991,27.520435967302454,68.66485013623979
Gökhan Sazdağı,kayserispor,DF,0.0,0.0,0.0,DF,False,True,Kayserispor,,Merkez Orta Saha,Merkez Orta Saha,,MID,0.0,0.0,0.0,0.0,0.0,0.0,0.6121962031223581,0.2364245367500705,0.1508448271796536,2.203389661101248,3.8311047784606624,0.5834547459142635,6.504804478452339,5.506600693004002,0.0,0.0,87.92230273167304,0.0,0.0,0.0,0.0,0.0,0.0,0.2899046553261493,0.01766422927116285,0.0,0.14848517351730722,0.0,0.1508448271796536,,,,,,,,,,,,,,,,,,,,,,,,,,,,,,,,,,,,,,,,,,,,,,,,,,,,,,,,,,,,,,,,,,,,,,,,,,,,,,,,,,,,,,,,,,,,,,,,,,,,,,,,,,,,,,,,,,,,,,,,,,,,,,,,,,,,,,,,,,,,,,,,,,,,,,,,,,,,,,,,,,,,,,,,,,,,,,,,,,,,,,,,,,,,,,,,,,,,,,,,,,,,,,,,,,,,,,,,,,,,,,,,,,,,,,,,,,,,,,,,,,,,,,,,,,,,,,,,,,,,,,,,,,,,,,5.964214711729622,97.01789264413519,32.40556660039761,16.10337972166998,48.70775347912525
Arif Kocaman,kayserispor,DF,0.0,0.0,0.0,DF,False,True,Kayserispor,Stoper,Standart Stoper (Savunma),Standart Stoper,Savunma,CB,2.030404735363451,1.653779550438114,8.393813317648963,54.89477836973241,58.79632315094194,0.0,0.0,0.0,0.0,0.0,0.0,0.0,3.8865176454236257,0.0,0.0,0.0,85.26001331689415,0.0,0.0,0.0,0.0,0.0,0.3930139576295883,0.1395495729116121,0.0,0.0,0.3030196849230342,0.0,0.0,,,,,,,,,,,,,,,,,,,,,,,,,,,,,,,,,,,,,,,,,,,,,,,,,,,,,,,,,,,,,,,,,,,,,,,,,,,,,,,,,,,,,,,,,,,,,,,,,,,,,,,,,,,,,,,,,,,,,,,,,,,,,,,,,,,,,,,,,,,,,,,,,,,,,,,,,,,,,,,,,,,,,,,,,,,,,,,,,,,,,,,,,,,,,,,,,,,,,,,,,,,,,,,,,,,,,,,,,,,,,,,,,,,,,,,,,,,,,,,,,,,,,,,,,,,,,,,,,,,,,,,,,,,,,,61.96236559139785,20.43010752688172,7.526881720430108,59.13978494623656,60.08064516129033
Yaw Ackah,kayserispor,MF,0.0,0.0,0.0,MF,True,True,Kayserispor,Ön Libero,Defansif Orta Saha (Savunma),Defansif Orta Saha,Savunma,DM,0.0,0.0,0.0,0.0,0.0,0.0,1.853538817557677,0.2124938428701654,0.1116033864123985,1.709908576364473,3.8804068132163416,1.1503741889489216,6.8003713577826455,5.528142013662421,0.0,0.0,84.29682765193718,0.0,0.0,0.0,0.0,0.0,0.0,0.2915798294154252,0.027274295072983897,0.0,0.15124477372230938,0.0,0.1116033864123985,,,,,,,,,,,,,,,,,,,,,,,,,,,,,,,,,,,,,,,,,,,,,,,,,,,,,,,,,,,,,,,,,,,,,,,,,,,,,,,,,,,,,,,,,,,,,,,,,,,,,,,,,,,,,,,,,,,,,,,,,,,,,,,,,,,,,,,,,,,,,,,,,,,,,,,,,,,,,,,,,,,,,,,,,,,,,,,,,,,,,,,,,,,,,,,,,,,,,,,,,,,,,,,,,,,,,,,,,,,,,,,,,,,,,,,,,,,,,,,,,,,,,,,,,,,,,,,,,,,,,,,,,,,,,,,,,,
Majid Hosseini,kayserispor,DF,0.0,0.0,0.0,DF,False,True,Kayserispor,Stoper,Pas Dağıtan Stoper (Sıkı Defans),Pas Dağıtan Stoper,Sıkı Defans,CB,1.9997770700847293,1.0045306159652712,6.365627829212317,48.349071976029165,63.662601006836205,0.0,0.0,0.0,0.0,0.0,0.0,0.0,5.9725096617250495,0.0,0.0,0.0,84.14800739988635,0.0,0.0,0.0,0.0,0.0,0.37163845068265255,0.14413954008500468,0.0,0.0,0.2889748234948577,0.0,0.0,,,,,,,,,,,,,,,,,,,,,,,,,,,,,,,,,,,,,,,,,,,,,,,,,,,,,,,,,,,,,,,,,,,,,,,,,,,,,,,,,,,,,,,,,,,,,,,,,,,,,,,,,,,,,,,,,,,,,,,,,,,,,,,,,,,,,,,,,,,,,,,,,,,,,,,,,,,,,,,,,,,,,,,,,,,,,,,,,,,,,,,,,,,,,,,,,,,,,,,,,,,,,,,,,,,,,,,,,,,,,,,,,,,,,,,,,,,,,,,,,,,,,,,,,,,,,,,,,,,,,,,,,,,,,,51.747311827956985,29.301075268817208,7.526881720430108,49.73118279569893,60.08064516129033
Onurcan Piri,kayserispor,GK,0.0,0.0,0.0,GK,False,False,Kayserispor,Kaleci,Kaleci (Savunma),Kaleci,Savunma,GK,0.0,0.0,0.0,0.0,0.0,0.0,0.0,0.0,0.0,0.0,0.0,0.0,0.0,0.0,0.0,0.0,0.0,70.70351922786027,2.814047095321688,68.55082036717099,0.4025691028421768,1.3863394147823629,0.0,0.0,0.0,0.8214881971440482,0.8214881971440482,0.0,0.0,,,,,,,,,,,,,,,,,,,,,,,,,,,,,,,,,,,,,,,,,,,,,,,,,,,,,,,,,,,,,,,,,,,,,,,,,,,,,,,,,,,,,,,,,,,,,,,,,,,,,,,,,,,,,,,,,,,,,,,,,,,,,,,,,,,,,,,,,,,,,,,,,,,,,,,,,,,,,,,,,,,,,,,,,,,,,,,,,,,,,,,,,,,,,,,,,,,,,,,,,,,,,,,,,,,,,,,,,,,,,,,,,,,,,,,,,,,,,,,,,,,,,,,,,,,,,,,,,,,,,,,,,,,,,,4.929577464788732,0.0,83.09859154929578,100.0,96.47887323943662
Youssef Aït Bennasser,kayserispor,MF,0.0,0.0,0.0,MF,True,True,Kayserispor,Ön Libero,Defansif Oyun Kurucu (Destek),Defansif Oyun Kurucu,Destek,DM,0.0,0.0,0.0,0.0,0.0,0.0,0.5420451568519457,0.167255584332277,0.2037695613079398,3.0379850878830457,2.564378916164416,0.6389382245770507,6.127078320619741,7.425493809533349,0.0,0.0,87.3029286220194,0.0,0.0,0.0,0.0,0.0,0.0,0.2559501150129655,0.021166196740544665,0.0,0.13220829685459168,0.0,0.2037695613079398,,,,,,,,,,,,,,,,,,,,,,,,,,,,,,,,,,,,,,,,,,,,,,,,,,,,,,,,,,,,,,,,,,,,,,,,,,,,,,,,,,,,,,,,,,,,,,,,,,,,,,,,,,,,,,,,,,,,,,,,,,,,,,,,,,,,,,,,,,,,,,,,,,,,,,,,,,,,,,,,,,,,,,,,,,,,,,,,,,,,,,,,,,,,,,,,,,,,,,,,,,,,,,,,,,,,,,,,,,,,,,,,,,,,,,,,,,,,,,,,,,,,,,,,,,,,,,,,,,,,,,,,,,,,,,,,,,
Nurettin Korkmaz,kayserispor,DF,0.0,0.4025,0.6179999999999995,DF,False,True,Kayserispor,,Merkez Orta Saha,Merkez Orta Saha,,MID,0.0,0.0,0.0,0.0,0.0,0.0,1.4697864691145583,0.1155738902501518,0.1299103482031696,1.963396313886876,3.880849047213319,1.622576524514347,6.2243567387761445,4.432662874609815,0.0,0.0,80.81310720013818,0.0,0.0,0.0,0.0,0.0,0.0,0.2935039235492627,0.02882776940398956,0.0,0.15251751565542926,0.0,0.1299103482031696,,,,,,,,,,,,,,,,,,,,,,,,,,,,,,,,,,,,,,,,,,,,,,,,,,,,,,,,,,,,,,,,,,,,,,,,,,,,,,,,,,,,,,,,,,,,,,,,,,,,,,,,,,,,,,,,,,,,,,,,,,,,,,,,,,,,,,,,,,,,,,,,,,,,,,,,,,,,,,,,,,,,,,,,,,,,,,,,,,,,,,,,,,,,,,,,,,,,,,,,,,,,,,,,,,,,,,,,,,,,,,,,,,,,,,,,,,,,,,,,,,,,,,,,,,,,,,,,,,,,,,,,,,,,,,5.964214711729622,97.21669980119285,55.26838966202783,18.48906560636183,93.43936381709742
Kayra Cihan,kayserispor,DF,0.0,0.0,0.0,DF,False,True,Kayserispor,,Merkez Orta Saha,Merkez Orta Saha,,MID,0.0,0.0,0.0,0.0,0.0,0.0,2.493063393091252,0.1029413853961271,0.2103759583800815,1.4715285359866008,3.2719306214033166,1.8718229957728385,3.2450436805454497,3.662844678788368,0.0,0.0,82.1410049461588,0.0,0.0,0.0,0.0,0.0,0.0,0.2778513893799564,0.03702449360608229,0.0,0.14633059341119467,0.0,0.2103759583800815,,,,,,,,,,,,,,,,,,,,,,,,,,,,,,,,,,,,,,,,,,,,,,,,,,,,,,,,,,,,,,,,,,,,,,,,,,,,,,,,,,,,,,,,,,,,,,,,,,,,,,,,,,,,,,,,,,,,,,,,,,,,,,,,,,,,,,,,,,,,,,,,,,,,,,,,,,,,,,,,,,,,,,,,,,,,,,,,,,,,,,,,,,,,,,,,,,,,,,,,,,,,,,,,,,,,,,,,,,,,,,,,,,,,,,,,,,,,,,,,,,,,,,,,,,,,,,,,,,,,,,,,,,,,,,5.964214711729622,96.42147117296223,67.79324055666004,15.308151093439365,48.70775347912525
Burak Kapacak,kayserispor,DF,0.0,0.4025,0.42,DF,False,True,Kayserispor,Sağ Bek,Ofansif Bek (Hücum),Ofansif Bek,Hücum,FB,1.4413830772778584,0.0,0.0,55.265501061040816,0.0,7.385204851221865,0.0,0.0,0.0,2.9955916620886005,0.0,0.0,0.0,0.0,0.0,0.0,86.6944694525694,0.0,0.0,0.0,0.0,0.0,0.18381379164909564,0.13378619375646486,0.023822653907257945,0.0,0.13680728473293888,0.0,0.0,,,,,,,,,,,,,,,,,,,,,,,,,,,,,,,,,,,,,,,,,,,,,,,,,,,,,,,,,,,,,,,,,,,,,,,,,,,,,,,,,,,,,,,,,,,,,,,,,,,,,,,,,,,,,,,,,,,,,,,,,,,,,,,,,,,,,,,,,,,,,,,,,,,,,,,,,,,,,,,,,,,,,,,,,,,,,,,,,,,,,,,,,,,,,,,,,,,,,,,,,,,,,,,,,,,,,,,,,,,,,,,,,,,,,,,,,,,,,,,,,,,,,,,,,,,,,,,,,,,,,,,,,,,,,,14.465408805031446,10.062893081761008,43.39622641509434,10.69182389937107,88.0503144654088
Mehmet Eray Özbek,kayserispor,MF,0.0,0.0,0.0,MF,True,True,Kayserispor,,Merkez Orta Saha,Merkez Orta Saha,,MID,0.0,0.0,0.0,0.0,0.0,0.0,2.1093375659626394,0.1627433667877385,0.2469550519253386,2.4662914638308813,1.4850143087108858,1.1510314590631383,4.8835119942887815,5.127732945844659,0.0,0.0,78.36124646653583,0.0,0.0,0.0,0.0,0.0,0.0,0.21684757531375942,0.037137306396217144,0.0,0.11585124893612314,0.0,0.2469550519253386,,,,,,,,,,,,,,,,,,,,,,,,,,,,,,,,,,,,,,,,,,,,,,,,,,,,,,,,,,,,,,,,,,,,,,,,,,,,,,,,,,,,,,,,,,,,,,,,,,,,,,,,,,,,,,,,,,,,,,,,,,,,,,,,,,,,,,,,,,,,,,,,,,,,,,,,,,,,,,,,,,,,,,,,,,,,,,,,,,,,,,,,,,,,,,,,,,,,,,,,,,,,,,,,,,,,,,,,,,,,,,,,,,,,,,,,,,,,,,,,,,,,,,,,,,,,,,,,,,,,,,,,,,,,,,5.964214711729622,83.69781312127238,67.9920477137177,8.34990059642147,48.70775347912525
Ali Karimi,kayserispor,MF,0.0,0.0,0.0,MF,True,True,Kayserispor,Merkez Orta Saha,Standart Orta Saha (Destek),Standart Orta Saha,Destek,MID,0.0,0.0,0.0,0.0,0.0,0.0,1.6919608202851228,0.1363579673517263,0.2409417564722479,2.708298485590704,2.43070031940391,0.8880674632331614,2.33627956983684,4.72343394992449,0.0,0.0,89.14603468984694,0.0,0.0,0.0,0.0,0.0,0.0,0.2496306258996639,0.03332802467571791,0.0,0.13148091788497554,0.0,0.2409417564722479,,,,,,,,,,,,,,,,,,,,,,,,,,,,,,,,,,,,,,,,,,,,,,,,,,,,,,,,,,,,,,,,,,,,,,,,,,,,,,,,,,,,,,,,,,,,,,,,,,,,,,,,,,,,,,,,,,,,,,,,,,,,,,,,,,,,,,,,,,,,,,,,,,,,,,,,,,,,,,,,,,,,,,,,,,,,,,,,,,,,,,,,,,,,,,,,,,,,,,,,,,,,,,,,,,,,,,,,,,,,,,,,,,,,,,,,,,,,,,,,,,,,,,,,,,,,,,,,,,,,,,,,,,,,,,5.964214711729622,93.04174950298211,63.02186878727635,10.337972166998012,48.70775347912525
Talha Sarıarslan,kayserispor,FW,0.0,0.0,0.0,FW,True,False,Kayserispor,Santrafor,Fırsatçı Golcü,Fırsatçı Golcü,,FWD,0.0,0.0,0.0,0.0,0.0,0.0,4.519916315861579,0.0,0.0,0.0,0.0,0.0,0.0,0.0,1.5665133859628857,0.7552828455252949,0.0,0.0,0.0,0.0,0.0,0.0,0.0,0.0,0.07953020159158375,0.0,0.063624161273267,0.7552828455252949,0.0,,,,,,,,,,,,,,,,,,,,,,,,,,,,,,,,,,,,,,,,,,,,,,,,,,,,,,,,,,,,,,,,,,,,,,,,,,,,,,,,,,,,,,,,,,,,,,,,,,,,,,,,,,,,,,,,,,,,,,,,,,,,,,,,,,,,,,,,,,,,,,,,,,,,,,,,,,,,,,,,,,,,,,,,,,,,,,,,,,,,,,,,,,,,,,,,,,,,,,,,,,,,,,,,,,,,,,,,,,,,,,,,,,,,,,,,,,,,,,,,,,,,,,,,,,,,,,,,,,,,,,,,,,,,,,9.809264305177113,2.7247956403269753,76.566757493188,27.79291553133515,35.967302452316076
Yiğit Çeltik,kayserispor,MF,0.0,0.0,0.0,MF,True,True,Kayserispor,,Merkez Orta Saha,Merkez Orta Saha,,MID,0.0,0.0,0.0,0.0,0.0,0.0,1.0431326036518844,0.0155682764704714,0.1310935104570424,1.2510131513325646,3.154993526116012,1.1516049785099147,2.474589684108349,4.777848722735941,0.0,0.0,86.01441488040976,0.0,0.0,0.0,0.0,0.0,0.0,0.26042051910979785,0.018802599333131956,0.0,0.13397077942152533,0.0,0.1310935104570424,,,,,,,,,,,,,,,,,,,,,,,,,,,,,,,,,,,,,,,,,,,,,,,,,,,,,,,,,,,,,,,,,,,,,,,,,,,,,,,,,,,,,,,,,,,,,,,,,,,,,,,,,,,,,,,,,,,,,,,,,,,,,,,,,,,,,,,,,,,,,,,,,,,,,,,,,,,,,,,,,,,,,,,,,,,,,,,,,,,,,,,,,,,,,,,,,,,,,,,,,,,,,,,,,,,,,,,,,,,,,,,,,,,,,,,,,,,,,,,,,,,,,,,,,,,,,,,,,,,,,,,,,,,,,,5.964214711729622,94.83101391650099,33.99602385685885,10.337972166998012,48.70775347912525
Deniz Donmezer,kayserispor,GK,0.0,0.0,0.0,GK,False,False,Kayserispor,,Merkez Orta Saha,Merkez Orta Saha,,MID,0.0,0.0,0.0,0.0,0.0,0.0,1.710181256212441,0.1281256621925829,0.0584010705945634,1.2525718839784576,1.74202094745725,1.5851717267750014,6.8003713577826455,4.40164650629946,0.0,0.0,89.14603468984694,0.0,0.0,0.0,0.0,0.0,0.0,0.23639617093599902,0.02256928509585309,0.0,0.12271194248717013,0.0,0.0584010705945634,,,,,,,,,,,,,,,,,,,,,,,,,,,,,,,,,,,,,,,,,,,,,,,,,,,,,,,,,,,,,,,,,,,,,,,,,,,,,,,,,,,,,,,,,,,,,,,,,,,,,,,,,,,,,,,,,,,,,,,,,,,,,,,,,,,,,,,,,,,,,,,,,,,,,,,,,,,,,,,,,,,,,,,,,,,,,,,,,,,,,,,,,,,,,,,,,,,,,,,,,,,,,,,,,,,,,,,,,,,,,,,,,,,,,,,,,,,,,,,,,,,,,,,,,,,,,,,,,,,,,,,,,,,,,,5.964214711729622,90.4572564612326,42.14711729622266,9.542743538767395,48.70775347912525
Baran Gezek,kayserispor,MF,0.0,0.0,0.0,MF,True,True,Kayserispor,,Merkez Orta Saha,Merkez Orta Saha,,MID,0.0,0.0,0.0,0.0,0.0,0.0,1.5067870742144684,0.2016009043082098,0.1506852684617726,0.926837998108643,2.921845550646662,0.5834547459142635,3.633196247129555,3.252559137818172,0.0,0.0,81.18595688914887,0.0,0.0,0.0,0.0,0.0,0.0,0.2422990807578034,0.023412376475887196,0.0,0.12583201567407915,0.0,0.1506852684617726,,,,,,,,,,,,,,,,,,,,,,,,,,,,,,,,,,,,,,,,,,,,,,,,,,,,,,,,,,,,,,,,,,,,,,,,,,,,,,,,,,,,,,,,,,,,,,,,,,,,,,,,,,,,,,,,,,,,,,,,,,,,,,,,,,,,,,,,,,,,,,,,,,,,,,,,,,,,,,,,,,,,,,,,,,,,,,,,,,,,,,,,,,,,,,,,,,,,,,,,,,,,,,,,,,,,,,,,,,,,,,,,,,,,,,,,,,,,,,,,,,,,,,,,,,,,,,,,,,,,,,,,,,,,,,5.964214711729622,91.84890656063618,44.333996023856855,10.139165009940358,48.70775347912525
Arda Kaya,kayserispor,MF,0.0,0.0,0.0,MF,True,True,Kayserispor,,Merkez Orta Saha,Merkez Orta Saha,,MID,0.0,0.0,0.0,0.0,0.0,0.0,1.29477510616978,0.1148099693992395,0.049907950428668,2.788285440677229,2.999801437139858,1.3841809842270458,5.740919560244231,3.1135117261813545,0.0,0.0,85.33756333470794,0.0,0.0,0.0,0.0,0.0,0.0,0.26346385439553605,0.021914782680537596,0.0,0.13611488373387554,0.0,0.049907950428668,,,,,,,,,,,,,,,,,,,,,,,,,,,,,,,,,,,,,,,,,,,,,,,,,,,,,,,,,,,,,,,,,,,,,,,,,,,,,,,,,,,,,,,,,,,,,,,,,,,,,,,,,,,,,,,,,,,,,,,,,,,,,,,,,,,,,,,,,,,,,,,,,,,,,,,,,,,,,,,,,,,,,,,,,,,,,,,,,,,,,,,,,,,,,,,,,,,,,,,,,,,,,,,,,,,,,,,,,,,,,,,,,,,,,,,,,,,,,,,,,,,,,,,,,,,,,,,,,,,,,,,,,,,,,,5.964214711729622,95.2286282306163,41.35188866799205,10.536779324055665,48.70775347912525
Mustafa Obut,kayserispor,DF,0.0,0.0,0.0,DF,False,True,Kayserispor,,Merkez Orta Saha,Merkez Orta Saha,,MID,0.0,0.0,0.0,0.0,0.0,0.0,0.6744917911544189,0.0140238381945519,0.3115339623143329,2.592272224578874,1.4880992314256978,1.4199375273310686,6.033325265134082,8.667274854121318,0.0,0.0,86.14199961951165,0.0,0.0,0.0,0.0,0.0,0.0,0.24141807234327692,0.02568695696556469,0.0,0.1258464275647514,0.0,0.3115339623143329,,,,,,,,,,,,,,,,,,,,,,,,,,,,,,,,,,,,,,,,,,,,,,,,,,,,,,,,,,,,,,,,,,,,,,,,,,,,,,,,,,,,,,,,,,,,,,,,,,,,,,,,,,,,,,,,,,,,,,,,,,,,,,,,,,,,,,,,,,,,,,,,,,,,,,,,,,,,,,,,,,,,,,,,,,,,,,,,,,,,,,,,,,,,,,,,,,,,,,,,,,,,,,,,,,,,,,,,,,,,,,,,,,,,,,,,,,,,,,,,,,,,,,,,,,,,,,,,,,,,,,,,,,,,,,5.964214711729622,91.45129224652088,49.50298210735586,10.139165009940358,48.70775347912525
Mehmet Öztürk,kayserispor,GK,0.0,0.0,0.0,GK,False,False,Kayserispor,,Merkez Orta Saha,Merkez Orta Saha,,MID,0.0,0.0,0.0,0.0,0.0,0.0,2.26186885200498,0.1965695498460082,0.12105711125825,2.0815033645244974,2.6952559373582687,1.4565323703439033,6.290116355036146,5.566638802415174,0.0,0.0,81.81059640309107,0.0,0.0,0.0,0.0,0.0,0.0,0.25657835545196733,0.03266473138169105,0.0,0.13482212400232188,0.0,0.12105711125825,,,,,,,,,,,,,,,,,,,,,,,,,,,,,,,,,,,,,,,,,,,,,,,,,,,,,,,,,,,,,,,,,,,,,,,,,,,,,,,,,,,,,,,,,,,,,,,,,,,,,,,,,,,,,,,,,,,,,,,,,,,,,,,,,,,,,,,,,,,,,,,,,,,,,,,,,,,,,,,,,,,,,,,,,,,,,,,,,,,,,,,,,,,,,,,,,,,,,,,,,,,,,,,,,,,,,,,,,,,,,,,,,,,,,,,,,,,,,,,,,,,,,,,,,,,,,,,,,,,,,,,,,,,,,,5.964214711729622,94.23459244532803,61.431411530815105,10.337972166998012,48.70775347912525
Opponent Total,kayserispor,NAN,0.0,0.0,0.0,NAN,False,False,Kayserispor,,Merkez Orta Saha,Merkez Orta Saha,,MID,0.0,0.0,0.0,0.0,0.0,0.0,1.3445477625247777,0.0503409455339936,0.0540609115281633,3.079260212216832,3.314880732935823,0.8630331199713158,6.8003713577826455,5.30595988295809,0.0,0.0,88.17731082018756,0.0,0.0,0.0,0.0,0.0,0.0,0.2732329472787978,0.023306064616916394,0.0,0.1412776865627822,0.0,0.0540609115281633,,,,,,,,,,,,,,,,,,,,,,,,,,,,,,,,,,,,,,,,,,,,,,,,,,,,,,,,,,,,,,,,,,,,,,,,,,,,,,,,,,,,,,,,,,,,,,,,,,,,,,,,,,,,,,,,,,,,,,,,,,,,,,,,,,,,,,,,,,,,,,,,,,,,,,,,,,,,,,,,,,,,,,,,,,,,,,,,,,,,,,,,,,,,,,,,,,,,,,,,,,,,,,,,,,,,,,,,,,,,,,,,,,,,,,,,,,,,,,,,,,,,,,,,,,,,,,,,,,,,,,,,,,,,,,5.964214711729622,96.22266401590457,43.93638170974155,12.72365805168986,48.70775347912525
Aleksandar Jovanović,kocaelispor,GK,0.0,0.0,0.0,GK,False,False,Kocaelispor,,Merkez Orta Saha,Merkez Orta Saha,,MID,0.0,0.0,0.0,0.0,0.0,0.0,0.8087072748236066,0.0646552087220097,0.0166754062591058,2.975309412965144,2.4966869936078258,1.57107908506719,3.207482426284339,7.077883696158419,0.0,0.0,89.14603468984694,0.0,0.0,0.0,0.0,0.0,0.0,0.24686146466480097,0.01619236253101316,0.0,0.1266692048386031,0.0,0.0166754062591058,,,,,,,,,,,,,,,,,,,,,,,,,,,,,,,,,,,,,,,,,,,,,,,,,,,,,,,,,,,,,,,,,,,,,,,,,,,,,,,,,,,,,,,,,,,,,,,,,,,,,,,,,,,,,,,,,,,,,,,,,,,,,,,,,,,,,,,,,,,,,,,,,,,,,,,,,,,,,,,,,,,,,,,,,,,,,,,,,,,,,,,,,,,,,,,,,,,,,,,,,,,,,,,,,,,,,,,,,,,,,,,,,,,,,,,,,,,,,,,,,,,,,,,,,,,,,,,,,,,,,,,,,,,,,,5.964214711729622,92.44532803180915,29.62226640159046,10.139165009940358,48.70775347912525
Anfernee Dijksteel,kocaelispor,DF,0.0,0.0,0.0,DF,False,True,Kocaelispor,,Merkez Orta Saha,Merkez Orta Saha,,MID,0.0,0.0,0.0,0.0,0.0,0.0,1.1722946368423082,0.0411765883580739,0.2260378352002694,2.3804567838712307,1.1272268465434114,0.6370872294976646,2.2017541342984988,4.3095233271903854,0.0,0.0,88.61826141235206,0.0,0.0,0.0,0.0,0.0,0.0,0.20396436615605146,0.026715601736111937,0.0,0.10732530342524811,0.0,0.2260378352002694,,,,,,,,,,,,,,,,,,,,,,,,,,,,,,,,,,,,,,,,,,,,,,,,,,,,,,,,,,,,,,,,,,,,,,,,,,,,,,,,,,,,,,,,,,,,,,,,,,,,,,,,,,,,,,,,,,,,,,,,,,,,,,,,,,,,,,,,,,,,,,,,,,,,,,,,,,,,,,,,,,,,,,,,,,,,,,,,,,,,,,,,,,,,,,,,,,,,,,,,,,,,,,,,,,,,,,,,,,,,,,,,,,,,,,,,,,,,,,,,,,,,,,,,,,,,,,,,,,,,,,,,,,,,,,5.964214711729622,77.13717693836978,50.29821073558648,6.759443339960239,48.70775347912525
Tayfur Bingöl,kocaelispor,DF,0.48,0.0,0.48,MF,True,True,Kocaelispor,Merkez Orta Saha,Savaşçı Orta Saha (Destek),Savaşçı Orta Saha,Destek,MID,2.88775786310812,1.5685712506110128,0.0,0.0,0.0,0.0,1.2696724803107469,0.0825537662178743,0.2229158111091601,3.144332457385799,0.0,0.0,0.0,4.502430643585591,0.0,0.0,0.0,0.0,0.0,0.0,0.0,0.0,0.0360969732888515,0.021763680460465055,0.04867418839093837,0.0,0.03144576989507565,0.0,0.2229158111091601,,,,,,,,,,,,,,,,,,,,,,,,,,,,,,,,,,,,,,,,,,,,,,,,,,,,,,,,,,,,,,,,,,,,,,,,,,,,,,,,,,,,,,,,,,,,,,,,,,,,,,,,,,,,,,,,,,,,,,,,,,,,,,,,,,,,,,,,,,,,,,,,,,,,,,,,,,,,,,,,,,,,,,,,,,,,,,,,,,,,,,,,,,,,,,,,,,,,,,,,,,,,,,,,,,,,,,,,,,,,,,,,,,,,,,,,,,,,,,,,,,,,,,,,,,,,,,,,,,,,,,,,,,,,,,8.747514910536779,0.9940357852882704,80.51689860834989,1.1928429423459244,88.27037773359841
Show,kocaelispor,MF,0.0,0.0,0.0,MF,True,True,Kocaelispor,,Merkez Orta Saha,Merkez Orta Saha,,MID,0.0,0.0,0.0,0.0,0.0,0.0,2.137829580690436,0.1891878764221587,0.119211458303452,1.3557712670992743,1.1272268465434114,0.7989055047002012,4.05595758997293,7.718070086493312,0.0,0.0,86.86880371127248,0.0,0.0,0.0,0.0,0.0,0.0,0.19950309705178312,0.029536182306790632,0.0,0.10565878498724969,0.0,0.119211458303452,,,,,,,,,,,,,,,,,,,,,,,,,,,,,,,,,,,,,,,,,,,,,,,,,,,,,,,,,,,,,,,,,,,,,,,,,,,,,,,,,,,,,,,,,,,,,,,,,,,,,,,,,,,,,,,,,,,,,,,,,,,,,,,,,,,,,,,,,,,,,,,,,,,,,,,,,,,,,,,,,,,,,,,,,,,,,,,,,,,,,,,,,,,,,,,,,,,,,,,,,,,,,,,,,,,,,,,,,,,,,,,,,,,,,,,,,,,,,,,,,,,,,,,,,,,,,,,,,,,,,,,,,,,,,,5.964214711729622,74.55268389662028,56.85884691848907,6.36182902584493,48.70775347912525
Bruno Petković,kocaelispor,FW,0.5,0.0,0.5,FW,True,False,Kocaelispor,Santrafor,Pivot Santrafor (Destek),Pivot Santrafor,Destek,FWD,0.0,0.0,0.0,0.0,0.0,0.0,4.224762770520046,0.0,0.0,0.0,0.0,0.0,0.0,3.1135117261813545,5.891436607896705,0.4068732729078272,0.0,0.0,0.0,0.0,0.0,0.0,0.0,0.0,0.08074186738282899,0.0,0.06459349390626319,0.4068732729078272,0.0,,,,,,,,,,,,,,,,,,,,,,,,,,,,,,,,,,,,,,,,,,,,,,,,,,,,,,,,,,,,,,,,,,,,,,,,,,,,,,,,,,,,,,,,,,,,,,,,,,,,,,,,,,,,,,,,,,,,,,,,,,,,,,,,,,,,,,,,,,,,,,,,,,,,,,,,,,,,,,,,,,,,,,,,,,,,,,,,,,,,,,,,,,,,,,,,,,,,,,,,,,,,,,,,,,,,,,,,,,,,,,,,,,,,,,,,,,,,,,,,,,,,,,,,,,,,,,,,,,,,,,,,,,,,,,9.809264305177113,2.7247956403269753,77.3841961852861,28.610354223433244,68.66485013623979
Botond Balogh,kocaelispor,DF,0.0,0.0,0.0,DF,False,True,Kocaelispor,Stoper,Standart Stoper (Durdurucu),Standart Stoper,Durdurucu,CB,1.9879792867581672,1.7045646078121184,9.716767381600498,51.734032521879136,59.85993636109748,0.0,0.0,0.0,0.0,0.0,0.0,0.0,2.124611738571112,0.0,0.0,0.0,84.5267027845045,0.0,0.0,0.0,0.0,0.0,0.3944801287635282,0.13316388939247006,0.0,0.0,0.3027688680129637,0.0,0.0,,,,,,,,,,,,,,,,,,,,,,,,,,,,,,,,,,,,,,,,,,,,,,,,,,,,,,,,,,,,,,,,,,,,,,,,,,,,,,,,,,,,,,,,,,,,,,,,,,,,,,,,,,,,,,,,,,,,,,,,,,,,,,,,,,,,,,,,,,,,,,,,,,,,,,,,,,,,,,,,,,,,,,,,,,,,,,,,,,,,,,,,,,,,,,,,,,,,,,,,,,,,,,,,,,,,,,,,,,,,,,,,,,,,,,,,,,,,,,,,,,,,,,,,,,,,,,,,,,,,,,,,,,,,,,62.634408602150536,13.709677419354838,7.526881720430108,58.87096774193549,60.08064516129033
Joseph Nonge,kocaelispor,MF,0.0,0.0,0.0,MF,True,True,Kocaelispor,,Merkez Orta Saha,Merkez Orta Saha,,MID,0.0,0.0,0.0,0.0,0.0,0.0,1.9405901991789445,0.1298464648759843,0.0250991610966778,1.1021829723738654,2.0710880319100364,1.816205069981723,2.6504033491447347,3.5364660138735573,0.0,0.0,81.32957615669945,0.0,0.0,0.0,0.0,0.0,0.0,0.22270695289271186,0.023165325866591223,0.0,0.11598654161967417,0.0,0.0250991610966778,,,,,,,,,,,,,,,,,,,,,,,,,,,,,,,,,,,,,,,,,,,,,,,,,,,,,,,,,,,,,,,,,,,,,,,,,,,,,,,,,,,,,,,,,,,,,,,,,,,,,,,,,,,,,,,,,,,,,,,,,,,,,,,,,,,,,,,,,,,,,,,,,,,,,,,,,,,,,,,,,,,,,,,,,,,,,,,,,,,,,,,,,,,,,,,,,,,,,,,,,,,,,,,,,,,,,,,,,,,,,,,,,,,,,,,,,,,,,,,,,,,,,,,,,,,,,,,,,,,,,,,,,,,,,,5.964214711729622,86.08349900596421,43.737574552683895,8.34990059642147,48.70775347912525
Hrvoje Smolčić,kocaelispor,DF,0.0,0.0,0.0,DF,False,True,Kocaelispor,Stoper,Standart Stoper (Sıkı Defans),Standart Stoper,Sıkı Defans,CB,3.294336567705979,1.2624766387470316,9.281579013741853,52.519450034435664,70.17555368231115,0.0,0.0,0.0,0.0,0.0,0.0,0.0,2.0387682031757746,0.0,0.0,0.0,78.18728507646034,0.0,0.0,0.0,0.0,0.0,0.4360536348303553,0.12339723222421783,0.0,0.0,0.3299169908260922,0.0,0.0,,,,,,,,,,,,,,,,,,,,,,,,,,,,,,,,,,,,,,,,,,,,,,,,,,,,,,,,,,,,,,,,,,,,,,,,,,,,,,,,,,,,,,,,,,,,,,,,,,,,,,,,,,,,,,,,,,,,,,,,,,,,,,,,,,,,,,,,,,,,,,,,,,,,,,,,,,,,,,,,,,,,,,,,,,,,,,,,,,,,,,,,,,,,,,,,,,,,,,,,,,,,,,,,,,,,,,,,,,,,,,,,,,,,,,,,,,,,,,,,,,,,,,,,,,,,,,,,,,,,,,,,,,,,,,80.3763440860215,6.317204301075269,7.526881720430108,77.15053763440861,60.08064516129033
Habib Keita,kocaelispor,MF,0.19,0.38,0.57,MF,True,True,Kocaelispor,,Merkez Orta Saha,Merkez Orta Saha,,MID,0.0,0.0,0.0,0.0,0.0,0.0,2.0155402766468136,0.0512203185376781,0.1433701132133312,1.5283239510958722,3.778582205295346,1.6080847260898494,2.112129445810276,5.50548465470957,0.0,0.0,81.37939250526757,0.0,0.0,0.0,0.0,0.0,0.0,0.27926422814147667,0.04111101717274107,0.0,0.14785431750528655,0.0,0.1433701132133312,,,,,,,,,,,,,,,,,,,,,,,,,,,,,,,,,,,,,,,,,,,,,,,,,,,,,,,,,,,,,,,,,,,,,,,,,,,,,,,,,,,,,,,,,,,,,,,,,,,,,,,,,,,,,,,,,,,,,,,,,,,,,,,,,,,,,,,,,,,,,,,,,,,,,,,,,,,,,,,,,,,,,,,,,,,,,,,,,,,,,,,,,,,,,,,,,,,,,,,,,,,,,,,,,,,,,,,,,,,,,,,,,,,,,,,,,,,,,,,,,,,,,,,,,,,,,,,,,,,,,,,,,,,,,,5.964214711729622,96.42147117296223,71.96819085487077,16.10337972166998,91.65009940357854
Ahmet Oğuz,kocaelispor,DF,0.0,0.0,0.0,DF,False,True,Kocaelispor,Sağ Bek,Standart Bek (Destek),Standart Bek,Destek,FB,0.9491279076858888,0.0,0.0,47.21576383100639,0.0,3.7757937778684,0.0,0.0,0.0,0.0,0.0,0.0,0.0,0.0,0.0,0.0,78.66898840367602,0.0,0.0,0.0,0.0,0.0,0.15351139033909278,0.11800348260551402,0.006292989629780667,0.0,0.11341533787715673,0.0,0.0,,,,,,,,,,,,,,,,,,,,,,,,,,,,,,,,,,,,,,,,,,,,,,,,,,,,,,,,,,,,,,,,,,,,,,,,,,,,,,,,,,,,,,,,,,,,,,,,,,,,,,,,,,,,,,,,,,,,,,,,,,,,,,,,,,,,,,,,,,,,,,,,,,,,,,,,,,,,,,,,,,,,,,,,,,,,,,,,,,,,,,,,,,,,,,,,,,,,,,,,,,,,,,,,,,,,,,,,,,,,,,,,,,,,,,,,,,,,,,,,,,,,,,,,,,,,,,,,,,,,,,,,,,,,,,11.320754716981133,5.031446540880504,6.918238993710692,7.547169811320755,50.943396226415096
Massadio Haïdara,kocaelispor,DF,0.0,0.0,0.0,DF,False,True,Kocaelispor,Sol Bek,Standart Bek (Savunma),Standart Bek,Savunma,FB,1.347534581491403,0.0,0.0,54.530955535565305,0.0,3.1708977733903847,0.0,0.0,0.0,0.0,0.0,0.0,0.0,0.0,0.0,0.0,79.57436171027321,0.0,0.0,0.0,0.0,0.0,0.18043704887533846,0.11936154256540982,0.005284829622317308,0.0,0.12708395313175563,0.0,0.0,,,,,,,,,,,,,,,,,,,,,,,,,,,,,,,,,,,,,,,,,,,,,,,,,,,,,,,,,,,,,,,,,,,,,,,,,,,,,,,,,,,,,,,,,,,,,,,,,,,,,,,,,,,,,,,,,,,,,,,,,,,,,,,,,,,,,,,,,,,,,,,,,,,,,,,,,,,,,,,,,,,,,,,,,,,,,,,,,,,,,,,,,,,,,,,,,,,,,,,,,,,,,,,,,,,,,,,,,,,,,,,,,,,,,,,,,,,,,,,,,,,,,,,,,,,,,,,,,,,,,,,,,,,,,,14.465408805031446,5.031446540880504,6.289308176100629,7.547169811320755,50.943396226415096
Karol Linetty,kocaelispor,MF,0.0,0.22,0.22,MF,True,True,Kocaelispor,Merkez Orta Saha,İki Yönlü Orta Saha,İki Yönlü Orta Saha,,MID,2.002287228129802,0.0,0.0,0.0,0.0,0.0,0.5420451568519457,0.2194575195380102,0.1089261232721877,0.95413451144115,1.3277926309288643,1.5695454041519512,6.8003713577826455,8.274709845372989,0.0,0.0,0.0,0.0,0.0,0.0,0.0,0.0,0.025028590351622526,0.0936848320645696,0.014362832778009841,0.0,0.057223559693373525,0.0,0.1089261232721877,,,,,,,,,,,,,,,,,,,,,,,,,,,,,,,,,,,,,,,,,,,,,,,,,,,,,,,,,,,,,,,,,,,,,,,,,,,,,,,,,,,,,,,,,,,,,,,,,,,,,,,,,,,,,,,,,,,,,,,,,,,,,,,,,,,,,,,,,,,,,,,,,,,,,,,,,,,,,,,,,,,,,,,,,,,,,,,,,,,,,,,,,,,,,,,,,,,,,,,,,,,,,,,,,,,,,,,,,,,,,,,,,,,,,,,,,,,,,,,,,,,,,,,,,,,,,,,,,,,,,,,,,,,,,,7.5546719681908545,2.1868787276341948,25.24850894632207,2.584493041749503,68.19085487077535
Can Keles,kocaelispor,MF,0.0,0.23,0.23,FW,True,False,Kocaelispor,,Merkez Orta Saha,Merkez Orta Saha,,MID,0.0,0.0,0.0,0.0,0.0,0.0,1.2739233961774992,0.2198954637378823,0.2369922239072532,2.2341577256027865,1.6860303388108262,0.5834547459142635,3.802134135707431,8.667274854121318,0.0,0.0,89.14603468984694,0.0,0.0,0.0,0.0,0.0,0.0,0.22621026086451518,0.03010431723207209,0.0,0.11912599387867201,0.0,0.2369922239072532,,,,,,,,,,,,,,,,,,,,,,,,,,,,,,,,,,,,,,,,,,,,,,,,,,,,,,,,,,,,,,,,,,,,,,,,,,,,,,,,,,,,,,,,,,,,,,,,,,,,,,,,,,,,,,,,,,,,,,,,,,,,,,,,,,,,,,,,,,,,,,,,,,,,,,,,,,,,,,,,,,,,,,,,,,,,,,,,,,,,,,,,,,,,,,,,,,,,,,,,,,,,,,,,,,,,,,,,,,,,,,,,,,,,,,,,,,,,,,,,,,,,,,,,,,,,,,,,,,,,,,,,,,,,,,5.964214711729622,87.47514910536779,58.4493041749503,8.946322067594433,70.17892644135189
Oleksandr Syrota,kocaelispor,DF,0.0,0.0,0.0,DF,False,True,Kocaelispor,Stoper,Pas Dağıtan Stoper (Sıkı Defans),Pas Dağıtan Stoper,Sıkı Defans,CB,2.384177347324919,0.9563154164121064,8.25992161595007,56.41410141135833,70.87091126240236,0.0,0.0,0.0,0.0,0.0,0.0,0.0,6.8003713577826455,0.0,0.0,0.0,89.14603468984694,0.0,0.0,0.0,0.0,0.0,0.43128794333797615,0.15412016610811835,0.0,0.0,0.33272559355820697,0.0,0.0,,,,,,,,,,,,,,,,,,,,,,,,,,,,,,,,,,,,,,,,,,,,,,,,,,,,,,,,,,,,,,,,,,,,,,,,,,,,,,,,,,,,,,,,,,,,,,,,,,,,,,,,,,,,,,,,,,,,,,,,,,,,,,,,,,,,,,,,,,,,,,,,,,,,,,,,,,,,,,,,,,,,,,,,,,,,,,,,,,,,,,,,,,,,,,,,,,,,,,,,,,,,,,,,,,,,,,,,,,,,,,,,,,,,,,,,,,,,,,,,,,,,,,,,,,,,,,,,,,,,,,,,,,,,,,78.89784946236558,53.494623655913976,7.526881720430108,77.95698924731182,60.08064516129033
Aaron Appindangoyé,kocaelispor,DF,0.0,0.0,0.0,DF,False,True,Kocaelispor,,Merkez Orta Saha,Merkez Orta Saha,,MID,0.0,0.0,0.0,0.0,0.0,0.0,1.4108227184341795,0.2176446062615017,0.2120227373084416,3.328835369196396,2.9030910666150613,0.8725643905547003,5.918691255376182,5.804409067499218,0.0,0.0,78.18728507646034,0.0,0.0,0.0,0.0,0.0,0.0,0.2563410624337622,0.03091122509967045,0.0,0.13435277623681519,0.0,0.2120227373084416,,,,,,,,,,,,,,,,,,,,,,,,,,,,,,,,,,,,,,,,,,,,,,,,,,,,,,,,,,,,,,,,,,,,,,,,,,,,,,,,,,,,,,,,,,,,,,,,,,,,,,,,,,,,,,,,,,,,,,,,,,,,,,,,,,,,,,,,,,,,,,,,,,,,,,,,,,,,,,,,,,,,,,,,,,,,,,,,,,,,,,,,,,,,,,,,,,,,,,,,,,,,,,,,,,,,,,,,,,,,,,,,,,,,,,,,,,,,,,,,,,,,,,,,,,,,,,,,,,,,,,,,,,,,,,5.964214711729622,94.23459244532803,59.24453280318092,10.337972166998012,48.70775347912525
Ryan Mendes,kocaelispor,FW,0.0,0.0,0.0,FW,True,False,Kocaelispor,Sol Kanat,Kanat Oyuncusu (Hücum),Kanat Oyuncusu,Hücum,WING,0.0,0.0,0.0,0.0,0.0,5.205502961038196,2.4520617175282124,0.2459098104948692,0.0806836791941915,4.0160387806662605,0.0,0.0,0.0,0.0,0.0,0.0,0.0,0.0,0.0,0.0,0.0,0.0,0.0,0.011474742811368146,0.046463899563112435,0.0,0.0313207625812779,0.0,0.0806836791941915,,,,,,,,,,,,,,,,,,,,,,,,,,,,,,,,,,,,,,,,,,,,,,,,,,,,,,,,,,,,,,,,,,,,,,,,,,,,,,,,,,,,,,,,,,,,,,,,,,,,,,,,,,,,,,,,,,,,,,,,,,,,,,,,,,,,,,,,,,,,,,,,,,,,,,,,,,,,,,,,,,,,,,,,,,,,,,,,,,,,,,,,,,,,,,,,,,,,,,,,,,,,,,,,,,,,,,,,,,,,,,,,,,,,,,,,,,,,,,,,,,,,,,,,,,,,,,,,,,,,,,,,,,,,,,3.2994923857868024,0.0,35.786802030456855,0.25380710659898476,32.48730964467005
Dan Agyei,kocaelispor,MF,0.0,0.0,0.0,MF,True,True,Kocaelispor,Santrafor,Yaratıcı Forvet,Yaratıcı Forvet,,FWD,0.0,0.0,0.0,0.0,0.0,0.0,4.6893127695543,0.0,0.0,0.0,0.0,0.0,0.0,0.0,6.510385252489348,0.2524195665261111,0.0,0.0,0.0,0.0,0.0,0.0,0.0,0.0,0.05836674435582079,0.0,0.04669339548465663,0.2524195665261111,0.0,,,,,,,,,,,,,,,,,,,,,,,,,,,,,,,,,,,,,,,,,,,,,,,,,,,,,,,,,,,,,,,,,,,,,,,,,,,,,,,,,,,,,,,,,,,,,,,,,,,,,,,,,,,,,,,,,,,,,,,,,,,,,,,,,,,,,,,,,,,,,,,,,,,,,,,,,,,,,,,,,,,,,,,,,,,,,,,,,,,,,,,,,,,,,,,,,,,,,,,,,,,,,,,,,,,,,,,,,,,,,,,,,,,,,,,,,,,,,,,,,,,,,,,,,,,,,,,,,,,,,,,,,,,,,,9.809264305177113,2.7247956403269753,49.59128065395095,14.168937329700274,35.967302452316076
Muharrem Cinan,kocaelispor,DF,0.0,0.0,0.0,DF,False,True,Kocaelispor,Sol Bek,Standart Bek (Destek),Standart Bek,Destek,FB,1.159461611894126,0.0,0.0,43.859067881855054,0.0,2.007196235627811,0.0,0.0,0.0,0.0,0.0,0.0,0.0,0.0,0.0,0.0,81.52353844113092,0.0,0.0,0.0,0.0,0.0,0.14607047379424173,0.12228530766169639,0.0033453270593796856,0.0,0.11038989460750571,0.0,0.0,,,,,,,,,,,,,,,,,,,,,,,,,,,,,,,,,,,,,,,,,,,,,,,,,,,,,,,,,,,,,,,,,,,,,,,,,,,,,,,,,,,,,,,,,,,,,,,,,,,,,,,,,,,,,,,,,,,,,,,,,,,,,,,,,,,,,,,,,,,,,,,,,,,,,,,,,,,,,,,,,,,,,,,,,,,,,,,,,,,,,,,,,,,,,,,,,,,,,,,,,,,,,,,,,,,,,,,,,,,,,,,,,,,,,,,,,,,,,,,,,,,,,,,,,,,,,,,,,,,,,,,,,,,,,,11.320754716981133,5.660377358490567,5.031446540880504,5.660377358490567,50.943396226415096
Serdar Dursun,kocaelispor,FW,0.31,0.0,0.31,FW,True,False,Kocaelispor,Santrafor,Pivot Santrafor (Hücum),Pivot Santrafor,Hücum,FWD,0.0,0.0,0.0,0.0,0.0,0.0,2.064801589357869,0.0,0.0,0.0,0.0,0.0,0.0,3.549877991509616,4.799259544819773,0.7051002608386008,0.0,0.0,0.0,0.0,0.0,0.0,0.0,0.0,0.06509802774987872,0.0,0.052078422199902975,0.7051002608386008,0.0,,,,,,,,,,,,,,,,,,,,,,,,,,,,,,,,,,,,,,,,,,,,,,,,,,,,,,,,,,,,,,,,,,,,,,,,,,,,,,,,,,,,,,,,,,,,,,,,,,,,,,,,,,,,,,,,,,,,,,,,,,,,,,,,,,,,,,,,,,,,,,,,,,,,,,,,,,,,,,,,,,,,,,,,,,,,,,,,,,,,,,,,,,,,,,,,,,,,,,,,,,,,,,,,,,,,,,,,,,,,,,,,,,,,,,,,,,,,,,,,,,,,,,,,,,,,,,,,,,,,,,,,,,,,,,9.809264305177113,2.7247956403269753,61.03542234332425,18.52861035422343,50.68119891008175
Rigoberto Rivas,kocaelispor,MF,0.0,0.4,0.4,MF,True,True,Kocaelispor,Sağ Kanat,Çalışkan Kanat Oyuncusu (Hücum),Çalışkan Kanat Oyuncusu,Hücum,WING,0.0,0.0,0.0,0.0,0.0,3.58565138225274,2.542286327653779,0.0541838147178763,0.2859979391417964,4.517920861271849,0.0,0.0,0.0,0.0,0.0,0.0,0.0,0.0,0.0,0.0,0.0,0.0,0.0,0.028527236207933526,0.058133668632477174,0.0,0.04343837204186636,0.0,0.2859979391417964,,,,,,,,,,,,,,,,,,,,,,,,,,,,,,,,,,,,,,,,,,,,,,,,,,,,,,,,,,,,,,,,,,,,,,,,,,,,,,,,,,,,,,,,,,,,,,,,,,,,,,,,,,,,,,,,,,,,,,,,,,,,,,,,,,,,,,,,,,,,,,,,,,,,,,,,,,,,,,,,,,,,,,,,,,,,,,,,,,,,,,,,,,,,,,,,,,,,,,,,,,,,,,,,,,,,,,,,,,,,,,,,,,,,,,,,,,,,,,,,,,,,,,,,,,,,,,,,,,,,,,,,,,,,,,3.2994923857868024,0.0,54.82233502538071,1.015228426395939,64.46700507614213
Darko Churlinov,kocaelispor,FW,0.0,0.0,0.0,MF,True,True,Kocaelispor,Sol Kanat,Kanat Oyuncusu (Hücum),Kanat Oyuncusu,Hücum,WING,0.0,0.0,0.0,0.0,0.0,6.297792144276628,1.925404844468452,0.0925900855061192,0.3420414376440454,4.517920861271849,0.0,0.0,0.0,0.0,0.0,0.0,0.0,0.0,0.0,0.0,0.0,0.0,0.0,0.03301071608811344,0.05472682834408701,0.0,0.042739311832886234,0.0,0.3420414376440454,,,,,,,,,,,,,,,,,,,,,,,,,,,,,,,,,,,,,,,,,,,,,,,,,,,,,,,,,,,,,,,,,,,,,,,,,,,,,,,,,,,,,,,,,,,,,,,,,,,,,,,,,,,,,,,,,,,,,,,,,,,,,,,,,,,,,,,,,,,,,,,,,,,,,,,,,,,,,,,,,,,,,,,,,,,,,,,,,,,,,,,,,,,,,,,,,,,,,,,,,,,,,,,,,,,,,,,,,,,,,,,,,,,,,,,,,,,,,,,,,,,,,,,,,,,,,,,,,,,,,,,,,,,,,,3.2994923857868024,0.0,49.49238578680203,1.015228426395939,32.48730964467005
Samet Yalçın,kocaelispor,MF,0.0,0.0,0.0,MF,True,True,Kocaelispor,,Merkez Orta Saha,Merkez Orta Saha,,MID,0.0,0.0,0.0,0.0,0.0,0.0,0.5420451568519457,0.0596990528453848,0.127607804869139,0.926837998108643,1.6662276120799615,0.8216097244897469,4.8309034561253545,6.680468335264246,0.0,0.0,86.59259967890573,0.0,0.0,0.0,0.0,0.0,0.0,0.21805975600364663,0.012841858758556625,0.0,0.11159824975353463,0.0,0.127607804869139,,,,,,,,,,,,,,,,,,,,,,,,,,,,,,,,,,,,,,,,,,,,,,,,,,,,,,,,,,,,,,,,,,,,,,,,,,,,,,,,,,,,,,,,,,,,,,,,,,,,,,,,,,,,,,,,,,,,,,,,,,,,,,,,,,,,,,,,,,,,,,,,,,,,,,,,,,,,,,,,,,,,,,,,,,,,,,,,,,,,,,,,,,,,,,,,,,,,,,,,,,,,,,,,,,,,,,,,,,,,,,,,,,,,,,,,,,,,,,,,,,,,,,,,,,,,,,,,,,,,,,,,,,,,,,5.964214711729622,84.29423459244532,21.669980119284293,7.3558648111332,48.70775347912525
Oğulcan Çağlayan,kocaelispor,FW,0.0,0.0,0.0,FW,True,False,Kocaelispor,Santrafor,Çalışkan Forvet (Destek),Çalışkan Forvet,Destek,FWD,1.720336515542645,0.0,0.0,0.0,0.0,0.0,4.6893127695543,0.0,0.0,0.0,0.0,0.0,0.0,3.1135117261813545,1.6206046891629002,0.541118685441298,0.0,0.0,0.0,0.0,0.0,0.0,0.021504206444283067,0.0,0.07148943157923837,0.0,0.05826675558560485,0.541118685441298,0.0,,,,,,,,,,,,,,,,,,,,,,,,,,,,,,,,,,,,,,,,,,,,,,,,,,,,,,,,,,,,,,,,,,,,,,,,,,,,,,,,,,,,,,,,,,,,,,,,,,,,,,,,,,,,,,,,,,,,,,,,,,,,,,,,,,,,,,,,,,,,,,,,,,,,,,,,,,,,,,,,,,,,,,,,,,,,,,,,,,,,,,,,,,,,,,,,,,,,,,,,,,,,,,,,,,,,,,,,,,,,,,,,,,,,,,,,,,,,,,,,,,,,,,,,,,,,,,,,,,,,,,,,,,,,,,11.989100817438691,2.7247956403269753,67.0299727520436,22.615803814713896,35.967302452316076
Tarkan Serbest,kocaelispor,MF,0.0,0.0,0.0,MF,True,True,Kocaelispor,Ön Libero,Gizli Libero,Gizli Libero,,DM,0.0,0.0,0.0,0.0,0.0,0.0,0.945607738364572,0.112809836045247,0.0762623939892465,1.1296967678270724,1.965009968978646,0.9062094920554588,3.5638899460517703,4.002203676552451,0.0,0.0,86.47495395066315,0.0,0.0,0.0,0.0,0.0,0.0,0.22046065469326484,0.015330815062783262,0.0,0.11329649035918907,0.0,0.0762623939892465,,,,,,,,,,,,,,,,,,,,,,,,,,,,,,,,,,,,,,,,,,,,,,,,,,,,,,,,,,,,,,,,,,,,,,,,,,,,,,,,,,,,,,,,,,,,,,,,,,,,,,,,,,,,,,,,,,,,,,,,,,,,,,,,,,,,,,,,,,,,,,,,,,,,,,,,,,,,,,,,,,,,,,,,,,,,,,,,,,,,,,,,,,,,,,,,,,,,,,,,,,,,,,,,,,,,,,,,,,,,,,,,,,,,,,,,,,,,,,,,,,,,,,,,,,,,,,,,,,,,,,,,,,,,,,,,,,
Mateusz Wieteska,kocaelispor,DF,0.0,0.0,0.0,DF,False,True,Kocaelispor,,Merkez Orta Saha,Merkez Orta Saha,,MID,0.0,0.0,0.0,0.0,0.0,0.0,1.996608628556484,0.2459098104948692,0.3420414376440454,2.020937376365276,3.544126268804452,0.8713396554198296,5.271710027463598,8.667274854121318,0.0,0.0,85.47227449139757,0.0,0.0,0.0,0.0,0.0,0.0,0.2933069114468984,0.038700087232239846,0.0,0.15439347316989718,0.0,0.3420414376440454,,,,,,,,,,,,,,,,,,,,,,,,,,,,,,,,,,,,,,,,,,,,,,,,,,,,,,,,,,,,,,,,,,,,,,,,,,,,,,,,,,,,,,,,,,,,,,,,,,,,,,,,,,,,,,,,,,,,,,,,,,,,,,,,,,,,,,,,,,,,,,,,,,,,,,,,,,,,,,,,,,,,,,,,,,,,,,,,,,,,,,,,,,,,,,,,,,,,,,,,,,,,,,,,,,,,,,,,,,,,,,,,,,,,,,,,,,,,,,,,,,,,,,,,,,,,,,,,,,,,,,,,,,,,,,5.964214711729622,97.21669980119285,70.37773359840955,19.880715705765407,48.70775347912525
Mesut Can Tunalı,kocaelispor,MF,0.0,0.0,0.0,MF,True,True,Kocaelispor,,Merkez Orta Saha,Merkez Orta Saha,,MID,0.0,0.0,0.0,0.0,0.0,0.0,0.6879303820308981,0.1930031190774976,0.1589005674186402,3.321462547325344,3.1865843268098404,0.5937894436142686,3.160090901544053,4.390030208300661,0.0,0.0,89.14603468984694,0.0,0.0,0.0,0.0,0.0,0.0,0.2645675697755597,0.02153898288536795,0.0,0.13659158146485342,0.0,0.1589005674186402,,,,,,,,,,,,,,,,,,,,,,,,,,,,,,,,,,,,,,,,,,,,,,,,,,,,,,,,,,,,,,,,,,,,,,,,,,,,,,,,,,,,,,,,,,,,,,,,,,,,,,,,,,,,,,,,,,,,,,,,,,,,,,,,,,,,,,,,,,,,,,,,,,,,,,,,,,,,,,,,,,,,,,,,,,,,,,,,,,,,,,,,,,,,,,,,,,,,,,,,,,,,,,,,,,,,,,,,,,,,,,,,,,,,,,,,,,,,,,,,,,,,,,,,,,,,,,,,,,,,,,,,,,,,,,5.964214711729622,95.2286282306163,40.75546719681908,10.73558648111332,48.70775347912525
Furkan Gedik,kocaelispor,MF,0.0,0.0,0.0,MF,True,True,Kocaelispor,,Merkez Orta Saha,Merkez Orta Saha,,MID,0.0,0.0,0.0,0.0,0.0,0.0,1.5241512760504428,0.0140238381945519,0.2408959825230829,1.6536214834372265,1.286197831939632,1.1884107748952304,2.0719072303604253,8.656390644810754,0.0,0.0,81.7425532291647,0.0,0.0,0.0,0.0,0.0,0.0,0.2065803535725889,0.029011405770020808,0.0,0.1090924579402986,0.0,0.2408959825230829,,,,,,,,,,,,,,,,,,,,,,,,,,,,,,,,,,,,,,,,,,,,,,,,,,,,,,,,,,,,,,,,,,,,,,,,,,,,,,,,,,,,,,,,,,,,,,,,,,,,,,,,,,,,,,,,,,,,,,,,,,,,,,,,,,,,,,,,,,,,,,,,,,,,,,,,,,,,,,,,,,,,,,,,,,,,,,,,,,,,,,,,,,,,,,,,,,,,,,,,,,,,,,,,,,,,,,,,,,,,,,,,,,,,,,,,,,,,,,,,,,,,,,,,,,,,,,,,,,,,,,,,,,,,,,5.964214711729622,78.52882703777337,55.666003976143145,6.958250497017893,48.70775347912525
Cihat Çelik,kocaelispor,MF,0.0,0.0,0.0,MF,True,True,Kocaelispor,,Merkez Orta Saha,Merkez Orta Saha,,MID,0.0,0.0,0.0,0.0,0.0,0.0,0.8519239312361988,0.016301147815123,0.0491935386524262,2.16953398345866,2.286106062959301,1.5991002121792477,5.821766932182137,6.897879893954211,0.0,0.0,82.07966236551897,0.0,0.0,0.0,0.0,0.0,0.0,0.23980187998781005,0.015910815817105687,0.0,0.12308310315732617,0.0,0.0491935386524262,,,,,,,,,,,,,,,,,,,,,,,,,,,,,,,,,,,,,,,,,,,,,,,,,,,,,,,,,,,,,,,,,,,,,,,,,,,,,,,,,,,,,,,,,,,,,,,,,,,,,,,,,,,,,,,,,,,,,,,,,,,,,,,,,,,,,,,,,,,,,,,,,,,,,,,,,,,,,,,,,,,,,,,,,,,,,,,,,,,,,,,,,,,,,,,,,,,,,,,,,,,,,,,,,,,,,,,,,,,,,,,,,,,,,,,,,,,,,,,,,,,,,,,,,,,,,,,,,,,,,,,,,,,,,,5.964214711729622,91.05367793240556,28.82703777335984,9.940357852882704,48.70775347912525
Gökhan Değirmenci,kocaelispor,GK,0.0,0.0,0.0,GK,False,False,Kocaelispor,Kaleci,Kaleci (Savunma),Kaleci,Savunma,GK,0.0,0.0,0.0,0.0,0.0,0.0,0.0,0.0,0.0,0.0,0.0,0.0,0.0,0.0,0.0,0.0,0.0,58.9934756431672,4.486212527455788,60.61055353690677,0.7657458223475115,1.5163465427634235,0.0,0.0,0.0,0.9131632150796969,0.9131632150796969,0.0,0.0,,,,,,,,,,,,,,,,,,,,,,,,,,,,,,,,,,,,,,,,,,,,,,,,,,,,,,,,,,,,,,,,,,,,,,,,,,,,,,,,,,,,,,,,,,,,,,,,,,,,,,,,,,,,,,,,,,,,,,,,,,,,,,,,,,,,,,,,,,,,,,,,,,,,,,,,,,,,,,,,,,,,,,,,,,,,,,,,,,,,,,,,,,,,,,,,,,,,,,,,,,,,,,,,,,,,,,,,,,,,,,,,,,,,,,,,,,,,,,,,,,,,,,,,,,,,,,,,,,,,,,,,,,,,,,4.929577464788732,0.0,83.09859154929578,100.0,96.47887323943662
Ege Bilim,kocaelispor,NAN,0.0,0.0,0.0,NAN,False,False,Kocaelispor,,Merkez Orta Saha,Merkez Orta Saha,,MID,0.0,0.0,0.0,0.0,0.0,0.0,0.5420451568519457,0.1159828442030831,0.1699563948807892,0.926837998108643,1.1272268465434114,1.4100975870761547,5.118715424320046,6.6464207692731545,0.0,0.0,78.94727283535866,0.0,0.0,0.0,0.0,0.0,0.0,0.20350038381654173,0.014535802359022632,0.0,0.1046573523800754,0.0,0.1699563948807892,,,,,,,,,,,,,,,,,,,,,,,,,,,,,,,,,,,,,,,,,,,,,,,,,,,,,,,,,,,,,,,,,,,,,,,,,,,,,,,,,,,,,,,,,,,,,,,,,,,,,,,,,,,,,,,,,,,,,,,,,,,,,,,,,,,,,,,,,,,,,,,,,,,,,,,,,,,,,,,,,,,,,,,,,,,,,,,,,,,,,,,,,,,,,,,,,,,,,,,,,,,,,,,,,,,,,,,,,,,,,,,,,,,,,,,,,,,,,,,,,,,,,,,,,,,,,,,,,,,,,,,,,,,,,,5.964214711729622,77.13717693836978,25.24850894632207,6.36182902584493,48.70775347912525
Bünyamin Dalkılıç,kocaelispor,FW,0.0,0.0,0.0,FW,True,False,Kocaelispor,,Merkez Orta Saha,Merkez Orta Saha,,MID,0.0,0.0,0.0,0.0,0.0,0.0,0.9065230609590372,0.22730505146539,0.0166754062591058,1.20052664259764,2.442670439809027,1.5093075028971197,5.8115131225048,6.076131066099052,0.0,0.0,83.31357763852485,0.0,0.0,0.0,0.0,0.0,0.0,0.2411593223670048,0.012733563466448706,0.0,0.12312637387679214,0.0,0.0166754062591058,,,,,,,,,,,,,,,,,,,,,,,,,,,,,,,,,,,,,,,,,,,,,,,,,,,,,,,,,,,,,,,,,,,,,,,,,,,,,,,,,,,,,,,,,,,,,,,,,,,,,,,,,,,,,,,,,,,,,,,,,,,,,,,,,,,,,,,,,,,,,,,,,,,,,,,,,,,,,,,,,,,,,,,,,,,,,,,,,,,,,,,,,,,,,,,,,,,,,,,,,,,,,,,,,,,,,,,,,,,,,,,,,,,,,,,,,,,,,,,,,,,,,,,,,,,,,,,,,,,,,,,,,,,,,,5.964214711729622,91.45129224652088,21.47117296222664,9.940357852882704,48.70775347912525
Onur Öztonga,kocaelispor,DF,0.0,0.0,0.0,DF,False,True,Kocaelispor,,Merkez Orta Saha,Merkez Orta Saha,,MID,0.0,0.0,0.0,0.0,0.0,0.0,2.4493348853111128,0.1346754494881785,0.1769092912686574,3.463901331988887,2.9873020351032045,0.6217237678043588,2.194690083438328,4.384018870306552,0.0,0.0,81.13258231481818,0.0,0.0,0.0,0.0,0.0,0.0,0.24571048125918246,0.040229473833829646,0.0,0.13090113539635717,0.0,0.1769092912686574,,,,,,,,,,,,,,,,,,,,,,,,,,,,,,,,,,,,,,,,,,,,,,,,,,,,,,,,,,,,,,,,,,,,,,,,,,,,,,,,,,,,,,,,,,,,,,,,,,,,,,,,,,,,,,,,,,,,,,,,,,,,,,,,,,,,,,,,,,,,,,,,,,,,,,,,,,,,,,,,,,,,,,,,,,,,,,,,,,,,,,,,,,,,,,,,,,,,,,,,,,,,,,,,,,,,,,,,,,,,,,,,,,,,,,,,,,,,,,,,,,,,,,,,,,,,,,,,,,,,,,,,,,,,,,5.964214711729622,92.44532803180915,71.76938369781311,10.337972166998012,48.70775347912525
Ahmet Sagat,kocaelispor,FW,0.0,0.0,0.0,FW,True,False,Kocaelispor,,Merkez Orta Saha,Merkez Orta Saha,,MID,0.0,0.0,0.0,0.0,0.0,0.0,2.0832279349542784,0.1244531270085725,0.3374060924911958,3.405820480377323,1.3555078707944546,1.9272360652651808,6.185598139153261,4.05916819203305,0.0,0.0,82.12064042613173,0.0,0.0,0.0,0.0,0.0,0.0,0.24256129515923602,0.042843074250133936,0.0,0.12984926242964479,0.0,0.3374060924911958,,,,,,,,,,,,,,,,,,,,,,,,,,,,,,,,,,,,,,,,,,,,,,,,,,,,,,,,,,,,,,,,,,,,,,,,,,,,,,,,,,,,,,,,,,,,,,,,,,,,,,,,,,,,,,,,,,,,,,,,,,,,,,,,,,,,,,,,,,,,,,,,,,,,,,,,,,,,,,,,,,,,,,,,,,,,,,,,,,,,,,,,,,,,,,,,,,,,,,,,,,,,,,,,,,,,,,,,,,,,,,,,,,,,,,,,,,,,,,,,,,,,,,,,,,,,,,,,,,,,,,,,,,,,,,5.964214711729622,91.84890656063618,74.75149105367794,10.337972166998012,48.70775347912525
Umut Nayir,Konyaspor,FW,0.525,0.09,0.6179999999999995,FW,True,False,Konyaspor,Santrafor,Pivot Santrafor (Destek),Pivot Santrafor,Destek,FWD,0.0,0.0,0.0,0.0,0.0,0.0,2.160555436341466,0.0,0.0,0.0,0.0,0.0,0.0,3.1135117261813545,7.794377538793052,0.6385161621824176,0.0,0.0,0.0,0.0,0.0,0.0,0.0,0.0,0.07252901628079729,0.0,0.05802321302463784,0.6385161621824176,0.0,,,,,,,,,,,,,,,,,,,,,,,,,,,,,,,,,,,,,,,,,,,,,,,,,,,,,,,,,,,,,,,,,,,,,,,,,,,,,,,,,,,,,,,,,,,,,,,,,,,,,,,,,,,,,,,,,,,,,,,,,,,,,,,,,,,,,,,,,,,,,,,,,,,,,,,,,,,,,,,,,,,,,,,,,,,,,,,,,,,,,,,,,,,,,,,,,,,,,,,,,,,,,,,,,,,,,,,,,,,,,,,,,,,,,,,,,,,,,,,,,,,,,,,,,,,,,,,,,,,,,,,,,,,,,,9.809264305177113,2.7247956403269753,67.30245231607628,22.3433242506812,78.2016348773842
Guilherme Sityá,Konyaspor,MF,0.0,0.09,0.09,DF,False,True,Konyaspor,,Merkez Orta Saha,Merkez Orta Saha,,MID,0.0,0.0,0.0,0.0,0.0,0.0,2.41511095307417,0.0263684249891576,0.13447234954503,0.926837998108643,1.866654816727497,1.7577377507645373,5.097631000181517,4.322917254421052,0.0,0.0,88.01486148306753,0.0,0.0,0.0,0.0,0.0,0.0,0.241597231449677,0.032747098507814515,0.0,0.1273480354264014,0.0,0.13447234954503,,,,,,,,,,,,,,,,,,,,,,,,,,,,,,,,,,,,,,,,,,,,,,,,,,,,,,,,,,,,,,,,,,,,,,,,,,,,,,,,,,,,,,,,,,,,,,,,,,,,,,,,,,,,,,,,,,,,,,,,,,,,,,,,,,,,,,,,,,,,,,,,,,,,,,,,,,,,,,,,,,,,,,,,,,,,,,,,,,,,,,,,,,,,,,,,,,,,,,,,,,,,,,,,,,,,,,,,,,,,,,,,,,,,,,,,,,,,,,,,,,,,,,,,,,,,,,,,,,,,,,,,,,,,,,5.964214711729622,91.65009940357854,61.63021868787276,10.139165009940358,52.087475149105366
Yhoan Andzouana,Konyaspor,MF,0.09,0.28,0.37,DF,False,True,Konyaspor,Sağ Bek,Standart Bek (Destek),Standart Bek,Destek,FB,1.356745498702455,0.0,0.0,52.02850254637043,0.0,2.3827839740156778,0.0,0.0,0.0,0.0,0.0,0.0,0.0,0.0,0.0,0.0,86.87797862977865,0.0,0.0,0.0,0.0,0.0,0.17304482637289198,0.13031696794466796,0.010371306623359463,0.0,0.12769176489451828,0.0,0.0,,,,,,,,,,,,,,,,,,,,,,,,,,,,,,,,,,,,,,,,,,,,,,,,,,,,,,,,,,,,,,,,,,,,,,,,,,,,,,,,,,,,,,,,,,,,,,,,,,,,,,,,,,,,,,,,,,,,,,,,,,,,,,,,,,,,,,,,,,,,,,,,,,,,,,,,,,,,,,,,,,,,,,,,,,,,,,,,,,,,,,,,,,,,,,,,,,,,,,,,,,,,,,,,,,,,,,,,,,,,,,,,,,,,,,,,,,,,,,,,,,,,,,,,,,,,,,,,,,,,,,,,,,,,,,13.20754716981132,5.660377358490567,13.20754716981132,8.176100628930817,84.90566037735849
Melih Ibrahimoglu,Konyaspor,MF,0.0,0.11,0.11,MF,True,True,Konyaspor,,Merkez Orta Saha,Merkez Orta Saha,,MID,0.0,0.0,0.0,0.0,0.0,0.0,1.4244934922453614,0.1641950261810735,0.0166754062591058,3.3698918206427457,2.1935098765064707,1.707635477743494,4.816976753563201,4.118629572865527,0.0,0.0,89.14603468984694,0.0,0.0,0.0,0.0,0.0,0.0,0.24513620803333844,0.02443668072442471,0.0,0.12745544016155416,0.0,0.0166754062591058,,,,,,,,,,,,,,,,,,,,,,,,,,,,,,,,,,,,,,,,,,,,,,,,,,,,,,,,,,,,,,,,,,,,,,,,,,,,,,,,,,,,,,,,,,,,,,,,,,,,,,,,,,,,,,,,,,,,,,,,,,,,,,,,,,,,,,,,,,,,,,,,,,,,,,,,,,,,,,,,,,,,,,,,,,,,,,,,,,,,,,,,,,,,,,,,,,,,,,,,,,,,,,,,,,,,,,,,,,,,,,,,,,,,,,,,,,,,,,,,,,,,,,,,,,,,,,,,,,,,,,,,,,,,,,5.964214711729622,92.2465208747515,46.52087475149106,10.139165009940358,55.26838966202783
Adil Demirbağ,Konyaspor,DF,0.1,0.2,0.3,DF,False,True,Konyaspor,Stoper,Standart Stoper (Savunma),Standart Stoper,Savunma,CB,2.286195449333521,1.2516679241559197,6.239471175567543,50.45554564128874,72.5712358831304,0.0,0.0,0.0,0.0,0.0,0.0,0.0,3.6057973845683806,0.0,0.0,0.0,78.18728507646034,0.0,0.0,0.0,0.0,0.0,0.40296864425214485,0.12809831976839567,0.006000000000000002,0.0,0.3082977149301805,0.0,0.0,,,,,,,,,,,,,,,,,,,,,,,,,,,,,,,,,,,,,,,,,,,,,,,,,,,,,,,,,,,,,,,,,,,,,,,,,,,,,,,,,,,,,,,,,,,,,,,,,,,,,,,,,,,,,,,,,,,,,,,,,,,,,,,,,,,,,,,,,,,,,,,,,,,,,,,,,,,,,,,,,,,,,,,,,,,,,,,,,,,,,,,,,,,,,,,,,,,,,,,,,,,,,,,,,,,,,,,,,,,,,,,,,,,,,,,,,,,,,,,,,,,,,,,,,,,,,,,,,,,,,,,,,,,,,,67.8763440860215,8.736559139784946,19.489247311827956,62.76881720430107,92.60752688172043
Alassane Ndao,Konyaspor,FW,0.25,0.37,0.6179999999999995,MF,True,True,Konyaspor,Sağ Kanat,Kanat Oyuncusu (Hücum),Kanat Oyuncusu,Hücum,WING,0.0,0.0,0.0,0.0,0.0,3.770006827750778,2.719126601857047,0.2459098104948692,0.3420414376440454,4.517920861271849,0.0,0.0,0.0,0.0,0.0,0.0,0.0,0.0,0.0,0.0,0.0,0.0,0.0,0.03301071608811344,0.07215107039042987,0.0,0.05319385706069195,0.0,0.3420414376440454,,,,,,,,,,,,,,,,,,,,,,,,,,,,,,,,,,,,,,,,,,,,,,,,,,,,,,,,,,,,,,,,,,,,,,,,,,,,,,,,,,,,,,,,,,,,,,,,,,,,,,,,,,,,,,,,,,,,,,,,,,,,,,,,,,,,,,,,,,,,,,,,,,,,,,,,,,,,,,,,,,,,,,,,,,,,,,,,,,,,,,,,,,,,,,,,,,,,,,,,,,,,,,,,,,,,,,,,,,,,,,,,,,,,,,,,,,,,,,,,,,,,,,,,,,,,,,,,,,,,,,,,,,,,,,3.2994923857868024,0.0,76.6497461928934,2.030456852791878,81.97969543147208
Enis Bardhi,Konyaspor,MF,0.35,0.0,0.35,MF,True,True,Konyaspor,On Numara,Ofansif Orta Saha (Hücum),Ofansif Orta Saha,Hücum,AM,0.0,0.0,0.0,0.0,0.0,0.0,0.6304460172227574,0.2055257901500563,0.0166754062591058,2.525623832101851,3.758593073968149,1.7344757075626511,5.123070240572658,7.67750684140052,0.0,0.0,80.22879686406223,0.0,0.0,0.0,0.0,0.0,0.0,0.2789783961411514,0.02728553600284643,0.0,0.14767485887142962,0.0,0.0166754062591058,,,,,,,,,,,,,,,,,,,,,,,,,,,,,,,,,,,,,,,,,,,,,,,,,,,,,,,,,,,,,,,,,,,,,,,,,,,,,,,,,,,,,,,,,,,,,,,,,,,,,,,,,,,,,,,,,,,,,,,,,,,,,,,,,,,,,,,,,,,,,,,,,,,,,,,,,,,,,,,,,,,,,,,,,,,,,,,,,,,,,,,,,,,,,,,,,,,,,,,,,,,,,,,,,,,,,,,,,,,,,,,,,,,,,,,,,,,,,,,,,,,,,,,,,,,,,,,,,,,,,,,,,,,,,,,,,,
Deniz Ertaş,Konyaspor,GK,0.0,0.12,0.12,GK,False,False,Konyaspor,Kaleci,Kaleci (Savunma),Kaleci,Savunma,GK,0.0,0.0,0.0,0.0,0.0,0.0,0.0,0.0,0.0,0.0,0.0,0.0,0.0,0.0,0.0,0.0,0.0,65.28468876827223,3.070259980080768,62.15782853986609,0.3939217592124532,0.5602878686370939,0.0,0.0,0.0012000000000000001,0.8393049831561135,0.8393049831561135,0.0,0.0,,,,,,,,,,,,,,,,,,,,,,,,,,,,,,,,,,,,,,,,,,,,,,,,,,,,,,,,,,,,,,,,,,,,,,,,,,,,,,,,,,,,,,,,,,,,,,,,,,,,,,,,,,,,,,,,,,,,,,,,,,,,,,,,,,,,,,,,,,,,,,,,,,,,,,,,,,,,,,,,,,,,,,,,,,,,,,,,,,,,,,,,,,,,,,,,,,,,,,,,,,,,,,,,,,,,,,,,,,,,,,,,,,,,,,,,,,,,,,,,,,,,,,,,,,,,,,,,,,,,,,,,,,,,,,4.929577464788732,0.0,95.77464788732394,100.0,100.0
Jackson Muleka,Konyaspor,FW,0.14,0.14,0.28,MF,True,True,Konyaspor,Sol Kanat,Çalışkan Forvet (Destek),Çalışkan Forvet,Destek,WING,0.0,0.0,0.0,0.0,0.0,6.043422280410958,1.975633588828634,0.2459098104948692,0.0769499523468868,3.867289725663526,0.0,0.0,0.0,0.0,0.0,0.0,0.0,0.0,0.0,0.0,0.0,0.0,0.0,0.010990108344830354,0.049574928763672234,0.0,0.03304198976165244,0.0,0.0769499523468868,,,,,,,,,,,,,,,,,,,,,,,,,,,,,,,,,,,,,,,,,,,,,,,,,,,,,,,,,,,,,,,,,,,,,,,,,,,,,,,,,,,,,,,,,,,,,,,,,,,,,,,,,,,,,,,,,,,,,,,,,,,,,,,,,,,,,,,,,,,,,,,,,,,,,,,,,,,,,,,,,,,,,,,,,,,,,,,,,,,,,,,,,,,,,,,,,,,,,,,,,,,,,,,,,,,,,,,,,,,,,,,,,,,,,,,,,,,,,,,,,,,,,,,,,,,,,,,,,,,,,,,,,,,,,,3.2994923857868024,0.0,40.10152284263959,0.5076142131979695,51.01522842639594
Riechedly Bazoer,Konyaspor,DF,0.0,0.0,0.0,DF,False,True,Konyaspor,Stoper,Pas Dağıtan Stoper (Savunma),Pas Dağıtan Stoper,Savunma,CB,2.7005783137883705,0.7223464462295565,5.420897197274382,62.1580244845112,73.48561870972927,0.0,0.0,0.0,0.0,0.0,0.0,0.0,5.440873712669158,0.0,0.0,0.0,85.68753968315447,0.0,0.0,0.0,0.0,0.0,0.4400846637987073,0.14485393066273916,0.0,0.0,0.33703005079164294,0.0,0.0,,,,,,,,,,,,,,,,,,,,,,,,,,,,,,,,,,,,,,,,,,,,,,,,,,,,,,,,,,,,,,,,,,,,,,,,,,,,,,,,,,,,,,,,,,,,,,,,,,,,,,,,,,,,,,,,,,,,,,,,,,,,,,,,,,,,,,,,,,,,,,,,,,,,,,,,,,,,,,,,,,,,,,,,,,,,,,,,,,,,,,,,,,,,,,,,,,,,,,,,,,,,,,,,,,,,,,,,,,,,,,,,,,,,,,,,,,,,,,,,,,,,,,,,,,,,,,,,,,,,,,,,,,,,,,81.72043010752688,31.317204301075268,7.526881720430108,80.10752688172043,60.08064516129033
Marko Jevtović,Konyaspor,MF,0.0,0.0,0.0,DF,False,True,Konyaspor,,Merkez Orta Saha,Merkez Orta Saha,,MID,0.0,0.0,0.0,0.0,0.0,0.0,1.550714926844755,0.0951050018768905,0.1357953659814043,3.14337939520406,3.880849047213319,1.899065762199142,6.322166234341821,5.100751555000381,0.0,0.0,82.4701071786416,0.0,0.0,0.0,0.0,0.0,0.0,0.30237597084289203,0.028797412395713873,0.0,0.15694746790058878,0.0,0.1357953659814043,,,,,,,,,,,,,,,,,,,,,,,,,,,,,,,,,,,,,,,,,,,,,,,,,,,,,,,,,,,,,,,,,,,,,,,,,,,,,,,,,,,,,,,,,,,,,,,,,,,,,,,,,,,,,,,,,,,,,,,,,,,,,,,,,,,,,,,,,,,,,,,,,,,,,,,,,,,,,,,,,,,,,,,,,,,,,,,,,,,,,,,,,,,,,,,,,,,,,,,,,,,,,,,,,,,,,,,,,,,,,,,,,,,,,,,,,,,,,,,,,,,,,,,,,,,,,,,,,,,,,,,,,,,,,,5.964214711729622,97.4155069582505,55.26838966202783,22.266401590457257,48.70775347912525
Uğurcan Yazgılı,Konyaspor,DF,0.0,0.0,0.0,DF,False,True,Konyaspor,,Merkez Orta Saha,Merkez Orta Saha,,MID,0.0,0.0,0.0,0.0,0.0,0.0,1.3541924025759178,0.1939029627313318,0.0560087277621179,2.02779761021142,1.1347338969868477,1.3163809491705465,4.934682532794535,3.347056059380378,0.0,0.0,89.14356674538473,0.0,0.0,0.0,0.0,0.0,0.0,0.20932257409735802,0.020851767161772446,0.0,0.1088316404810335,0.0,0.0560087277621179,,,,,,,,,,,,,,,,,,,,,,,,,,,,,,,,,,,,,,,,,,,,,,,,,,,,,,,,,,,,,,,,,,,,,,,,,,,,,,,,,,,,,,,,,,,,,,,,,,,,,,,,,,,,,,,,,,,,,,,,,,,,,,,,,,,,,,,,,,,,,,,,,,,,,,,,,,,,,,,,,,,,,,,,,,,,,,,,,,,,,,,,,,,,,,,,,,,,,,,,,,,,,,,,,,,,,,,,,,,,,,,,,,,,,,,,,,,,,,,,,,,,,,,,,,,,,,,,,,,,,,,,,,,,,,5.964214711729622,80.31809145129225,39.363817097415506,6.958250497017893,48.70775347912525
Pedrinho,Konyaspor,MF,0.24,0.0,0.24,MF,True,True,Konyaspor,On Numara,Oyun Kurucu (Destek),Oyun Kurucu,Destek,AM,0.0,0.0,0.0,0.0,0.0,0.0,2.173149873753194,0.2411191634752029,0.0166754062591058,2.192109277163976,3.283023770486176,0.8004230268014388,4.904751899440896,8.667274854121318,0.0,0.0,78.74170152827067,0.0,0.0,0.0,0.0,0.0,0.0,0.247398035604519,0.037478788180806105,0.0,0.13494265425650134,0.0,0.0166754062591058,,,,,,,,,,,,,,,,,,,,,,,,,,,,,,,,,,,,,,,,,,,,,,,,,,,,,,,,,,,,,,,,,,,,,,,,,,,,,,,,,,,,,,,,,,,,,,,,,,,,,,,,,,,,,,,,,,,,,,,,,,,,,,,,,,,,,,,,,,,,,,,,,,,,,,,,,,,,,,,,,,,,,,,,,,,,,,,,,,,,,,,,,,,,,,,,,,,,,,,,,,,,,,,,,,,,,,,,,,,,,,,,,,,,,,,,,,,,,,,,,,,,,,,,,,,,,,,,,,,,,,,,,,,,,,,,,,
Jo Jinho,Konyaspor,MF,0.0,0.0,0.0,MF,True,True,Konyaspor,,Merkez Orta Saha,Merkez Orta Saha,,MID,0.0,0.0,0.0,0.0,0.0,0.0,0.6059734196469136,0.0509416147819222,0.2646747648825618,2.119885766693685,2.11517219920703,1.4251754117788118,6.8003713577826455,8.302715309780554,0.0,0.0,79.10832633733654,0.0,0.0,0.0,0.0,0.0,0.0,0.24772023913121785,0.021946439208505822,0.0,0.12824940740731008,0.0,0.2646747648825618,,,,,,,,,,,,,,,,,,,,,,,,,,,,,,,,,,,,,,,,,,,,,,,,,,,,,,,,,,,,,,,,,,,,,,,,,,,,,,,,,,,,,,,,,,,,,,,,,,,,,,,,,,,,,,,,,,,,,,,,,,,,,,,,,,,,,,,,,,,,,,,,,,,,,,,,,,,,,,,,,,,,,,,,,,,,,,,,,,,,,,,,,,,,,,,,,,,,,,,,,,,,,,,,,,,,,,,,,,,,,,,,,,,,,,,,,,,,,,,,,,,,,,,,,,,,,,,,,,,,,,,,,,,,,,5.964214711729622,93.04174950298211,41.35188866799205,10.139165009940358,48.70775347912525
Bahadır Güngördü,Konyaspor,GK,0.0,0.0,0.0,GK,False,False,Konyaspor,Kaleci,Kaleci (Savunma),Kaleci,Savunma,GK,0.0,0.0,0.0,0.0,0.0,0.0,0.0,0.0,0.0,0.0,0.0,0.0,0.0,0.0,0.0,0.0,0.0,66.84829137724086,2.8428035290621425,60.628583713734685,0.5112743730460196,1.2681395874489214,0.0,0.0,0.0,0.8202907265052025,0.8202907265052025,0.0,0.0,,,,,,,,,,,,,,,,,,,,,,,,,,,,,,,,,,,,,,,,,,,,,,,,,,,,,,,,,,,,,,,,,,,,,,,,,,,,,,,,,,,,,,,,,,,,,,,,,,,,,,,,,,,,,,,,,,,,,,,,,,,,,,,,,,,,,,,,,,,,,,,,,,,,,,,,,,,,,,,,,,,,,,,,,,,,,,,,,,,,,,,,,,,,,,,,,,,,,,,,,,,,,,,,,,,,,,,,,,,,,,,,,,,,,,,,,,,,,,,,,,,,,,,,,,,,,,,,,,,,,,,,,,,,,,4.929577464788732,0.0,83.09859154929578,100.0,96.47887323943662
Danijel Aleksić,Konyaspor,MF,0.46,0.0,0.46,MF,True,True,Konyaspor,,Merkez Orta Saha,Merkez Orta Saha,,MID,0.0,0.0,0.0,0.0,0.0,0.0,1.425306387745734,0.1308324077986853,0.1604830531086617,2.600533495374482,2.17737455868844,1.6143222405019084,5.78365083534284,8.566513699171278,0.0,0.0,79.95349187047475,0.0,0.0,0.0,0.0,0.0,0.0,0.24290657179783348,0.045573719740240014,0.0,0.13056802984696475,0.0,0.1604830531086617,,,,,,,,,,,,,,,,,,,,,,,,,,,,,,,,,,,,,,,,,,,,,,,,,,,,,,,,,,,,,,,,,,,,,,,,,,,,,,,,,,,,,,,,,,,,,,,,,,,,,,,,,,,,,,,,,,,,,,,,,,,,,,,,,,,,,,,,,,,,,,,,,,,,,,,,,,,,,,,,,,,,,,,,,,,,,,,,,,,,,,,,,,,,,,,,,,,,,,,,,,,,,,,,,,,,,,,,,,,,,,,,,,,,,,,,,,,,,,,,,,,,,,,,,,,,,,,,,,,,,,,,,,,,,,5.964214711729622,91.84890656063618,76.34194831013916,10.337972166998012,87.67395626242545
Morten Bjørlo,Konyaspor,MF,0.0,0.0,0.0,MF,True,True,Konyaspor,Merkez Orta Saha,İki Yönlü Orta Saha,İki Yönlü Orta Saha,,MID,1.455295627220024,0.0,0.0,0.0,0.0,0.0,0.7151021958573669,0.0717844895211438,0.101235670190429,1.1770583878420449,3.561885900866266,0.7882091811713705,6.702380659767596,8.667274854121318,0.0,0.0,0.0,0.0,0.0,0.0,0.0,0.0,0.0181911953402503,0.14835703332289824,0.014143094735795943,0.0,0.0824644942106834,0.0,0.101235670190429,,,,,,,,,,,,,,,,,,,,,,,,,,,,,,,,,,,,,,,,,,,,,,,,,,,,,,,,,,,,,,,,,,,,,,,,,,,,,,,,,,,,,,,,,,,,,,,,,,,,,,,,,,,,,,,,,,,,,,,,,,,,,,,,,,,,,,,,,,,,,,,,,,,,,,,,,,,,,,,,,,,,,,,,,,,,,,,,,,,,,,,,,,,,,,,,,,,,,,,,,,,,,,,,,,,,,,,,,,,,,,,,,,,,,,,,,,,,,,,,,,,,,,,,,,,,,,,,,,,,,,,,,,,,,,6.560636182902585,20.278330019880716,25.04970178926441,4.3737574552683895,48.70775347912525
Muhammet Tunahan Taşçı,Konyaspor,MF,0.525,0.4025,0.0,MF,True,True,Konyaspor,,Merkez Orta Saha,Merkez Orta Saha,,MID,0.0,0.0,0.0,0.0,0.0,0.0,1.081819446469126,0.1982136047584598,0.3150291140557682,0.926837998108643,3.262794920041068,1.6068760900310382,4.211469027255676,4.043371495316924,0.0,0.0,85.1425540095225,0.0,0.0,0.0,0.0,0.0,0.0,0.2886961036698457,0.050761454022193606,0.0,0.15450034263936158,0.0,0.3150291140557682,,,,,,,,,,,,,,,,,,,,,,,,,,,,,,,,,,,,,,,,,,,,,,,,,,,,,,,,,,,,,,,,,,,,,,,,,,,,,,,,,,,,,,,,,,,,,,,,,,,,,,,,,,,,,,,,,,,,,,,,,,,,,,,,,,,,,,,,,,,,,,,,,,,,,,,,,,,,,,,,,,,,,,,,,,,,,,,,,,,,,,,,,,,,,,,,,,,,,,,,,,,,,,,,,,,,,,,,,,,,,,,,,,,,,,,,,,,,,,,,,,,,,,,,,,,,,,,,,,,,,,,,,,,,,,5.964214711729622,97.01789264413519,82.50497017892644,19.880715705765407,48.70775347912525
Josip Čalušić,Konyaspor,DF,0.0,0.0,0.0,DF,False,True,Konyaspor,,Merkez Orta Saha,Merkez Orta Saha,,MID,0.0,0.0,0.0,0.0,0.0,0.0,1.94844986251438,0.1443983414702893,0.0406486360701839,1.6314108422962157,3.755279296436226,1.2821735362503202,5.536985000164639,5.377452113415952,0.0,0.0,79.80566725207197,0.0,0.0,0.0,0.0,0.0,0.0,0.27350159225392845,0.025188971173691697,0.0,0.14178859036170258,0.0,0.0406486360701839,,,,,,,,,,,,,,,,,,,,,,,,,,,,,,,,,,,,,,,,,,,,,,,,,,,,,,,,,,,,,,,,,,,,,,,,,,,,,,,,,,,,,,,,,,,,,,,,,,,,,,,,,,,,,,,,,,,,,,,,,,,,,,,,,,,,,,,,,,,,,,,,,,,,,,,,,,,,,,,,,,,,,,,,,,,,,,,,,,,,,,,,,,,,,,,,,,,,,,,,,,,,,,,,,,,,,,,,,,,,,,,,,,,,,,,,,,,,,,,,,,,,,,,,,,,,,,,,,,,,,,,,,,,,,,5.964214711729622,96.22266401590457,48.111332007952285,12.72365805168986,48.70775347912525
Marius Ştefănescu,Konyaspor,FW,0.0,0.0,0.0,DF,False,True,Konyaspor,,Merkez Orta Saha,Merkez Orta Saha,,MID,0.0,0.0,0.0,0.0,0.0,0.0,1.39963807167441,0.1586456043875759,0.3345715901343617,2.7026380593889465,3.852785783507645,0.602688079000367,3.946152358458942,7.549430854224548,0.0,0.0,89.14603468984694,0.0,0.0,0.0,0.0,0.0,0.0,0.3003254285853672,0.03413583947059094,0.0,0.1569898821868018,0.0,0.3345715901343617,,,,,,,,,,,,,,,,,,,,,,,,,,,,,,,,,,,,,,,,,,,,,,,,,,,,,,,,,,,,,,,,,,,,,,,,,,,,,,,,,,,,,,,,,,,,,,,,,,,,,,,,,,,,,,,,,,,,,,,,,,,,,,,,,,,,,,,,,,,,,,,,,,,,,,,,,,,,,,,,,,,,,,,,,,,,,,,,,,,,,,,,,,,,,,,,,,,,,,,,,,,,,,,,,,,,,,,,,,,,,,,,,,,,,,,,,,,,,,,,,,,,,,,,,,,,,,,,,,,,,,,,,,,,,,5.964214711729622,97.4155069582505,64.01590457256461,22.266401590457257,48.70775347912525
Melih Bostan,Konyaspor,FW,0.0,0.0,0.0,FW,True,False,Konyaspor,Santrafor,Fırsatçı Golcü,Fırsatçı Golcü,,FWD,0.0,0.0,0.0,0.0,0.0,0.0,4.6893127695543,0.0,0.0,0.0,0.0,0.0,0.0,0.0,5.373635200630943,0.8254974132040132,0.0,0.0,0.0,0.0,0.0,0.0,0.0,0.0,0.08441573738663452,0.0,0.06753258990930762,0.8254974132040132,0.0,,,,,,,,,,,,,,,,,,,,,,,,,,,,,,,,,,,,,,,,,,,,,,,,,,,,,,,,,,,,,,,,,,,,,,,,,,,,,,,,,,,,,,,,,,,,,,,,,,,,,,,,,,,,,,,,,,,,,,,,,,,,,,,,,,,,,,,,,,,,,,,,,,,,,,,,,,,,,,,,,,,,,,,,,,,,,,,,,,,,,,,,,,,,,,,,,,,,,,,,,,,,,,,,,,,,,,,,,,,,,,,,,,,,,,,,,,,,,,,,,,,,,,,,,,,,,,,,,,,,,,,,,,,,,,9.809264305177113,2.7247956403269753,78.7465940054496,31.607629427792915,35.967302452316076
Kaan Akyazi,Konyaspor,FW,0.0,0.0,0.0,FW,True,False,Konyaspor,,Merkez Orta Saha,Merkez Orta Saha,,MID,0.0,0.0,0.0,0.0,0.0,0.0,1.1893653988061157,0.1994785399039735,0.1098883510820734,1.3450043207319606,2.7313677581149625,1.0566694076451917,3.144377312417495,7.176123708322754,0.0,0.0,83.36057432710224,0.0,0.0,0.0,0.0,0.0,0.0,0.24273739077351342,0.019651698833173997,0.0,0.1252990351533915,0.0,0.1098883510820734,,,,,,,,,,,,,,,,,,,,,,,,,,,,,,,,,,,,,,,,,,,,,,,,,,,,,,,,,,,,,,,,,,,,,,,,,,,,,,,,,,,,,,,,,,,,,,,,,,,,,,,,,,,,,,,,,,,,,,,,,,,,,,,,,,,,,,,,,,,,,,,,,,,,,,,,,,,,,,,,,,,,,,,,,,,,,,,,,,,,,,,,,,,,,,,,,,,,,,,,,,,,,,,,,,,,,,,,,,,,,,,,,,,,,,,,,,,,,,,,,,,,,,,,,,,,,,,,,,,,,,,,,,,,,,5.964214711729622,91.84890656063618,36.381709741550694,10.139165009940358,48.70775347912525
Ufuk Akyol,Konyaspor,MF,0.0,0.0,0.0,MF,True,True,Konyaspor,Ön Libero,Defansif Orta Saha (Destek),Defansif Orta Saha,Destek,DM,0.0,0.0,0.0,0.0,0.0,0.0,1.2284001849970745,0.0989926181656137,0.3109412853080384,2.618267569977277,2.0713634779015084,1.881149912695036,4.984259384438797,3.9233754380391295,0.0,0.0,84.01821552420199,0.0,0.0,0.0,0.0,0.0,0.0,0.25948639175420485,0.03126732218723548,0.0,0.13599666031454952,0.0,0.3109412853080384,,,,,,,,,,,,,,,,,,,,,,,,,,,,,,,,,,,,,,,,,,,,,,,,,,,,,,,,,,,,,,,,,,,,,,,,,,,,,,,,,,,,,,,,,,,,,,,,,,,,,,,,,,,,,,,,,,,,,,,,,,,,,,,,,,,,,,,,,,,,,,,,,,,,,,,,,,,,,,,,,,,,,,,,,,,,,,,,,,,,,,,,,,,,,,,,,,,,,,,,,,,,,,,,,,,,,,,,,,,,,,,,,,,,,,,,,,,,,,,,,,,,,,,,,,,,,,,,,,,,,,,,,,,,,,,,,,
Mücahit Ibrahimoglu,Konyaspor,MF,0.0,0.0,0.0,MF,True,True,Konyaspor,,Merkez Orta Saha,Merkez Orta Saha,,MID,0.0,0.0,0.0,0.0,0.0,0.0,1.364838213652572,0.2287725171017608,0.2110300067678115,3.4187625244896305,3.362647257576338,1.376673364636139,6.640910490569757,7.894998749943706,0.0,0.0,80.95990338966487,0.0,0.0,0.0,0.0,0.0,0.0,0.2840479584500758,0.030636488718462262,0.0,0.14815127696873034,0.0,0.2110300067678115,,,,,,,,,,,,,,,,,,,,,,,,,,,,,,,,,,,,,,,,,,,,,,,,,,,,,,,,,,,,,,,,,,,,,,,,,,,,,,,,,,,,,,,,,,,,,,,,,,,,,,,,,,,,,,,,,,,,,,,,,,,,,,,,,,,,,,,,,,,,,,,,,,,,,,,,,,,,,,,,,,,,,,,,,,,,,,,,,,,,,,,,,,,,,,,,,,,,,,,,,,,,,,,,,,,,,,,,,,,,,,,,,,,,,,,,,,,,,,,,,,,,,,,,,,,,,,,,,,,,,,,,,,,,,,5.964214711729622,96.62027833001989,59.24453280318092,16.10337972166998,48.70775347912525
Karahan Yasir Subaşı,Konyaspor,DF,0.0,0.0,0.0,DF,False,True,Konyaspor,,Merkez Orta Saha,Merkez Orta Saha,,MID,0.0,0.0,0.0,0.0,0.0,0.0,2.04853474205782,0.133257216811535,0.2893475759095206,1.0535319326314296,1.753004149786901,1.30749791488357,6.645697600077313,4.346643431019964,0.0,0.0,83.6515230292168,0.0,0.0,0.0,0.0,0.0,0.0,0.24208169154946863,0.034693080288537605,0.0,0.12797946183244183,0.0,0.2893475759095206,,,,,,,,,,,,,,,,,,,,,,,,,,,,,,,,,,,,,,,,,,,,,,,,,,,,,,,,,,,,,,,,,,,,,,,,,,,,,,,,,,,,,,,,,,,,,,,,,,,,,,,,,,,,,,,,,,,,,,,,,,,,,,,,,,,,,,,,,,,,,,,,,,,,,,,,,,,,,,,,,,,,,,,,,,,,,,,,,,,,,,,,,,,,,,,,,,,,,,,,,,,,,,,,,,,,,,,,,,,,,,,,,,,,,,,,,,,,,,,,,,,,,,,,,,,,,,,,,,,,,,,,,,,,,,5.964214711729622,91.84890656063618,65.00994035785288,10.139165009940358,48.70775347912525
Egemen Aydın,Konyaspor,GK,0.0,0.0,0.0,GK,False,False,Konyaspor,Kaleci,Kaleci (Savunma),Kaleci,Savunma,GK,0.0,0.0,0.0,0.0,0.0,0.0,0.0,0.0,0.0,0.0,0.0,0.0,0.0,0.0,0.0,0.0,0.0,56.126772645019386,3.628088249474745,72.72820822527561,0.6218113753371068,0.8397436627969069,0.0,0.0,0.0,0.8976992672520789,0.8976992672520789,0.0,0.0,,,,,,,,,,,,,,,,,,,,,,,,,,,,,,,,,,,,,,,,,,,,,,,,,,,,,,,,,,,,,,,,,,,,,,,,,,,,,,,,,,,,,,,,,,,,,,,,,,,,,,,,,,,,,,,,,,,,,,,,,,,,,,,,,,,,,,,,,,,,,,,,,,,,,,,,,,,,,,,,,,,,,,,,,,,,,,,,,,,,,,,,,,,,,,,,,,,,,,,,,,,,,,,,,,,,,,,,,,,,,,,,,,,,,,,,,,,,,,,,,,,,,,,,,,,,,,,,,,,,,,,,,,,,,,4.929577464788732,0.0,83.09859154929578,100.0,96.47887323943662
İsmail Buğa,Konyaspor,MF,0.0,0.0,0.0,MF,True,True,Konyaspor,,Merkez Orta Saha,Merkez Orta Saha,,MID,0.0,0.0,0.0,0.0,0.0,0.0,2.2733778467744923,0.039488705708837,0.3420414376440454,2.6160257192078413,2.692222086500553,0.9032802715732904,3.709526390527452,4.342905688935739,0.0,0.0,85.94296359164414,0.0,0.0,0.0,0.0,0.0,0.0,0.26499223838819796,0.04295550027152635,0.0,0.14108721924840426,0.0,0.3420414376440454,,,,,,,,,,,,,,,,,,,,,,,,,,,,,,,,,,,,,,,,,,,,,,,,,,,,,,,,,,,,,,,,,,,,,,,,,,,,,,,,,,,,,,,,,,,,,,,,,,,,,,,,,,,,,,,,,,,,,,,,,,,,,,,,,,,,,,,,,,,,,,,,,,,,,,,,,,,,,,,,,,,,,,,,,,,,,,,,,,,,,,,,,,,,,,,,,,,,,,,,,,,,,,,,,,,,,,,,,,,,,,,,,,,,,,,,,,,,,,,,,,,,,,,,,,,,,,,,,,,,,,,,,,,,,,5.964214711729622,95.2286282306163,74.75149105367794,12.72365805168986,48.70775347912525
Muzaffer Eriş,Konyaspor,DF,0.0,0.0,0.0,DF,False,True,Konyaspor,,Merkez Orta Saha,Merkez Orta Saha,,MID,0.0,0.0,0.0,0.0,0.0,0.0,2.4062028416582493,0.1739747795422006,0.1009419032365609,1.9981255921223424,2.07573538457462,1.0526733798748684,4.638387331108475,6.221846537360482,0.0,0.0,87.01412564344851,0.0,0.0,0.0,0.0,0.0,0.0,0.23307152194293762,0.033095018526350786,0.0,0.12315476467673897,0.0,0.1009419032365609,,,,,,,,,,,,,,,,,,,,,,,,,,,,,,,,,,,,,,,,,,,,,,,,,,,,,,,,,,,,,,,,,,,,,,,,,,,,,,,,,,,,,,,,,,,,,,,,,,,,,,,,,,,,,,,,,,,,,,,,,,,,,,,,,,,,,,,,,,,,,,,,,,,,,,,,,,,,,,,,,,,,,,,,,,,,,,,,,,,,,,,,,,,,,,,,,,,,,,,,,,,,,,,,,,,,,,,,,,,,,,,,,,,,,,,,,,,,,,,,,,,,,,,,,,,,,,,,,,,,,,,,,,,,,,5.964214711729622,89.66202783300199,62.62425447316103,9.940357852882704,48.70775347912525
Opponent Total,Konyaspor,NAN,0.0,0.0,0.0,NAN,False,False,Konyaspor,,Merkez Orta Saha,Merkez Orta Saha,,MID,0.0,0.0,0.0,0.0,0.0,0.0,2.05249711113612,0.1983153376095636,0.3363974198926575,3.1439840868192643,2.969893221123628,1.843019133729754,3.0581794928493062,6.557639609050219,0.0,0.0,87.04641699251896,0.0,0.0,0.0,0.0,0.0,0.0,0.28732802130691815,0.041840828124115666,0.0,0.1520321762782822,0.0,0.3363974198926575,,,,,,,,,,,,,,,,,,,,,,,,,,,,,,,,,,,,,,,,,,,,,,,,,,,,,,,,,,,,,,,,,,,,,,,,,,,,,,,,,,,,,,,,,,,,,,,,,,,,,,,,,,,,,,,,,,,,,,,,,,,,,,,,,,,,,,,,,,,,,,,,,,,,,,,,,,,,,,,,,,,,,,,,,,,,,,,,,,,,,,,,,,,,,,,,,,,,,,,,,,,,,,,,,,,,,,,,,,,,,,,,,,,,,,,,,,,,,,,,,,,,,,,,,,,,,,,,,,,,,,,,,,,,,,5.964214711729622,96.81908548707754,73.558648111332,18.48906560636183,48.70775347912525
Casper Højer Nielsen,Rizespor,DF,0.0,0.0,0.0,DF,False,True,Rizespor,,Merkez Orta Saha,Merkez Orta Saha,,MID,0.0,0.0,0.0,0.0,0.0,0.0,1.0623544810708268,0.0791904192668816,0.1363186632158471,1.2783044315079422,1.7211967386805207,1.4996945712902536,6.8003713577826455,6.480517247026867,0.0,0.0,84.93469335232906,0.0,0.0,0.0,0.0,0.0,0.0,0.23443784842826365,0.01927205241811201,0.0,0.12107333469775423,0.0,0.1363186632158471,,,,,,,,,,,,,,,,,,,,,,,,,,,,,,,,,,,,,,,,,,,,,,,,,,,,,,,,,,,,,,,,,,,,,,,,,,,,,,,,,,,,,,,,,,,,,,,,,,,,,,,,,,,,,,,,,,,,,,,,,,,,,,,,,,,,,,,,,,,,,,,,,,,,,,,,,,,,,,,,,,,,,,,,,,,,,,,,,,,,,,,,,,,,,,,,,,,,,,,,,,,,,,,,,,,,,,,,,,,,,,,,,,,,,,,,,,,,,,,,,,,,,,,,,,,,,,,,,,,,,,,,,,,,,,5.964214711729622,89.66202783300199,35.785288270377734,8.946322067594433,48.70775347912525
Giannis Papanikolaou,Rizespor,MF,0.09,0.0,0.09,MF,True,True,Rizespor,Ön Libero,Savaşçı Orta Saha (Savunma),Savaşçı Orta Saha,Savunma,DM,2.597284333929447,1.7791072578513183,0.0,0.0,0.0,0.0,1.8450828827817385,0.2142948142496882,0.1349291666579228,2.670090071010645,0.0,0.0,0.0,8.667274854121318,0.0,0.0,0.0,0.0,0.0,0.0,0.0,0.0,0.03246605417411809,0.014131945921397132,0.03412322067166091,0.0,0.023630433347266173,0.0,0.1349291666579228,,,,,,,,,,,,,,,,,,,,,,,,,,,,,,,,,,,,,,,,,,,,,,,,,,,,,,,,,,,,,,,,,,,,,,,,,,,,,,,,,,,,,,,,,,,,,,,,,,,,,,,,,,,,,,,,,,,,,,,,,,,,,,,,,,,,,,,,,,,,,,,,,,,,,,,,,,,,,,,,,,,,,,,,,,,,,,,,,,,,,,,,,,,,,,,,,,,,,,,,,,,,,,,,,,,,,,,,,,,,,,,,,,,,,,,,,,,,,,,,,,,,,,,,,,,,,,,,,,,,,,,,,,,,,,,,,,
Qazim Laçi,Rizespor,MF,0.0,0.19,0.19,MF,True,True,Rizespor,Merkez Orta Saha,İki Yönlü Orta Saha,İki Yönlü Orta Saha,,MID,3.058940983021211,0.0,0.0,0.0,0.0,0.0,1.3189665605163232,0.2265358136914416,0.1191354864890769,3.062911282049898,2.317449449901245,1.0191538237203537,3.7142514365041928,8.264765175782282,0.0,0.0,0.0,0.0,0.0,0.0,0.0,0.0,0.03823676228776514,0.10931302318404375,0.02751236326985106,0.0,0.07163001293232163,0.0,0.1191354864890769,,,,,,,,,,,,,,,,,,,,,,,,,,,,,,,,,,,,,,,,,,,,,,,,,,,,,,,,,,,,,,,,,,,,,,,,,,,,,,,,,,,,,,,,,,,,,,,,,,,,,,,,,,,,,,,,,,,,,,,,,,,,,,,,,,,,,,,,,,,,,,,,,,,,,,,,,,,,,,,,,,,,,,,,,,,,,,,,,,,,,,,,,,,,,,,,,,,,,,,,,,,,,,,,,,,,,,,,,,,,,,,,,,,,,,,,,,,,,,,,,,,,,,,,,,,,,,,,,,,,,,,,,,,,,,8.747514910536779,2.982107355864811,51.689860834990064,2.982107355864811,64.81113320079523
Muhammet Taha Şahin,Rizespor,DF,0.0,0.0,0.0,DF,False,True,Rizespor,Sağ Bek,Standart Bek (Destek),Standart Bek,Destek,FB,1.003595624092727,0.0,0.0,53.314735813789646,0.0,1.726390867205703,0.0,0.0,0.0,0.0,0.0,0.0,0.0,0.0,0.0,0.0,78.84884392112346,0.0,0.0,0.0,0.0,0.0,0.17248915274252805,0.11827326588168519,0.0028773181120095048,0.0,0.12230201975817148,0.0,0.0,,,,,,,,,,,,,,,,,,,,,,,,,,,,,,,,,,,,,,,,,,,,,,,,,,,,,,,,,,,,,,,,,,,,,,,,,,,,,,,,,,,,,,,,,,,,,,,,,,,,,,,,,,,,,,,,,,,,,,,,,,,,,,,,,,,,,,,,,,,,,,,,,,,,,,,,,,,,,,,,,,,,,,,,,,,,,,,,,,,,,,,,,,,,,,,,,,,,,,,,,,,,,,,,,,,,,,,,,,,,,,,,,,,,,,,,,,,,,,,,,,,,,,,,,,,,,,,,,,,,,,,,,,,,,,13.20754716981132,5.031446540880504,5.031446540880504,7.547169811320755,50.943396226415096
Samet Akaydın,Rizespor,DF,0.0,0.09,0.09,DF,False,True,Rizespor,Stoper,Çakılı Stoper,Çakılı Stoper,,CB,3.2840931103542266,1.5781246968634526,10.83050315627883,52.36107401889821,73.74737131177545,0.0,0.0,0.0,0.0,0.0,0.0,0.0,2.0387682031757746,0.0,0.0,0.0,79.14109703565855,0.0,0.0,0.0,0.0,0.0,0.4547061685907533,0.12482795016301514,0.0009,0.0,0.3433499080461303,0.0,0.0,,,,,,,,,,,,,,,,,,,,,,,,,,,,,,,,,,,,,,,,,,,,,,,,,,,,,,,,,,,,,,,,,,,,,,,,,,,,,,,,,,,,,,,,,,,,,,,,,,,,,,,,,,,,,,,,,,,,,,,,,,,,,,,,,,,,,,,,,,,,,,,,,,,,,,,,,,,,,,,,,,,,,,,,,,,,,,,,,,,,,,,,,,,,,,,,,,,,,,,,,,,,,,,,,,,,,,,,,,,,,,,,,,,,,,,,,,,,,,,,,,,,,,,,,,,,,,,,,,,,,,,,,,,,,,87.76881720430107,7.39247311827957,7.93010752688172,83.60215053763442,65.18817204301075
Attila Mocsi,Rizespor,DF,0.11,0.0,0.11,DF,False,True,Rizespor,Stoper,Standart Stoper (Durdurucu),Standart Stoper,Durdurucu,CB,2.762277251994526,1.4149603238555415,9.903175333566148,67.07516933540893,73.68854428383662,0.0,0.0,0.0,0.0,0.0,0.0,0.0,3.889667618321834,0.0,0.0,0.0,83.91608663860016,0.0,0.0,0.0,0.0,0.0,0.4859965032561909,0.13754313281286573,0.0044,0.0,0.36814617884190676,0.0,0.0,,,,,,,,,,,,,,,,,,,,,,,,,,,,,,,,,,,,,,,,,,,,,,,,,,,,,,,,,,,,,,,,,,,,,,,,,,,,,,,,,,,,,,,,,,,,,,,,,,,,,,,,,,,,,,,,,,,,,,,,,,,,,,,,,,,,,,,,,,,,,,,,,,,,,,,,,,,,,,,,,,,,,,,,,,,,,,,,,,,,,,,,,,,,,,,,,,,,,,,,,,,,,,,,,,,,,,,,,,,,,,,,,,,,,,,,,,,,,,,,,,,,,,,,,,,,,,,,,,,,,,,,,,,,,,92.33870967741935,17.741935483870968,15.994623655913978,91.39784946236558,70.83333333333334
Ali Sowe,Rizespor,FW,0.12,0.36,0.48,FW,True,False,Rizespor,Santrafor,Pivot Santrafor (Destek),Pivot Santrafor,Destek,FWD,0.0,0.0,0.0,0.0,0.0,0.0,4.6893127695543,0.0,0.0,0.0,0.0,0.0,0.0,3.1135117261813545,4.769955173132587,0.4367456235492929,0.0,0.0,0.0,0.0,0.0,0.0,0.0,0.0,0.07514520149323815,0.0,0.060116161194590526,0.4367456235492929,0.0,,,,,,,,,,,,,,,,,,,,,,,,,,,,,,,,,,,,,,,,,,,,,,,,,,,,,,,,,,,,,,,,,,,,,,,,,,,,,,,,,,,,,,,,,,,,,,,,,,,,,,,,,,,,,,,,,,,,,,,,,,,,,,,,,,,,,,,,,,,,,,,,,,,,,,,,,,,,,,,,,,,,,,,,,,,,,,,,,,,,,,,,,,,,,,,,,,,,,,,,,,,,,,,,,,,,,,,,,,,,,,,,,,,,,,,,,,,,,,,,,,,,,,,,,,,,,,,,,,,,,,,,,,,,,,9.809264305177113,2.7247956403269753,70.02724795640327,24.52316076294278,67.30245231607628
Yahia Fofana,Rizespor,GK,0.0,0.0,0.0,GK,False,False,Rizespor,Kaleci,Kaleci (Savunma),Kaleci,Savunma,GK,0.0,0.0,0.0,0.0,0.0,0.0,0.0,0.0,0.0,0.0,0.0,0.0,0.0,0.0,0.0,0.0,0.0,67.15089703802877,2.422772674924288,66.28711962152653,0.4181777614275764,1.4677591856141747,0.0,0.0,0.0,0.7847623748003616,0.7847623748003616,0.0,0.0,,,,,,,,,,,,,,,,,,,,,,,,,,,,,,,,,,,,,,,,,,,,,,,,,,,,,,,,,,,,,,,,,,,,,,,,,,,,,,,,,,,,,,,,,,,,,,,,,,,,,,,,,,,,,,,,,,,,,,,,,,,,,,,,,,,,,,,,,,,,,,,,,,,,,,,,,,,,,,,,,,,,,,,,,,,,,,,,,,,,,,,,,,,,,,,,,,,,,,,,,,,,,,,,,,,,,,,,,,,,,,,,,,,,,,,,,,,,,,,,,,,,,,,,,,,,,,,,,,,,,,,,,,,,,,4.929577464788732,0.0,83.09859154929578,100.0,96.47887323943662
Muhamed Buljubasic,Rizespor,MF,0.0,0.0,0.0,MF,True,True,Rizespor,Merkez Orta Saha,Standart Orta Saha (Destek),Standart Orta Saha,Destek,MID,0.0,0.0,0.0,0.0,0.0,0.0,0.9348083062967076,0.0692261218444522,0.1894926625716548,3.3504583925798626,1.5747788372044773,1.6810805401284994,6.8003713577826455,4.593600255532237,0.0,0.0,88.85231729992628,0.0,0.0,0.0,0.0,0.0,0.0,0.24548664923775637,0.025303935547282927,0.0,0.12780411172833478,0.0,0.1894926625716548,,,,,,,,,,,,,,,,,,,,,,,,,,,,,,,,,,,,,,,,,,,,,,,,,,,,,,,,,,,,,,,,,,,,,,,,,,,,,,,,,,,,,,,,,,,,,,,,,,,,,,,,,,,,,,,,,,,,,,,,,,,,,,,,,,,,,,,,,,,,,,,,,,,,,,,,,,,,,,,,,,,,,,,,,,,,,,,,,,,,,,,,,,,,,,,,,,,,,,,,,,,,,,,,,,,,,,,,,,,,,,,,,,,,,,,,,,,,,,,,,,,,,,,,,,,,,,,,,,,,,,,,,,,,,,5.964214711729622,92.2465208747515,48.31013916500994,10.139165009940358,48.70775347912525
Jesurun Rak Sakyi,Rizespor,FW,0.525,0.0,0.6179999999999995,MF,True,True,Rizespor,,Merkez Orta Saha,Merkez Orta Saha,,MID,0.0,0.0,0.0,0.0,0.0,0.0,2.165830316794437,0.2458803681788055,0.0539507651124704,2.644769676382044,3.754717260026311,1.1815181346014827,5.247544648537237,3.777089527696825,0.0,0.0,87.80889416767332,0.0,0.0,0.0,0.0,0.0,0.0,0.28544228832140844,0.051428257963398304,0.0,0.15300679575338388,0.0,0.0539507651124704,,,,,,,,,,,,,,,,,,,,,,,,,,,,,,,,,,,,,,,,,,,,,,,,,,,,,,,,,,,,,,,,,,,,,,,,,,,,,,,,,,,,,,,,,,,,,,,,,,,,,,,,,,,,,,,,,,,,,,,,,,,,,,,,,,,,,,,,,,,,,,,,,,,,,,,,,,,,,,,,,,,,,,,,,,,,,,,,,,,,,,,,,,,,,,,,,,,,,,,,,,,,,,,,,,,,,,,,,,,,,,,,,,,,,,,,,,,,,,,,,,,,,,,,,,,,,,,,,,,,,,,,,,,,,,5.964214711729622,96.62027833001989,83.1013916500994,19.08548707753479,93.43936381709742
Erdem Canpolat,Rizespor,GK,0.0,0.0,0.0,GK,False,False,Rizespor,Kaleci,Kaleci (Savunma),Kaleci,Savunma,GK,0.0,0.0,0.0,0.0,0.0,0.0,0.0,0.0,0.0,0.0,0.0,0.0,0.0,0.0,0.0,0.0,0.0,58.41048247374583,4.406590942262119,70.17141382329406,0.7830692496325764,0.7615496435074871,0.0,0.0,0.0,0.9758928752266182,0.9758928752266182,0.0,0.0,,,,,,,,,,,,,,,,,,,,,,,,,,,,,,,,,,,,,,,,,,,,,,,,,,,,,,,,,,,,,,,,,,,,,,,,,,,,,,,,,,,,,,,,,,,,,,,,,,,,,,,,,,,,,,,,,,,,,,,,,,,,,,,,,,,,,,,,,,,,,,,,,,,,,,,,,,,,,,,,,,,,,,,,,,,,,,,,,,,,,,,,,,,,,,,,,,,,,,,,,,,,,,,,,,,,,,,,,,,,,,,,,,,,,,,,,,,,,,,,,,,,,,,,,,,,,,,,,,,,,,,,,,,,,,4.929577464788732,0.0,83.09859154929578,100.0,96.47887323943662
Mithat Pala,Rizespor,DF,0.0,0.0,0.0,MF,True,True,Rizespor,Merkez Orta Saha,Standart Orta Saha (Destek),Standart Orta Saha,Destek,MID,0.0,0.0,0.0,0.0,0.0,0.0,0.5420451568519457,0.0351778820121896,0.1937990198753039,2.142371862822754,1.3054110488486108,1.4453708291842369,6.022070298387367,8.332488479213863,0.0,0.0,87.0845773763835,0.0,0.0,0.0,0.0,0.0,0.0,0.227717857281512,0.0185283420205885,0.0,0.11756459704487371,0.0,0.1937990198753039,,,,,,,,,,,,,,,,,,,,,,,,,,,,,,,,,,,,,,,,,,,,,,,,,,,,,,,,,,,,,,,,,,,,,,,,,,,,,,,,,,,,,,,,,,,,,,,,,,,,,,,,,,,,,,,,,,,,,,,,,,,,,,,,,,,,,,,,,,,,,,,,,,,,,,,,,,,,,,,,,,,,,,,,,,,,,,,,,,,,,,,,,,,,,,,,,,,,,,,,,,,,,,,,,,,,,,,,,,,,,,,,,,,,,,,,,,,,,,,,,,,,,,,,,,,,,,,,,,,,,,,,,,,,,,5.964214711729622,88.07157057654076,33.39960238568588,8.747514910536779,48.70775347912525
Ibrahim Olawoyin,Rizespor,MF,0.22,0.0,0.22,MF,True,True,Rizespor,On Numara,Ofansif Orta Saha (Hücum),Ofansif Orta Saha,Hücum,AM,0.0,0.0,0.0,0.0,0.0,0.0,2.2937001834843893,0.0505039171006224,0.1895966843435013,2.468187548543278,2.517873723204795,0.8725754131148113,5.5755008064185,8.667274854121318,0.0,0.0,78.66726626016553,0.0,0.0,0.0,0.0,0.0,0.0,0.24160521388552902,0.04549133807994214,0.0,0.13445000836674714,0.0,0.1895966843435013,,,,,,,,,,,,,,,,,,,,,,,,,,,,,,,,,,,,,,,,,,,,,,,,,,,,,,,,,,,,,,,,,,,,,,,,,,,,,,,,,,,,,,,,,,,,,,,,,,,,,,,,,,,,,,,,,,,,,,,,,,,,,,,,,,,,,,,,,,,,,,,,,,,,,,,,,,,,,,,,,,,,,,,,,,,,,,,,,,,,,,,,,,,,,,,,,,,,,,,,,,,,,,,,,,,,,,,,,,,,,,,,,,,,,,,,,,,,,,,,,,,,,,,,,,,,,,,,,,,,,,,,,,,,,,,,,,
Emrecan Bulut,Rizespor,FW,0.22,0.4025,0.6179999999999995,MF,True,True,Rizespor,Sol Kanat,Kanat Oyuncusu (Hücum),Kanat Oyuncusu,Hücum,WING,0.0,0.0,0.0,0.0,0.0,4.514461228878832,1.117808242724957,0.1678509531227241,0.0746247348707369,3.2766818688162207,0.0,0.0,0.0,0.0,0.0,0.0,0.0,0.0,0.0,0.0,0.0,0.0,0.0,0.010065831125679228,0.04270387854225099,0.0,0.02864207646305436,0.0,0.0746247348707369,,,,,,,,,,,,,,,,,,,,,,,,,,,,,,,,,,,,,,,,,,,,,,,,,,,,,,,,,,,,,,,,,,,,,,,,,,,,,,,,,,,,,,,,,,,,,,,,,,,,,,,,,,,,,,,,,,,,,,,,,,,,,,,,,,,,,,,,,,,,,,,,,,,,,,,,,,,,,,,,,,,,,,,,,,,,,,,,,,,,,,,,,,,,,,,,,,,,,,,,,,,,,,,,,,,,,,,,,,,,,,,,,,,,,,,,,,,,,,,,,,,,,,,,,,,,,,,,,,,,,,,,,,,,,,3.2994923857868024,0.0,31.725888324873097,0.25380710659898476,81.97969543147208
Václav Jurečka,Rizespor,FW,0.23,0.0,0.23,FW,True,False,Rizespor,,Merkez Orta Saha,Merkez Orta Saha,,MID,0.0,0.0,0.0,0.0,0.0,0.0,1.3691026757119418,0.0460562098095065,0.2666656344117045,3.14604345809254,1.6625583488890268,1.5581912454252294,4.965791095197341,8.172765703592704,0.0,0.0,78.18728507646034,0.0,0.0,0.0,0.0,0.0,0.0,0.2306937251238838,0.04142276077881895,0.0,0.1236314147177057,0.0,0.2666656344117045,,,,,,,,,,,,,,,,,,,,,,,,,,,,,,,,,,,,,,,,,,,,,,,,,,,,,,,,,,,,,,,,,,,,,,,,,,,,,,,,,,,,,,,,,,,,,,,,,,,,,,,,,,,,,,,,,,,,,,,,,,,,,,,,,,,,,,,,,,,,,,,,,,,,,,,,,,,,,,,,,,,,,,,,,,,,,,,,,,,,,,,,,,,,,,,,,,,,,,,,,,,,,,,,,,,,,,,,,,,,,,,,,,,,,,,,,,,,,,,,,,,,,,,,,,,,,,,,,,,,,,,,,,,,,,5.964214711729622,88.66799204771371,72.76341948310139,9.940357852882704,70.17892644135189
Loide Augusto,Rizespor,FW,0.0,0.33,0.33,MF,True,True,Rizespor,Sağ Kanat,Kanat Oyuncusu (Destek),Kanat Oyuncusu,Destek,WING,0.0,0.0,0.0,0.0,0.0,7.764865586282733,1.8159958160330685,0.0202489889076296,0.1340871838724566,2.5293715910656465,0.0,0.0,0.0,0.0,0.0,0.0,0.0,0.0,0.0,0.0,0.0,0.0,0.0,0.013888689198628588,0.04608831713669762,0.0,0.03181959704160715,0.0,0.1340871838724566,,,,,,,,,,,,,,,,,,,,,,,,,,,,,,,,,,,,,,,,,,,,,,,,,,,,,,,,,,,,,,,,,,,,,,,,,,,,,,,,,,,,,,,,,,,,,,,,,,,,,,,,,,,,,,,,,,,,,,,,,,,,,,,,,,,,,,,,,,,,,,,,,,,,,,,,,,,,,,,,,,,,,,,,,,,,,,,,,,,,,,,,,,,,,,,,,,,,,,,,,,,,,,,,,,,,,,,,,,,,,,,,,,,,,,,,,,,,,,,,,,,,,,,,,,,,,,,,,,,,,,,,,,,,,,3.2994923857868024,0.0,35.025380710659896,0.25380710659898476,55.83756345177665
Halil Dervişoğlu,Rizespor,FW,0.0,0.0,0.0,FW,True,False,Rizespor,Santrafor,Yardımcı Forvet (Hücum),Yardımcı Forvet,Hücum,FWD,0.0,0.0,0.0,0.0,0.0,0.0,3.176269848707112,0.0,0.0,0.0,0.0,0.0,0.0,0.0,1.7093117337465316,0.7310595798821802,0.0,0.0,0.0,0.0,0.0,0.0,0.0,0.0,0.06499267939080658,0.0,0.051994143512645266,0.7310595798821802,0.0,,,,,,,,,,,,,,,,,,,,,,,,,,,,,,,,,,,,,,,,,,,,,,,,,,,,,,,,,,,,,,,,,,,,,,,,,,,,,,,,,,,,,,,,,,,,,,,,,,,,,,,,,,,,,,,,,,,,,,,,,,,,,,,,,,,,,,,,,,,,,,,,,,,,,,,,,,,,,,,,,,,,,,,,,,,,,,,,,,,,,,,,,,,,,,,,,,,,,,,,,,,,,,,,,,,,,,,,,,,,,,,,,,,,,,,,,,,,,,,,,,,,,,,,,,,,,,,,,,,,,,,,,,,,,,9.809264305177113,2.7247956403269753,60.76294277929155,18.256130790190735,35.967302452316076
Altin Zeqiri,Rizespor,FW,0.3,0.0,0.3,MF,True,True,Rizespor,Sol Kanat,Kanat Oyuncusu (Destek),Kanat Oyuncusu,Destek,WING,0.0,0.0,0.0,0.0,0.0,7.744873125367455,1.019137130219772,0.0157567334771277,0.1805373631705186,3.77448841743277,0.0,0.0,0.0,0.0,0.0,0.0,0.0,0.0,0.0,0.0,0.0,0.0,0.0,0.019161099575432453,0.05175720874821282,0.0,0.03680265512155742,0.0,0.1805373631705186,,,,,,,,,,,,,,,,,,,,,,,,,,,,,,,,,,,,,,,,,,,,,,,,,,,,,,,,,,,,,,,,,,,,,,,,,,,,,,,,,,,,,,,,,,,,,,,,,,,,,,,,,,,,,,,,,,,,,,,,,,,,,,,,,,,,,,,,,,,,,,,,,,,,,,,,,,,,,,,,,,,,,,,,,,,,,,,,,,,,,,,,,,,,,,,,,,,,,,,,,,,,,,,,,,,,,,,,,,,,,,,,,,,,,,,,,,,,,,,,,,,,,,,,,,,,,,,,,,,,,,,,,,,,,,3.2994923857868024,0.0,44.16243654822335,0.7614213197969544,53.299492385786806
Xusniddin Aliqulov,Rizespor,DF,0.0,0.0,0.0,DF,False,True,Rizespor,,Merkez Orta Saha,Merkez Orta Saha,,MID,0.0,0.0,0.0,0.0,0.0,0.0,1.738123101297389,0.2234974275019676,0.2917774866781549,2.3406463159248405,1.1272268465434114,1.141402000555006,2.2667399849444885,7.857096448349268,0.0,0.0,80.54936732634567,0.0,0.0,0.0,0.0,0.0,0.0,0.20483011317813785,0.034903946269912195,0.0,0.10939584584305136,0.0,0.2917774866781549,,,,,,,,,,,,,,,,,,,,,,,,,,,,,,,,,,,,,,,,,,,,,,,,,,,,,,,,,,,,,,,,,,,,,,,,,,,,,,,,,,,,,,,,,,,,,,,,,,,,,,,,,,,,,,,,,,,,,,,,,,,,,,,,,,,,,,,,,,,,,,,,,,,,,,,,,,,,,,,,,,,,,,,,,,,,,,,,,,,,,,,,,,,,,,,,,,,,,,,,,,,,,,,,,,,,,,,,,,,,,,,,,,,,,,,,,,,,,,,,,,,,,,,,,,,,,,,,,,,,,,,,,,,,,,5.964214711729622,77.33598409542743,65.20874751491054,6.958250497017893,48.70775347912525
Modibo Sagnan,Rizespor,DF,0.0,0.0,0.0,DF,False,True,Rizespor,Stoper,Standart Stoper (Sıkı Defans),Standart Stoper,Sıkı Defans,CB,3.089622607083297,1.4721635649834737,8.434832420091205,51.77971621150572,52.73823772176552,0.0,0.0,0.0,0.0,0.0,0.0,0.0,2.0387682031757746,0.0,0.0,0.0,85.86003742246439,0.0,0.0,0.0,0.0,0.0,0.3820372416614135,0.1349063607432239,0.0,0.0,0.2944073413116342,0.0,0.0,,,,,,,,,,,,,,,,,,,,,,,,,,,,,,,,,,,,,,,,,,,,,,,,,,,,,,,,,,,,,,,,,,,,,,,,,,,,,,,,,,,,,,,,,,,,,,,,,,,,,,,,,,,,,,,,,,,,,,,,,,,,,,,,,,,,,,,,,,,,,,,,,,,,,,,,,,,,,,,,,,,,,,,,,,,,,,,,,,,,,,,,,,,,,,,,,,,,,,,,,,,,,,,,,,,,,,,,,,,,,,,,,,,,,,,,,,,,,,,,,,,,,,,,,,,,,,,,,,,,,,,,,,,,,,56.58602150537635,15.32258064516129,7.526881720430108,52.68817204301075,60.08064516129033
Valentin Mihaila,Rizespor,MF,0.525,0.0,0.6,MF,True,True,Rizespor,,Merkez Orta Saha,Merkez Orta Saha,,MID,0.0,0.0,0.0,0.0,0.0,0.0,1.7846432366321436,0.1635731380812404,0.1541544726093484,0.926837998108643,1.1272268465434114,1.1638182722221184,4.273821712763305,6.93145188383413,0.0,0.0,85.96228312696142,0.0,0.0,0.0,0.0,0.0,0.0,0.20652987461474984,0.04732970626596699,0.0,0.11273087856056832,0.0,0.1541544726093484,,,,,,,,,,,,,,,,,,,,,,,,,,,,,,,,,,,,,,,,,,,,,,,,,,,,,,,,,,,,,,,,,,,,,,,,,,,,,,,,,,,,,,,,,,,,,,,,,,,,,,,,,,,,,,,,,,,,,,,,,,,,,,,,,,,,,,,,,,,,,,,,,,,,,,,,,,,,,,,,,,,,,,,,,,,,,,,,,,,,,,,,,,,,,,,,,,,,,,,,,,,,,,,,,,,,,,,,,,,,,,,,,,,,,,,,,,,,,,,,,,,,,,,,,,,,,,,,,,,,,,,,,,,,,,5.964214711729622,78.52882703777337,78.52882703777337,7.5546719681908545,93.24055666003976
Taylan Antalyalı,Rizespor,MF,0.0,0.0,0.0,MF,True,True,Rizespor,Ön Libero,Defansif Oyun Kurucu (Savunma),Defansif Oyun Kurucu,Savunma,DM,0.0,0.0,0.0,0.0,0.0,0.0,2.2797472554837266,0.0380260708055682,0.1058166372730228,3.3135614778688405,1.525665316317482,1.4739834868653223,5.3739315108370524,6.305144223654835,0.0,0.0,82.93436986659054,0.0,0.0,0.0,0.0,0.0,0.0,0.22101034395407912,0.035314041740430284,0.0,0.11756798032512561,0.0,0.1058166372730228,,,,,,,,,,,,,,,,,,,,,,,,,,,,,,,,,,,,,,,,,,,,,,,,,,,,,,,,,,,,,,,,,,,,,,,,,,,,,,,,,,,,,,,,,,,,,,,,,,,,,,,,,,,,,,,,,,,,,,,,,,,,,,,,,,,,,,,,,,,,,,,,,,,,,,,,,,,,,,,,,,,,,,,,,,,,,,,,,,,,,,,,,,,,,,,,,,,,,,,,,,,,,,,,,,,,,,,,,,,,,,,,,,,,,,,,,,,,,,,,,,,,,,,,,,,,,,,,,,,,,,,,,,,,,,,,,,
Dal Varesanovic,Rizespor,MF,0.0,0.0,0.0,MF,True,True,Rizespor,,Merkez Orta Saha,Merkez Orta Saha,,MID,0.0,0.0,0.0,0.0,0.0,0.0,1.7370063325511356,0.1100808545920872,0.090767214060983,2.661722227785216,3.6003110635180007,1.90442093220339,5.387658069418423,3.5219205594684606,0.0,0.0,82.82887511159174,0.0,0.0,0.0,0.0,0.0,0.0,0.2875704626738439,0.027655057457413718,0.0,0.1493162428284047,0.0,0.090767214060983,,,,,,,,,,,,,,,,,,,,,,,,,,,,,,,,,,,,,,,,,,,,,,,,,,,,,,,,,,,,,,,,,,,,,,,,,,,,,,,,,,,,,,,,,,,,,,,,,,,,,,,,,,,,,,,,,,,,,,,,,,,,,,,,,,,,,,,,,,,,,,,,,,,,,,,,,,,,,,,,,,,,,,,,,,,,,,,,,,,,,,,,,,,,,,,,,,,,,,,,,,,,,,,,,,,,,,,,,,,,,,,,,,,,,,,,,,,,,,,,,,,,,,,,,,,,,,,,,,,,,,,,,,,,,,5.964214711729622,96.81908548707754,51.88866799204771,17.09741550695825,48.70775347912525
Seyfettin Anıl Yaşar,Rizespor,DF,0.0,0.0,0.0,DF,False,True,Rizespor,,Merkez Orta Saha,Merkez Orta Saha,,MID,0.0,0.0,0.0,0.0,0.0,0.0,1.68926052799613,0.1538245062674505,0.0681183428467051,2.626586141598566,1.84743623193108,0.5960095199129314,3.865613092111918,5.4507192784241925,0.0,0.0,88.61504265875536,0.0,0.0,0.0,0.0,0.0,0.0,0.21761533312582979,0.026183804347825922,0.0,0.11404442743248008,0.0,0.0681183428467051,,,,,,,,,,,,,,,,,,,,,,,,,,,,,,,,,,,,,,,,,,,,,,,,,,,,,,,,,,,,,,,,,,,,,,,,,,,,,,,,,,,,,,,,,,,,,,,,,,,,,,,,,,,,,,,,,,,,,,,,,,,,,,,,,,,,,,,,,,,,,,,,,,,,,,,,,,,,,,,,,,,,,,,,,,,,,,,,,,,,,,,,,,,,,,,,,,,,,,,,,,,,,,,,,,,,,,,,,,,,,,,,,,,,,,,,,,,,,,,,,,,,,,,,,,,,,,,,,,,,,,,,,,,,,,5.964214711729622,84.29423459244532,49.50298210735586,7.75347912524851,48.70775347912525
Yakup Ayan,Rizespor,NAN,0.0,0.0,0.0,NAN,False,False,Rizespor,,Merkez Orta Saha,Merkez Orta Saha,,MID,0.0,0.0,0.0,0.0,0.0,0.0,0.5420451568519457,0.0208660212473458,0.0201766537696587,1.3823229114738365,3.8513775117258873,1.7371148560205114,6.708459933290153,5.236131102073884,0.0,0.0,88.74675417758206,0.0,0.0,0.0,0.0,0.0,0.0,0.2981855951992428,0.009683324997990395,0.0,0.15102946259921948,0.0,0.0201766537696587,,,,,,,,,,,,,,,,,,,,,,,,,,,,,,,,,,,,,,,,,,,,,,,,,,,,,,,,,,,,,,,,,,,,,,,,,,,,,,,,,,,,,,,,,,,,,,,,,,,,,,,,,,,,,,,,,,,,,,,,,,,,,,,,,,,,,,,,,,,,,,,,,,,,,,,,,,,,,,,,,,,,,,,,,,,,,,,,,,,,,,,,,,,,,,,,,,,,,,,,,,,,,,,,,,,,,,,,,,,,,,,,,,,,,,,,,,,,,,,,,,,,,,,,,,,,,,,,,,,,,,,,,,,,,,5.964214711729622,97.4155069582505,16.898608349900595,18.09145129224652,48.70775347912525
Bayram Çapoğlu,Rizespor,MF,0.0,0.0,0.0,MF,True,True,Rizespor,,Merkez Orta Saha,Merkez Orta Saha,,MID,0.0,0.0,0.0,0.0,0.0,0.0,1.4886568460849283,0.2206040921018346,0.1198567925921496,2.578990769628174,2.7448668789675805,0.9385746656182896,2.836785161183905,4.558522702561957,0.0,0.0,88.91010316864303,0.0,0.0,0.0,0.0,0.0,0.0,0.2511124184592252,0.026128317088605704,0.0,0.13078187264733376,0.0,0.1198567925921496,,,,,,,,,,,,,,,,,,,,,,,,,,,,,,,,,,,,,,,,,,,,,,,,,,,,,,,,,,,,,,,,,,,,,,,,,,,,,,,,,,,,,,,,,,,,,,,,,,,,,,,,,,,,,,,,,,,,,,,,,,,,,,,,,,,,,,,,,,,,,,,,,,,,,,,,,,,,,,,,,,,,,,,,,,,,,,,,,,,,,,,,,,,,,,,,,,,,,,,,,,,,,,,,,,,,,,,,,,,,,,,,,,,,,,,,,,,,,,,,,,,,,,,,,,,,,,,,,,,,,,,,,,,,,,5.964214711729622,93.24055666003976,49.50298210735586,10.337972166998012,48.70775347912525
Emir Çoban,Rizespor,DF,0.0,0.0,0.0,DF,False,True,Rizespor,,Merkez Orta Saha,Merkez Orta Saha,,MID,0.0,0.0,0.0,0.0,0.0,0.0,0.7153549017157875,0.2009008838603838,0.0945866922457741,1.863433895266228,2.3098425693062983,1.1658791817595668,4.501797231077803,7.34052068213151,0.0,0.0,81.76653691818032,0.0,0.0,0.0,0.0,0.0,0.0,0.23283488962483104,0.01559560144515441,0.0,0.1195365651014464,0.0,0.0945866922457741,,,,,,,,,,,,,,,,,,,,,,,,,,,,,,,,,,,,,,,,,,,,,,,,,,,,,,,,,,,,,,,,,,,,,,,,,,,,,,,,,,,,,,,,,,,,,,,,,,,,,,,,,,,,,,,,,,,,,,,,,,,,,,,,,,,,,,,,,,,,,,,,,,,,,,,,,,,,,,,,,,,,,,,,,,,,,,,,,,,,,,,,,,,,,,,,,,,,,,,,,,,,,,,,,,,,,,,,,,,,,,,,,,,,,,,,,,,,,,,,,,,,,,,,,,,,,,,,,,,,,,,,,,,,,,5.964214711729622,89.46322067594433,27.634194831013914,8.946322067594433,48.70775347912525
Efe Doğan,Rizespor,GK,0.0,0.0,0.0,GK,False,False,Rizespor,Kaleci,Kaleci (Savunma),Kaleci,Savunma,GK,0.0,0.0,0.0,0.0,0.0,0.0,0.0,0.0,0.0,0.0,0.0,0.0,0.0,0.0,0.0,0.0,0.0,56.30103185970559,2.2236519310393126,77.80531604557584,0.7774683769652668,1.5364066071536988,0.0,0.0,0.0,0.8467461928140456,0.8467461928140456,0.0,0.0,,,,,,,,,,,,,,,,,,,,,,,,,,,,,,,,,,,,,,,,,,,,,,,,,,,,,,,,,,,,,,,,,,,,,,,,,,,,,,,,,,,,,,,,,,,,,,,,,,,,,,,,,,,,,,,,,,,,,,,,,,,,,,,,,,,,,,,,,,,,,,,,,,,,,,,,,,,,,,,,,,,,,,,,,,,,,,,,,,,,,,,,,,,,,,,,,,,,,,,,,,,,,,,,,,,,,,,,,,,,,,,,,,,,,,,,,,,,,,,,,,,,,,,,,,,,,,,,,,,,,,,,,,,,,,4.929577464788732,0.0,83.09859154929578,100.0,96.47887323943662
Furkan Orak,Rizespor,DF,0.0,0.0,0.0,DF,False,True,Rizespor,Sağ Bek,Standart Bek (Savunma),Standart Bek,Savunma,FB,2.313896377257821,0.0,0.0,43.10986083203685,0.0,4.633802245334513,0.0,0.0,0.0,0.0,0.0,0.0,0.0,0.0,0.0,0.0,78.85734482654719,0.0,0.0,0.0,0.0,0.0,0.1582532872118333,0.11828601723982078,0.007723003742224188,0.0,0.11615704952630772,0.0,0.0,,,,,,,,,,,,,,,,,,,,,,,,,,,,,,,,,,,,,,,,,,,,,,,,,,,,,,,,,,,,,,,,,,,,,,,,,,,,,,,,,,,,,,,,,,,,,,,,,,,,,,,,,,,,,,,,,,,,,,,,,,,,,,,,,,,,,,,,,,,,,,,,,,,,,,,,,,,,,,,,,,,,,,,,,,,,,,,,,,,,,,,,,,,,,,,,,,,,,,,,,,,,,,,,,,,,,,,,,,,,,,,,,,,,,,,,,,,,,,,,,,,,,,,,,,,,,,,,,,,,,,,,,,,,,,11.320754716981133,5.031446540880504,8.176100628930817,7.547169811320755,50.943396226415096
Osman Topçu,Rizespor,GK,0.0,0.0,0.0,GK,False,False,Rizespor,,Merkez Orta Saha,Merkez Orta Saha,,MID,0.0,0.0,0.0,0.0,0.0,0.0,1.94861091431512,0.1263016933941595,0.3382460850532425,2.5583290380120287,2.740266504008364,0.5834547459142635,5.454419882754114,5.975254410472624,0.0,0.0,86.29266975287115,0.0,0.0,0.0,0.0,0.0,0.0,0.26701967868830834,0.03941177514031098,0.0,0.14139219437221637,0.0,0.3382460850532425,,,,,,,,,,,,,,,,,,,,,,,,,,,,,,,,,,,,,,,,,,,,,,,,,,,,,,,,,,,,,,,,,,,,,,,,,,,,,,,,,,,,,,,,,,,,,,,,,,,,,,,,,,,,,,,,,,,,,,,,,,,,,,,,,,,,,,,,,,,,,,,,,,,,,,,,,,,,,,,,,,,,,,,,,,,,,,,,,,,,,,,,,,,,,,,,,,,,,,,,,,,,,,,,,,,,,,,,,,,,,,,,,,,,,,,,,,,,,,,,,,,,,,,,,,,,,,,,,,,,,,,,,,,,,,5.964214711729622,95.2286282306163,70.9741550695825,12.72365805168986,48.70775347912525
Deniz Yaşar,Rizespor,FW,0.0,0.0,0.0,FW,True,False,Rizespor,Stoper,Standart Stoper (Savunma),Standart Stoper,Savunma,CB,2.505274186210384,1.5753719363797112,8.893765969874817,57.97439075734403,64.83260914107744,0.0,0.0,0.0,0.0,0.0,0.0,0.0,3.909636480122917,0.0,0.0,0.0,78.18728507646034,0.0,0.0,0.0,0.0,0.0,0.4266123955848543,0.12900983705505925,0.0,0.0,0.32443064432040986,0.0,0.0,,,,,,,,,,,,,,,,,,,,,,,,,,,,,,,,,,,,,,,,,,,,,,,,,,,,,,,,,,,,,,,,,,,,,,,,,,,,,,,,,,,,,,,,,,,,,,,,,,,,,,,,,,,,,,,,,,,,,,,,,,,,,,,,,,,,,,,,,,,,,,,,,,,,,,,,,,,,,,,,,,,,,,,,,,,,,,,,,,,,,,,,,,,,,,,,,,,,,,,,,,,,,,,,,,,,,,,,,,,,,,,,,,,,,,,,,,,,,,,,,,,,,,,,,,,,,,,,,,,,,,,,,,,,,,77.82258064516128,9.274193548387096,7.526881720430108,73.79032258064517,60.08064516129033
Opponent Total,Rizespor,NAN,0.0,0.0,0.0,NAN,False,False,Rizespor,,Merkez Orta Saha,Merkez Orta Saha,,MID,0.0,0.0,0.0,0.0,0.0,0.0,1.4756660337066163,0.2417816538147926,0.1951980891875153,1.087801181831575,2.5500951556788034,0.9515691167514696,5.485679029459046,3.486277295445888,0.0,0.0,81.25959817529244,0.0,0.0,0.0,0.0,0.0,0.0,0.24609842438524265,0.025284086859145717,0.0,0.12810602956445047,0.0,0.1951980891875153,,,,,,,,,,,,,,,,,,,,,,,,,,,,,,,,,,,,,,,,,,,,,,,,,,,,,,,,,,,,,,,,,,,,,,,,,,,,,,,,,,,,,,,,,,,,,,,,,,,,,,,,,,,,,,,,,,,,,,,,,,,,,,,,,,,,,,,,,,,,,,,,,,,,,,,,,,,,,,,,,,,,,,,,,,,,,,,,,,,,,,,,,,,,,,,,,,,,,,,,,,,,,,,,,,,,,,,,,,,,,,,,,,,,,,,,,,,,,,,,,,,,,,,,,,,,,,,,,,,,,,,,,,,,,,5.964214711729622,92.44532803180915,48.31013916500994,10.139165009940358,48.70775347912525
Rick van Drongelen,Samsunspor,DF,0.18,0.0,0.18,DF,False,True,Samsunspor,,Merkez Orta Saha,Merkez Orta Saha,,MID,0.0,0.0,0.0,0.0,0.0,0.0,1.8284783363375416,0.1044402448187749,0.1215469636606776,2.576182322428197,3.276328761271976,1.2539468639451958,5.2431947838440776,4.3210992116988685,0.0,0.0,80.28731799689339,0.0,0.0,0.0,0.0,0.0,0.0,0.266203612140099,0.036787117715873015,0.0,0.1404592296132241,0.0,0.1215469636606776,,,,,,,,,,,,,,,,,,,,,,,,,,,,,,,,,,,,,,,,,,,,,,,,,,,,,,,,,,,,,,,,,,,,,,,,,,,,,,,,,,,,,,,,,,,,,,,,,,,,,,,,,,,,,,,,,,,,,,,,,,,,,,,,,,,,,,,,,,,,,,,,,,,,,,,,,,,,,,,,,,,,,,,,,,,,,,,,,,,,,,,,,,,,,,,,,,,,,,,,,,,,,,,,,,,,,,,,,,,,,,,,,,,,,,,,,,,,,,,,,,,,,,,,,,,,,,,,,,,,,,,,,,,,,,5.964214711729622,95.2286282306163,66.99801192842942,12.524850894632205,63.817097415506964
Okan Kocuk,Samsunspor,GK,0.0,0.0,0.0,GK,False,False,Samsunspor,Kaleci,Kaleci (Savunma),Kaleci,Savunma,GK,0.0,0.0,0.0,0.0,0.0,0.0,0.0,0.0,0.0,0.0,0.0,0.0,0.0,0.0,0.0,0.0,0.0,73.97771074506667,4.960660809801552,64.9858445829775,0.3510693774952185,1.080103019450806,0.0,0.0,0.0,0.925608918065251,0.925608918065251,0.0,0.0,,,,,,,,,,,,,,,,,,,,,,,,,,,,,,,,,,,,,,,,,,,,,,,,,,,,,,,,,,,,,,,,,,,,,,,,,,,,,,,,,,,,,,,,,,,,,,,,,,,,,,,,,,,,,,,,,,,,,,,,,,,,,,,,,,,,,,,,,,,,,,,,,,,,,,,,,,,,,,,,,,,,,,,,,,,,,,,,,,,,,,,,,,,,,,,,,,,,,,,,,,,,,,,,,,,,,,,,,,,,,,,,,,,,,,,,,,,,,,,,,,,,,,,,,,,,,,,,,,,,,,,,,,,,,,4.929577464788732,0.0,83.09859154929578,100.0,96.47887323943662
Ľubomír Šatka,Samsunspor,DF,0.0,0.1,0.1,DF,False,True,Samsunspor,Stoper,Standart Stoper (Savunma),Standart Stoper,Savunma,CB,2.653807769252718,1.679005875999323,7.356800499422319,71.12188277423637,52.73823772176552,0.0,0.0,0.0,0.0,0.0,0.0,0.0,2.0387682031757746,0.0,0.0,0.0,81.53543786887349,0.0,0.0,0.0,0.0,0.0,0.4274291764055973,0.12841946141283755,0.0010000000000000002,0.0,0.32498431576648557,0.0,0.0,,,,,,,,,,,,,,,,,,,,,,,,,,,,,,,,,,,,,,,,,,,,,,,,,,,,,,,,,,,,,,,,,,,,,,,,,,,,,,,,,,,,,,,,,,,,,,,,,,,,,,,,,,,,,,,,,,,,,,,,,,,,,,,,,,,,,,,,,,,,,,,,,,,,,,,,,,,,,,,,,,,,,,,,,,,,,,,,,,,,,,,,,,,,,,,,,,,,,,,,,,,,,,,,,,,,,,,,,,,,,,,,,,,,,,,,,,,,,,,,,,,,,,,,,,,,,,,,,,,,,,,,,,,,,,77.95698924731182,8.736559139784946,8.46774193548387,74.05913978494624,68.54838709677419
Logi Tómasson,Samsunspor,DF,0.0,0.2,0.2,DF,False,True,Samsunspor,,Merkez Orta Saha,Merkez Orta Saha,,MID,0.0,0.0,0.0,0.0,0.0,0.0,0.5420451568519457,0.2459098104948692,0.2031636603477936,3.4984170595808,1.847488197918557,0.5842641160211586,3.376441067259301,7.099552581957576,0.0,0.0,80.21558948816843,0.0,0.0,0.0,0.0,0.0,0.0,0.21526742926420414,0.024293040631383205,0.0,0.11249232275837871,0.0,0.2031636603477936,,,,,,,,,,,,,,,,,,,,,,,,,,,,,,,,,,,,,,,,,,,,,,,,,,,,,,,,,,,,,,,,,,,,,,,,,,,,,,,,,,,,,,,,,,,,,,,,,,,,,,,,,,,,,,,,,,,,,,,,,,,,,,,,,,,,,,,,,,,,,,,,,,,,,,,,,,,,,,,,,,,,,,,,,,,,,,,,,,,,,,,,,,,,,,,,,,,,,,,,,,,,,,,,,,,,,,,,,,,,,,,,,,,,,,,,,,,,,,,,,,,,,,,,,,,,,,,,,,,,,,,,,,,,,,5.964214711729622,82.90258449304176,46.12326043737575,7.3558648111332,65.4075546719682
Carlo Holse,Samsunspor,MF,0.525,0.11,0.6179999999999995,MF,True,True,Samsunspor,On Numara,Serbest Oyuncu (Trequartista),Serbest Oyuncu,Trequartista,AM,0.0,0.0,0.0,0.0,0.0,0.0,0.5780632336961868,0.1669799997009067,0.0487188454709934,0.9301725049235012,2.059151174800907,1.2366435940747478,2.7810328434331097,3.456785156941801,0.0,0.0,82.10529145036313,0.0,0.0,0.0,0.0,0.0,0.0,0.2168854481298263,0.03215481741811036,0.0,0.11808916929034625,0.0,0.0487188454709934,,,,,,,,,,,,,,,,,,,,,,,,,,,,,,,,,,,,,,,,,,,,,,,,,,,,,,,,,,,,,,,,,,,,,,,,,,,,,,,,,,,,,,,,,,,,,,,,,,,,,,,,,,,,,,,,,,,,,,,,,,,,,,,,,,,,,,,,,,,,,,,,,,,,,,,,,,,,,,,,,,,,,,,,,,,,,,,,,,,,,,,,,,,,,,,,,,,,,,,,,,,,,,,,,,,,,,,,,,,,,,,,,,,,,,,,,,,,,,,,,,,,,,,,,,,,,,,,,,,,,,,,,,,,,,,,,,
Zeki Yavru,Samsunspor,DF,0.0,0.0,0.0,DF,False,True,Samsunspor,Sağ Bek,Standart Bek (Destek),Standart Bek,Destek,FB,1.809107171041883,0.0,0.0,48.415106954848014,0.0,3.333567179064482,0.0,0.0,0.0,0.0,0.0,0.0,0.0,0.0,0.0,0.0,84.32501747353648,0.0,0.0,0.0,0.0,0.0,0.16785916050256758,0.1264875262103047,0.005555945298440803,0.0,0.12298702717406335,0.0,0.0,,,,,,,,,,,,,,,,,,,,,,,,,,,,,,,,,,,,,,,,,,,,,,,,,,,,,,,,,,,,,,,,,,,,,,,,,,,,,,,,,,,,,,,,,,,,,,,,,,,,,,,,,,,,,,,,,,,,,,,,,,,,,,,,,,,,,,,,,,,,,,,,,,,,,,,,,,,,,,,,,,,,,,,,,,,,,,,,,,,,,,,,,,,,,,,,,,,,,,,,,,,,,,,,,,,,,,,,,,,,,,,,,,,,,,,,,,,,,,,,,,,,,,,,,,,,,,,,,,,,,,,,,,,,,,12.578616352201259,5.660377358490567,6.918238993710692,7.547169811320755,50.943396226415096
Anthony Musaba,Samsunspor,MF,0.23,0.23,0.47,MF,True,True,Samsunspor,Sağ Kanat,Kanat Oyuncusu (Hücum),Kanat Oyuncusu,Hücum,WING,0.0,0.0,0.0,0.0,0.0,5.341452786856809,3.93506436117057,0.2295799464276041,0.2042277907042413,4.065862586038598,0.0,0.0,0.0,0.0,0.0,0.0,0.0,0.0,0.0,0.0,0.0,0.0,0.0,0.021420551488887555,0.07808683301639988,0.0,0.05327826525650619,0.0,0.2042277907042413,,,,,,,,,,,,,,,,,,,,,,,,,,,,,,,,,,,,,,,,,,,,,,,,,,,,,,,,,,,,,,,,,,,,,,,,,,,,,,,,,,,,,,,,,,,,,,,,,,,,,,,,,,,,,,,,,,,,,,,,,,,,,,,,,,,,,,,,,,,,,,,,,,,,,,,,,,,,,,,,,,,,,,,,,,,,,,,,,,,,,,,,,,,,,,,,,,,,,,,,,,,,,,,,,,,,,,,,,,,,,,,,,,,,,,,,,,,,,,,,,,,,,,,,,,,,,,,,,,,,,,,,,,,,,,3.2994923857868024,0.0,81.7258883248731,2.030456852791878,71.06598984771574
Olivier Ntcham,Samsunspor,MF,0.0,0.0,0.0,MF,True,True,Samsunspor,Merkez Orta Saha,İki Yönlü Orta Saha,İki Yönlü Orta Saha,,MID,3.294336567705979,0.0,0.0,0.0,0.0,0.0,1.904279114931633,0.1586678183134853,0.155415312220771,3.438370297397557,3.5409065626211813,1.1022017355838187,6.767139611284845,8.107241484292611,0.0,0.0,0.0,0.0,0.0,0.0,0.0,0.0,0.04117920709632474,0.1597928295956559,0.03385532938164106,0.0,0.09902124280305359,0.0,0.155415312220771,,,,,,,,,,,,,,,,,,,,,,,,,,,,,,,,,,,,,,,,,,,,,,,,,,,,,,,,,,,,,,,,,,,,,,,,,,,,,,,,,,,,,,,,,,,,,,,,,,,,,,,,,,,,,,,,,,,,,,,,,,,,,,,,,,,,,,,,,,,,,,,,,,,,,,,,,,,,,,,,,,,,,,,,,,,,,,,,,,,,,,,,,,,,,,,,,,,,,,,,,,,,,,,,,,,,,,,,,,,,,,,,,,,,,,,,,,,,,,,,,,,,,,,,,,,,,,,,,,,,,,,,,,,,,,9.145129224652088,32.60437375745527,63.618290258449306,5.566600397614314,48.70775347912525
Marius Mouandilmadji,Samsunspor,FW,0.25,0.0,0.25,FW,True,False,Samsunspor,Santrafor,Pivot Santrafor (Destek),Pivot Santrafor,Destek,FWD,0.0,0.0,0.0,0.0,0.0,0.0,2.841274225143174,0.0,0.0,0.0,0.0,0.0,0.0,3.890439842422983,7.470955049375981,0.9664112710987464,0.0,0.0,0.0,0.0,0.0,0.0,0.0,0.0,0.08234052730137476,0.0,0.0658724218410998,0.9664112710987464,0.0,,,,,,,,,,,,,,,,,,,,,,,,,,,,,,,,,,,,,,,,,,,,,,,,,,,,,,,,,,,,,,,,,,,,,,,,,,,,,,,,,,,,,,,,,,,,,,,,,,,,,,,,,,,,,,,,,,,,,,,,,,,,,,,,,,,,,,,,,,,,,,,,,,,,,,,,,,,,,,,,,,,,,,,,,,,,,,,,,,,,,,,,,,,,,,,,,,,,,,,,,,,,,,,,,,,,,,,,,,,,,,,,,,,,,,,,,,,,,,,,,,,,,,,,,,,,,,,,,,,,,,,,,,,,,,9.809264305177113,2.7247956403269753,78.2016348773842,30.24523160762943,45.50408719346049
Antoine Makoumbou,Samsunspor,MF,0.0,0.0,0.0,MF,True,True,Samsunspor,Ön Libero,Defansif Oyun Kurucu (Destek),Defansif Oyun Kurucu,Destek,DM,0.0,0.0,0.0,0.0,0.0,0.0,0.5513771055972141,0.0414887238239462,0.2191820124973723,1.8986514939517507,3.682282907599752,1.890665943287641,5.179701634133554,5.970879162083846,0.0,0.0,83.15949143735786,0.0,0.0,0.0,0.0,0.0,0.0,0.2990146938029741,0.01902768029074641,0.0,0.15331288295963633,0.0,0.2191820124973723,,,,,,,,,,,,,,,,,,,,,,,,,,,,,,,,,,,,,,,,,,,,,,,,,,,,,,,,,,,,,,,,,,,,,,,,,,,,,,,,,,,,,,,,,,,,,,,,,,,,,,,,,,,,,,,,,,,,,,,,,,,,,,,,,,,,,,,,,,,,,,,,,,,,,,,,,,,,,,,,,,,,,,,,,,,,,,,,,,,,,,,,,,,,,,,,,,,,,,,,,,,,,,,,,,,,,,,,,,,,,,,,,,,,,,,,,,,,,,,,,,,,,,,,,,,,,,,,,,,,,,,,,,,,,,,,,,
Celil Yüksel,Samsunspor,MF,0.0,0.19,0.19,MF,True,True,Samsunspor,Merkez Orta Saha,Standart Orta Saha (Destek),Standart Orta Saha,Destek,MID,0.0,0.0,0.0,0.0,0.0,0.0,0.5496391283070431,0.220481939576161,0.1711142411273579,3.1510343159106,3.8393695394512166,0.6580898271617078,4.996510580697189,5.883519463959888,0.0,0.0,87.97139005266082,0.0,0.0,0.0,0.0,0.0,0.0,0.2896269825971218,0.02211854671794125,0.0,0.14923720064214913,0.0,0.1711142411273579,,,,,,,,,,,,,,,,,,,,,,,,,,,,,,,,,,,,,,,,,,,,,,,,,,,,,,,,,,,,,,,,,,,,,,,,,,,,,,,,,,,,,,,,,,,,,,,,,,,,,,,,,,,,,,,,,,,,,,,,,,,,,,,,,,,,,,,,,,,,,,,,,,,,,,,,,,,,,,,,,,,,,,,,,,,,,,,,,,,,,,,,,,,,,,,,,,,,,,,,,,,,,,,,,,,,,,,,,,,,,,,,,,,,,,,,,,,,,,,,,,,,,,,,,,,,,,,,,,,,,,,,,,,,,,5.964214711729622,97.01789264413519,41.94831013916501,17.09741550695825,64.81113320079523
Emre Kılınç,Samsunspor,FW,0.0,0.23,0.23,MF,True,True,Samsunspor,Sol Kanat,Çalışkan Kanat Oyuncusu (Destek),Çalışkan Kanat Oyuncusu,Destek,WING,0.0,0.0,0.0,0.0,0.0,4.455733765345109,3.897241629459242,0.1571580435572716,0.3398486084166726,4.517920861271849,0.0,0.0,0.0,0.0,0.0,0.0,0.0,0.0,0.0,0.0,0.0,0.0,0.0,0.03283528974992363,0.0735873857266808,0.0,0.05400301836098557,0.0,0.3398486084166726,,,,,,,,,,,,,,,,,,,,,,,,,,,,,,,,,,,,,,,,,,,,,,,,,,,,,,,,,,,,,,,,,,,,,,,,,,,,,,,,,,,,,,,,,,,,,,,,,,,,,,,,,,,,,,,,,,,,,,,,,,,,,,,,,,,,,,,,,,,,,,,,,,,,,,,,,,,,,,,,,,,,,,,,,,,,,,,,,,,,,,,,,,,,,,,,,,,,,,,,,,,,,,,,,,,,,,,,,,,,,,,,,,,,,,,,,,,,,,,,,,,,,,,,,,,,,,,,,,,,,,,,,,,,,,3.2994923857868024,0.0,77.41116751269035,2.030456852791878,45.431472081218274
Tanguy Coulibaly,Samsunspor,MF,0.0,0.0,0.0,MF,True,True,Samsunspor,Sağ Kanat,Kanat Oyuncusu (Hücum),Kanat Oyuncusu,Hücum,WING,0.0,0.0,0.0,0.0,0.0,4.537918575913662,2.1854658924169152,0.0140238381945519,0.0283402160829177,4.517920861271849,0.0,0.0,0.0,0.0,0.0,0.0,0.0,0.0,0.0,0.0,0.0,0.0,0.0,0.007914618363223228,0.04184626734718826,0.0,0.02748214591727992,0.0,0.0283402160829177,,,,,,,,,,,,,,,,,,,,,,,,,,,,,,,,,,,,,,,,,,,,,,,,,,,,,,,,,,,,,,,,,,,,,,,,,,,,,,,,,,,,,,,,,,,,,,,,,,,,,,,,,,,,,,,,,,,,,,,,,,,,,,,,,,,,,,,,,,,,,,,,,,,,,,,,,,,,,,,,,,,,,,,,,,,,,,,,,,,,,,,,,,,,,,,,,,,,,,,,,,,,,,,,,,,,,,,,,,,,,,,,,,,,,,,,,,,,,,,,,,,,,,,,,,,,,,,,,,,,,,,,,,,,,,3.2994923857868024,0.0,31.218274111675125,0.25380710659898476,32.48730964467005
Cherif Ndiaye,Samsunspor,FW,0.0,0.0,0.0,FW,True,False,Samsunspor,Santrafor,Pivot Santrafor (Hücum),Pivot Santrafor,Hücum,FWD,0.0,0.0,0.0,0.0,0.0,0.0,4.6893127695543,0.0,0.0,0.0,0.0,0.0,0.0,3.1135117261813545,8.160532768337854,0.2524195665261111,0.0,0.0,0.0,0.0,0.0,0.0,0.0,0.0,0.05836674435582079,0.0,0.04669339548465663,0.2524195665261111,0.0,,,,,,,,,,,,,,,,,,,,,,,,,,,,,,,,,,,,,,,,,,,,,,,,,,,,,,,,,,,,,,,,,,,,,,,,,,,,,,,,,,,,,,,,,,,,,,,,,,,,,,,,,,,,,,,,,,,,,,,,,,,,,,,,,,,,,,,,,,,,,,,,,,,,,,,,,,,,,,,,,,,,,,,,,,,,,,,,,,,,,,,,,,,,,,,,,,,,,,,,,,,,,,,,,,,,,,,,,,,,,,,,,,,,,,,,,,,,,,,,,,,,,,,,,,,,,,,,,,,,,,,,,,,,,,9.809264305177113,2.7247956403269753,49.59128065395095,14.168937329700274,35.967302452316076
Yunus Emre Çift,Samsunspor,MF,0.0,0.0,0.0,MF,True,True,Samsunspor,Stoper,Standart Stoper (Savunma),Standart Stoper,Savunma,CB,2.485035387637728,1.0717946725366894,5.98184791600926,50.58179839339565,66.48586646971206,0.0,0.0,0.0,0.0,0.0,0.0,0.0,3.673429341094213,0.0,0.0,0.0,79.18979942294123,0.0,0.0,0.0,0.0,0.0,0.3889019898066671,0.12980498715769448,0.0,0.0,0.29819239029620587,0.0,0.0,,,,,,,,,,,,,,,,,,,,,,,,,,,,,,,,,,,,,,,,,,,,,,,,,,,,,,,,,,,,,,,,,,,,,,,,,,,,,,,,,,,,,,,,,,,,,,,,,,,,,,,,,,,,,,,,,,,,,,,,,,,,,,,,,,,,,,,,,,,,,,,,,,,,,,,,,,,,,,,,,,,,,,,,,,,,,,,,,,,,,,,,,,,,,,,,,,,,,,,,,,,,,,,,,,,,,,,,,,,,,,,,,,,,,,,,,,,,,,,,,,,,,,,,,,,,,,,,,,,,,,,,,,,,,,60.08064516129033,10.080645161290322,7.526881720430108,55.91397849462365,60.08064516129033
Landry Dimata,Samsunspor,FW,0.0,0.0,0.0,MF,True,True,Samsunspor,,Merkez Orta Saha,Merkez Orta Saha,,MID,0.0,0.0,0.0,0.0,0.0,0.0,0.5420451568519457,0.1068724219801537,0.1406225802290134,2.9124408069573384,3.677674682459424,1.6466610921132565,2.8967800514462048,6.554446707957106,0.0,0.0,79.43869312167254,0.0,0.0,0.0,0.0,0.0,0.0,0.2777688941193467,0.018326456795073342,0.0,0.142549738418688,0.0,0.1406225802290134,,,,,,,,,,,,,,,,,,,,,,,,,,,,,,,,,,,,,,,,,,,,,,,,,,,,,,,,,,,,,,,,,,,,,,,,,,,,,,,,,,,,,,,,,,,,,,,,,,,,,,,,,,,,,,,,,,,,,,,,,,,,,,,,,,,,,,,,,,,,,,,,,,,,,,,,,,,,,,,,,,,,,,,,,,,,,,,,,,,,,,,,,,,,,,,,,,,,,,,,,,,,,,,,,,,,,,,,,,,,,,,,,,,,,,,,,,,,,,,,,,,,,,,,,,,,,,,,,,,,,,,,,,,,,,5.964214711729622,96.42147117296223,33.20079522862823,13.518886679920477,48.70775347912525
Joe Mendes,Samsunspor,MF,0.0,0.0,0.0,MF,True,True,Samsunspor,Sağ Bek,Standart Bek (Hücum),Standart Bek,Hücum,FB,1.9544739425456323,0.0,0.0,43.36036692347436,0.0,2.60340566705456,0.0,0.0,0.0,0.0,0.0,0.0,0.0,0.0,0.0,0.0,80.33105117245731,0.0,0.0,0.0,0.0,0.0,0.15451202505224348,0.12049657675868597,0.004339009445090933,0.0,0.1142727874427457,0.0,0.0,,,,,,,,,,,,,,,,,,,,,,,,,,,,,,,,,,,,,,,,,,,,,,,,,,,,,,,,,,,,,,,,,,,,,,,,,,,,,,,,,,,,,,,,,,,,,,,,,,,,,,,,,,,,,,,,,,,,,,,,,,,,,,,,,,,,,,,,,,,,,,,,,,,,,,,,,,,,,,,,,,,,,,,,,,,,,,,,,,,,,,,,,,,,,,,,,,,,,,,,,,,,,,,,,,,,,,,,,,,,,,,,,,,,,,,,,,,,,,,,,,,,,,,,,,,,,,,,,,,,,,,,,,,,,,11.320754716981133,5.660377358490567,5.660377358490567,7.547169811320755,50.943396226415096
Toni Borevkovic,Samsunspor,DF,0.0,0.0,0.0,DF,False,True,Samsunspor,,Merkez Orta Saha,Merkez Orta Saha,,MID,0.0,0.0,0.0,0.0,0.0,0.0,2.408652936428908,0.0405583514456198,0.3420414376440454,2.330943904664004,2.2583439818719406,1.1145065800639888,5.525695727852817,7.948085795550895,0.0,0.0,86.81911016873873,0.0,0.0,0.0,0.0,0.0,0.0,0.26155066548613826,0.04359554663171091,0.0,0.1394944420694113,0.0,0.3420414376440454,,,,,,,,,,,,,,,,,,,,,,,,,,,,,,,,,,,,,,,,,,,,,,,,,,,,,,,,,,,,,,,,,,,,,,,,,,,,,,,,,,,,,,,,,,,,,,,,,,,,,,,,,,,,,,,,,,,,,,,,,,,,,,,,,,,,,,,,,,,,,,,,,,,,,,,,,,,,,,,,,,,,,,,,,,,,,,,,,,,,,,,,,,,,,,,,,,,,,,,,,,,,,,,,,,,,,,,,,,,,,,,,,,,,,,,,,,,,,,,,,,,,,,,,,,,,,,,,,,,,,,,,,,,,,,5.964214711729622,94.83101391650099,74.95029821073558,12.127236580516898,48.70775347912525
Afonso Sousa,Samsunspor,MF,0.0,0.0,0.0,MF,True,True,Samsunspor,On Numara,Ofansif Orta Saha (Hücum),Ofansif Orta Saha,Hücum,AM,0.0,0.0,0.0,0.0,0.0,0.0,1.9487675548639145,0.0140238381945519,0.3081101667521244,2.793812864978582,3.341096509020645,1.482760571786507,4.275859958668282,5.086855247413158,0.0,0.0,84.37745897027166,0.0,0.0,0.0,0.0,0.0,0.0,0.29000915160022245,0.03879661438117058,0.0,0.1566435601144624,0.0,0.3081101667521244,,,,,,,,,,,,,,,,,,,,,,,,,,,,,,,,,,,,,,,,,,,,,,,,,,,,,,,,,,,,,,,,,,,,,,,,,,,,,,,,,,,,,,,,,,,,,,,,,,,,,,,,,,,,,,,,,,,,,,,,,,,,,,,,,,,,,,,,,,,,,,,,,,,,,,,,,,,,,,,,,,,,,,,,,,,,,,,,,,,,,,,,,,,,,,,,,,,,,,,,,,,,,,,,,,,,,,,,,,,,,,,,,,,,,,,,,,,,,,,,,,,,,,,,,,,,,,,,,,,,,,,,,,,,,,,,,,
Soner Gönül,Samsunspor,DF,0.0,0.0,0.0,DF,False,True,Samsunspor,Sol Bek,Standart Bek (Savunma),Standart Bek,Savunma,FB,2.1415911056324752,0.0,0.0,43.10986083203685,0.0,2.8480232145765307,0.0,0.0,0.0,0.0,0.0,0.0,0.0,0.0,0.0,0.0,78.18728507646034,0.0,0.0,0.0,0.0,0.0,0.15609947131651647,0.11728092761469051,0.004746705357627551,0.0,0.1141833550141909,0.0,0.0,,,,,,,,,,,,,,,,,,,,,,,,,,,,,,,,,,,,,,,,,,,,,,,,,,,,,,,,,,,,,,,,,,,,,,,,,,,,,,,,,,,,,,,,,,,,,,,,,,,,,,,,,,,,,,,,,,,,,,,,,,,,,,,,,,,,,,,,,,,,,,,,,,,,,,,,,,,,,,,,,,,,,,,,,,,,,,,,,,,,,,,,,,,,,,,,,,,,,,,,,,,,,,,,,,,,,,,,,,,,,,,,,,,,,,,,,,,,,,,,,,,,,,,,,,,,,,,,,,,,,,,,,,,,,,11.320754716981133,5.031446540880504,5.660377358490567,7.547169811320755,50.943396226415096
Soner Aydoğdu,Samsunspor,MF,0.0,0.0,0.0,MF,True,True,Samsunspor,Merkez Orta Saha,Oyun Kurucu (Destek),Oyun Kurucu,Destek,MID,0.0,0.0,0.0,0.0,0.0,0.0,1.1418279578543349,0.1399389209095956,0.218192085355804,3.17199201551364,2.4290071999032965,0.8903548969778441,5.338802958015765,7.068096915354381,0.0,0.0,81.45534411211192,0.0,0.0,0.0,0.0,0.0,0.0,0.2458453213418381,0.028075943031559615,0.0,0.12853784927723097,0.0,0.218192085355804,,,,,,,,,,,,,,,,,,,,,,,,,,,,,,,,,,,,,,,,,,,,,,,,,,,,,,,,,,,,,,,,,,,,,,,,,,,,,,,,,,,,,,,,,,,,,,,,,,,,,,,,,,,,,,,,,,,,,,,,,,,,,,,,,,,,,,,,,,,,,,,,,,,,,,,,,,,,,,,,,,,,,,,,,,,,,,,,,,,,,,,,,,,,,,,,,,,,,,,,,,,,,,,,,,,,,,,,,,,,,,,,,,,,,,,,,,,,,,,,,,,,,,,,,,,,,,,,,,,,,,,,,,,,,,5.964214711729622,92.44532803180915,53.08151093439364,10.139165009940358,48.70775347912525
Arbnor Muja,Samsunspor,MF,0.0,0.0,0.0,FW,True,False,Samsunspor,,Merkez Orta Saha,Merkez Orta Saha,,MID,0.0,0.0,0.0,0.0,0.0,0.0,1.0227247207040762,0.131849905530669,0.1992820764137989,1.891178868457789,2.4926195564383065,0.7392383938120375,6.186835398850754,6.394391783974746,0.0,0.0,83.9138350143939,0.0,0.0,0.0,0.0,0.0,0.0,0.24860496101714905,0.022926477434737195,0.0,0.12888777599552195,0.0,0.1992820764137989,,,,,,,,,,,,,,,,,,,,,,,,,,,,,,,,,,,,,,,,,,,,,,,,,,,,,,,,,,,,,,,,,,,,,,,,,,,,,,,,,,,,,,,,,,,,,,,,,,,,,,,,,,,,,,,,,,,,,,,,,,,,,,,,,,,,,,,,,,,,,,,,,,,,,,,,,,,,,,,,,,,,,,,,,,,,,,,,,,,,,,,,,,,,,,,,,,,,,,,,,,,,,,,,,,,,,,,,,,,,,,,,,,,,,,,,,,,,,,,,,,,,,,,,,,,,,,,,,,,,,,,,,,,,,,5.964214711729622,93.04174950298211,42.94234592445328,10.337972166998012,48.70775347912525
Polat Yaldır,Samsunspor,FW,0.0,0.0,0.0,FW,True,False,Samsunspor,Sağ Kanat,Kanat Oyuncusu (Destek),Kanat Oyuncusu,Destek,WING,0.0,0.0,0.0,0.0,0.0,7.640001679677525,3.185112563018938,0.2333009569250227,0.0173363521130331,2.350540698206285,0.0,0.0,0.0,0.0,0.0,0.0,0.0,0.0,0.0,0.0,0.0,0.0,0.0,0.004325084041800504,0.051154267593022294,0.0,0.03199008576835353,0.0,0.0173363521130331,,,,,,,,,,,,,,,,,,,,,,,,,,,,,,,,,,,,,,,,,,,,,,,,,,,,,,,,,,,,,,,,,,,,,,,,,,,,,,,,,,,,,,,,,,,,,,,,,,,,,,,,,,,,,,,,,,,,,,,,,,,,,,,,,,,,,,,,,,,,,,,,,,,,,,,,,,,,,,,,,,,,,,,,,,,,,,,,,,,,,,,,,,,,,,,,,,,,,,,,,,,,,,,,,,,,,,,,,,,,,,,,,,,,,,,,,,,,,,,,,,,,,,,,,,,,,,,,,,,,,,,,,,,,,,3.2994923857868024,0.0,43.14720812182741,0.25380710659898476,32.48730964467005
Ebrima Ceesay,Samsunspor,FW,0.0,0.0,0.0,FW,True,False,Samsunspor,Sol Kanat,Kanat Oyuncusu (Destek),Kanat Oyuncusu,Destek,WING,0.0,0.0,0.0,0.0,0.0,4.297256379583284,2.0374182952312747,0.0140238381945519,0.1959552814719545,3.976296577155789,0.0,0.0,0.0,0.0,0.0,0.0,0.0,0.0,0.0,0.0,0.0,0.0,0.0,0.020646793239201097,0.045315229620052536,0.0,0.03338317574379185,0.0,0.1959552814719545,,,,,,,,,,,,,,,,,,,,,,,,,,,,,,,,,,,,,,,,,,,,,,,,,,,,,,,,,,,,,,,,,,,,,,,,,,,,,,,,,,,,,,,,,,,,,,,,,,,,,,,,,,,,,,,,,,,,,,,,,,,,,,,,,,,,,,,,,,,,,,,,,,,,,,,,,,,,,,,,,,,,,,,,,,,,,,,,,,,,,,,,,,,,,,,,,,,,,,,,,,,,,,,,,,,,,,,,,,,,,,,,,,,,,,,,,,,,,,,,,,,,,,,,,,,,,,,,,,,,,,,,,,,,,,3.2994923857868024,0.0,33.756345177664976,0.5076142131979695,32.48730964467005
Tahsin Bülbül,Samsunspor,MF,0.0,0.0,0.0,MF,True,True,Samsunspor,,Merkez Orta Saha,Merkez Orta Saha,,MID,0.0,0.0,0.0,0.0,0.0,0.0,1.1343767824662845,0.1798384055922896,0.2172311679386044,1.6829895362207443,1.614040327171852,0.7406939214068397,2.848642142884616,4.602169621016528,0.0,0.0,81.59930483732427,0.0,0.0,0.0,0.0,0.0,0.0,0.2099587326762627,0.024240488382758885,0.0,0.10982746401468313,0.0,0.2172311679386044,,,,,,,,,,,,,,,,,,,,,,,,,,,,,,,,,,,,,,,,,,,,,,,,,,,,,,,,,,,,,,,,,,,,,,,,,,,,,,,,,,,,,,,,,,,,,,,,,,,,,,,,,,,,,,,,,,,,,,,,,,,,,,,,,,,,,,,,,,,,,,,,,,,,,,,,,,,,,,,,,,,,,,,,,,,,,,,,,,,,,,,,,,,,,,,,,,,,,,,,,,,,,,,,,,,,,,,,,,,,,,,,,,,,,,,,,,,,,,,,,,,,,,,,,,,,,,,,,,,,,,,,,,,,,,5.964214711729622,80.51689860834989,46.12326043737575,6.958250497017893,48.70775347912525
Eyüp Aydın,Samsunspor,MF,0.0,0.0,0.0,MF,True,True,Samsunspor,Ön Libero,Defansif Oyun Kurucu (Savunma),Defansif Oyun Kurucu,Savunma,DM,0.0,0.0,0.0,0.0,0.0,0.0,2.026772415480482,0.2225645132544505,0.0704592377378516,2.602502141021679,2.773390909775549,0.6057379184647169,2.095724339984184,8.271779918130948,0.0,0.0,85.15298346285967,0.0,0.0,0.0,0.0,0.0,0.0,0.2351943109797845,0.029592349016873083,0.0,0.12351562529326686,0.0,0.0704592377378516,,,,,,,,,,,,,,,,,,,,,,,,,,,,,,,,,,,,,,,,,,,,,,,,,,,,,,,,,,,,,,,,,,,,,,,,,,,,,,,,,,,,,,,,,,,,,,,,,,,,,,,,,,,,,,,,,,,,,,,,,,,,,,,,,,,,,,,,,,,,,,,,,,,,,,,,,,,,,,,,,,,,,,,,,,,,,,,,,,,,,,,,,,,,,,,,,,,,,,,,,,,,,,,,,,,,,,,,,,,,,,,,,,,,,,,,,,,,,,,,,,,,,,,,,,,,,,,,,,,,,,,,,,,,,,,,,,
Bedirhan Çetin,Samsunspor,DF,0.0,0.0,0.0,DF,False,True,Samsunspor,Stoper,Standart Stoper (Savunma),Standart Stoper,Savunma,CB,1.890485975596089,1.1131412479039384,6.847781429210093,70.36171206472339,63.245915041201314,0.0,0.0,0.0,0.0,0.0,0.0,0.0,2.5831033272588995,0.0,0.0,0.0,85.66905837596063,0.0,0.0,0.0,0.0,0.0,0.4384828746868585,0.13625289754571765,0.0,0.0,0.3341885917899444,0.0,0.0,,,,,,,,,,,,,,,,,,,,,,,,,,,,,,,,,,,,,,,,,,,,,,,,,,,,,,,,,,,,,,,,,,,,,,,,,,,,,,,,,,,,,,,,,,,,,,,,,,,,,,,,,,,,,,,,,,,,,,,,,,,,,,,,,,,,,,,,,,,,,,,,,,,,,,,,,,,,,,,,,,,,,,,,,,,,,,,,,,,,,,,,,,,,,,,,,,,,,,,,,,,,,,,,,,,,,,,,,,,,,,,,,,,,,,,,,,,,,,,,,,,,,,,,,,,,,,,,,,,,,,,,,,,,,,81.31720430107528,16.263440860215052,7.526881720430108,78.89784946236558,60.08064516129033
Albert Posiadala,Samsunspor,GK,0.0,0.0,0.0,GK,False,False,Samsunspor,Kaleci,Kaleci (Savunma),Kaleci,Savunma,GK,0.0,0.0,0.0,0.0,0.0,0.0,0.0,0.0,0.0,0.0,0.0,0.0,0.0,0.0,0.0,0.0,0.0,74.05903930819225,4.3167343078899725,68.2076584607126,0.4983491035354313,1.8688032520732485,0.0,0.0,0.0,0.8973401013163886,0.8973401013163886,0.0,0.0,,,,,,,,,,,,,,,,,,,,,,,,,,,,,,,,,,,,,,,,,,,,,,,,,,,,,,,,,,,,,,,,,,,,,,,,,,,,,,,,,,,,,,,,,,,,,,,,,,,,,,,,,,,,,,,,,,,,,,,,,,,,,,,,,,,,,,,,,,,,,,,,,,,,,,,,,,,,,,,,,,,,,,,,,,,,,,,,,,,,,,,,,,,,,,,,,,,,,,,,,,,,,,,,,,,,,,,,,,,,,,,,,,,,,,,,,,,,,,,,,,,,,,,,,,,,,,,,,,,,,,,,,,,,,,4.929577464788732,0.0,83.09859154929578,100.0,96.47887323943662
Efe Töruz,Samsunspor,GK,0.0,0.0,0.0,GK,False,False,Samsunspor,,Merkez Orta Saha,Merkez Orta Saha,,MID,0.0,0.0,0.0,0.0,0.0,0.0,1.7888782832478705,0.0198516461607573,0.1382982101425115,2.9811840432413987,1.558407693260044,0.7784700573518646,5.895512931978934,7.784556129641569,0.0,0.0,83.20612707426292,0.0,0.0,0.0,0.0,0.0,0.0,0.2157153479308631,0.030873671346282664,0.0,0.11403240823468809,0.0,0.1382982101425115,,,,,,,,,,,,,,,,,,,,,,,,,,,,,,,,,,,,,,,,,,,,,,,,,,,,,,,,,,,,,,,,,,,,,,,,,,,,,,,,,,,,,,,,,,,,,,,,,,,,,,,,,,,,,,,,,,,,,,,,,,,,,,,,,,,,,,,,,,,,,,,,,,,,,,,,,,,,,,,,,,,,,,,,,,,,,,,,,,,,,,,,,,,,,,,,,,,,,,,,,,,,,,,,,,,,,,,,,,,,,,,,,,,,,,,,,,,,,,,,,,,,,,,,,,,,,,,,,,,,,,,,,,,,,,5.964214711729622,82.90258449304176,59.24453280318092,7.75347912524851,48.70775347912525
Efe Üstün,Samsunspor,GK,0.0,0.0,0.0,GK,False,False,Samsunspor,,Merkez Orta Saha,Merkez Orta Saha,,MID,0.0,0.0,0.0,0.0,0.0,0.0,0.7889106925216827,0.1828741225850906,0.0166754062591058,2.8581698638968627,1.9946940972015808,1.4963290774834523,5.04848712576308,6.950711007950553,0.0,0.0,79.97286634894654,0.0,0.0,0.0,0.0,0.0,0.0,0.2222972648096078,0.015701547835323217,0.0,0.11428894197186854,0.0,0.0166754062591058,,,,,,,,,,,,,,,,,,,,,,,,,,,,,,,,,,,,,,,,,,,,,,,,,,,,,,,,,,,,,,,,,,,,,,,,,,,,,,,,,,,,,,,,,,,,,,,,,,,,,,,,,,,,,,,,,,,,,,,,,,,,,,,,,,,,,,,,,,,,,,,,,,,,,,,,,,,,,,,,,,,,,,,,,,,,,,,,,,,,,,,,,,,,,,,,,,,,,,,,,,,,,,,,,,,,,,,,,,,,,,,,,,,,,,,,,,,,,,,,,,,,,,,,,,,,,,,,,,,,,,,,,,,,,,5.964214711729622,85.48707753479125,28.230616302186878,7.75347912524851,48.70775347912525
Opponent Total,Samsunspor,NAN,0.525,0.4025,0.0,NAN,False,False,Samsunspor,,Merkez Orta Saha,Merkez Orta Saha,,MID,0.0,0.0,0.0,0.0,0.0,0.0,0.7656296042015771,0.0468529860243955,0.1664411131203893,2.954096851918313,3.565090604859805,1.822535917765262,5.498197848110609,8.103490374565451,0.0,0.0,79.39899689466836,0.0,0.0,0.0,0.0,0.0,0.0,0.2868917559131365,0.046724182696627134,0.0,0.15279071449589365,0.0,0.1664411131203893,,,,,,,,,,,,,,,,,,,,,,,,,,,,,,,,,,,,,,,,,,,,,,,,,,,,,,,,,,,,,,,,,,,,,,,,,,,,,,,,,,,,,,,,,,,,,,,,,,,,,,,,,,,,,,,,,,,,,,,,,,,,,,,,,,,,,,,,,,,,,,,,,,,,,,,,,,,,,,,,,,,,,,,,,,,,,,,,,,,,,,,,,,,,,,,,,,,,,,,,,,,,,,,,,,,,,,,,,,,,,,,,,,,,,,,,,,,,,,,,,,,,,,,,,,,,,,,,,,,,,,,,,,,,,,5.964214711729622,96.81908548707754,77.53479125248509,18.687872763419485,48.70775347912525
Tim Jabol-Folcarelli,Trabzonspor,MF,0.0,0.26,0.26,MF,True,True,Trabzonspor,Merkez Orta Saha,Standart Orta Saha (Destek),Standart Orta Saha,Destek,MID,0.0,0.0,0.0,0.0,0.0,0.0,0.6066308643981344,0.214544263289291,0.1900586043851821,1.9760749499949195,1.6212274276325656,1.7211885283867427,6.190774874943212,8.203765205758813,0.0,0.0,84.56034818486556,0.0,0.0,0.0,0.0,0.0,0.0,0.2375422796952143,0.021208840194375928,0.0,0.12301290788648234,0.0,0.1900586043851821,,,,,,,,,,,,,,,,,,,,,,,,,,,,,,,,,,,,,,,,,,,,,,,,,,,,,,,,,,,,,,,,,,,,,,,,,,,,,,,,,,,,,,,,,,,,,,,,,,,,,,,,,,,,,,,,,,,,,,,,,,,,,,,,,,,,,,,,,,,,,,,,,,,,,,,,,,,,,,,,,,,,,,,,,,,,,,,,,,,,,,,,,,,,,,,,,,,,,,,,,,,,,,,,,,,,,,,,,,,,,,,,,,,,,,,,,,,,,,,,,,,,,,,,,,,,,,,,,,,,,,,,,,,,,,5.964214711729622,90.85487077534792,40.55666003976143,9.74155069582505,74.15506958250498
Paul Onuachu,Trabzonspor,FW,0.525,0.09,0.6179999999999995,FW,True,False,Trabzonspor,Santrafor,Pivot Santrafor (Hücum),Pivot Santrafor,Hücum,FWD,0.0,0.0,0.0,0.0,0.0,0.0,3.012105363681013,0.0,0.0,0.0,0.0,0.0,0.0,3.1135117261813545,8.20366897836671,0.9123074566842128,0.0,0.0,0.0,0.0,0.0,0.0,0.0,0.0,0.09348957439518345,0.0,0.07479165951614676,0.9123074566842128,0.0,,,,,,,,,,,,,,,,,,,,,,,,,,,,,,,,,,,,,,,,,,,,,,,,,,,,,,,,,,,,,,,,,,,,,,,,,,,,,,,,,,,,,,,,,,,,,,,,,,,,,,,,,,,,,,,,,,,,,,,,,,,,,,,,,,,,,,,,,,,,,,,,,,,,,,,,,,,,,,,,,,,,,,,,,,,,,,,,,,,,,,,,,,,,,,,,,,,,,,,,,,,,,,,,,,,,,,,,,,,,,,,,,,,,,,,,,,,,,,,,,,,,,,,,,,,,,,,,,,,,,,,,,,,,,,9.809264305177113,2.7247956403269753,84.74114441416893,43.05177111716621,78.2016348773842
Stefan Savić,Trabzonspor,DF,0.09,0.09,0.19,DF,False,True,Trabzonspor,Stoper,Standart Stoper (Sıkı Defans),Standart Stoper,Sıkı Defans,CB,2.94490423052301,0.8033801338249559,10.062768883714952,57.046369369335,76.63112548274898,0.0,0.0,0.0,0.0,0.0,0.0,0.0,3.978894388357901,0.0,0.0,0.0,84.26330815449279,0.0,0.0,0.0,0.0,0.0,0.46661335058784803,0.1383316453968129,0.0045,0.0,0.35474567449085614,0.0,0.0,,,,,,,,,,,,,,,,,,,,,,,,,,,,,,,,,,,,,,,,,,,,,,,,,,,,,,,,,,,,,,,,,,,,,,,,,,,,,,,,,,,,,,,,,,,,,,,,,,,,,,,,,,,,,,,,,,,,,,,,,,,,,,,,,,,,,,,,,,,,,,,,,,,,,,,,,,,,,,,,,,,,,,,,,,,,,,,,,,,,,,,,,,,,,,,,,,,,,,,,,,,,,,,,,,,,,,,,,,,,,,,,,,,,,,,,,,,,,,,,,,,,,,,,,,,,,,,,,,,,,,,,,,,,,,89.78494623655914,18.010752688172044,16.263440860215052,88.5752688172043,83.46774193548387
Arsenii Batahov,Trabzonspor,DF,0.0,0.0,0.0,DF,False,True,Trabzonspor,,Merkez Orta Saha,Merkez Orta Saha,,MID,0.0,0.0,0.0,0.0,0.0,0.0,1.78663571137281,0.204765878465414,0.0797124076361233,3.0081523836725585,1.2134748555202983,1.5277014648117262,6.014054674122503,7.250177860290209,0.0,0.0,88.82895639943324,0.0,0.0,0.0,0.0,0.0,0.0,0.22074254934978277,0.028575234378354433,0.0,0.11608632155056227,0.0,0.0797124076361233,,,,,,,,,,,,,,,,,,,,,,,,,,,,,,,,,,,,,,,,,,,,,,,,,,,,,,,,,,,,,,,,,,,,,,,,,,,,,,,,,,,,,,,,,,,,,,,,,,,,,,,,,,,,,,,,,,,,,,,,,,,,,,,,,,,,,,,,,,,,,,,,,,,,,,,,,,,,,,,,,,,,,,,,,,,,,,,,,,,,,,,,,,,,,,,,,,,,,,,,,,,,,,,,,,,,,,,,,,,,,,,,,,,,,,,,,,,,,,,,,,,,,,,,,,,,,,,,,,,,,,,,,,,,,,5.964214711729622,85.2882703777336,54.47316103379721,8.34990059642147,48.70775347912525
Mustafa Eskihellaç,Trabzonspor,DF,0.0,0.1,0.1,DF,False,True,Trabzonspor,Sol Bek,Standart Bek (Destek),Standart Bek,Destek,FB,1.6473517381793974,0.0,0.0,64.74900580974864,0.0,4.789133358447261,0.0,0.0,0.0,0.0,0.0,0.0,0.0,0.0,0.0,0.0,80.3341532258577,0.0,0.0,0.0,0.0,0.0,0.21483891415648837,0.12050122983878656,0.008981888930745436,0.0,0.14536620381602924,0.0,0.0,,,,,,,,,,,,,,,,,,,,,,,,,,,,,,,,,,,,,,,,,,,,,,,,,,,,,,,,,,,,,,,,,,,,,,,,,,,,,,,,,,,,,,,,,,,,,,,,,,,,,,,,,,,,,,,,,,,,,,,,,,,,,,,,,,,,,,,,,,,,,,,,,,,,,,,,,,,,,,,,,,,,,,,,,,,,,,,,,,,,,,,,,,,,,,,,,,,,,,,,,,,,,,,,,,,,,,,,,,,,,,,,,,,,,,,,,,,,,,,,,,,,,,,,,,,,,,,,,,,,,,,,,,,,,,18.238993710691823,5.660377358490567,10.69182389937107,11.949685534591195,57.23270440251572
Wagner Pina,Trabzonspor,DF,0.0,0.19,0.19,DF,False,True,Trabzonspor,Sağ Bek,Ofansif Bek (Hücum),Ofansif Bek,Hücum,FB,0.9491279076858888,0.0,0.0,48.05884612436808,0.0,8.576278388994181,0.0,0.0,0.0,2.569196274307358,0.0,0.0,0.0,0.0,0.0,0.0,79.99058587785174,0.0,0.0,0.0,0.0,0.0,0.15604063721917785,0.12319737415966182,0.022616788000758697,0.0,0.1195028884576392,0.0,0.0,,,,,,,,,,,,,,,,,,,,,,,,,,,,,,,,,,,,,,,,,,,,,,,,,,,,,,,,,,,,,,,,,,,,,,,,,,,,,,,,,,,,,,,,,,,,,,,,,,,,,,,,,,,,,,,,,,,,,,,,,,,,,,,,,,,,,,,,,,,,,,,,,,,,,,,,,,,,,,,,,,,,,,,,,,,,,,,,,,,,,,,,,,,,,,,,,,,,,,,,,,,,,,,,,,,,,,,,,,,,,,,,,,,,,,,,,,,,,,,,,,,,,,,,,,,,,,,,,,,,,,,,,,,,,,11.320754716981133,5.660377358490567,40.25157232704403,7.547169811320755,67.9245283018868
Oleksandr Zubkov,Trabzonspor,MF,0.11,0.11,0.22,MF,True,True,Trabzonspor,Sağ Kanat,Kanat Oyuncusu (Destek),Kanat Oyuncusu,Destek,WING,0.0,0.0,0.0,0.0,0.0,3.4634156159479224,3.013279471257928,0.2459098104948692,0.3420414376440454,2.9088943360868096,0.0,0.0,0.0,0.0,0.0,0.0,0.0,0.0,0.0,0.0,0.0,0.0,0.0,0.030999432931632143,0.062359047418471314,0.0,0.04671525833057243,0.0,0.3420414376440454,,,,,,,,,,,,,,,,,,,,,,,,,,,,,,,,,,,,,,,,,,,,,,,,,,,,,,,,,,,,,,,,,,,,,,,,,,,,,,,,,,,,,,,,,,,,,,,,,,,,,,,,,,,,,,,,,,,,,,,,,,,,,,,,,,,,,,,,,,,,,,,,,,,,,,,,,,,,,,,,,,,,,,,,,,,,,,,,,,,,,,,,,,,,,,,,,,,,,,,,,,,,,,,,,,,,,,,,,,,,,,,,,,,,,,,,,,,,,,,,,,,,,,,,,,,,,,,,,,,,,,,,,,,,,,3.2994923857868024,0.0,64.21319796954315,2.030456852791878,44.41624365482234
Felipe Augusto,Trabzonspor,FW,0.525,0.0,0.6,MF,True,True,Trabzonspor,Santrafor,Yaratıcı Forvet,Yaratıcı Forvet,,FWD,0.0,0.0,0.0,0.0,0.0,0.0,4.6893127695543,0.0,0.0,0.0,0.0,0.0,0.0,0.0,2.5268879897095617,0.6615049610489667,0.0,0.0,0.0,0.0,0.0,0.0,0.0,0.0,0.0979615350159506,0.0,0.07836922801276049,0.6615049610489667,0.0,,,,,,,,,,,,,,,,,,,,,,,,,,,,,,,,,,,,,,,,,,,,,,,,,,,,,,,,,,,,,,,,,,,,,,,,,,,,,,,,,,,,,,,,,,,,,,,,,,,,,,,,,,,,,,,,,,,,,,,,,,,,,,,,,,,,,,,,,,,,,,,,,,,,,,,,,,,,,,,,,,,,,,,,,,,,,,,,,,,,,,,,,,,,,,,,,,,,,,,,,,,,,,,,,,,,,,,,,,,,,,,,,,,,,,,,,,,,,,,,,,,,,,,,,,,,,,,,,,,,,,,,,,,,,,9.809264305177113,2.7247956403269753,87.19346049046321,47.13896457765668,77.11171662125341
Kazeem Olaigbe,Trabzonspor,MF,0.0,0.0,0.0,MF,True,True,Trabzonspor,Sol Kanat,Kanat Oyuncusu (Hücum),Kanat Oyuncusu,Hücum,WING,0.0,0.0,0.0,0.0,0.0,2.592818393127148,3.4162901291379373,0.1225731290813486,0.0967176714782412,2.784063526584029,0.0,0.0,0.0,0.0,0.0,0.0,0.0,0.0,0.0,0.0,0.0,0.0,0.0,0.011217493126489333,0.04931313095551435,0.0,0.03295312651125541,0.0,0.0967176714782412,,,,,,,,,,,,,,,,,,,,,,,,,,,,,,,,,,,,,,,,,,,,,,,,,,,,,,,,,,,,,,,,,,,,,,,,,,,,,,,,,,,,,,,,,,,,,,,,,,,,,,,,,,,,,,,,,,,,,,,,,,,,,,,,,,,,,,,,,,,,,,,,,,,,,,,,,,,,,,,,,,,,,,,,,,,,,,,,,,,,,,,,,,,,,,,,,,,,,,,,,,,,,,,,,,,,,,,,,,,,,,,,,,,,,,,,,,,,,,,,,,,,,,,,,,,,,,,,,,,,,,,,,,,,,,3.2994923857868024,0.0,39.08629441624365,0.5076142131979695,32.48730964467005
André Onana,Trabzonspor,GK,0.0,0.12,0.12,GK,False,False,Trabzonspor,Kaleci,Libero Kaleci (Destek),Libero Kaleci,Destek,GK,0.0,0.0,0.0,0.0,0.0,0.0,0.0,0.0,0.0,0.0,0.0,0.0,0.0,0.0,0.0,0.0,0.0,57.60989098853355,5.042965300359907,77.80531604557584,0.8655290447975682,0.6627784363506775,0.0,0.0,0.0012000000000000001,1.0459036453468757,1.0459036453468757,0.0,0.0,,,,,,,,,,,,,,,,,,,,,,,,,,,,,,,,,,,,,,,,,,,,,,,,,,,,,,,,,,,,,,,,,,,,,,,,,,,,,,,,,,,,,,,,,,,,,,,,,,,,,,,,,,,,,,,,,,,,,,,,,,,,,,,,,,,,,,,,,,,,,,,,,,,,,,,,,,,,,,,,,,,,,,,,,,,,,,,,,,,,,,,,,,,,,,,,,,,,,,,,,,,,,,,,,,,,,,,,,,,,,,,,,,,,,,,,,,,,,,,,,,,,,,,,,,,,,,,,,,,,,,,,,,,,,,4.929577464788732,0.0,95.77464788732394,100.0,100.0
Okay Yokuşlu,Trabzonspor,DF,0.15,0.0,0.15,MF,True,True,Trabzonspor,Ön Libero,Ön Libero (Çapa),Ön Libero,Çapa,DM,2.6050019348157782,0.0,0.0,0.0,0.0,0.0,2.0051825906656457,0.1351984387463861,0.3374100965079298,1.1245644495006428,0.0,0.0,4.483477114089733,8.022079970182032,0.0,0.0,0.0,0.0,0.0,0.0,0.0,0.0,0.03256252418519723,0.041848944624779394,0.04235964089072526,0.0,0.039165157746093915,0.0,0.3374100965079298,,,,,,,,,,,,,,,,,,,,,,,,,,,,,,,,,,,,,,,,,,,,,,,,,,,,,,,,,,,,,,,,,,,,,,,,,,,,,,,,,,,,,,,,,,,,,,,,,,,,,,,,,,,,,,,,,,,,,,,,,,,,,,,,,,,,,,,,,,,,,,,,,,,,,,,,,,,,,,,,,,,,,,,,,,,,,,,,,,,,,,,,,,,,,,,,,,,,,,,,,,,,,,,,,,,,,,,,,,,,,,,,,,,,,,,,,,,,,,,,,,,,,,,,,,,,,,,,,,,,,,,,,,,,,,,,,,
Christ Inao Oulaï,Trabzonspor,MF,0.18,0.37,0.55,MF,True,True,Trabzonspor,Ön Libero,Defansif Orta Saha (Savunma),Defansif Orta Saha,Savunma,DM,0.0,0.0,0.0,0.0,0.0,0.0,0.9565974994825084,0.1775606996558278,0.3183091138280347,2.270120564494294,1.207022777838449,0.665647795116654,6.8003713577826455,7.184828770015702,0.0,0.0,82.12749223869223,0.0,0.0,0.0,0.0,0.0,0.0,0.2180901325051502,0.03887364095918221,0.0,0.11681979444441154,0.0,0.3183091138280347,,,,,,,,,,,,,,,,,,,,,,,,,,,,,,,,,,,,,,,,,,,,,,,,,,,,,,,,,,,,,,,,,,,,,,,,,,,,,,,,,,,,,,,,,,,,,,,,,,,,,,,,,,,,,,,,,,,,,,,,,,,,,,,,,,,,,,,,,,,,,,,,,,,,,,,,,,,,,,,,,,,,,,,,,,,,,,,,,,,,,,,,,,,,,,,,,,,,,,,,,,,,,,,,,,,,,,,,,,,,,,,,,,,,,,,,,,,,,,,,,,,,,,,,,,,,,,,,,,,,,,,,,,,,,,,,,,
Uğurcan Çakır,Trabzonspor,GK,0.0,0.0,0.0,GK,False,False,Trabzonspor,,Merkez Orta Saha,Merkez Orta Saha,,MID,0.0,0.0,0.0,0.0,0.0,0.0,0.5420451568519457,0.0785875282959371,0.252750132409567,0.926837998108643,3.822353561509324,0.9337811694439248,4.679675394260591,7.080844630561803,0.0,0.0,86.79600128667148,0.0,0.0,0.0,0.0,0.0,0.0,0.2942889105901288,0.017847551860173744,0.0,0.15071396566709916,0.0,0.252750132409567,,,,,,,,,,,,,,,,,,,,,,,,,,,,,,,,,,,,,,,,,,,,,,,,,,,,,,,,,,,,,,,,,,,,,,,,,,,,,,,,,,,,,,,,,,,,,,,,,,,,,,,,,,,,,,,,,,,,,,,,,,,,,,,,,,,,,,,,,,,,,,,,,,,,,,,,,,,,,,,,,,,,,,,,,,,,,,,,,,,,,,,,,,,,,,,,,,,,,,,,,,,,,,,,,,,,,,,,,,,,,,,,,,,,,,,,,,,,,,,,,,,,,,,,,,,,,,,,,,,,,,,,,,,,,,5.964214711729622,97.21669980119285,32.60437375745527,17.892644135188867,48.70775347912525
Ernest Muçi,Trabzonspor,FW,0.0,0.0,0.0,MF,True,True,Trabzonspor,On Numara,Serbest Oyuncu (Trequartista),Serbest Oyuncu,Trequartista,AM,0.0,0.0,0.0,0.0,0.0,0.0,0.5725605017004974,0.1177919747332036,0.1866853200678769,1.6763817407307298,2.520761313885504,0.9647103129837036,4.442478163299526,6.711668269291106,0.0,0.0,85.9039362592772,0.0,0.0,0.0,0.0,0.0,0.0,0.24930713577147862,0.01738397217154688,0.0,0.12986875953720337,0.0,0.1866853200678769,,,,,,,,,,,,,,,,,,,,,,,,,,,,,,,,,,,,,,,,,,,,,,,,,,,,,,,,,,,,,,,,,,,,,,,,,,,,,,,,,,,,,,,,,,,,,,,,,,,,,,,,,,,,,,,,,,,,,,,,,,,,,,,,,,,,,,,,,,,,,,,,,,,,,,,,,,,,,,,,,,,,,,,,,,,,,,,,,,,,,,,,,,,,,,,,,,,,,,,,,,,,,,,,,,,,,,,,,,,,,,,,,,,,,,,,,,,,,,,,,,,,,,,,,,,,,,,,,,,,,,,,,,,,,,,,,,
Ozan Tufan,Trabzonspor,DF,0.0,0.0,0.0,MF,True,True,Trabzonspor,Merkez Orta Saha,İki Yönlü Orta Saha,İki Yönlü Orta Saha,,MID,1.3663278930932587,0.0,0.0,0.0,0.0,0.0,2.432506073174564,0.2054092244276179,0.3044892058766897,1.7894461441527745,3.679270615586245,1.7262120907513068,6.8003713577826455,7.516299837345848,0.0,0.0,0.0,0.0,0.0,0.0,0.0,0.0,0.017079098663665734,0.18326835805253106,0.04097824432719517,0.0,0.10495355749080429,0.0,0.3044892058766897,,,,,,,,,,,,,,,,,,,,,,,,,,,,,,,,,,,,,,,,,,,,,,,,,,,,,,,,,,,,,,,,,,,,,,,,,,,,,,,,,,,,,,,,,,,,,,,,,,,,,,,,,,,,,,,,,,,,,,,,,,,,,,,,,,,,,,,,,,,,,,,,,,,,,,,,,,,,,,,,,,,,,,,,,,,,,,,,,,,,,,,,,,,,,,,,,,,,,,,,,,,,,,,,,,,,,,,,,,,,,,,,,,,,,,,,,,,,,,,,,,,,,,,,,,,,,,,,,,,,,,,,,,,,,,6.560636182902585,57.65407554671968,71.96819085487077,6.36182902584493,48.70775347912525
Arif Boşluk,Trabzonspor,DF,0.0,0.0,0.0,DF,False,True,Trabzonspor,Sol Bek,Standart Bek (Destek),Standart Bek,Destek,FB,1.713081121091531,0.0,0.0,60.24686114636587,0.0,1.6134056124643208,0.0,0.0,0.0,0.0,0.0,0.0,0.0,0.0,0.0,0.0,78.18728507646034,0.0,0.0,0.0,0.0,0.0,0.20215409745274174,0.11728092761469051,0.0026890093541072015,0.0,0.13679912888159948,0.0,0.0,,,,,,,,,,,,,,,,,,,,,,,,,,,,,,,,,,,,,,,,,,,,,,,,,,,,,,,,,,,,,,,,,,,,,,,,,,,,,,,,,,,,,,,,,,,,,,,,,,,,,,,,,,,,,,,,,,,,,,,,,,,,,,,,,,,,,,,,,,,,,,,,,,,,,,,,,,,,,,,,,,,,,,,,,,,,,,,,,,,,,,,,,,,,,,,,,,,,,,,,,,,,,,,,,,,,,,,,,,,,,,,,,,,,,,,,,,,,,,,,,,,,,,,,,,,,,,,,,,,,,,,,,,,,,,15.723270440251572,5.031446540880504,5.031446540880504,10.69182389937107,50.943396226415096
Rayyan Baniya,Trabzonspor,DF,0.0,0.0,0.0,DF,False,True,Trabzonspor,Stoper,Standart Stoper (Savunma),Standart Stoper,Savunma,CB,2.061544724881712,1.3361081550957914,4.237822591684085,52.95412069054141,60.52745037656236,0.0,0.0,0.0,0.0,0.0,0.0,0.0,2.0387682031757746,0.0,0.0,0.0,84.22161575182251,0.0,0.0,0.0,0.0,0.0,0.36420244768527876,0.1324487282372611,0.0,0.0,0.28143145902714733,0.0,0.0,,,,,,,,,,,,,,,,,,,,,,,,,,,,,,,,,,,,,,,,,,,,,,,,,,,,,,,,,,,,,,,,,,,,,,,,,,,,,,,,,,,,,,,,,,,,,,,,,,,,,,,,,,,,,,,,,,,,,,,,,,,,,,,,,,,,,,,,,,,,,,,,,,,,,,,,,,,,,,,,,,,,,,,,,,,,,,,,,,,,,,,,,,,,,,,,,,,,,,,,,,,,,,,,,,,,,,,,,,,,,,,,,,,,,,,,,,,,,,,,,,,,,,,,,,,,,,,,,,,,,,,,,,,,,,48.252688172043015,12.634408602150538,7.526881720430108,45.026881720430104,60.08064516129033
Edin Višća,Trabzonspor,MF,0.0,0.0,0.0,MF,True,True,Trabzonspor,Sağ Kanat,Çalışkan Kanat Oyuncusu (Destek),Çalışkan Kanat Oyuncusu,Destek,WING,0.0,0.0,0.0,0.0,0.0,5.266851846190859,3.840268734076722,0.0161032012036928,0.3207522406281258,4.517920861271849,0.0,0.0,0.0,0.0,0.0,0.0,0.0,0.0,0.0,0.0,0.0,0.0,0.0,0.031307580326839876,0.07130566552938998,0.0,0.05217567341568595,0.0,0.3207522406281258,,,,,,,,,,,,,,,,,,,,,,,,,,,,,,,,,,,,,,,,,,,,,,,,,,,,,,,,,,,,,,,,,,,,,,,,,,,,,,,,,,,,,,,,,,,,,,,,,,,,,,,,,,,,,,,,,,,,,,,,,,,,,,,,,,,,,,,,,,,,,,,,,,,,,,,,,,,,,,,,,,,,,,,,,,,,,,,,,,,,,,,,,,,,,,,,,,,,,,,,,,,,,,,,,,,,,,,,,,,,,,,,,,,,,,,,,,,,,,,,,,,,,,,,,,,,,,,,,,,,,,,,,,,,,,3.2994923857868024,0.0,75.63451776649747,2.030456852791878,32.48730964467005
Anthony Nwakaeme,Trabzonspor,MF,0.0,0.0,0.0,MF,True,True,Trabzonspor,Sol Kanat,İçe Kat Eden Oyuncu (Destek),İçe Kat Eden Oyuncu,Destek,WING,0.0,0.0,0.0,0.0,0.0,5.374924692438893,2.200636827549016,0.2353408883932613,0.1299140689701497,2.209576083581288,0.0,0.0,0.0,0.0,0.0,0.0,0.0,0.0,0.0,0.0,0.0,0.0,0.0,0.013155095622088588,0.04168507906398086,0.0,0.028957576125015094,0.0,0.1299140689701497,,,,,,,,,,,,,,,,,,,,,,,,,,,,,,,,,,,,,,,,,,,,,,,,,,,,,,,,,,,,,,,,,,,,,,,,,,,,,,,,,,,,,,,,,,,,,,,,,,,,,,,,,,,,,,,,,,,,,,,,,,,,,,,,,,,,,,,,,,,,,,,,,,,,,,,,,,,,,,,,,,,,,,,,,,,,,,,,,,,,,,,,,,,,,,,,,,,,,,,,,,,,,,,,,,,,,,,,,,,,,,,,,,,,,,,,,,,,,,,,,,,,,,,,,,,,,,,,,,,,,,,,,,,,,,3.2994923857868024,0.0,30.96446700507614,0.25380710659898476,32.48730964467005
Danylo Sikan,Trabzonspor,FW,0.525,0.0,0.6179999999999995,FW,True,False,Trabzonspor,Santrafor,Çalışkan Forvet (Destek),Çalışkan Forvet,Destek,FWD,0.9491279076858888,0.0,0.0,0.0,0.0,0.0,2.411370368629907,0.0,0.0,0.0,0.0,0.0,0.0,4.3423507354904505,1.161241430490398,0.651135653404499,0.0,0.0,0.0,0.0,0.0,0.0,0.01186409884607361,0.0,0.07471077884104903,0.0,0.06036182801514291,0.651135653404499,0.0,,,,,,,,,,,,,,,,,,,,,,,,,,,,,,,,,,,,,,,,,,,,,,,,,,,,,,,,,,,,,,,,,,,,,,,,,,,,,,,,,,,,,,,,,,,,,,,,,,,,,,,,,,,,,,,,,,,,,,,,,,,,,,,,,,,,,,,,,,,,,,,,,,,,,,,,,,,,,,,,,,,,,,,,,,,,,,,,,,,,,,,,,,,,,,,,,,,,,,,,,,,,,,,,,,,,,,,,,,,,,,,,,,,,,,,,,,,,,,,,,,,,,,,,,,,,,,,,,,,,,,,,,,,,,,10.899182561307901,2.7247956403269753,69.48228882833789,24.52316076294278,78.2016348773842
Benjamin Bouchouari,Trabzonspor,MF,0.0,0.0,0.0,MF,True,True,Trabzonspor,Merkez Orta Saha,Defansif Oyun Kurucu (Destek),Defansif Oyun Kurucu,Destek,MID,0.0,0.0,0.0,0.0,0.0,0.0,1.0204340327025827,0.1148162992933034,0.045728320338212,1.8696662673449893,2.228236215451055,0.8749354195964318,4.00943599945365,3.951630631758442,0.0,0.0,89.14603468984694,0.0,0.0,0.0,0.0,0.0,0.0,0.2317138262518477,0.016707638808916785,0.0,0.1191984408877072,0.0,0.045728320338212,,,,,,,,,,,,,,,,,,,,,,,,,,,,,,,,,,,,,,,,,,,,,,,,,,,,,,,,,,,,,,,,,,,,,,,,,,,,,,,,,,,,,,,,,,,,,,,,,,,,,,,,,,,,,,,,,,,,,,,,,,,,,,,,,,,,,,,,,,,,,,,,,,,,,,,,,,,,,,,,,,,,,,,,,,,,,,,,,,,,,,,,,,,,,,,,,,,,,,,,,,,,,,,,,,,,,,,,,,,,,,,,,,,,,,,,,,,,,,,,,,,,,,,,,,,,,,,,,,,,,,,,,,,,,,5.964214711729622,89.06560636182903,31.21272365805169,8.946322067594433,48.70775347912525
Batista Mendy,Trabzonspor,MF,0.0,0.0,0.0,DF,False,True,Trabzonspor,,Merkez Orta Saha,Merkez Orta Saha,,MID,0.0,0.0,0.0,0.0,0.0,0.0,2.0153686104600808,0.0894495663313604,0.2766784279962097,2.677761458062628,3.432635743023756,1.2725084895645846,2.7684552142210226,8.28522455519357,0.0,0.0,87.85177220758969,0.0,0.0,0.0,0.0,0.0,0.0,0.28763119965050415,0.037915226869605766,0.0,0.15139864519917323,0.0,0.2766784279962097,,,,,,,,,,,,,,,,,,,,,,,,,,,,,,,,,,,,,,,,,,,,,,,,,,,,,,,,,,,,,,,,,,,,,,,,,,,,,,,,,,,,,,,,,,,,,,,,,,,,,,,,,,,,,,,,,,,,,,,,,,,,,,,,,,,,,,,,,,,,,,,,,,,,,,,,,,,,,,,,,,,,,,,,,,,,,,,,,,,,,,,,,,,,,,,,,,,,,,,,,,,,,,,,,,,,,,,,,,,,,,,,,,,,,,,,,,,,,,,,,,,,,,,,,,,,,,,,,,,,,,,,,,,,,,5.964214711729622,96.81908548707754,69.38369781312127,18.290258449304176,48.70775347912525
Salih Malkoçoglu,Trabzonspor,MF,0.0,0.0,0.0,MF,True,True,Trabzonspor,,Merkez Orta Saha,Merkez Orta Saha,,MID,0.0,0.0,0.0,0.0,0.0,0.0,1.711793494593954,0.1235531118125749,0.0436872848883969,1.8491068734299336,3.507477783731548,1.303330722319509,4.863036164410112,8.231061166471392,0.0,0.0,84.79926310686555,0.0,0.0,0.0,0.0,0.0,0.0,0.27236866388312686,0.02348819352505025,0.0,0.14088197064657348,0.0,0.0436872848883969,,,,,,,,,,,,,,,,,,,,,,,,,,,,,,,,,,,,,,,,,,,,,,,,,,,,,,,,,,,,,,,,,,,,,,,,,,,,,,,,,,,,,,,,,,,,,,,,,,,,,,,,,,,,,,,,,,,,,,,,,,,,,,,,,,,,,,,,,,,,,,,,,,,,,,,,,,,,,,,,,,,,,,,,,,,,,,,,,,,,,,,,,,,,,,,,,,,,,,,,,,,,,,,,,,,,,,,,,,,,,,,,,,,,,,,,,,,,,,,,,,,,,,,,,,,,,,,,,,,,,,,,,,,,,,5.964214711729622,96.02385685884693,44.53280318091451,12.72365805168986,48.70775347912525
Cihan Çanak,Trabzonspor,MF,0.0,0.0,0.0,MF,True,True,Trabzonspor,Sol Kanat,İçe Kat Eden Oyuncu (Destek),İçe Kat Eden Oyuncu,Destek,WING,0.0,0.0,0.0,0.0,0.0,7.88636097282035,3.349893948868143,0.1590737657732218,0.3420414376440454,4.095914379510607,0.0,0.0,0.0,0.0,0.0,0.0,0.0,0.0,0.0,0.0,0.0,0.0,0.0,0.032483207985911894,0.07056431789792036,0.0,0.052083553134525784,0.0,0.3420414376440454,,,,,,,,,,,,,,,,,,,,,,,,,,,,,,,,,,,,,,,,,,,,,,,,,,,,,,,,,,,,,,,,,,,,,,,,,,,,,,,,,,,,,,,,,,,,,,,,,,,,,,,,,,,,,,,,,,,,,,,,,,,,,,,,,,,,,,,,,,,,,,,,,,,,,,,,,,,,,,,,,,,,,,,,,,,,,,,,,,,,,,,,,,,,,,,,,,,,,,,,,,,,,,,,,,,,,,,,,,,,,,,,,,,,,,,,,,,,,,,,,,,,,,,,,,,,,,,,,,,,,,,,,,,,,,3.2994923857868024,0.0,75.1269035532995,2.030456852791878,32.48730964467005
Muhammed Cham,Trabzonspor,MF,0.0,0.0,0.0,MF,True,True,Trabzonspor,,Merkez Orta Saha,Merkez Orta Saha,,MID,0.0,0.0,0.0,0.0,0.0,0.0,1.2020732432710814,0.2070623131093046,0.2779737318922918,2.011472781080833,1.9965730993468136,1.0353289627566653,3.385062621629894,3.175483698207355,0.0,0.0,85.88436597880929,0.0,0.0,0.0,0.0,0.0,0.0,0.23916110378259237,0.028168363661104576,0.0,0.1252142246235171,0.0,0.2779737318922918,,,,,,,,,,,,,,,,,,,,,,,,,,,,,,,,,,,,,,,,,,,,,,,,,,,,,,,,,,,,,,,,,,,,,,,,,,,,,,,,,,,,,,,,,,,,,,,,,,,,,,,,,,,,,,,,,,,,,,,,,,,,,,,,,,,,,,,,,,,,,,,,,,,,,,,,,,,,,,,,,,,,,,,,,,,,,,,,,,,,,,,,,,,,,,,,,,,,,,,,,,,,,,,,,,,,,,,,,,,,,,,,,,,,,,,,,,,,,,,,,,,,,,,,,,,,,,,,,,,,,,,,,,,,,,5.964214711729622,90.85487077534792,53.28031809145129,10.139165009940358,48.70775347912525
Boran Başkan,Trabzonspor,MF,0.0,0.0,0.0,MF,True,True,Trabzonspor,,Merkez Orta Saha,Merkez Orta Saha,,MID,0.0,0.0,0.0,0.0,0.0,0.0,0.8319432506106658,0.0838020118427181,0.0965186488879749,1.4413691533606845,3.0808541724213856,1.030683738104654,6.6065375610648776,7.954900503388576,0.0,0.0,88.78063759900841,0.0,0.0,0.0,0.0,0.0,0.0,0.27039965367865754,0.015783601345027366,0.0,0.13835654710833425,0.0,0.0965186488879749,,,,,,,,,,,,,,,,,,,,,,,,,,,,,,,,,,,,,,,,,,,,,,,,,,,,,,,,,,,,,,,,,,,,,,,,,,,,,,,,,,,,,,,,,,,,,,,,,,,,,,,,,,,,,,,,,,,,,,,,,,,,,,,,,,,,,,,,,,,,,,,,,,,,,,,,,,,,,,,,,,,,,,,,,,,,,,,,,,,,,,,,,,,,,,,,,,,,,,,,,,,,,,,,,,,,,,,,,,,,,,,,,,,,,,,,,,,,,,,,,,,,,,,,,,,,,,,,,,,,,,,,,,,,,,5.964214711729622,96.02385685884693,28.628230616302186,11.530815109343937,48.70775347912525
Onuralp Çevikkan,Trabzonspor,GK,0.0,0.0,0.0,GK,False,False,Trabzonspor,Kaleci,Kaleci (Savunma),Kaleci,Savunma,GK,0.0,0.0,0.0,0.0,0.0,0.0,0.0,0.0,0.0,0.0,0.0,0.0,0.0,0.0,0.0,0.0,0.0,71.16794696232922,2.596147044602517,75.11102277086097,0.3805269858900618,0.7062814162189899,0.0,0.0,0.0,0.8608469775511716,0.8608469775511716,0.0,0.0,,,,,,,,,,,,,,,,,,,,,,,,,,,,,,,,,,,,,,,,,,,,,,,,,,,,,,,,,,,,,,,,,,,,,,,,,,,,,,,,,,,,,,,,,,,,,,,,,,,,,,,,,,,,,,,,,,,,,,,,,,,,,,,,,,,,,,,,,,,,,,,,,,,,,,,,,,,,,,,,,,,,,,,,,,,,,,,,,,,,,,,,,,,,,,,,,,,,,,,,,,,,,,,,,,,,,,,,,,,,,,,,,,,,,,,,,,,,,,,,,,,,,,,,,,,,,,,,,,,,,,,,,,,,,,4.929577464788732,0.0,83.09859154929578,100.0,96.47887323943662
Ahmet Doğan Yıldırım,Trabzonspor,GK,0.0,0.0,0.0,GK,False,False,Trabzonspor,,Merkez Orta Saha,Merkez Orta Saha,,MID,0.0,0.0,0.0,0.0,0.0,0.0,0.6549114781347536,0.0434403982839359,0.3069817033563661,1.8077798373992184,3.31336844755566,1.742833396859122,4.915954021385488,3.773219204840671,0.0,0.0,82.79422541504321,0.0,0.0,0.0,0.0,0.0,0.0,0.29130101563153626,0.02334783250910023,0.0,0.15032007431758818,0.0,0.3069817033563661,,,,,,,,,,,,,,,,,,,,,,,,,,,,,,,,,,,,,,,,,,,,,,,,,,,,,,,,,,,,,,,,,,,,,,,,,,,,,,,,,,,,,,,,,,,,,,,,,,,,,,,,,,,,,,,,,,,,,,,,,,,,,,,,,,,,,,,,,,,,,,,,,,,,,,,,,,,,,,,,,,,,,,,,,,,,,,,,,,,,,,,,,,,,,,,,,,,,,,,,,,,,,,,,,,,,,,,,,,,,,,,,,,,,,,,,,,,,,,,,,,,,,,,,,,,,,,,,,,,,,,,,,,,,,,5.964214711729622,97.21669980119285,44.135188866799204,17.693836978131213,48.70775347912525
Taha Emre İnce,Trabzonspor,DF,0.0,0.0,0.0,DF,False,True,Trabzonspor,,Merkez Orta Saha,Merkez Orta Saha,,MID,0.0,0.0,0.0,0.0,0.0,0.0,1.69152723288162,0.1780035050826952,0.3304147328388892,1.413627993610509,2.9639520605978635,1.6839392724795283,4.964200902540551,5.010713125554851,0.0,0.0,81.92153647029333,0.0,0.0,0.0,0.0,0.0,0.0,0.28015277193731475,0.03366593162639804,0.0,0.14680957229393699,0.0,0.3304147328388892,,,,,,,,,,,,,,,,,,,,,,,,,,,,,,,,,,,,,,,,,,,,,,,,,,,,,,,,,,,,,,,,,,,,,,,,,,,,,,,,,,,,,,,,,,,,,,,,,,,,,,,,,,,,,,,,,,,,,,,,,,,,,,,,,,,,,,,,,,,,,,,,,,,,,,,,,,,,,,,,,,,,,,,,,,,,,,,,,,,,,,,,,,,,,,,,,,,,,,,,,,,,,,,,,,,,,,,,,,,,,,,,,,,,,,,,,,,,,,,,,,,,,,,,,,,,,,,,,,,,,,,,,,,,,,5.964214711729622,96.42147117296223,63.41948310139165,15.50695825049702,48.70775347912525
Serdar Saatçı,Trabzonspor,DF,0.0,0.0,0.0,DF,False,True,Trabzonspor,Stoper,Standart Stoper (Durdurucu),Standart Stoper,Durdurucu,CB,1.5486319328629077,0.7395365011764162,4.92858112405533,67.41842913410377,53.512010492828175,0.0,0.0,0.0,0.0,0.0,0.0,0.0,2.6615628532039626,0.0,0.0,0.0,80.15562475774468,0.0,0.0,0.0,0.0,0.0,0.38825042028887036,0.12821812569622892,0.0,0.0,0.29741891934145503,0.0,0.0,,,,,,,,,,,,,,,,,,,,,,,,,,,,,,,,,,,,,,,,,,,,,,,,,,,,,,,,,,,,,,,,,,,,,,,,,,,,,,,,,,,,,,,,,,,,,,,,,,,,,,,,,,,,,,,,,,,,,,,,,,,,,,,,,,,,,,,,,,,,,,,,,,,,,,,,,,,,,,,,,,,,,,,,,,,,,,,,,,,,,,,,,,,,,,,,,,,,,,,,,,,,,,,,,,,,,,,,,,,,,,,,,,,,,,,,,,,,,,,,,,,,,,,,,,,,,,,,,,,,,,,,,,,,,,59.946236559139784,8.736559139784946,7.526881720430108,55.376344086021504,60.08064516129033
