Player,Team,Pos,Gls_p90,Ast_p90,G+A_p90,PosGroup,Is_Attacker,Is_Defender,TeamSheet,FM_Mevki,FM_Rol,FM_Rol_Base,FM_Rol_Gorev,MevkiGroup,top_calma_p90,kayarak_mudahale_p90,uzaklastirma_p90,ikili_mucadele_kazanma_yuzde,hava_topu_kazanma_yuzde,orta_sayisi_p90,sut_p90,asist_p90_sentetik,xA_p90_sentetik,dribbling_p90,kilit_pas_p90,ara_pas_p90,uzun_pas_p90,sahipsiz_top_kazanma_p90,hava_topu_mucadele_p90,xG_p90_sentetik,pas_isabet_yuzde,kaleci_sut_karsilama_yuzde,kaleci_kurtaris_sayisi_p90,kaleci_pas_isabet_yuzde,kaleci_sahipsiz_top_kazanma_p90,kaleci_yenilen_gol_p90
Nuno Lima,Alanya,DF,0.0,0.0,0.0,DF,False,True,Alanya,Stoper,Pas Dağıtan Stoper (Savunma),Pas Dağıtan Stoper,Savunma,CB,1.7466751042077973,1.1646826516096702,3.681345553197774,51.21636548281538,56.76732135299197,,,,,,,,4.882440885574228,,,,80.91035993730397,,,,,
Ertuğrul Taşkıran,Alanya,GK,0.0,0.0,0.0,GK,False,False,Alanya,Kaleci,Kaleci (Savunma),Kaleci,Savunma,GK,,,,,,,,,,,,,,,,,,62.49080237694725,2.913841307520112,60.11044234247205,0.3372788992949735,0.9272607415662014
Gaius Makouta,Alanya,MF,0.0,0.0,0.0,MF,True,True,Alanya,Merkez Orta Saha,İki Yönlü Orta Saha,İki Yönlü Orta Saha,,CM,2.714643186041126,,,,,,0.5537114399137317,0.193658445159447,0.2890923744478286,2.8074722919873407,2.4769764400035457,0.6874406310667,4.393799362072765,4.05832191903734,,,,,,,,
Ümit Akdag,Alanya,DF,0.09,0.0,0.09,DF,False,True,Alanya,,,,,MID,,,,,,,1.6672420461008937,0.16097606338528267,0.035223117483236664,1.2340517193304321,1.8528222787825501,0.7273926122001491,3.5389791584037282,5.990206636436879,,,82.25909593052413,,,,,
Fidan Aliti,Alanya,DF,0.0,0.0,0.0,DF,False,True,Alanya,Stoper,Standart Stoper (Sıkı Defans),Standart Stoper,Sıkı Defans,CB,1.6862055356117984,1.4100195254978845,7.724784145059681,51.15006605054382,68.86828540339653,,,,,,,,1.4289750461585076,,,,85.6623278918101,,,,,
Yusuf Özdemir,Alanya,MF,0.1,0.1,0.2,MF,True,True,Alanya,Sol Bek,Standart Bek (Hücum),Standart Bek,Hücum,FB,1.9348481554857462,,,54.671027950521975,,3.4969519836559684,,,,,,,,,,,82.20721764823516,,,,,
Maestro,Alanya,MF,0.11,0.11,0.21,MF,True,True,Alanya,,,,,MID,,,,,,,1.803246876965534,0.13257553331228958,0.08395593946458065,3.0085109651214683,1.4014850889990793,1.8138246252755854,6.5689422193662965,5.513552697027287,,,78.62387222373249,,,,,
Uchenna Ogundu,Alanya,FW,0.26,0.13,0.39,FW,True,False,Alanya,Santrafor,Yaratıcı Forvet,Yaratıcı Forvet,,FWD,,,,,,,2.962126340720595,,,,,,,,4.0016712112465616,0.30076415710348664,,,,,,
İbrahim Kaya,Alanya,"MF,FW",0.28,0.0,0.28,MF,True,True,Alanya,On Numara,Ofansif Orta Saha (Destek),Ofansif Orta Saha,Destek,AM,,,,,,,1.7009297266201906,0.010487805857909066,0.049690196416347865,3.046762280485903,2.88867309067521,1.3086418291040132,6.76407508501253,8.4890754064086,,,78.38092518447587,,,,,
Hwang Ui-jo,Alanya,"MF,FW",0.14,0.14,0.28,MF,True,True,Alanya,,,,,MID,,,,,,,1.373337491981202,0.24212219439859595,0.1217794940537583,2.170162881154258,1.1629961044687116,0.9237086395550056,3.633712710150204,5.174363394699799,,,83.08002172983836,,,,,
Ianis Hagi,Alanya,"MF,FW",0.34,0.17,0.51,MF,True,True,Alanya,On Numara,Oyun Kurucu (Hücum),Oyun Kurucu,Hücum,AM,,,,,,,1.1975501383763827,0.19967854791364364,0.1576228426168944,0.8172418536354507,3.2459357023786,1.137842278156541,3.772124743965274,6.4835301016682605,,,79.01478453716686,,,,,
Ruan,Alanya,MF,0.0,0.0,0.0,MF,True,True,Alanya,,,,,MID,,,,,,,2.213000664100833,0.07320550917524118,0.2620892179371572,1.5750029595722645,1.95276038578335,0.5563566355983611,4.528170767109794,6.793585727517183,,,85.28216346648168,,,,,
Florent Hadergjonaj,Alanya,MF,0.21,0.21,0.42,MF,True,True,Alanya,Sağ Bek,Ofansif Bek (Destek),Ofansif Bek,Destek,FB,1.0929437810427707,,,58.63598685460825,,4.527843928582583,,,,1.5436991984969803,,,,,,,79.66479629360553,,,,,
Enes Keskin,Alanya,MF,0.0,0.25,0.25,MF,True,True,Alanya,,,,,MID,,,,,,,1.490071748786058,0.24499258233971266,0.22790165470858592,2.465702679614504,1.0004040790134558,0.6918002018336263,6.7056040626683675,3.078566739530002,,,88.5716760676759,,,,,
Nicolas Janvier,Alanya,MF,0.0,0.0,0.0,MF,True,True,Alanya,Merkez Orta Saha,Standart Orta Saha (Destek),Standart Orta Saha,Destek,CM,,,,,,,1.4062819430224351,0.15047039740908053,0.2173249986174509,3.449202680674044,2.5333874177116895,1.6483201257737914,6.3815971657115576,6.9812242321002635,,,88.59497779822466,,,,,
Güven Yalçın,Alanya,MF,0.45,0.0,0.45,MF,True,True,Alanya,Santrafor,Yardımcı Forvet (Hücum),Yardımcı Forvet,Hücum,FWD,,,,,,,4.689535373166814,,,,,,,,1.4163645154251003,0.9833212440804926,,,,,,
Bruno Viana,Alanya,DF,0.0,0.0,0.0,DF,False,True,Alanya,Stoper,Standart Stoper (Durdurucu),Standart Stoper,Durdurucu,CB,3.2944315159066537,0.8948217473477538,8.341157077660613,51.018220057974254,76.3241604058116,,,,,,,,3.2845318951524165,,,,80.75407628587163,,,,,
Andraž Šporar,Alanya,FW,0.0,0.0,0.0,FW,True,False,Alanya,,,,,MID,,,,,,,0.453848338193515,0.14560566455181162,0.12333123131337903,2.5058965229450045,1.1405557255828094,0.5000174521330492,2.512839812917949,4.068215801218509,,,85.90854492158678,,,,,
Meschak Elia,Alanya,MF,0.0,0.0,0.0,MF,True,True,Alanya,,,,,MID,,,,,,,1.1166204380149285,0.18701829485738303,0.29450664357966594,1.5014696688732316,1.8285086734626983,1.1248487427234384,3.963653716357081,8.766421904816731,,,80.53478197767517,,,,,
Steve Mounié,Alanya,FW,0.0,0.0,0.0,FW,True,False,Alanya,Santrafor,Pivot Santrafor (Hücum),Pivot Santrafor,Hücum,FWD,,,,,,,5.304258738193142,,,,,,,3.2604163319787904,9.241711172423292,0.7390711186160037,,,,,,
İzzet Çelik,Alanya,MF,0.0,0.0,0.0,MF,True,True,Alanya,Merkez Orta Saha,Standart Orta Saha (Destek),Standart Orta Saha,Destek,CM,,,,,,,1.1984107994503,0.2029424470225344,0.1649505085893576,2.5118153983689506,3.1209294623671484,1.2837652716283827,4.766855948748859,3.8919763665186777,,,88.35596197630646,,,,,
Efecan Karaca,Alanya,"FW,MF",0.0,0.0,0.0,FW,True,False,Alanya,On Numara,Serbest Oyuncu (Trequartista),Serbest Oyuncu,Trequartista,AM,,,,,,,1.2375278398834912,0.16411965183287566,0.34268672830530406,2.25796052523281,1.1880688648655977,0.5819516300014584,4.5156623627577,5.487744742362143,,,88.6331212237585,,,,,
Fatih Aksoy,Alanya,"DF,MF",0.0,0.0,0.0,DF,False,True,Alanya,Stoper,Standart Stoper (Savunma),Standart Stoper,Savunma,CB,3.300836114326661,1.7345044427882057,6.292330017026275,71.38651460027518,72.05213131411656,,,,,,,,2.854654189948783,,,,81.92338501948788,,,,,
Mert Furkan Bayram,Alanya,GK,,,,GK,False,False,Alanya,Kaleci,Kaleci (Savunma),Kaleci,Savunma,GK,,,,,,,,,,,,,,,,,,74.01428612819832,2.2930163420191514,76.30922856909669,0.24618794589727583,0.5553304210317992
Rony Lopes,Alanya,"FW,MF",,,,FW,True,False,Alanya,,,,,MID,,,,,,,1.6183619753773977,0.032023936591550006,0.22194974840350787,2.9055825669080875,3.518015477068007,1.9596172444584994,2.9693153396844636,3.512098008471863,,,80.3598430194355,,,,,
Baran Mogultay,Alanya,DF,,,,DF,False,True,Alanya,,,,,MID,,,,,,,1.520565348126445,0.0845668764986246,0.04419265954757595,1.0888477248327877,1.0114597679757493,0.839187996874508,6.294083855840773,8.981245511075684,,,86.84911302924813,,,,,
Bedirhan Özyurt,Alanya,DF,,,,DF,False,True,Alanya,,,,,MID,,,,,,,1.676600694866234,0.23202091008151243,0.23666214672640187,2.854775336755476,1.7404716076057067,0.9562980794544214,5.384703914984186,6.013170061987456,,,81.43823458712548,,,,,
Arda Usluoğlu,Alanya,FW,,,,FW,True,False,Alanya,,,,,MID,,,,,,,2.0062548492384695,0.05615390296096298,0.11378640540109464,2.261419762425498,3.2227121684562143,0.9559137683825409,6.189541874259018,6.5723101039202625,,,87.63168374823516,,,,,
Paulo Victor Vidotti,Alanya,GK,,,,GK,False,False,Alanya,,,,,MID,,,,,,,2.1072700513037965,0.09304175595937833,0.2402145188401341,3.400078410419286,1.9488104491879203,0.8456249931760249,6.293821396747361,3.4024588643305647,,,89.96685479884323,,,,,
Opponent Total,Alanya,NAN,1.0,0.75,,NAN,False,False,Alanya,,,,,MID,,,,,,,1.9080584600756385,0.108019220736049,0.024374401856842007,1.7230548483044525,1.3056771641980407,0.5022107331294672,5.741779268328699,7.499762822395066,,,78.36031206395272,,,,,
Kenneth Paal,Antalya,DF,0.0,0.0,0.0,DF,False,True,Antalya,Sol Bek,Standart Bek (Destek),Standart Bek,Destek,FB,1.1268913319747402,,,50.791488655741986,,1.4675921628334563,,,,,,,,,,,81.08244150438253,,,,,
Georgi Dzhikiya,Antalya,DF,0.18,0.0,0.18,DF,False,True,Antalya,,,,,MID,,,,,,,2.4065997615053627,0.10985124742361305,0.06120850301158578,2.50807911146166,2.0807017564012837,1.5940171911319945,4.196053006248587,4.259433558573514,,,88.76839038949119,,,,,
Abdülkadir Ömür,Antalya,MF,0.0,0.11,0.11,MF,True,True,Antalya,On Numara,Serbest Oyuncu (Trequartista),Serbest Oyuncu,Trequartista,AM,,,,,,,0.43828842362035947,0.15323489562363138,0.2995080406170252,3.3164758848770477,1.8111798591535766,1.950268249698928,5.052733775077122,8.388325736644283,,,85.4715664031839,,,,,
Bünyamin Balcı,Antalya,DF,0.0,0.2,0.2,DF,False,True,Antalya,Sağ Bek,Ofansif Bek (Hücum),Ofansif Bek,Hücum,FB,0.8694766476530141,,,43.189507569889095,,7.089016333343576,,,,1.1994888021003325,,,,,,,86.40360703057041,,,,,
Sander van de Streek,Antalya,"MF,FW",0.0,0.25,0.25,MF,True,True,Antalya,On Numara,Ofansif Orta Saha (Hücum),Ofansif Orta Saha,Hücum,AM,,,,,,,0.8111337699354468,0.2357689594361769,0.0795128449582302,1.076776265574834,3.528135706481665,0.8364402249275675,2.801827030598716,4.2308378428920435,,,89.68059142997785,,,,,
Lautaro Gianetti,Antalya,DF,0.0,0.11,0.11,DF,False,True,Antalya,Stoper,Standart Stoper (Sıkı Defans),Standart Stoper,Sıkı Defans,CB,2.766202914546536,1.749321434702846,8.726666084552086,67.5914464845006,74.10442791154546,,,,,,,,1.3033680283683706,,,,82.65323557883079,,,,,
Soner Dikmen,Antalya,MF,0.25,0.0,0.25,MF,True,True,Antalya,Merkez Orta Saha,İki Yönlü Orta Saha,İki Yönlü Orta Saha,,CM,2.9620666454298483,,,,,,0.41588203745409846,0.06017317795812624,0.292964393835029,3.3305169155384187,2.7318370876993936,1.8368506681804848,4.053524819336015,4.144126323981999,,,,,,,,
Nikola Storm,Antalya,"MF,FW",0.25,0.13,0.38,MF,True,True,Antalya,Sol Kanat,Kanat Oyuncusu (Hücum),Kanat Oyuncusu,Hücum,WING,,,,,,2.0756775854463743,1.5046109672995547,0.10637138025284752,0.48690020667857475,3.10619348223032,,,,,,,,,,,,
Jesper Ceesay,Antalya,"MF,DF",0.0,0.0,0.0,MF,True,True,Antalya,Ön Libero,Defansif Orta Saha (Destek),Defansif Orta Saha,Destek,DM,,,,,,,1.7596968997246663,0.030375344075229516,0.09774663095904365,2.6572914502121963,1.9400437527554293,1.4945707877051335,5.368227087374539,3.219298007088569,,,83.58011421031713,,,,,
Julián Cuesta,Antalya,GK,0.0,0.0,0.0,GK,False,False,Antalya,Kaleci,Kaleci (Savunma),Kaleci,Savunma,GK,,,,,,,,,,,,,,,,,,69.6398788362281,4.05269907953647,74.13714687695234,0.3738508717482608,1.4143465009698453
Abdullah Yiğiter,Antalya,GK,0.0,0.0,0.0,GK,False,False,Antalya,Kaleci,Kaleci (Savunma),Kaleci,Savunma,GK,,,,,,,,,,,,,,,,,,66.97316968394074,3.3204574812188037,74.58014336081975,0.2967327723524027,1.2540185348432922
Tomáš Čvančara,Antalya,FW,0.17,0.0,0.17,FW,True,False,Antalya,Santrafor,Pivot Santrafor (Hücum),Pivot Santrafor,Hücum,FWD,,,,,,,4.692368523644868,,,,,,,3.6185782646969935,9.973413402944127,0.8775097795431623,,,,,,
Ramzi Safouri,Antalya,MF,0.0,0.19,0.19,MF,True,True,Antalya,,,,,MID,,,,,,,2.285864152794973,0.04936762246498433,0.22500866852054766,0.9831600595839642,3.366797415328022,1.6128444904380728,2.8962662786964035,5.832401670659996,,,88.16865516685648,,,,,
Yohan Boli,Antalya,FW,0.52,0.26,0.79,FW,True,False,Antalya,Santrafor,Yaratıcı Forvet,Yaratıcı Forvet,,FWD,,,,,,,5.297401788997398,,,,,,,,3.04575142861335,0.45946350188121443,,,,,,
Dario Šarić,Antalya,MF,0.0,0.0,0.0,MF,True,True,Antalya,Merkez Orta Saha,Savaşçı Orta Saha (Destek),Savaşçı Orta Saha,Destek,CM,4.378811059687594,1.0788611876672574,,,,,0.9113128228102285,0.22173122505231738,0.24295270072844083,1.612601630756404,,,,8.224451672303651,,,,,,,,
Güray Vural,Antalya,"MF,FW",0.65,0.0,0.65,MF,True,True,Antalya,,,,,MID,,,,,,,2.3467725440722442,0.1614527031638015,0.17942916360076852,2.7120646393422607,3.675616434432204,1.772638068635787,5.469747952550784,3.394251836570114,,,78.74872882317932,,,,,
Veysel Sarı,Antalya,DF,0.0,0.38,0.38,DF,False,True,Antalya,Stoper,Çakılı Stoper,Çakılı Stoper,,CB,2.1780595820974016,1.7063508292424934,4.244001999512395,61.85434572718313,58.4610371771392,,,,,,,,1.2523204183449923,,,,79.99995171244551,,,,,
Hasan İlçin,Antalya,MF,0.0,0.0,0.0,MF,True,True,Antalya,,,,,MID,,,,,,,0.5265615196080778,0.07147669730979003,0.10685873684385594,0.9818466239656837,2.3014522587295887,1.1339437955204137,3.147990803769843,7.653165700170064,,,82.02334860093956,,,,,
Jakub Kałuziński,Antalya,MF,0.0,0.0,0.0,MF,True,True,Antalya,,,,,MID,,,,,,,2.36231565629158,0.2039867347421543,0.07442553172988364,2.371860242475938,3.729829431563176,0.9543963584606439,2.5877565007511,5.7197330084881655,,,78.80419845301452,,,,,
Samuel Ballet,Antalya,MF,0.0,0.0,0.0,MF,True,True,Antalya,Sağ Kanat,Kanat Oyuncusu (Hücum),Kanat Oyuncusu,Hücum,WING,,,,,,7.78585751934025,3.637990647035422,0.3961329215174594,0.2720993312518511,3.9049563683419994,,,,,,,,,,,,
Samet Karakoç,Antalya,DF,0.0,0.0,0.0,DF,False,True,Antalya,,,,,MID,,,,,,,1.1384076432032324,0.215342499090859,0.011616274096849177,1.7338842537729833,2.1319541618895785,0.9879427010345467,2.8264224507147873,6.14634161596548,,,89.70411760174885,,,,,
Doğukan Sınık,Antalya,MF,0.0,0.0,0.0,MF,True,True,Antalya,,,,,MID,,,,,,,0.6129837397433547,0.2116285846725695,0.10638124043425333,2.4764718979721883,3.8922352494703247,1.5689319996477693,2.0099606760953512,5.644576481629369,,,87.80368688726205,,,,,
Bachir Gueye,Antalya,FW,2.0,0.0,2.0,FW,True,False,Antalya,,,,,MID,,,,,,,1.420330694291284,0.2297316334098886,0.22860697668594904,0.9235034912937847,1.2678685735767188,1.725169199758454,5.593698089267651,5.404578365251956,,,88.23056905495164,,,,,
Bahadır Öztürk,Antalya,DF,0.0,0.0,0.0,DF,False,True,Antalya,Stoper,Standart Stoper (Savunma),Standart Stoper,Savunma,CB,2.198419149225322,1.1071745702809888,4.298785509993715,52.445854016275035,55.32318631339169,,,,,,,,3.10290739437736,,,,81.9031388809247,,,,,
Engin Yıldırım,Antalya,FW,0.0,0.0,0.0,FW,True,False,Antalya,,,,,MID,,,,,,,0.9392307922130667,0.0630602550433404,0.3284066864569689,3.153149376611416,3.061057799509728,0.772420951634904,5.662005245291896,6.357841987849307,,,89.25558277720673,,,,,
Hüseyin Türkmen,Antalya,DF,0.0,0.0,0.0,DF,False,True,Antalya,Stoper,Standart Stoper (Savunma),Standart Stoper,Savunma,CB,2.951911357740479,0.7170022781817541,10.580804485277266,62.29039687792081,72.51844254922575,,,,,,,,1.2182890190925806,,,,81.4274574311541,,,,,
Mert Yilmaz,Antalya,"DF,MF",0.0,0.0,0.0,DF,False,True,Antalya,,,,,MID,,,,,,,0.998233094120038,0.18876048218656957,0.30492156879206816,3.4284202167789717,2.481442121370786,1.0564115122366478,4.574666749566298,3.931441475584275,,,79.02124183343743,,,,,
Kerem Kayaarası,Antalya,FW,0.0,0.0,0.0,FW,True,False,Antalya,,,,,MID,,,,,,,1.0453089263452018,0.115134874318535,0.2681226717873559,3.415970209271367,2.162946416366941,1.852910295123725,2.8068140052769186,4.091568782971627,,,82.62717111016,,,,,
Ali Demirbilek,Antalya,FW,0.0,0.0,0.0,FW,True,False,Antalya,,,,,MID,,,,,,,2.086354385448593,0.21049963822251538,0.27595657013865454,2.824059945705897,2.8981356362458026,1.7100402795421088,2.417771687553449,8.170713726081104,,,78.85241866852803,,,,,
Alp Abay,Antalya,NAN,,,,NAN,False,False,Antalya,,,,,MID,,,,,,,1.5322386810180344,0.1821226692904033,0.2327447162165983,1.1512328483527063,3.1115712749029933,1.9772876041437137,2.095644832186435,8.676692772801797,,,80.52951721860035,,,,,
Kagan Arican,Antalya,GK,,,,GK,False,False,Antalya,,,,,MID,,,,,,,1.0537461682276077,0.19411186162493116,0.09110040014810104,2.847310629008361,1.0130898089509273,1.6313723895231211,2.8287408848261038,5.239855897678518,,,80.75238932445207,,,,,
Mehmet Dadakdeniz,Antalya,GK,,,,GK,False,False,Antalya,,,,,MID,,,,,,,1.6817009449529285,0.16404045942026788,0.3175182607470404,0.8663846744387641,1.500859266241596,1.0897928015418834,6.454277674915733,4.624468038861322,,,83.62928653257094,,,,,
Ege Izmirli,Antalya,DF,,,,DF,False,True,Antalya,,,,,MID,,,,,,,1.9039164158687067,0.04435719236742672,0.2347563091670419,0.8597335891282927,3.139138151902956,1.3859567509919566,3.2076842085084087,6.863997259434095,,,81.22274600944371,,,,,
Berkay Topdemir,Antalya,FW,,,,FW,True,False,Antalya,,,,,MID,,,,,,,0.972510401540421,0.13625672972423458,0.19615422084315398,1.6737475917037614,2.9991562407346195,1.4915213813709804,3.7713566360860784,5.452405026588578,,,79.21173728181313,,,,,
Opponent Total,Antalya,NAN,,,,NAN,False,False,Antalya,,,,,MID,,,,,,,1.2684531132032384,0.24616743488112705,0.038846314224718376,2.1193366140925978,3.8981425153860316,0.6176837244756859,2.526727422406666,3.152318133962069,,,80.00989306912929,,,,,
Eldor Shomurodov,Basaksehir,"FW,MF",0.69,0.09,0.77,FW,True,False,Başakşehir,Santrafor,Yaratıcı Forvet,Yaratıcı Forvet,,FWD,,,,,,,3.5879686488298965,,,,,,,,6.503608399466084,0.7411869996164835,,,,,,
Jerome Opoku,Basaksehir,DF,0.0,0.0,0.0,DF,False,True,Başakşehir,Stoper,Standart Stoper (Durdurucu),Standart Stoper,Durdurucu,CB,3.294220519905154,1.7211504188464979,6.881525131290103,61.836794269514144,74.20504217801792,,,,,,,,3.4655801778710686,,,,84.91273811540088,,,,,
Muhammed Şengezer,Basaksehir,GK,0.0,0.0,0.0,GK,False,False,Başakşehir,Kaleci,Kaleci (Savunma),Kaleci,Savunma,GK,,,,,,,,,,,,,,,,,,58.12037280884873,2.3661147045343363,75.42540693371892,0.757818591405544,0.5772181268749841
Crespo,Basaksehir,"MF,FW",0.0,0.43,0.43,MF,True,True,Başakşehir,,,,,MID,,,,,,,0.6559607960075899,0.23434701662427973,0.15646944033224888,2.880100028081042,3.283113370752349,1.3167454386557975,3.111806523740851,3.936915584197142,,,79.7673067626251,,,,,
Christopher Operi,Basaksehir,"DF,MF",0.0,0.0,0.0,DF,False,True,Başakşehir,Sol Bek,Standart Bek (Hücum),Standart Bek,Hücum,FB,1.0871896072226797,,,47.09439764496811,,4.7593284944539,,,,,,,,,,,82.56035929608507,,,,,
Berat Özdemir,Basaksehir,"MF,DF",0.0,0.0,0.0,MF,True,True,Başakşehir,Ön Libero,Gizli Libero,Gizli Libero,,DM,,,,,,,0.7804136340228287,0.010793433949252917,0.16112539492067418,2.644897516837564,3.852318123194014,1.5639812427089144,4.596122853901026,7.295833373084385,,,89.67692157494758,,,,,
Yusuf Sari,Basaksehir,MF,0.0,0.14,0.14,MF,True,True,Başakşehir,,,,,MID,,,,,,,1.8303474933264638,0.04120370393235928,0.30259726333293446,2.0039373072172206,3.107621504604421,0.7509819560015906,5.038763415478263,6.953543651460908,,,87.11151008302168,,,,,
Festy Ebosele,Basaksehir,DF,0.0,0.0,0.0,DF,False,True,Başakşehir,Sağ Bek,Ofansif Bek (Hücum),Ofansif Bek,Hücum,FB,1.2736035763543296,,,49.077057409965875,,7.561367159338119,,,,3.223361947870177,,,,,,,80.10178639649426,,,,,
Léo Duarte,Basaksehir,DF,0.0,0.0,0.0,DF,False,True,Başakşehir,Stoper,Standart Stoper (Sıkı Defans),Standart Stoper,Sıkı Defans,CB,3.2741728485302346,1.1710025631490457,5.016484101215078,54.33004674775038,79.7151542600202,,,,,,,,3.1187266814694885,,,,75.49991018375604,,,,,
Olivier Kemen,Basaksehir,MF,0.0,0.17,0.17,MF,True,True,Başakşehir,Merkez Orta Saha,Savaşçı Orta Saha (Destek),Savaşçı Orta Saha,Destek,CM,3.210956818209212,1.1372053986904564,,,,,0.7810205301608166,0.03293219336364048,0.19132687706572596,1.5387919989604981,,,,6.504698588794842,,,,,,,,
Nuno da Costa,Basaksehir,"MF,FW",0.34,0.0,0.34,MF,True,True,Başakşehir,,,,,MID,,,,,,,1.5028431057008262,0.18149497749632387,0.13314019213964337,3.4922361504258204,1.8941566259183293,1.6709475761383357,3.226761570831055,4.331832971597697,,,89.61313758323475,,,,,
Ousseynou Ba,Basaksehir,DF,0.0,0.0,0.0,DF,False,True,Başakşehir,Stoper,Çakılı Stoper,Çakılı Stoper,,CB,3.0597510917152477,1.7633203009480365,8.177946080438435,60.846291230949326,62.37853030734279,,,,,,,,1.2440463419256993,,,,78.09059508551454,,,,,
Umut Güneş,Basaksehir,MF,0.0,0.0,0.0,MF,True,True,Başakşehir,Merkez Orta Saha,Standart Orta Saha (Destek),Standart Orta Saha,Destek,CM,,,,,,,1.8889971496171087,0.20444633246423627,0.3418801149787308,1.9506895160371271,1.3160947667525695,1.3756591707711674,2.288660796125586,4.386448779528428,,,83.2768858380949,,,,,
Deniz Turuc,Basaksehir,MF,0.0,0.19,0.19,MF,True,True,Başakşehir,,,,,MID,,,,,,,0.6244415384989621,0.05337784157766798,0.03875220766421048,2.018744965690124,3.3454715900348067,1.928332678546392,3.955164345636993,7.03135646159237,,,81.34042177995188,,,,,
Onur Bulut,Basaksehir,DF,0.0,0.0,0.0,DF,False,True,Başakşehir,Sağ Bek,Çalışkan Kanat Oyuncusu (Destek),Çalışkan Kanat Oyuncusu,Destek,FB,1.1009178232704695,,,56.147931033290035,,3.5108322122856714,,,,,,,,,,,74.25354257349177,,,,,
Ömer Ali Şahiner,Basaksehir,"DF,MF",0.0,0.0,0.0,DF,False,True,Başakşehir,Sağ Bek,Standart Bek (Destek),Standart Bek,Destek,FB,0.9507943073869946,,,54.269457616722796,,2.3396224586283445,,,,,,,,,,,86.20973472521813,,,,,
Ivan Brnić,Basaksehir,MF,0.5,0.0,0.5,MF,True,True,Başakşehir,,,,,MID,,,,,,,1.5913556612206974,0.12646317323795725,0.14789194990918061,1.241784317217507,2.9324476644277477,0.5636334473103375,3.1710168546316706,3.118263226526185,,,87.57951836651024,,,,,
Amine Harit,Basaksehir,MF,0.0,0.31,0.31,MF,True,True,Başakşehir,On Numara,Serbest Oyuncu (Trequartista),Serbest Oyuncu,Trequartista,AM,,,,,,,0.9387818457728639,0.2101757570028,0.01470863630999185,2.9459857816248096,1.1445580371798887,0.8979892063332005,3.0977696161490096,3.624651491907443,,,81.91504701649376,,,,,
Jakub Kałuziński,Basaksehir,MF,0.0,0.0,0.0,MF,True,True,Başakşehir,,,,,MID,,,,,,,2.4221464379989177,0.18320038619156265,0.25896644226842563,2.6729420096100194,2.080151397702935,1.402330818949736,6.799314013567276,7.799496512239136,,,81.59260048446419,,,,,
Onur Ergün,Basaksehir,MF,0.0,0.7,0.7,MF,True,True,Başakşehir,Ön Libero,Defansif Orta Saha (Savunma),Defansif Orta Saha,Savunma,DM,,,,,,,1.415445858111842,0.13555930137296207,0.3213267932697027,1.396077954529653,3.8703994464528586,0.9448398683088961,5.08150242962862,4.071267972326002,,,80.79007190649398,,,,,
Abbosbek Fayzullayev,Basaksehir,MF,0.0,0.0,0.0,MF,True,True,Başakşehir,,,,,MID,,,,,,,2.092584354527832,0.14758692261469322,0.09801306534267129,1.0224288231627754,2.5012034371306036,1.5716362461068634,4.784392215860479,6.916476647111248,,,79.55614773869083,,,,,
Hamza Güreler,Basaksehir,DF,0.0,0.0,0.0,DF,False,True,Başakşehir,Stoper,Standart Stoper (Savunma),Standart Stoper,Savunma,CB,2.7840632923085753,1.7599819747981782,10.159948424788887,59.96261835993434,61.160542573783495,,,,,,,,1.2545131422555758,,,,85.45452632484215,,,,,
Deniz Dilmen,Basaksehir,GK,0.0,0.0,0.0,GK,False,False,Başakşehir,,,,,MID,,,,,,,1.5554757385281497,0.12709013672907,0.3004195868796923,2.6373481156017258,2.298187408059114,1.6385079237828966,4.078875517616609,4.429096686280359,,,81.07755673220119,,,,,
Davie Selke,Basaksehir,FW,0.0,0.0,0.0,FW,True,False,Başakşehir,Santrafor,Pivot Santrafor (Hücum),Pivot Santrafor,Hücum,FWD,,,,,,,2.6252678828354434,,,,,,,2.4998769758943653,7.496286696068089,0.6753934618468778,,,,,,
Ömer Faruk Beyaz,Basaksehir,MF,0.0,0.0,0.0,MF,True,True,Başakşehir,,,,,MID,,,,,,,0.49116631899512025,0.07438711282970514,0.10227638066166421,2.567180278559065,2.373098815477882,0.6537739460997116,4.144721667150721,3.596648356556071,,,82.26383698168665,,,,,
Bertuğ Yıldırım,Basaksehir,FW,0.0,0.0,0.0,FW,True,False,Başakşehir,Santrafor,Pivot Santrafor (Destek),Pivot Santrafor,Destek,FWD,,,,,,,4.951803789590368,,,,,,,3.1907475685887134,8.87484292626503,0.6825200960983576,,,,,,
Doğan Alemdar,Basaksehir,GK,,,,GK,False,False,Başakşehir,Kaleci,Kaleci (Savunma),Kaleci,Savunma,GK,,,,,,,,,,,,,,,,,,58.11989040672405,3.4855307303338106,61.480893034681806,0.6848722277386503,0.9179696963549171
Berkay Aslan,Basaksehir,MF,,,,MF,True,True,Başakşehir,,,,,MID,,,,,,,1.729617888747447,0.14125549821475403,0.3187695565753703,1.5378007228951653,1.626648172015491,1.2707816963101517,4.704525019190404,4.459033145996725,,,86.08793049774877,,,,,
Volkan Babacan,Basaksehir,GK,,,,GK,False,False,Başakşehir,Kaleci,Kaleci (Savunma),Kaleci,Savunma,GK,,,,,,,,,,,,,,,,,,56.16167224336399,2.103165563345655,67.16931457088545,0.5800422539062542,1.8623988289499804
Luca Stančič,Basaksehir,GK,,,,GK,False,False,Başakşehir,,,,,MID,,,,,,,2.39794701863398,0.17222132551252267,0.26388666625887436,3.3673316180761086,2.1061215125943855,1.2633358333865838,5.482149035180536,7.333601591133955,,,78.75077810663342,,,,,
Opponent Total,Basaksehir,NAN,0.83,0.67,,NAN,False,False,Başakşehir,,,,,MID,,,,,,,1.6633848223072958,0.21833072896520192,0.2817173718945035,1.2078563078084308,2.10943976796153,1.0539211553233117,5.510730480909148,8.134178808637714,,,80.52608327598412,,,,,
Tammy Abraham,Besiktas,FW,0.51,0.1,0.61,FW,True,False,Beşiktaş,Santrafor,Pivot Santrafor (Hücum),Pivot Santrafor,Hücum,FWD,,,,,,,3.4418980205662155,,,,,,,2.8575182060975104,5.961646146020051,0.7460259676301773,,,,,,
Wilfred Ndidi,Besiktas,MF,0.11,0.0,0.11,MF,True,True,Beşiktaş,Ön Libero,Ön Libero (Çapa),Ön Libero,Çapa,DM,1.9838633606310592,,,,,,2.1202966047962595,0.15907283849481202,0.006302294460159074,1.9673039628150253,,,4.600849461553755,7.981319187401949,,,,,,,,
Rafa Silva,Besiktas,MF,0.55,0.11,0.66,MF,True,True,Beşiktaş,On Numara,Serbest Oyuncu (Trequartista),Serbest Oyuncu,Trequartista,AM,,,,,,,2.2568335730316567,0.1902803842607895,0.33698362497590906,3.347762984452517,1.157065060562417,1.8993872938545082,2.858469538527248,5.383101177710729,,,87.70828368350011,,,,,
Orkun Kökçü,Besiktas,MF,0.0,0.22,0.22,MF,True,True,Beşiktaş,Merkez Orta Saha,Regista,Regista,,CM,,,,,,,0.8789675210927582,0.04001790873864325,0.25433484722461314,1.9332637557005303,2.5951838776204625,1.9668148719462932,6.251979447517611,7.008510819423877,,,90.37978010515467,,,,,
Mert Günok,Besiktas,GK,0.0,0.0,0.0,GK,False,False,Beşiktaş,Kaleci,Kaleci (Savunma),Kaleci,Savunma,GK,,,,,,,,,,,,,,,,,,72.3235229154987,4.727961206236346,62.317381190502594,0.7228763541126306,0.8593428360004587
Emir Topçu,Besiktas,DF,0.13,0.0,0.13,DF,False,True,Beşiktaş,,,,,MID,,,,,,,0.845294163807276,0.11538936860494747,0.10666288338514665,2.524020058693031,3.302702885553755,1.7412594798098318,4.500563760383135,4.229905772494925,,,79.76306308300525,,,,,
Václav Černý,Besiktas,MF,0.16,0.64,0.8,MF,True,True,Beşiktaş,,,,,MID,,,,,,,1.6830600765870827,0.002332904956773324,0.2902881327005964,1.8735048744995446,2.249513295711637,1.5458140728644552,4.05979047517051,4.75888638156608,,,82.11174175827026,,,,,
El Bilal Touré,Besiktas,"MF,FW",0.27,0.27,0.54,MF,True,True,Beşiktaş,Santrafor,Yaratıcı Forvet,Yaratıcı Forvet,,FWD,,,,,,,4.68508330091653,,,,,,,,2.760120528646059,0.6602873385032788,,,,,,
Tiago Djaló,Besiktas,DF,0.14,0.0,0.14,DF,False,True,Beşiktaş,Stoper,Pas Dağıtan Stoper (Sıkı Defans),Pas Dağıtan Stoper,Sıkı Defans,CB,1.492132729475271,0.6226132915688779,7.029439173556797,48.690784231520134,58.12424766071187,,,,,,,,9.559525750968966,,,,81.54655666292778,,,,,
Gökhan Sazdağı,Besiktas,DF,0.0,0.0,0.0,DF,False,True,Beşiktaş,Sağ Bek,Çalışkan Kanat Oyuncusu (Savunma),Çalışkan Kanat Oyuncusu,Savunma,FB,1.0050809808710215,,,48.902418147446156,,1.557088290653549,,,,,,,,,,,87.04965595477057,,,,,
David Jurásek,Besiktas,DF,0.0,0.0,0.0,DF,False,True,Beşiktaş,Sol Bek,Ofansif Bek (Hücum),Ofansif Bek,Hücum,FB,1.5833239056556339,,,64.6628812198245,,6.573832443647065,,,,2.7234193395397357,,,,,,,85.6157927131305,,,,,
Ohis Felix Uduokhai,Besiktas,DF,0.0,0.0,0.0,DF,False,True,Beşiktaş,,,,,MID,,,,,,,1.26315978659408,0.061669716130405755,0.09853241944522548,1.5403810463414092,3.46653966044927,1.5714899536024962,6.352634831346921,8.37801491112672,,,88.37590706229769,,,,,
Rıdvan Yılmaz,Besiktas,DF,0.0,0.0,0.0,DF,False,True,Beşiktaş,Sol Bek,Standart Bek (Hücum),Standart Bek,Hücum,FB,1.1507673212898473,,,55.14437048392218,,4.1761007570811834,,,,,,,,,,,81.91186457024892,,,,,
Gabriel Paulista,Besiktas,DF,0.0,0.2,0.2,DF,False,True,Beşiktaş,Stoper,Standart Stoper (Durdurucu),Standart Stoper,Durdurucu,CB,1.6682799299900977,1.638310401014096,5.726568219974745,65.39625245130541,73.29238882225991,,,,,,,,3.9599187355035266,,,,84.79290162280007,,,,,
Ersin Destanoğlu,Besiktas,GK,0.0,0.0,0.0,GK,False,False,Beşiktaş,Kaleci,Kaleci (Savunma),Kaleci,Savunma,GK,,,,,,,,,,,,,,,,,,67.02230023486418,2.7763399448000508,77.26206851751186,0.6822032461394687,0.7173423081368346
Cengiz Ünder,Besiktas,MF,0.78,0.26,,MF,True,True,Beşiktaş,Sağ Kanat,İçe Kat Eden Oyuncu (Hücum),İçe Kat Eden Oyuncu,Hücum,WING,,,,,,7.606864902823554,2.6711215398251054,0.010307839505740457,0.13761959051850414,6.0420286944684545,,,,,,,,,,,,
Jonas Svensson,Besiktas,DF,0.0,0.0,0.0,DF,False,True,Beşiktaş,Sağ Bek,Standart Bek (Destek),Standart Bek,Destek,FB,1.4192587637817282,,,45.930669793399865,,3.480291023714054,,,,,,,,,,,83.75311153427648,,,,,
Milot Rashica,Besiktas,MF,0.0,0.25,0.25,MF,True,True,Beşiktaş,Sağ Kanat,Çalışkan Kanat Oyuncusu (Destek),Çalışkan Kanat Oyuncusu,Destek,WING,,,,,,2.73118162670106,1.694141909130544,0.2414115226004484,0.3547194323169874,6.118118053744867,,,,,,,,,,,,
Salih Uçan,Besiktas,MF,0.0,0.0,0.0,MF,True,True,Beşiktaş,Merkez Orta Saha,Oyun Kurucu (Destek),Oyun Kurucu,Destek,CM,,,,,,,2.1637087360201126,0.1816154287782512,0.3054638438481448,3.456739649491537,3.551044003359686,1.1925742157196786,5.157094606091881,3.0780115410644164,,,79.85910373372131,,,,,
Devrim Şahin,Besiktas,MF,0.0,0.0,0.0,MF,True,True,Beşiktaş,,,,,MID,,,,,,,2.2900485591358235,0.24795248783734086,0.03940313664417795,1.9052018170506162,1.6359821640959742,1.8814917816448637,4.662520332079909,3.5130511851268085,,,78.99284202741828,,,,,
Demir Ege Tıknaz,Besiktas,MF,0.0,0.46,0.46,MF,True,True,Beşiktaş,Ön Libero,Defansif Oyun Kurucu (Destek),Defansif Oyun Kurucu,Destek,DM,,,,,,,1.1421848965357082,0.024794524896803977,0.2462900921112785,3.214067849933663,2.972060446510386,1.5418931408799281,2.576973210894587,4.247317530876164,,,83.81445594096013,,,,,
Kartal Yılmaz,Besiktas,MF,0.0,0.0,0.0,MF,True,True,Beşiktaş,,,,,MID,,,,,,,0.8974281738464124,0.10037357896532206,0.1892444668257186,1.4208774359059326,2.416845412488945,1.5934715924837246,5.028189446617057,3.1591932232429185,,,81.62903413534244,,,,,
João Mário,Besiktas,MF,0.0,0.0,0.0,MF,True,True,Beşiktaş,,,,,MID,,,,,,,2.03910358201211,0.20001774217478988,0.03378706456840428,1.3753827008677249,3.640470213764455,1.7925363556810179,2.586019528401167,4.088612610538783,,,84.76090037380625,,,,,
Taylan Bulut,Besiktas,DF,0.0,0.0,0.0,DF,False,True,Beşiktaş,Sağ Bek,Standart Bek (Hücum),Standart Bek,Hücum,FB,1.6558093604532567,,,42.54456181551009,,3.133844367905286,,,,,,,,,,,86.91499133648213,,,,,
Necip Uysal,Besiktas,MF,0.0,0.0,0.0,MF,True,True,Beşiktaş,Ön Libero,Savaşçı Orta Saha (Savunma),Savaşçı Orta Saha,Savunma,DM,2.6088273304754597,1.7641792919562616,,,,,0.9770926746510858,0.05100890865722471,0.08466283989059364,0.8840620237881807,,,,8.534722121933699,,,,,,,,
Ernest Muçi,Besiktas,MF,0.0,0.0,0.0,MF,True,True,Beşiktaş,On Numara,Ofansif Orta Saha (Hücum),Ofansif Orta Saha,Hücum,AM,,,,,,,2.127490068878725,0.13877123732557156,0.004341412697060176,2.55950042851489,1.6472220375293625,0.9111073840132865,3.6860328778287603,5.528547303554988,,,87.6456586858017,,,,,
Jota Silva,Besiktas,FW,0.76,0.0,0.76,FW,True,False,Beşiktaş,Sağ Kanat,Kanat Oyuncusu (Hücum),Kanat Oyuncusu,Hücum,WING,,,,,,6.038001667928902,2.5072818614991292,0.26380239266053085,0.13574600127135567,3.923055379893841,,,,,,,,,,,,
Mustafa Hekimoğlu,Besiktas,FW,0.0,0.0,0.0,FW,True,False,Beşiktaş,Santrafor,Fırsatçı Golcü,Fırsatçı Golcü,,FWD,,,,,,,5.161197627045999,,,,,,,,4.152821844135359,0.7109810783012374,,,,,,
Serkan Terzi,Besiktas,DF,0.0,0.0,0.0,DF,False,True,Beşiktaş,,,,,MID,,,,,,,1.289850332662402,0.1832678240074187,0.16406878791257704,1.795021128054155,3.0334396009301328,1.7106063558000546,2.7142098240716592,8.356030266461849,,,79.64578185783292,,,,,
Tayyib Talha Sanuç,Besiktas,DF,0.0,0.0,0.0,DF,False,True,Beşiktaş,,,,,MID,,,,,,,1.8018547885120881,0.15399636256504476,0.10544284126600012,3.1337672745670204,2.8232563667581676,0.7928609044347381,5.4603682351218445,7.904661370430645,,,84.96838901465142,,,,,
Keny Arroyo,Besiktas,MF,,,,MF,True,True,Beşiktaş,,,,,MID,,,,,,,0.6006241590528032,0.04700618365385403,0.20942511950421558,2.0776667480672044,1.8859044327154983,1.0180129283673318,3.031260569180763,5.050904110187256,,,84.06610512467837,,,,,
Emre Bilgin,Besiktas,GK,,,,GK,False,False,Beşiktaş,Kaleci,Kaleci (Savunma),Kaleci,Savunma,GK,,,,,,,,,,,,,,,,,,69.1614515559209,3.9875668530619457,72.46596253655116,0.3119420353316215,1.2341791404163445
Amir Hadžiahmetović,Besiktas,MF,,,,MF,True,True,Beşiktaş,,,,,MID,,,,,,,1.7101045818208034,0.08884614217143486,0.10403323269801601,3.4141222553697492,1.4098027109535178,1.0034156814047641,3.95929686594013,4.556540600587755,,,79.7289454321584,,,,,
Emrecan Uzunhan,Besiktas,MF,,,,MF,True,True,Beşiktaş,,,,,MID,,,,,,,1.348712125348181,0.1959479461213493,0.10497168902744464,1.3009188923984272,2.9549192814318297,1.9677882025837108,6.478373888093893,5.278154449003601,,,85.48798182634779,,,,,
Opponent Total,Besiktas,NAN,,0.67,,NAN,False,False,Beşiktaş,,,,,MID,,,,,,,1.6318777726684957,0.13855662853300416,0.26011761955606116,3.1452825534801496,3.215792374396992,1.7848058356218903,3.0215819169948515,6.541769655088847,,,81.28368501432927,,,,,
Robin Yalçın,Eyupspor,DF,0.0,0.0,0.0,DF,False,True,Eyüpspor,Stoper,Çakılı Stoper,Çakılı Stoper,,CB,1.8232574281892275,1.0238937812765443,8.983123806552001,65.8773412716911,60.22410620759054,,,,,,,,2.122812387268361,,,,80.01222428064284,,,,,
Kerem Demirbay,Eyupspor,MF,0.0,0.0,0.0,MF,True,True,Eyüpspor,Merkez Orta Saha,Regista,Regista,,CM,,,,,,,0.7528298362642132,0.0013074033857281842,0.016849992592423705,2.8968115025377026,3.850702420261574,2.72709504502909,5.714701333155221,4.6083818449372576,,,86.25194557505331,,,,,
Marcos Felipe,Eyupspor,GK,0.0,0.0,0.0,GK,False,False,Eyüpspor,Kaleci,Kaleci (Savunma),Kaleci,Savunma,GK,,,,,,,,,,,,,,,,,,55.41168988591605,2.9351332282682328,66.61796049705299,0.7355353990939868,1.978475681165901
Nihad Mujakić,Eyupspor,DF,0.0,0.0,0.0,DF,False,True,Eyüpspor,,,,,MID,,,,,,,1.9474348643827826,0.19024769000702346,0.3160132483171955,2.8814889805389408,1.94688203129005,1.5517547923853896,4.539025319793895,6.744893447094804,,,83.85401182252815,,,,,
Luccas Claro,Eyupspor,DF,0.0,0.0,0.0,DF,False,True,Eyüpspor,Stoper,Standart Stoper (Durdurucu),Standart Stoper,Durdurucu,CB,3.2971083770541583,1.1236075014621179,4.682779719950144,51.132600244301116,77.92271976810694,,,,,,,,2.111926441200673,,,,81.8214585758169,,,,,
Serdar Gürler,Eyupspor,"MF,FW",0.0,0.0,0.0,MF,True,True,Eyüpspor,Sol Kanat,Kanat Oyuncusu (Destek),Kanat Oyuncusu,Destek,WING,,,,,,5.247871887168212,3.1944590791093477,0.2752182228296515,0.45212164570378255,4.295620116433405,,,,,,,,,,,,
Lucas Calegari,Eyupspor,"DF,MF",0.0,0.12,0.12,DF,False,True,Eyüpspor,,,,,MID,,,,,,,2.21187386284078,0.008827838735059768,0.2982923560369135,3.080914715915597,2.934497812066941,1.5905851424230852,4.09635830583011,5.456469913147442,,,78.98726789132475,,,,,
Yalçın Kayan,Eyupspor,MF,0.0,0.27,0.27,MF,True,True,Eyüpspor,Merkez Orta Saha,Standart Orta Saha (Destek),Standart Orta Saha,Destek,CM,,,,,,,0.8551535801906289,0.18643344568280804,0.23373163912924227,2.854764775546097,2.18539272283451,1.3431091916038567,2.0906202052286487,6.312283085111881,,,83.51500868656348,,,,,
Mame Baba Thiam,Eyupspor,FW,0.24,0.0,0.24,FW,True,False,Eyüpspor,,,,,MID,,,,,,,0.6010005665923397,0.05062014004130935,0.2076275495375845,2.490794868404822,3.139620649847853,1.9206360006627787,5.963790567864064,5.6167591748119,,,81.67756161651384,,,,,
Denis Drăguș,Eyupspor,"MF,FW",0.0,0.0,0.0,MF,True,True,Eyüpspor,Santrafor,Yaratıcı Forvet,Yaratıcı Forvet,,FWD,,,,,,,2.3249185392266907,,,,,,,,5.18699671303102,0.4207381555044375,,,,,,
Svit Sešlar,Eyupspor,"MF,FW",0.17,0.17,0.35,MF,True,True,Eyüpspor,,,,,MID,,,,,,,0.44964103069730643,0.23951837002984505,0.31230587434887824,1.1543611697424465,1.5976458246821594,1.2443881293235424,2.3452295315729987,4.766794557251506,,,87.86857453422425,,,,,
Halil Akbunar,Eyupspor,"MF,FW",0.22,0.0,0.22,MF,True,True,Eyüpspor,Sağ Kanat,Çalışkan Kanat Oyuncusu (Destek),Çalışkan Kanat Oyuncusu,Destek,WING,,,,,,2.83096366856378,3.874354026758301,0.048155031515635605,0.18736098525368822,3.5164294542464147,,,,,,,,,,,,
Umut Meraş,Eyupspor,"DF,MF",0.0,0.0,0.0,DF,False,True,Eyüpspor,Sol Bek,Standart Bek (Savunma),Standart Bek,Savunma,FB,1.973671208669921,,,43.8214784796083,,4.575570332203831,,,,,,,,,,,83.90134088038758,,,,,
Mateusz Łęgowski,Eyupspor,MF,0.0,0.26,0.26,MF,True,True,Eyüpspor,,,,,MID,,,,,,,1.7481401509308587,0.09198518782552112,0.06486556283505006,0.8878206846263802,3.670645007908523,1.0707765648048417,4.371275104884768,8.690719841772939,,,78.68374472396842,,,,,
Prince Obeng Ampem,Eyupspor,MF,0.23,0.0,0.23,MF,True,True,Eyüpspor,,,,,MID,,,,,,,1.6748974757864397,0.08173290408451978,0.027639206766790013,3.286289189102355,1.862228789396739,0.7445530053973866,4.80339147469475,7.581634764958565,,,83.02328729901996,,,,,
Umut Bozok,Eyupspor,FW,0.34,0.0,0.34,FW,True,False,Eyüpspor,Santrafor,Fırsatçı Golcü,Fırsatçı Golcü,,FWD,,,,,,,6.404602941703927,,,,,,,,6.401584667212422,0.5922392987602934,,,,,,
Emre Akbaba,Eyupspor,MF,0.0,0.0,0.0,MF,True,True,Eyüpspor,On Numara,Gizli Forvet,Gizli Forvet,,AM,,,,,,,1.548064566699547,0.03722201258311117,0.08382855946833834,2.464955849205993,2.1033579632684587,1.679308478391587,5.142132283072936,3.8406790545987155,,,83.50117708957725,,,,,
Melih Kabasakal,Eyupspor,MF,0.0,0.0,0.0,MF,True,True,Eyüpspor,,,,,MID,,,,,,,0.8870889018435484,0.07640105387255372,0.27810239754506655,2.9506506856356767,1.1742758562410494,1.601665898113387,5.443158146539378,8.210807855387477,,,86.70007291558943,,,,,
Berke Özer,Eyupspor,GK,0.0,0.0,0.0,GK,False,False,Eyüpspor,,,,,MID,,,,,,,1.2209025914015808,0.21916269045705014,0.012134593354269162,2.1001103490838853,1.3345366369638292,1.0765325577862024,3.266361917613575,5.924587189497082,,,84.89145090108254,,,,,
Talha Ulvan,Eyupspor,DF,0.0,0.0,0.0,DF,False,True,Eyüpspor,,,,,MID,,,,,,,1.6484003038909636,0.24908358440681183,0.20398239227922135,1.116732110198465,2.5475857081369844,0.537790120938844,2.049893883292247,8.367313361364548,,,86.00654804633017,,,,,
Taras Stepanenko,Eyupspor,MF,0.0,0.0,0.0,MF,True,True,Eyüpspor,Ön Libero,Ön Libero (Çapa),Ön Libero,Çapa,DM,2.9279052650131794,,,,,,1.443210403604256,0.09207738262671208,0.34840313066695844,1.1380016389468863,,,2.7143798066970586,7.799131535683891,,,,,,,,
Ilter Tashkin,Eyupspor,MF,0.0,0.0,0.0,MF,True,True,Eyüpspor,,,,,MID,,,,,,,2.4743495924512633,0.11215265773863564,0.2994936328431388,2.651026275518223,1.8027780301839145,1.758495991577016,5.617218311774559,5.551281026815401,,,87.32459142782108,,,,,
Emir Ortakaya,Eyupspor,DF,0.0,0.0,0.0,DF,False,True,Eyüpspor,Stoper,Pas Dağıtan Stoper (Sıkı Defans),Pas Dağıtan Stoper,Sıkı Defans,CB,1.101475893971669,0.8054897217790842,6.121846205422759,66.12329413616686,72.12476083481245,,,,,,,,6.952697758477229,,,,81.53655006749327,,,,,
Metehan Altunbaş,Eyupspor,FW,0.0,0.0,0.0,FW,True,False,Eyüpspor,,,,,MID,,,,,,,0.6865234803691396,0.18051773455068426,0.1825059911652563,1.9618259162285494,3.5064406772265833,0.5171269751811105,4.678282996737893,3.134815849920704,,,88.34643568389826,,,,,
Mete-Kaan Demir,Eyupspor,FW,0.0,0.0,0.0,FW,True,False,Eyüpspor,,,,,MID,,,,,,,1.859803563499947,0.22154894511626863,0.022274318250324818,1.3414167620909092,1.0440801659648615,1.5555496694435764,6.180588516036244,4.6120641563096765,,,81.76650596066965,,,,,
Hamza Akman,Eyupspor,MF,,,,MF,True,True,Eyüpspor,,,,,MID,,,,,,,1.2490694130190136,0.14826108354669604,0.2909807300349984,2.12730527620188,2.1372821460158087,1.9553856645890857,6.106941814503472,6.249805287965201,,,84.45627246436683,,,,,
Cengiz Köseer,Eyupspor,GK,,,,GK,False,False,Eyüpspor,,,,,MID,,,,,,,1.299219191343791,0.09788142454445733,0.20964247786202367,0.9733641301028622,2.012036640307278,1.1564919922223051,6.216630838939416,6.800869318956884,,,88.0812969412704,,,,,
Gilbert Mendy,Eyupspor,DF,,,,DF,False,True,Eyüpspor,,,,,MID,,,,,,,1.9069553078821704,0.10315546021215594,0.04022654897084839,2.3713227851688767,1.0579828927528032,0.8524601074939291,4.425473299897701,4.5473261125992135,,,89.87341357158067,,,,,
Halil Yeral,Eyupspor,GK,,,,GK,False,False,Eyüpspor,,,,,MID,,,,,,,1.8541159177811761,0.17390453662420172,0.03285004968817467,1.5262821919747638,1.3731051970015307,1.5573065150650724,3.668141979184328,3.836136444436945,,,88.67423173252516,,,,,
Jankat Yilmaz,Eyupspor,GK,,,,GK,False,False,Eyüpspor,,,,,MID,,,,,,,2.4816375867745952,0.0008045659010696704,0.3183693868028073,2.9534095717204085,2.240928024755906,1.7256922130233776,5.95779101295685,8.009581420795794,,,82.45760715149252,,,,,
Opponent Total,Eyupspor,NAN,,0.91,,NAN,False,False,Eyüpspor,,,,,MID,,,,,,,0.6696280078536629,0.15489733436496017,0.23422009202832744,1.6379772890936493,2.4785937533423397,1.319645474116771,4.256470565146275,8.906413084221313,,,80.3419982066238,,,,,
Atakan Çankaya,Fatihkaragumruk,DF,0.09,0.09,0.18,DF,False,True,Fatih Karagümrük,Sağ Bek,Çakılı Bek,Çakılı Bek,,FB,0.8668306377298682,,,46.1489432096127,,1.2240398638937806,,,,,,,,,,,82.69060955350366,,,,,
Ivo Grbić,Fatihkaragumruk,GK,0.0,0.0,0.0,GK,False,False,Fatih Karagümrük,,,,,MID,,,,,,,0.6186302637067493,0.08887325261033935,0.29025037976086443,2.0290944025208635,2.2128692417646074,1.9505529128842194,2.9172109820171723,6.154141093816115,,,83.87271044887906,,,,,
Jure Balkovec,Fatihkaragumruk,DF,0.0,0.0,0.0,DF,False,True,Fatih Karagümrük,Sol Bek,Standart Bek (Destek),Standart Bek,Destek,FB,2.1589976781453726,,,44.017034331488894,,4.154388844898123,,,,,,,,,,,76.13554660079966,,,,,
Daniel Johnson,Fatihkaragumruk,MF,0.11,0.23,0.34,MF,True,True,Fatih Karagümrük,Merkez Orta Saha,İki Yönlü Orta Saha,İki Yönlü Orta Saha,,CM,3.145619311258784,,,,,,1.9211115159703565,0.19854933281927106,0.30764261509879354,0.8313754577518717,3.5967314368736565,1.227646677517191,7.787240095190481,4.030075715089821,,,,,,,,
Tiago Çukur,Fatihkaragumruk,"MF,FW",0.12,0.0,0.12,MF,True,True,Fatih Karagümrük,Santrafor,Pivot Santrafor (Destek),Pivot Santrafor,Destek,FWD,,,,,,,2.624806031722397,,,,,,,1.5599198193930477,5.834463744683747,0.38101794400254896,,,,,,
Anıl Çınar,Fatihkaragumruk,DF,0.14,0.0,0.14,DF,False,True,Fatih Karagümrük,,,,,MID,,,,,,,1.6146125257134591,0.02324765995578304,0.20012032321691275,0.995606597045309,2.5928130352362815,0.5775030824869416,6.274870097807372,4.633843959116214,,,86.8996974220325,,,,,
Sergio Antonio De Luiz Junior,Fatihkaragumruk,"MF,FW",0.14,0.0,0.14,MF,True,True,Fatih Karagümrük,,,,,MID,,,,,,,0.9757373997755924,0.14705056673709763,0.18110622311426444,1.8597326022980492,2.7853950247170447,1.2571933974567921,6.412799383861737,3.1103440592848006,,,83.91082884903958,,,,,
Berkay Özcan,Fatihkaragumruk,MF,0.0,0.15,0.15,MF,True,True,Fatih Karagümrük,Merkez Orta Saha,Oyun Kurucu (Destek),Oyun Kurucu,Destek,CM,,,,,,,0.5667806748768719,0.12024322247153094,0.15064959361234656,2.0958348537362337,1.029771463383507,1.5776809209838252,4.33154878070085,8.485792839362993,,,83.79817035976401,,,,,
Andre Gray,Fatihkaragumruk,FW,0.0,0.0,0.0,FW,True,False,Fatih Karagümrük,Santrafor,Fırsatçı Golcü,Fırsatçı Golcü,,FWD,,,,,,,6.830526585090352,,,,,,,,5.058166407236344,0.47597222018270124,,,,,,
Sam Larsson,Fatihkaragumruk,MF,0.2,0.41,0.61,MF,True,True,Fatih Karagümrük,On Numara,Serbest Oyuncu (Trequartista),Serbest Oyuncu,Trequartista,AM,,,,,,,0.5798823241525042,0.16058138147630685,0.11093130572689174,2.4200554799221203,2.3922854783605114,1.7939607067237684,2.3784986365489376,3.706506497340847,,,88.05876505298161,,,,,
Marius Doh,Fatihkaragumruk,MF,0.0,0.0,0.0,MF,True,True,Fatih Karagümrük,,,,,MID,,,,,,,2.2778008367946483,0.016213398620742087,0.1521085863005491,1.5874889625151187,3.890497722662765,0.768883417861685,3.939130449584656,6.459098853085521,,,82.33684534880624,,,,,
Muhammed Kadıoğlu,Fatihkaragumruk,DF,0.0,0.0,0.0,DF,False,True,Fatih Karagümrük,,,,,MID,,,,,,,0.8029213819093601,0.14499594685703282,0.27085787950555473,2.676451092541665,2.5570968403886463,1.700005222645522,6.017688297313017,4.644331324123236,,,88.31753609773975,,,,,
Barış Kalayci,Fatihkaragumruk,MF,0.0,0.0,0.0,MF,True,True,Fatih Karagümrük,,,,,MID,,,,,,,1.0790802804425936,0.14037114698988093,0.21067320085529603,3.1223304724108525,3.0326268023768597,1.329060613577818,6.508870142731143,6.325068015094761,,,82.88165761142068,,,,,
David Datro Fofana,Fatihkaragumruk,FW,0.74,0.0,0.74,FW,True,False,Fatih Karagümrük,Santrafor,Yaratıcı Forvet,Yaratıcı Forvet,,FWD,,,,,,,5.90911973026579,,,,,,,,5.077799094370862,0.3866662581194613,,,,,,
Çağtay Kurukalıp,Fatihkaragumruk,DF,0.0,0.34,0.34,DF,False,True,Fatih Karagümrük,Sol Bek,Standart Bek (Destek),Standart Bek,Destek,FB,1.8674306621345431,,,44.66417560128264,,1.6066995189310047,,,,,,,,,,,82.06803704233539,,,,,
Ahmet Sivri,Fatihkaragumruk,"MF,FW",0.0,0.0,0.0,MF,True,True,Fatih Karagümrük,Sol Kanat,Kanat Oyuncusu (Destek),Kanat Oyuncusu,Destek,WING,,,,,,8.863977589425065,1.6613380127362567,0.37541191338925217,0.2749342813881026,6.66277439209656,,,,,,,,,,,,
Matías Kranevitter,Fatihkaragumruk,MF,0.0,0.0,0.0,MF,True,True,Fatih Karagümrük,Ön Libero,Ön Libero (Çapa),Ön Libero,Çapa,DM,3.1450695887683935,,,,,,0.875978444676675,0.14016502360404273,0.3123831514841961,2.9055976700120443,,,5.876730752015678,6.908522330111185,,,,,,,,
Ricardo Esgaio,Fatihkaragumruk,"DF,MF",0.0,0.0,0.0,DF,False,True,Fatih Karagümrük,Sağ Bek,Ofansif Bek (Destek),Ofansif Bek,Destek,FB,0.9389903543130823,,,47.127379217346174,,5.82945713130095,,,,3.5254863302748163,,,,,,,80.70875381141283,,,,,
Enzo Roco,Fatihkaragumruk,DF,0.0,0.0,0.0,DF,False,True,Fatih Karagümrük,Stoper,Standart Stoper (Durdurucu),Standart Stoper,Durdurucu,CB,2.71285811931918,1.6362503386685425,4.413453769348862,59.36531536566178,75.75238255529035,,,,,,,,3.438398701772508,,,,78.05119301279245,,,,,
Tarık Kalpaklı,Fatihkaragumruk,MF,0.0,0.0,0.0,MF,True,True,Fatih Karagümrük,,,,,MID,,,,,,,1.1454922422470684,0.1508719166491137,0.1551830050327157,0.9069708284405643,1.9355915737506497,1.0948305229849449,3.0173637124879793,7.97845082224321,,,81.93879726814008,,,,,
Fatih Kuruçuk,Fatihkaragumruk,DF,0.0,0.0,0.0,DF,False,True,Fatih Karagümrük,,,,,MID,,,,,,,0.5457900697667961,0.16911698430659056,0.2124813525515639,2.097368757596138,3.3219741344582876,0.6975725428686403,2.3348680601263574,4.2385276305636195,,,83.44787893439639,,,,,
Nikoloz Ugrekhelidze,Fatihkaragumruk,DF,0.0,0.0,0.0,DF,False,True,Fatih Karagümrük,Stoper,Standart Stoper (Savunma),Standart Stoper,Savunma,CB,1.5183941032332593,1.0486142056719054,8.250837052545183,65.6464978928559,62.86982082125055,,,,,,,,3.841745732151576,,,,77.06933275696137,,,,,
João Pedro Gomes Camacho,Fatihkaragumruk,MF,0.0,0.0,0.0,MF,True,True,Fatih Karagümrük,,,,,MID,,,,,,,1.4900255609073678,0.20124724992019244,0.22095764358219602,1.0833114817290723,3.318764445628345,1.7979436383633687,6.386752265664193,3.065974971950883,,,87.14936350409842,,,,,
Alper Demirol,Fatihkaragumruk,MF,0.0,0.0,0.0,MF,True,True,Fatih Karagümrük,,,,,MID,,,,,,,0.5419863835436514,0.06745518003205359,0.20709400680721393,1.4535215428288244,2.563888142962417,0.7359098122695731,3.9470246948943766,3.8213137804128436,,,79.51202433436794,,,,,
Ömer Gümüş,Fatihkaragumruk,MF,0.0,0.0,0.0,MF,True,True,Fatih Karagümrük,,,,,MID,,,,,,,2.080748666426959,0.20626235254501551,0.2459218205799307,3.4639890018212958,3.9280414698376407,0.9646817888136489,4.708804821337816,8.400111851088631,,,80.3570305904642,,,,,
Tuğbey Akgün,Fatihkaragumruk,MF,0.0,0.0,0.0,MF,True,True,Fatih Karagümrük,,,,,MID,,,,,,,0.8907953720119094,0.1245639205658634,0.0831017139311822,1.1847379658340857,1.37665064428796,0.9350682979436553,6.8403290602537945,8.243340465375091,,,89.4173379079571,,,,,
Furkan Bekleviç,Fatihkaragumruk,GK,,,,GK,False,False,Fatih Karagümrük,Kaleci,Kaleci (Savunma),Kaleci,Savunma,GK,,,,,,,,,,,,,,,,,,74.39819704323989,3.5602040635334324,61.27116700572047,0.5236053451493905,0.8630829072672506
Burhan Ersoy,Fatihkaragumruk,MF,,,,MF,True,True,Fatih Karagümrük,,,,,MID,,,,,,,1.534025020669472,0.01926456978358279,0.17932732214102673,2.1469980143186618,1.050842994668743,1.8071210512862814,2.332823639571114,6.58447861302185,,,80.10589952857629,,,,,
Kerem Özmen,Fatihkaragumruk,MF,,,,MF,True,True,Fatih Karagümrük,,,,,MID,,,,,,,2.2481660838790622,0.0146377323109948,0.03647868098292168,2.4690204826589217,3.310474635271288,1.509054491313347,5.241590037260478,6.60310116260192,,,84.81272781517265,,,,,
Kerem Yandal,Fatihkaragumruk,GK,,,,GK,False,False,Fatih Karagümrük,,,,,MID,,,,,,,1.766842474999108,0.0835595796740152,0.1345789646756844,2.6966554204690807,3.4214666120946475,1.6950220957870585,2.3705271128743353,6.990220047277533,,,84.95177359994325,,,,,
Opponent Total,Fatihkaragumruk,NAN,,,3.0,NAN,False,False,Fatih Karagümrük,,,,,MID,,,,,,,1.519211351757804,0.1962242442778669,0.17068347401744252,2.3110514454146682,1.3606216873617287,0.8757018481887484,3.8773446423325018,4.052227671740697,,,83.87549354460293,,,,,
Date,Fatihkaragumruk,COMP,,,,COMP,False,False,Fatih Karagümrük,,,,,MID,,,,,,,1.0811008815422887,0.17692023368522894,0.22827849084091534,0.8263812880317959,1.7967484988758182,1.4373111494104984,6.019072725967233,8.486471675549758,,,85.73694298292182,,,,,
Milan Škriniar,fenerbahce,DF,0.1,0.1,0.1,DF,False,True,Fenerbahçe,Stoper,Standart Stoper (Sıkı Defans),Standart Stoper,Sıkı Defans,CB,1.7029430857320642,0.8864420213547017,8.325080972880851,62.578406464502194,72.52613203374491,,,,,,,,3.9580031914686127,,,,80.1006824543398,,,,,
Jayden Oosterwolde,fenerbahce,DF,0.0,0.0,0.0,DF,False,True,Fenerbahçe,Stoper,Pas Dağıtan Stoper (Savunma),Pas Dağıtan Stoper,Savunma,CB,2.5565002772590955,0.5162434736363455,7.633910350413836,62.88742923248315,55.447664010699015,,,,,,,,5.54946632979375,,,,81.82283232214753,,,,,
Youssef En-Nesyri,fenerbahce,FW,1.0,1.0,0.0,FW,True,False,Fenerbahçe,Santrafor,Yaratıcı Forvet,Yaratıcı Forvet,,FWD,,,,,,,5.175272415632159,,,,,,,,6.675547864192519,0.7002641359635631,,,,,,
Nélson Semedo,fenerbahce,"DF,MF",0.2,0.2,0.2,DF,False,True,Fenerbahçe,Sağ Bek,Standart Bek (Hücum),Standart Bek,Hücum,FB,2.2850836609815213,,,44.33433988236887,,2.246888271182193,,,,,,,,,,,82.49401064935998,,,,,
Archie Brown,fenerbahce,DF,0.0,0.0,0.2,DF,False,True,Fenerbahçe,Sol Bek,Ofansif Bek (Hücum),Ofansif Bek,Hücum,FB,2.3654830809040823,,,62.41913561566063,,5.471045484883611,,,,1.4193171298788685,,,,,,,79.9002775825238,,,,,
İsmail Yüksek,fenerbahce,MF,0.2,0.2,0.4,MF,True,True,Fenerbahçe,Ön Libero,Savaşçı Orta Saha (Savunma),Savaşçı Orta Saha,Savunma,DM,2.0075276032456415,1.9150736643582247,,,,,1.0993040174222157,0.1971537411681016,0.3326858684051712,1.6814455322587782,,,,4.860444749257713,,,,,,,,
Ederson,fenerbahce,GK,0.0,0.0,0.0,GK,False,False,Fenerbahçe,Kaleci,Libero Kaleci (Destek),Libero Kaleci,Destek,GK,,,,,,,,,,,,,,,,,,62.844526074155944,5.698774473114251,74.64294929887281,1.7258333003018238,1.0944758675340098
Kerem Aktürkoğlu,fenerbahce,"FW,MF",,0.9,0.2,FW,True,False,Fenerbahçe,Sol Kanat,İçe Kat Eden Oyuncu (Hücum),İçe Kat Eden Oyuncu,Hücum,WING,,,,,,3.502871212243488,3.6585453163880355,0.07247331162003312,0.02528655191211443,2.5932188287079017,,,,,,,,,,,,
Marco Asensio,fenerbahce,"MF,FW",0.1,0.1,0.2,MF,True,True,Fenerbahçe,On Numara,Serbest Oyuncu (Trequartista),Serbest Oyuncu,Trequartista,AM,,,,,,,1.8059226059161992,0.12931726411040234,0.21022787329192455,2.197821437138721,1.0526570900998866,1.357618974715623,4.167361163778172,5.298831169496985,,,80.75792070957142,,,,,
Talisca,fenerbahce,MF,0.3,0.3,0.9,MF,True,True,Fenerbahçe,On Numara,Serbest Oyuncu (Trequartista),Serbest Oyuncu,Trequartista,AM,,,,,,,2.487692658564452,0.11004974948887264,0.2602578706617959,1.03723954769105,1.879925832341694,1.7492455651824066,6.985911769514752,6.113506231697025,,,84.63194721332098,,,,,
Nene Dorgeles,fenerbahce,"FW,DF",0.1,0.1,0.5,FW,True,False,Fenerbahçe,,,,,MID,,,,,,,1.7898622986836954,0.03686313167657099,0.17719312082332095,1.7466927142647881,3.3194256217560145,1.859130590721891,4.795296424733011,3.2817958006503303,,,82.46607906296276,,,,,
Fred,fenerbahce,MF,0.4,0.4,0.1,MF,True,True,Fenerbahçe,Merkez Orta Saha,İki Yönlü Orta Saha,İki Yönlü Orta Saha,,CM,2.6112894627461545,,,,,,1.5713451764770525,0.08204818840232789,0.22193641098171593,0.8896483937366898,3.942218030750288,1.314605484605925,3.0443164255673443,3.9977002125364764,,,,,,,,
Edson Álvarez,fenerbahce,MF,0.0,0.0,0.0,MF,True,True,Fenerbahçe,Ön Libero,Gizli Libero,Gizli Libero,,DM,,,,,,,1.9343660715024167,0.10850484154346882,0.0248262756468207,1.0121619423185562,2.553881583137737,0.5182351572160802,3.6058107631797673,7.428201698558222,,,85.94000711555027,,,,,
Sebastian Szymański,fenerbahce,"MF,FW",0.1,0.1,0.4,MF,True,True,Fenerbahçe,On Numara,Gizli Forvet,Gizli Forvet,,AM,,,,,,,1.3769317857958083,0.022150107419904308,0.08903705329464644,1.8716928457443094,2.0442867795048643,1.511029878588189,3.1005566295237657,3.496792007550759,,,79.6946825204778,,,,,
Oğuz Aydın,fenerbahce,FW,0.0,0.0,0.0,FW,True,False,Fenerbahçe,Sol Kanat,Kanat Oyuncusu (Destek),Kanat Oyuncusu,Destek,WING,,,,,,2.470639260633928,3.802912342502471,0.24910136129593644,0.2130606189761154,6.66874711500735,,,,,,,,,,,,
Çağlar Söyüncü,fenerbahce,DF,0.0,0.0,0.0,DF,False,True,Fenerbahçe,Stoper,Standart Stoper (Durdurucu),Standart Stoper,Durdurucu,CB,2.8270035382161116,1.3124813887041853,9.099439211985652,71.41224602970806,72.63628622254046,,,,,,,,3.260134555776825,,,,78.88687450828658,,,,,
Levent Mercan,fenerbahce,DF,,,,DF,False,True,Fenerbahçe,Sol Bek,Standart Bek (Destek),Standart Bek,Destek,FB,0.9038325317532684,,,42.005843641541055,,1.993956559257863,,,,,,,,,,,79.9378293982334,,,,,
İrfan Kahveci,fenerbahce,"MF,FW",0.0,0.0,0.0,MF,True,True,Fenerbahçe,,,,,MID,,,,,,,0.526298919461649,0.055152988177802814,0.12664858262179854,1.158332535916263,2.115217884718991,0.5777536986795935,3.752602671430809,6.618912656798329,,,84.85052900207371,,,,,
Jáder Durán,fenerbahce,FW,0.2,0.2,0.1,FW,True,False,Fenerbahçe,,,,,MID,,,,,,,1.5808233133436107,0.1495563235159347,0.16537267425227975,2.332360290306207,1.0040608771464044,1.3232879976160339,3.862666368797754,4.472094658087926,,,80.22324426459988,,,,,
İrfan Can Eğribayat,fenerbahce,GK,,,,GK,False,False,Fenerbahçe,Kaleci,Kaleci (Savunma),Kaleci,Savunma,GK,,,,,,,,,,,,,,,,,,71.64885281600843,3.640130838029839,66.21964643431325,0.6844640930984376,1.5082033211088177
Mert Müldür,fenerbahce,DF,,,,DF,False,True,Fenerbahçe,Sağ Bek,Standart Bek (Destek),Standart Bek,Destek,FB,1.2706920018502463,,,53.11278473925637,,3.975785170290708,,,,,,,,,,,84.31021929874612,,,,,
Tarık Çetin,fenerbahce,GK,,,,GK,False,False,Fenerbahçe,Kaleci,Kaleci (Savunma),Kaleci,Savunma,GK,,,,,,,,,,,,,,,,,,59.246782213565524,2.554563366576581,66.50366644053494,0.737654779954096,1.6424294229930765
Sofyan Amrabat,fenerbahce,MF,,,,MF,True,True,Fenerbahçe,,,,,MID,,,,,,,2.411013097461298,0.18391577855979746,0.015977060925834306,2.661555416670618,1.8994015826957078,0.9314490935655173,2.343568388619805,5.335773684251859,,,81.34371675738043,,,,,
Yusuf Akçiçek,fenerbahce,DF,,,,DF,False,True,Fenerbahçe,,,,,MID,,,,,,,0.7681361789510852,0.2495868778482374,0.049008434143661184,2.961584087594524,2.9393762249137914,0.9601648992832118,3.8478709971338656,4.732162420624199,,,80.62451760388299,,,,,
Dominik Livaković,fenerbahce,GK,,,,GK,False,False,Fenerbahçe,,,,,MID,,,,,,,1.8490102707233982,0.23327833283588942,0.09688500772695702,1.3404056594609872,3.9225833314490712,1.029437755178535,4.321192598696125,5.134036298789695,,,80.1940533584258,,,,,
Bartuğ Elmaz,fenerbahce,MF,,,,MF,True,True,Fenerbahçe,Ön Libero,Defansif Orta Saha (Destek),Defansif Orta Saha,Destek,DM,,,,,,,0.8219607461840186,0.16064129988379788,0.3400364418153677,1.2522029720994885,3.5411824809516985,1.431938673574415,5.613688761194023,7.314275431105473,,,87.908531418728,,,,,
Cenk Tosun,fenerbahce,MF,0.0,0.0,0.0,MF,True,True,Fenerbahçe,Santrafor,Yardımcı Forvet (Destek),Yardımcı Forvet,Destek,FWD,,,,,,,4.63769184832799,,,,,,,,2.7749445849792163,0.7976626137032232,,,,,,
Cengiz Ünder,fenerbahce,"FW,MF",,,,FW,True,False,Fenerbahçe,,,,,MID,,,,,,,1.5252381373934707,0.105312013323518,0.11597145248606776,1.0823331689028808,1.0707848939365874,1.0010749485031538,5.2836474236080395,4.78273029373905,,,81.42849081193069,,,,,
Rodrigo Becão,fenerbahce,DF,,,,DF,False,True,Fenerbahçe,Stoper,Standart Stoper (Durdurucu),Standart Stoper,Durdurucu,CB,1.5101231676924374,1.7297702515768592,9.808730669781292,66.46734079047363,53.09371606507798,,,,,,,,2.128778756592747,,,,81.4202172303596,,,,,
Alexander Djiku,fenerbahce,"DF,MF",,,,DF,False,True,Fenerbahçe,,,,,MID,,,,,,,0.6030205442581112,0.15904434117705818,0.16871437033922887,2.518361673767819,3.695681814024518,1.5990485758854205,5.543828276145771,6.398427841781383,,,89.1254853823734,,,,,
Engin Biterge,fenerbahce,GK,,,,GK,False,False,Fenerbahçe,,,,,MID,,,,,,,1.3457789661421888,0.196412904520058,0.06863419945843752,2.7074844615146336,3.3495952398958777,1.1067910783608046,2.0418184093842857,5.856302413194598,,,89.63911830414229,,,,,
Yiğit Efe Demir,fenerbahce,DF,,,,DF,False,True,Fenerbahçe,Stoper,Standart Stoper (Savunma),Standart Stoper,Savunma,CB,1.8216161028349973,1.4656327763424704,11.806816635700276,54.073360677035744,77.076587200387,,,,,,,,1.2505021500960063,,,,75.85508100661484,,,,,
Mert Yandaş,fenerbahce,MF,,,,MF,True,True,Fenerbahçe,,,,,MID,,,,,,,1.987942990680017,0.02958404773084683,0.2137730248765189,0.8852825910292336,3.341128370712941,0.602529800464938,3.0883369979026805,6.982026992175889,,,84.85512563924517,,,,,
Abdülkerim Bardakcı,Galatasayar,DF,0.2,0.2,0.0,DF,False,True,Galatasaray,Stoper,Pas Dağıtan Stoper (Sıkı Defans),Pas Dağıtan Stoper,Sıkı Defans,CB,2.4632218164341397,1.2586459245328503,6.12098100667196,64.89791443438136,60.419684674794325,,,,,,,,6.754814537429568,,,,81.66592607179292,,,,,
Roland Sallai,Galatasayar,"DF,FW",0.1,0.1,0.2,DF,False,True,Galatasaray,Sağ Bek,Ofansif Bek (Hücum),Ofansif Bek,Hücum,FB,2.170542175648204,,,50.25992067474154,,5.093209599257972,,,,3.3858019355796705,,,,,,,81.01483721370488,,,,,
Lucas Torreira,Galatasayar,MF,0.1,0.1,0.0,MF,True,True,Galatasaray,Ön Libero,Ön Libero (Çapa),Ön Libero,Çapa,DM,3.1079170151050404,,,,,,1.1299002009018624,0.10247622242407206,0.098239125430591,3.327773064857963,,,3.357046902233572,8.620978435948548,,,,,,,,
Leroy Sané,Galatasayar,"FW,MF",0.4,0.4,,FW,True,False,Galatasaray,Sağ Kanat,İçe Kat Eden Oyuncu (Hücum),İçe Kat Eden Oyuncu,Hücum,WING,,,,,,6.163931656513367,3.749261633596199,0.08907043164923399,0.4161817698304975,5.419332259176716,,,,,,,,,,,,
Davinson Sánchez,Galatasayar,DF,0.1,0.1,0.0,DF,False,True,Galatasaray,Stoper,Standart Stoper (Durdurucu),Standart Stoper,Durdurucu,CB,2.5974675787331725,1.3270672870983016,8.130402786409562,51.764218685010746,65.15757117343571,,,,,,,,3.3314407477823105,,,,85.71834288432783,,,,,
Barış Alper Yılmaz,Galatasayar,"FW,MF",0.8,0.8,0.6,FW,True,False,Galatasaray,Sol Kanat,Kanat Oyuncusu (Hücum),Kanat Oyuncusu,Hücum,WING,,,,,,7.172066739931228,2.9062430705857296,0.12288656680850836,0.40282440268167097,4.657860763433656,,,,,,,,,,,,
Uğurcan Çakır,Galatasayar,GK,0.0,0.0,0.0,GK,False,False,Galatasaray,Kaleci,Kaleci (Savunma),Kaleci,Savunma,GK,,,,,,,,,,,,,,,,,,58.63649934414201,4.9087538832936755,74.59212356676127,0.39080208498311836,0.8564563159885995
Gabriel Sara,Galatasayar,MF,0.1,0.1,0.5,MF,True,True,Galatasaray,Merkez Orta Saha,İki Yönlü Orta Saha,İki Yönlü Orta Saha,,CM,1.4037908421302618,,,,,,1.796314621423158,0.2099505714089043,0.07244740245344937,0.9403224658589755,2.222752625721451,1.4772295155304942,7.989104278409891,7.395432583261502,,,,,,,,
Mario Lemina,Galatasayar,MF,0.0,0.0,0.3,MF,True,True,Galatasaray,Ön Libero,Savaşçı Orta Saha (Destek),Savaşçı Orta Saha,Destek,DM,3.1516855237901282,1.2861232334330797,,,,,2.070444917658431,0.095958237983261,0.18080041995609267,2.2615001053128907,,,,10.22061356185779,,,,,,,,
Yunus Akgün,Galatasayar,FW,0.6,0.6,0.5,FW,True,False,Galatasaray,Sağ Kanat,İçe Kat Eden Oyuncu (Destek),İçe Kat Eden Oyuncu,Destek,WING,,,,,,2.2271041223303087,2.889461963304123,0.21858341669124975,0.11215927942676313,2.1632953039224794,,,,,,,,,,,,
Eren Elmalı,Galatasayar,"DF,MF",0.1,0.1,0.0,DF,False,True,Galatasaray,Sol Bek,Standart Bek (Destek),Standart Bek,Destek,FB,2.0720414736522192,,,64.55946542271516,,1.1341297389431175,,,,,,,,,,,87.08113820676621,,,,,
Victor Osimhen,Galatasayar,FW,6.0,,0.2,FW,True,False,Galatasaray,Santrafor,Komple Forvet (Hücum),Komple Forvet,Hücum,FWD,,,,,,,4.311228201004338,,,2.860862219085803,1.1973593464624652,,,,1.0066725651771244,0.3749711111252314,,,,,,
Ismail Jakobs,Galatasayar,DF,0.0,0.0,0.2,DF,False,True,Galatasaray,Sol Bek,Standart Bek (Hücum),Standart Bek,Hücum,FB,1.1136857329058416,,,42.80097255420131,,3.279558739485266,,,,,,,,,,,86.95795918069487,,,,,
Mauro Icardi,Galatasayar,FW,0.4,0.4,0.0,FW,True,False,Galatasaray,Santrafor,Fırsatçı Golcü,Fırsatçı Golcü,,FWD,,,,,,,5.262979802453157,,,,,,,,2.631727356389192,0.6519347556711166,,,,,,
Wilfried Singo,Galatasayar,DF,0.0,0.0,0.1,DF,False,True,Galatasaray,Sağ Bek,İki Yönlü Bek,İki Yönlü Bek,,FB,1.1558938496724076,,,49.94638997614354,,8.577174865486956,,,,1.6048819601432336,,,,,,,78.91791236413384,,,,,
İlkay Gündoğan,Galatasayar,MF,0.3,0.3,0.4,MF,True,True,Galatasaray,Merkez Orta Saha,Regista,Regista,,CM,,,,,,,2.3470734209068507,0.14296806780679663,0.0019270297061472874,2.7144634025174748,5.92394951265074,2.1774630442626397,5.219338546516523,3.187098810367708,,,87.62403008420826,,,,,
Günay Güvenç,Galatasayar,GK,,,,GK,False,False,Galatasaray,Kaleci,Kaleci (Savunma),Kaleci,Savunma,GK,,,,,,,,,,,,,,,,,,58.66809019706868,4.325398470083344,72.75114942710427,0.2660311547166061,1.5923245229177894
Kaan Ayhan,Galatasayar,"MF,FW",0.0,0.0,0.0,MF,True,True,Galatasaray,Ön Libero,Gizli Libero,Gizli Libero,,DM,,,,,,,0.8927483718964525,0.14694234021554956,0.0026824114272288643,3.151616634114431,2.3739872770107144,1.6756397637261609,5.308421441999283,4.57358426579895,,,79.71601347198872,,,,,
Kazımcan Karataş,Galatasayar,DF,,,,DF,False,True,Galatasaray,Sol Bek,Standart Bek (Hücum),Standart Bek,Hücum,FB,1.4298025747453496,,,64.23676083188423,,4.049834742962762,,,,,,,,,,,80.31175119965785,,,,,
Ahmed Kutucu,Galatasayar,"FW,MF",0.0,0.0,0.0,FW,True,False,Galatasaray,Sol Kanat,Defansif Kanat Oyuncusu (Destek),Defansif Kanat Oyuncusu,Destek,WING,3.291379888533233,,,50.74984384908101,,6.611023471089155,2.2096318995514683,0.1668773674258306,0.11303953550528134,4.377980959110042,,,,,,,,,,,,
Berkan Kutlu,Galatasayar,MF,0.0,0.0,0.0,MF,True,True,Galatasaray,Merkez Orta Saha,Savaşçı Orta Saha (Savunma),Savaşçı Orta Saha,Savunma,CM,3.9451919701250215,1.8873332025589964,,,,,1.238563423199547,0.04611906328340984,0.07667408318565022,2.728034716757555,,,,7.5215876554588545,,,,,,,,
Nicolò Zaniolo,Galatasayar,"FW,MF",,,,FW,True,False,Galatasaray,,,,,MID,,,,,,,0.7200736279938766,0.0905588604130721,0.0128524768752874,2.9646658242884385,2.1940158788635085,0.928637486889059,4.419946840898736,3.3085548809055023,,,82.49457892055497,,,,,
Arda Ünyay,Galatasayar,DF,,,,DF,False,True,Galatasaray,Stoper,Standart Stoper (Savunma),Standart Stoper,Savunma,CB,2.8837903953853865,0.8068941431478454,6.583651783529968,66.06048195515788,74.79372398323224,,,,,,,,2.6752127492074154,,,,85.84831818927563,,,,,
Yusuf Demir,Galatasayar,MF,,,,MF,True,True,Galatasaray,Sağ Kanat,Oyun Kurucu (Destek),Oyun Kurucu,Destek,WING,,,,,,5.726043131660181,3.2571936469113636,0.06409024039060252,0.4086526561066184,4.038740525013662,,,,,,,,,,,,
Metehan Baltacı,Galatasayar,DF,,,,DF,False,True,Galatasaray,Stoper,Standart Stoper (Savunma),Standart Stoper,Savunma,CB,2.803922519005201,1.3765079493690866,10.361489558149628,50.66278276354055,59.601488030918354,,,,,,,,2.2726660277409287,,,,82.67977885421719,,,,,
Ahmet Şen,Galatasayar,GK,,,,GK,False,False,Galatasaray,,,,,MID,,,,,,,2.484215354532588,0.08362782218548304,0.03780901394574198,1.7165155198655766,1.908747186499578,1.149150319398894,2.0265673783417295,5.978197483207418,,,87.57278716017856,,,,,
Jankat Yilmaz,Galatasayar,GK,,,,GK,False,False,Galatasaray,,,,,MID,,,,,,,2.34670203264102,0.0065491771330161985,0.11860122726856305,3.0000278071155835,1.1970845768630973,1.5281658248328522,6.022473212159111,6.581057093501335,,,82.40868874436484,,,,,
Elias Jelert,Galatasayar,DF,,,,DF,False,True,Galatasaray,,,,,MID,,,,,,,1.533909973589175,0.006047940972838811,0.2809049878529345,1.0163100852386229,1.6847060904810973,0.9986842357230681,5.864047866451687,5.005463344901765,,,79.04420661963347,,,,,
Gökdeniz Gürpüz,Galatasayar,MF,,,,MF,True,True,Galatasaray,Merkez Orta Saha,Standart Orta Saha (Destek),Standart Orta Saha,Destek,CM,,,,,,,2.168269918190485,0.20792426091894337,0.20021702517925527,3.216004971363425,1.7398109049340738,0.5848784842200734,4.742095814967813,7.625473222474931,,,84.68141893113825,,,,,
Furkan Koçak,Galatasayar,MF,,,,MF,True,True,Galatasaray,,,,,MID,,,,,,,1.4940117522712888,0.0682677024932031,0.17943370408474574,2.278499415615088,2.4522312091306047,1.0608815705192205,2.332316628881361,3.639589518802631,,,88.14145021795241,,,,,
Çağrı Balta,Galatasayar,FW,,,,FW,True,False,Galatasaray,,,,,MID,,,,,,,1.7095299448057957,0.12951969155970386,0.10272108812284257,3.0067039788987335,3.242333219790082,1.9166728740414551,5.832575247662923,3.4508266904148526,,,87.55111664572203,,,,,
Kacper Kozłowski,Gaziantep,MF,0.26,0.09,0.35,MF,True,True,Gaziantep,,,,,MID,,,,,,,0.5871613074436349,0.07468139339719326,0.3261138018014857,2.02125936819941,2.4214294851938396,1.4626015959478373,4.918567938656819,7.3691325372216205,,,80.10147768156423,,,,,
Alexandru Maxim,Gaziantep,"MF,FW",0.18,0.45,0.63,MF,True,True,Gaziantep,On Numara,Serbest Oyuncu (Trequartista),Serbest Oyuncu,Trequartista,AM,,,,,,,1.986067883043297,0.23516981127883513,0.13895526443301706,2.5376597770306173,1.1735333483414818,1.5072187230008103,5.909799885789796,5.972947897237191,,,86.0731753729496,,,,,
Kévin Rodrigues,Gaziantep,"DF,MF",0.18,0.09,0.28,DF,False,True,Gaziantep,Sol Bek,Standart Bek (Destek),Standart Bek,Destek,FB,1.6236890748247363,,,61.637678147349504,,4.507062547046997,,,,,,,,,,,75.58533264177058,,,,,
Myenty Abena,Gaziantep,DF,0.11,0.0,0.11,DF,False,True,Gaziantep,Stoper,Çakılı Stoper,Çakılı Stoper,,CB,1.9485386189211196,1.7890592351146897,6.166658010096594,64.64438953183658,76.86569685488601,,,,,,,,3.719063155284208,,,,80.89706002978532,,,,,
Mustafa Burak Bozan,Gaziantep,GK,0.0,0.11,0.11,GK,False,False,Gaziantep,,,,,MID,,,,,,,0.6681983156339932,0.06482418971644344,0.03048246837852002,2.2212871845275055,3.8733694029646117,1.4484232304564597,5.7587349619792025,7.1304143785664165,,,80.64605116122776,,,,,
Melih Kabasakal,Gaziantep,"MF,DF",0.12,0.12,0.24,MF,True,True,Gaziantep,Ön Libero,Defansif Orta Saha (Savunma),Defansif Orta Saha,Savunma,DM,,,,,,,2.13474202353031,0.10741420318473377,0.21597328064123045,2.7752917087393962,3.828172957282337,0.7984882084391551,6.015010359789185,5.608964031622477,,,80.61849041462607,,,,,
Arda Kızıldağ,Gaziantep,"DF,MF",0.13,0.0,0.13,DF,False,True,Gaziantep,Stoper,Standart Stoper (Sıkı Defans),Standart Stoper,Sıkı Defans,CB,2.9243584426950715,0.8540924167601764,7.511771365645089,73.50575603562393,61.676050362024895,,,,,,,,1.3335924469184541,,,,78.4048037791496,,,,,
Christopher Lungoyi,Gaziantep,"MF,FW",0.27,0.27,0.53,MF,True,True,Gaziantep,Sol Kanat,Kanat Oyuncusu (Hücum),Kanat Oyuncusu,Hücum,WING,,,,,,2.7228550621253387,2.593882055052796,0.06837456096833931,0.46519921008466275,2.806094059875613,,,,,,,,,,,,
Luis Pérez,Gaziantep,"MF,DF",0.0,0.0,0.0,MF,True,True,Gaziantep,Sağ Bek,Standart Bek (Destek),Standart Bek,Destek,FB,1.851033111601503,,,60.426801773731995,,2.36832699486363,,,,,,,,,,,87.78777678547269,,,,,
Deian Sorescu,Gaziantep,"MF,DF",0.14,0.0,0.14,MF,True,True,Gaziantep,Sağ Kanat,Çalışkan Kanat Oyuncusu (Hücum),Çalışkan Kanat Oyuncusu,Hücum,WING,,,,,,3.2076671386245343,3.0323142136848835,0.16725791526511988,0.047680460636501776,5.282048017503285,,,,,,,,,,,,
Mohamed Lamine Bayo,Gaziantep,"FW,MF",0.34,0.0,0.34,FW,True,False,Gaziantep,,,,,MID,,,,,,,2.0422589841078103,0.21818256262115046,0.03984343771681049,1.0204009514825918,3.355568629445225,1.1275007961534202,4.590040332023124,4.478412199434641,,,88.48886127966222,,,,,
Drissa Camara,Gaziantep,MF,0.18,0.36,0.53,MF,True,True,Gaziantep,Merkez Orta Saha,Savaşçı Orta Saha (Destek),Savaşçı Orta Saha,Destek,CM,3.7091334886200853,1.1857948414974584,,,,,1.8883638652602506,0.21048339169795216,0.12082809998059223,0.9629506267745223,,,,7.145448194277495,,,,,,,,
Tayyib Talha Sanuç,Gaziantep,"DF,MF",0.0,0.0,0.0,DF,False,True,Gaziantep,,,,,MID,,,,,,,0.4759367991020005,0.04652535446156933,0.1775941785512331,1.4671787318273954,3.9739837046926616,1.6264096975449773,2.701622590967575,7.796495273813876,,,80.99602743288276,,,,,
Semih Güler,Gaziantep,DF,0.0,0.0,0.0,DF,False,True,Gaziantep,Stoper,Standart Stoper (Durdurucu),Standart Stoper,Durdurucu,CB,1.9744981749936001,1.2701626176001104,4.627651050738128,64.38685444689698,50.32512954440895,,,,,,,,2.4778753128725777,,,,83.95174521677643,,,,,
Badou Ndiaye,Gaziantep,MF,0.0,0.26,0.26,MF,True,True,Gaziantep,Merkez Orta Saha,İki Yönlü Orta Saha,İki Yönlü Orta Saha,,CM,2.3215439622345846,,,,,,1.0365695474851901,0.2006608274489276,0.3059778836398115,1.2307706363056086,3.4825567663189094,1.8969356494221215,6.3841064942869785,7.16817882512656,,,,,,,,
Emmanuel Boateng,Gaziantep,FW,0.0,0.0,0.0,FW,True,False,Gaziantep,Santrafor,Yaratıcı Forvet,Yaratıcı Forvet,,FWD,,,,,,,3.1577580864779518,,,,,,,,2.3073482777604637,0.3047789943953393,,,,,,
Ogün Özçiçek,Gaziantep,MF,0.0,0.0,0.0,MF,True,True,Gaziantep,Ön Libero,Defansif Orta Saha (Destek),Defansif Orta Saha,Destek,DM,,,,,,,0.95253639681277,0.11454672168447316,0.1727413031190415,3.1538156297989444,2.633446998400789,0.6520593463297387,5.3557873668984435,4.632870823379776,,,81.15896815821614,,,,,
Zafer Görgen,Gaziantep,GK,0.0,0.0,0.0,GK,False,False,Gaziantep,Kaleci,Kaleci (Savunma),Kaleci,Savunma,GK,,,,,,,,,,,,,,,,,,61.08484485919075,4.818496824692567,77.74425485152653,0.33676109752516503,1.05167469907888
Yusuf Kabadayı,Gaziantep,"MF,FW",0.43,0.0,0.43,MF,True,True,Gaziantep,Sol Kanat,İçe Kat Eden Oyuncu (Hücum),İçe Kat Eden Oyuncu,Hücum,WING,,,,,,5.9758200812125635,2.285373711546386,0.30291319131020034,0.22502931971311263,6.855754536841429,,,,,,,,,,,,
Juninho Bacuna,Gaziantep,MF,0.0,0.0,0.0,MF,True,True,Gaziantep,Merkez Orta Saha,İki Yönlü Orta Saha,İki Yönlü Orta Saha,,CM,1.3785934697446915,,,,,,1.1562864556901902,0.1207422180213388,0.24579056811108246,1.3918777658667199,3.293583383964153,0.6267625322016697,7.142346497245585,6.541384001214523,,,,,,,,
Enver Kulasin,Gaziantep,MF,0.0,0.0,0.0,MF,True,True,Gaziantep,Sağ Kanat,Kanat Oyuncusu (Destek),Kanat Oyuncusu,Destek,WING,,,,,,4.074503294593018,3.1944893921294173,0.35918585873911546,0.16872713948211449,4.810944055322626,,,,,,,,,,,,
Nazim Sangaré,Gaziantep,DF,0.0,0.0,0.0,DF,False,True,Gaziantep,,,,,MID,,,,,,,0.584049768204061,0.033369993103985945,0.3474858936496746,3.434836190711655,3.888305050759618,0.9167791641345684,5.102368925259853,5.165843381640161,,,78.00784068913559,,,,,
Salem M'bakata,Gaziantep,DF,0.0,0.0,0.0,DF,False,True,Gaziantep,,,,,MID,,,,,,,2.367611428365232,0.020150378439281164,0.046021191964293565,1.7096186377819886,1.2268151218502523,0.9144786626987804,5.711265935995436,3.549492439959805,,,88.44802840950621,,,,,
Ali Kalın,Gaziantep,FW,0.0,0.0,0.0,FW,True,False,Gaziantep,,,,,MID,,,,,,,1.5629847054959902,0.1819848267434413,0.09615603393183182,1.291718372359488,2.097042244784114,1.148028391391759,2.8494050302536764,8.503881452773456,,,87.51113775850962,,,,,
Mirza Cihan,Gaziantep,FW,0.0,0.0,0.0,FW,True,False,Gaziantep,,,,,MID,,,,,,,1.0416010523818495,0.12411528808882494,0.13810162645917623,2.932185969284694,1.6761438040202976,1.9705531114132775,2.974875999501446,3.8209117855137684,,,85.52794722108814,,,,,
Sokratis Dioudis,Gaziantep,GK,0.0,0.0,0.0,GK,False,False,Gaziantep,,,,,MID,,,,,,,1.2336611858559952,0.10921267565379489,0.14763986248859096,2.5785109938523654,1.58749925240281,0.6012538200257329,6.452047586096643,8.701424122924815,,,87.0031891672661,,,,,
Rob Nizet,Gaziantep,DF,0.0,0.0,0.0,DF,False,True,Gaziantep,Sol Bek,Ofansif Bek (Hücum),Ofansif Bek,Hücum,FB,1.4271531872686132,,,46.4475706761235,,7.983716446726374,,,,1.4909678285971135,,,,,,,84.71892194229126,,,,,
İbrahim Alkış,Gaziantep,GK,,,,GK,False,False,Gaziantep,,,,,MID,,,,,,,1.3391253350601549,0.18237705716309918,0.14385737634294102,2.1451284344234756,1.4224088466780282,1.2780514915708925,5.749888992260354,5.676034637747734,,,79.8245828090939,,,,,
Onur Başyiğit,Gaziantep,DF,,,,DF,False,True,Gaziantep,,,,,MID,,,,,,,1.6612481000572963,0.19137822474777744,0.3176638508947942,2.2994815875316044,2.86724092469799,0.7690470230183157,6.541142443501615,4.110797573031718,,,83.49988313505091,,,,,
Kuzey Bulgulu,Gaziantep,NAN,,,,NAN,False,False,Gaziantep,,,,,MID,,,,,,,1.4829267981626453,0.03972704191733839,0.24991142556339974,2.7418448013351124,3.343965567241915,1.9560148181146162,5.793576605819604,6.251405684270149,,,82.21463264818537,,,,,
Muhammet Güneş,Gaziantep,MF,,,,MF,True,True,Gaziantep,,,,,MID,,,,,,,2.3307231437502764,0.15255628736941032,0.2127668249317463,1.4168278015945066,2.734895198261082,0.6699552570911963,4.98577652995151,8.23767501525845,,,79.1253183150842,,,,,
Berke Özçelik,Gaziantep,MF,,,,MF,True,True,Gaziantep,,,,,MID,,,,,,,1.4436233141022434,0.03383852056942138,0.10828045125197372,3.4901015733532033,1.440888128764629,1.105401503542387,5.270663685139368,7.393349318457367,,,83.83356582257909,,,,,
Opponent Total,Gaziantep,NAN,,0.92,,NAN,False,False,Gaziantep,,,,,MID,,,,,,,2.4835318311289565,0.18784377150726142,0.2883266344774531,3.4319415377963143,3.4333713098004126,1.6068274772519093,6.445639619700049,7.839366887168699,,,89.04887580411162,,,,,
Dimitris Goutas,genclerbirligi,DF,0.08,0.0,0.08,DF,False,True,Gençlerbirliği,,,,,MID,,,,,,,2.1879924112647013,0.16423878906678488,0.3342711790197461,2.5558793531367296,2.9078641214911856,1.5568316420411679,4.894033772559703,6.952700200264304,,,78.48070942860834,,,,,
Pedro Pereira,genclerbirligi,DF,0.0,0.0,0.0,DF,False,True,Gençlerbirliği,Sağ Bek,Standart Bek (Destek),Standart Bek,Destek,FB,1.5863090174263514,,,44.272189684751645,,4.285029218688051,,,,,,,,,,,85.74457321024308,,,,,
Göktan Gürpüz,genclerbirligi,"MF,FW",0.0,0.21,0.21,MF,True,True,Gençlerbirliği,On Numara,Oyun Kurucu (Destek),Oyun Kurucu,Destek,AM,,,,,,,0.8378720801504053,0.2391536552708645,0.2874193988925793,1.338764617508692,2.1644971183809867,1.1340929553408983,5.161956621641937,7.153659387107115,,,81.49753096192552,,,,,
Thalisson Kelven,genclerbirligi,DF,0.1,0.0,0.1,DF,False,True,Gençlerbirliği,,,,,MID,,,,,,,2.3542499507522243,0.017239504089105295,0.0005477868170155164,2.636616254564487,3.0223908866081888,1.0197862519290775,2.782383580018003,8.095173909391916,,,80.49049123446844,,,,,
Žan Žužek,genclerbirligi,"DF,MF",0.21,0.0,0.21,DF,False,True,Gençlerbirliği,,,,,MID,,,,,,,0.6443694355594998,0.01426368028781358,0.22274047956419243,0.9949357042437749,1.7797149377284986,1.096418567829306,4.369606100580514,4.498008053155115,,,80.85775984398836,,,,,
Matěj Hanousek,genclerbirligi,DF,0.0,0.0,0.0,DF,False,True,Gençlerbirliği,,,,,MID,,,,,,,2.1166443878315024,0.07054676867330004,0.017897383504735253,0.8827617559556764,2.0355766254826317,0.8964143947379589,5.581985559790494,5.936549781858843,,,88.9012146225525,,,,,
M'Baye Niang,genclerbirligi,FW,0.25,0.25,0.5,FW,True,False,Gençlerbirliği,Santrafor,Pivot Santrafor (Hücum),Pivot Santrafor,Hücum,FWD,,,,,,,3.870724849939508,,,,,,,1.0770689346082245,6.416222325967361,0.6847975738168204,,,,,,
Oğulcan Ülgün,genclerbirligi,MF,0.26,0.0,0.26,MF,True,True,Gençlerbirliği,Ön Libero,Defansif Orta Saha (Destek),Defansif Orta Saha,Destek,DM,,,,,,,1.1993089163008182,0.06542642093397649,0.09016252711680264,1.495743798980277,3.7524575293959708,0.8079994080601998,3.354713491581827,4.327256650917613,,,83.61682865081148,,,,,
Erhan Erentürk,genclerbirligi,GK,0.0,0.0,0.0,GK,False,False,Gençlerbirliği,Kaleci,Kaleci (Savunma),Kaleci,Savunma,GK,,,,,,,,,,,,,,,,,,65.49512863264476,4.684482051282947,69.44429850323898,0.4562646731757538,1.4484587458903693
Franco Tongya,genclerbirligi,"MF,FW",0.32,0.0,0.32,MF,True,True,Gençlerbirliği,On Numara,Serbest Oyuncu (Trequartista),Serbest Oyuncu,Trequartista,AM,,,,,,,2.243746072934646,0.061744699767999955,0.02083364512172009,2.049081983196154,1.8715135170142612,1.224559546338335,3.0112709026226745,8.926008047979881,,,83.59559295527782,,,,,
Tom Dele-Bashiru,genclerbirligi,MF,0.0,0.16,0.16,MF,True,True,Gençlerbirliği,Merkez Orta Saha,İki Yönlü Orta Saha,İki Yönlü Orta Saha,,CM,2.137348971374591,,,,,,2.222919049225646,0.22656364513025917,0.2113284085322857,3.1443357646026273,2.7205868543667195,1.267580855644944,4.473096981730966,8.66435603811968,,,,,,,,
Sekou Koita,genclerbirligi,"MF,FW",0.0,0.0,0.0,MF,True,True,Gençlerbirliği,,,,,MID,,,,,,,2.0924433402470046,0.062386549962376525,0.24030646972241235,2.763356488369032,2.40996480447381,0.902800634101411,3.5691340411220778,3.2365608682110354,,,87.12690770946338,,,,,
Metehan Mimaroğlu,genclerbirligi,"MF,FW",0.2,0.0,0.2,MF,True,True,Gençlerbirliği,Sol Kanat,Çalışkan Kanat Oyuncusu (Destek),Çalışkan Kanat Oyuncusu,Destek,WING,,,,,,8.568210100559213,3.4734145528136473,0.033651064903753136,0.43534422772871967,5.573766382219729,,,,,,,,,,,,
Abdurrahim Dursun,genclerbirligi,"MF,DF",0.0,0.0,0.0,MF,True,True,Gençlerbirliği,Sol Bek,Standart Bek (Savunma),Standart Bek,Savunma,FB,2.070700594827386,,,56.71608049811077,,1.442526947820829,,,,,,,,,,,75.74527753684573,,,,,
Gökhan Akkan,genclerbirligi,GK,0.0,0.0,0.0,GK,False,False,Gençlerbirliği,Kaleci,Kaleci (Savunma),Kaleci,Savunma,GK,,,,,,,,,,,,,,,,,,63.638900372842315,3.7936999364332555,62.39188491876603,0.690808859553496,1.450294566141342
Michał Nalepa,genclerbirligi,"MF,FW",0.0,0.0,0.0,MF,True,True,Gençlerbirliği,,,,,MID,,,,,,,2.059063916244829,0.06798743153215775,0.04007067332306679,2.805307607239949,3.670423412188044,0.9311924973458752,3.2075031399641674,7.233451035094131,,,79.8539064480591,,,,,
Adama Traoré,genclerbirligi,MF,0.0,0.0,0.0,MF,True,True,Gençlerbirliği,,,,,MID,,,,,,,1.0398261921058856,0.18984956560449093,0.1343436090657428,1.9488320030098036,3.1231640508025826,1.4851340952118357,3.0745631851819795,8.551489904493994,,,83.84718424920061,,,,,
Moussa Kyabou,genclerbirligi,MF,0.0,0.0,0.0,MF,True,True,Gençlerbirliği,Ön Libero,Defansif Orta Saha (Savunma),Defansif Orta Saha,Savunma,DM,,,,,,,0.5699304944076296,0.112434960612635,0.1596827781344397,1.7340244798767999,1.1866096784941083,1.9528059975498384,4.124254214340435,4.083452070764001,,,83.15982256945271,,,,,
Dal Varesanovic,genclerbirligi,MF,0.0,0.0,0.0,MF,True,True,Gençlerbirliği,On Numara,Ofansif Orta Saha (Hücum),Ofansif Orta Saha,Hücum,AM,,,,,,,1.246258375406839,0.1941776392387953,0.1291685576163208,1.8018046600584274,1.4419091328369111,1.4054558008390625,6.53919256941767,6.407671383315777,,,85.16292828655988,,,,,
Samed Onur,genclerbirligi,MF,0.0,0.0,0.0,MF,True,True,Gençlerbirliği,Merkez Orta Saha,Standart Orta Saha (Destek),Standart Orta Saha,Destek,CM,,,,,,,0.7644014814716682,0.01634153939109631,0.04235875016981756,3.4666538220873564,1.0235247723157506,0.6154692005974494,4.535298233693592,8.49292978552825,,,89.99469243900526,,,,,
Henry Onyekuru,genclerbirligi,MF,0.0,0.0,0.0,MF,True,True,Gençlerbirliği,Sol Kanat,İçe Kat Eden Oyuncu (Hücum),İçe Kat Eden Oyuncu,Hücum,WING,,,,,,7.731181606388356,1.4393087698084484,0.15724156302376044,0.041762457340009385,2.342252262830084,,,,,,,,,,,,
Ricardo Velho,genclerbirligi,GK,0.0,0.0,0.0,GK,False,False,Gençlerbirliği,Kaleci,Kaleci (Savunma),Kaleci,Savunma,GK,,,,,,,,,,,,,,,,,,60.82458280396084,4.765622705069351,74.26489574445989,0.7164383499538061,1.3036620261121377
Daniel Popa,genclerbirligi,FW,0.0,0.0,0.0,FW,True,False,Gençlerbirliği,,,,,MID,,,,,,,1.8593972866951698,0.12189279841834608,0.14663172656561638,0.9082948168137027,2.8927653706874903,0.6133754207811004,2.939601904076615,3.2036758715147933,,,87.23338672898457,,,,,
Fıratcan Üzüm,genclerbirligi,MF,0.0,0.0,0.0,MF,True,True,Gençlerbirliği,Sağ Bek,Standart Bek (Destek),Standart Bek,Destek,FB,0.8623614449140165,,,63.23439972818964,,4.385809166938072,,,,,,,,,,,86.89178635664321,,,,,
Oghenekaro Etebo,genclerbirligi,MF,0.0,0.0,0.0,MF,True,True,Gençlerbirliği,,,,,MID,,,,,,,1.1268094257293497,0.008403400045820658,0.26291231673294635,3.1409850395306114,2.343020276231255,1.927134831268349,2.3848583469043705,7.1845216034810395,,,82.77438843620912,,,,,
Sinan Osmanoğlu,genclerbirligi,DF,0.0,0.0,0.0,DF,False,True,Gençlerbirliği,Stoper,Çakılı Stoper,Çakılı Stoper,,CB,2.1507993963185355,1.665110379120751,4.20280594732366,59.70424815516305,77.16145929257792,,,,,,,,1.034060934302257,,,,82.53204289809267,,,,,
Kevin Csoboth,genclerbirligi,FW,0.0,0.0,0.0,FW,True,False,Gençlerbirliği,Sol Kanat,Kanat Oyuncusu (Hücum),Kanat Oyuncusu,Hücum,WING,,,,,,8.884970445595641,3.498789146722684,0.04009822548915065,0.1055629712790187,4.088334979084974,,,,,,,,,,,,
Dilhan Demir,genclerbirligi,MF,0.0,0.0,0.0,MF,True,True,Gençlerbirliği,Sağ Kanat,Kanat Oyuncusu (Destek),Kanat Oyuncusu,Destek,WING,,,,,,3.817695872652898,2.6208895953709215,0.006636992253039153,0.37623416879324717,2.5817924258224796,,,,,,,,,,,,
Furkan Ayaz,genclerbirligi,NAN,0.0,0.0,0.0,NAN,False,False,Gençlerbirliği,,,,,MID,,,,,,,2.4487814218058213,0.01566330086383863,0.02485268258663941,2.362423603145462,1.4028245527068266,0.9459361854610004,5.480780725689626,4.784094044235305,,,87.93063662728856,,,,,
Mehmet Akbal,genclerbirligi,MF,,,,MF,True,True,Gençlerbirliği,,,,,MID,,,,,,,1.7460413624251974,0.22660936333610274,0.028063004928666205,1.9842616318118944,3.873802363170311,0.6381004791237131,3.913993822181939,8.546377172259183,,,80.04850035974977,,,,,
Yiğit Aydar,genclerbirligi,DF,,,,DF,False,True,Gençlerbirliği,,,,,MID,,,,,,,2.127209183632158,0.03481134277939879,0.12416995214259446,2.758195683120869,2.5889791718368595,1.3985668807255722,6.109154732926797,8.826349470992206,,,78.36556423570752,,,,,
Ebrar Aydın,genclerbirligi,GK,,,,GK,False,False,Gençlerbirliği,,,,,MID,,,,,,,0.6783018127578817,0.13310517056880428,0.32960399906662374,2.1140061418466978,1.7256798823386674,1.435473167435399,5.2975538432038505,8.665598934680602,,,80.45338046957127,,,,,
Mikail Okyar,genclerbirligi,MF,,,,MF,True,True,Gençlerbirliği,,,,,MID,,,,,,,2.2102304127725074,0.10277390065017664,0.2340004263530199,3.158242742820484,2.5018107134641228,1.4727572301780323,5.9812072527068425,5.845285299944782,,,82.08493867337111,,,,,
Yusuf Temel,genclerbirligi,FW,,,,FW,True,False,Gençlerbirliği,,,,,MID,,,,,,,2.337790100078128,0.08683583156471067,0.23753448483539766,3.2318950328303986,3.0388609982053234,0.901103041786312,3.3597301970922437,8.17225590593588,,,84.12696908951472,,,,,
Opponent Total,genclerbirligi,NAN,,0.92,,NAN,False,False,Gençlerbirliği,,,,,MID,,,,,,,1.4228300295197656,0.22495833642181812,0.12667199679325272,1.9386465025583297,1.2287176539206934,0.5226660263217126,5.46179461230529,8.067296391210423,,,85.3815496864944,,,,,
Héliton,Göztepe,DF,0.0,0.08,0.08,DF,False,True,Göztepe,Stoper,Standart Stoper (Durdurucu),Standart Stoper,Durdurucu,CB,2.9929828102360485,1.514845479529625,11.7011873174234,66.08220546105883,52.73860030358401,,,,,,,,2.405981925982379,,,,76.7887863327938,,,,,
Mateusz Lis,Göztepe,GK,0.0,0.0,0.0,GK,False,False,Göztepe,Kaleci,Kaleci (Savunma),Kaleci,Savunma,GK,,,,,,,,,,,,,,,,,,67.23705789444759,2.2654775061557584,75.21570097233794,0.20417127831871443,0.6354346550816125
Amine Cherni,Göztepe,MF,0.0,0.17,0.17,MF,True,True,Göztepe,Sol Bek,Ofansif Bek (Hücum),Ofansif Bek,Hücum,FB,1.2291428053848352,,,53.919072325348246,,8.790161463999075,,,,1.4927973937929788,,,,,,,81.53536507120222,,,,,
Arda Kurtulan,Göztepe,MF,0.0,0.09,0.09,MF,True,True,Göztepe,,,,,MID,,,,,,,1.6731311692770525,0.005455849193872375,0.20778127692298845,1.5474350525346394,1.824111445143676,1.947523054181708,3.320309923468594,4.914602839459533,,,88.92726860657307,,,,,
Janderson,Göztepe,FW,0.09,0.28,0.37,FW,True,False,Göztepe,Forvet,Yaratıcı Forvet,Yaratıcı Forvet,,FWD,,,,,,,4.477559877466008,,,,,,,,4.802269598593174,0.8795571249805885,,,,,,
Malcom Bokélé,Göztepe,DF,0.1,0.0,0.1,DF,False,True,Göztepe,,,,,MID,,,,,,,2.0061005818962907,0.16594742154389727,0.0035459144097101823,2.3993458872020783,3.4208964726519806,0.8763395685366537,6.695342397251458,7.973492844904064,,,84.11824811460549,,,,,
Rhaldney,Göztepe,MF,0.1,0.1,0.2,MF,True,True,Göztepe,Ön Libero,Defansif Orta Saha (Destek),Defansif Orta Saha,Destek,DM,,,,,,,0.7671611172468664,0.2408486085533876,0.22263361624333974,3.263381033165066,2.378994611207984,1.5140394320788213,5.181871407666872,3.2220458082929557,,,84.01530773550876,,,,,
Juan Santos,Göztepe,FW,0.52,0.0,0.52,FW,True,False,Göztepe,Santrafor,Fırsatçı Golcü,Fırsatçı Golcü,,FWD,,,,,,,5.057845310959577,,,,,,,,4.560768296228343,0.4773158674302018,,,,,,
Anthony Dennis,Göztepe,MF,0.21,0.0,0.21,MF,True,True,Göztepe,Merkez Orta Saha,İki Yönlü Orta Saha,İki Yönlü Orta Saha,,CM,2.1363449249889435,,,,,,1.455388760573229,0.14004204586546048,0.31965043165168283,1.3687879103152998,3.8681414308357995,1.5628108594027847,3.0715763883353,6.577619270892319,,,,,,,,
Junior Olaitan,Göztepe,MF,0.17,0.0,0.17,MF,True,True,Göztepe,On Numara,Ofansif Orta Saha (Hücum),Ofansif Orta Saha,Hücum,AM,,,,,,,1.2371923583218576,0.23420561550827296,0.21440071392068671,2.4820097756214037,2.6397314260968847,1.5599448048180644,3.6225590008767106,4.3800530237262185,,,78.60291611787578,,,,,
Novatus Dismas,Göztepe,"MF,DF",0.0,0.15,0.15,MF,True,True,Göztepe,,,,,MID,,,,,,,0.7073853835407231,0.013064469821505942,0.30579450771322075,2.5052125942498056,2.2984480066284076,1.4150111256192286,3.3475593114613633,3.723401314663673,,,78.41893863187468,,,,,
Efkan Bekiroğlu,Göztepe,MF,0.45,0.22,0.67,MF,True,True,Göztepe,On Numara,Oyun Kurucu (Destek),Oyun Kurucu,Destek,AM,,,,,,,1.1718222868122161,0.10469832976854035,0.2533905694131328,2.779405160521259,1.1316998279290154,0.9693610913204723,2.9546329253582178,3.461719209775255,,,84.61391954299647,,,,,
Allan Godói,Göztepe,DF,0.0,0.21,0.21,DF,False,True,Göztepe,Stoper,Standart Stoper (Durdurucu),Standart Stoper,Durdurucu,CB,2.7992657980944293,1.4667173150947947,10.687840964097646,61.45632226228791,59.579409127712445,,,,,,,,1.168909827045512,,,,85.02019902943226,,,,,
Taha Altıkardeş,Göztepe,DF,0.0,0.0,0.0,DF,False,True,Göztepe,Stoper,Pas Dağıtan Stoper (Sıkı Defans),Pas Dağıtan Stoper,Sıkı Defans,CB,2.799491811915035,0.9455571710057921,8.113089001911241,53.111139876213855,68.5095903822343,,,,,,,,9.880195451712861,,,,87.69049693763857,,,,,
Furkan Bayır,Göztepe,DF,0.0,0.0,0.0,DF,False,True,Göztepe,Stoper,Standart Stoper (Savunma),Standart Stoper,Savunma,CB,3.198446820988356,1.4727324923858203,9.567793648749584,63.64041973289837,78.50185901152415,,,,,,,,1.3564537488042157,,,,84.04790967215486,,,,,
Emersonn,Göztepe,FW,0.72,0.0,0.72,FW,True,False,Göztepe,,,,,MID,,,,,,,0.5431618497095365,0.06503944774051279,0.04219544574129158,1.1552327498436015,1.4972493394604678,0.9066443806460986,5.473204794468639,7.177732655268839,,,83.25814335898013,,,,,
Ibrahim Sabra,Göztepe,FW,,0.0,,FW,True,False,Göztepe,Santrafor,Yaratıcı Forvet,Yaratıcı Forvet,,FWD,,,,,,,3.709945816361072,,,,,,,,1.0974606592567222,0.787321007233317,,,,,,
İsmail Köybaşı,Göztepe,DF,0.0,0.0,0.0,DF,False,True,Göztepe,Sol Bek,Standart Bek (Savunma),Standart Bek,Savunma,FB,2.012694296003739,,,54.2903172367475,,1.5099546493279297,,,,,,,,,,,86.1785490688698,,,,,
Ahmed Ildiz,Göztepe,MF,0.0,0.0,0.0,MF,True,True,Göztepe,,,,,MID,,,,,,,0.4542050045939227,0.18270524124518245,0.3158586575500446,2.732727404641639,2.3366249162256727,1.3965024240540547,3.0935780649896367,5.039249782608397,,,88.07016473976358,,,,,
Ruan,Göztepe,"DF,MF",0.0,0.0,0.0,DF,False,True,Göztepe,,,,,MID,,,,,,,0.6838492072251279,0.24532427262431167,0.023255345524521208,3.254387805797231,1.6275563962237833,1.7991434504175372,4.9765163296374455,7.3486006291725685,,,79.92815501654215,,,,,
Salem Bouajila,Göztepe,FW,0.0,0.0,0.0,FW,True,False,Göztepe,Santrafor,Fırsatçı Golcü,Fırsatçı Golcü,,FWD,,,,,,,3.3402255419569644,,,,,,,,5.372668326703884,0.5415175606591871,,,,,,
Uğur Kaan Yıldız,Göztepe,DF,0.0,0.0,0.0,DF,False,True,Göztepe,Sağ Bek,Standart Bek (Destek),Standart Bek,Destek,FB,2.321851624068239,,,46.9994773415071,,2.589149162241469,,,,,,,,,,,81.26373279976501,,,,,
Ogün Bayrak,Göztepe,MF,,,,MF,True,True,Göztepe,Sağ Bek,Standart Bek (Destek),Standart Bek,Destek,FB,1.6698516515966324,,,59.23732332979842,,4.1891814631182145,,,,,,,,,,,82.277856100429,,,,,
Tibet Durakçay,Göztepe,FW,,,,FW,True,False,Göztepe,Santrafor,Fırsatçı Golcü,Fırsatçı Golcü,,FWD,,,,,,,5.195491206170399,,,,,,,,2.9411824749129494,1.1898689268636367,,,,,,
Ekrem Kılıçarslan,Göztepe,GK,,,,GK,False,False,Göztepe,Kaleci,Kaleci (Savunma),Kaleci,Savunma,GK,,,,,,,,,,,,,,,,,,57.78987721304084,2.5879485872574355,71.22554395138992,0.5064483815465395,1.752953743383857
Nevzat Üzel,Göztepe,GK,,,,GK,False,False,Göztepe,,,,,MID,,,,,,,2.422541734337265,0.06413251561106195,0.1868886153917173,1.2851443939496534,1.1499370859790363,1.9201005933850934,3.3231751346267866,3.392138044793654,,,78.2996599454046,,,,,
Ege Yıldırım,Göztepe,DF,,,,DF,False,True,Göztepe,,,,,MID,,,,,,,1.5540120253795355,0.16354365036851862,0.04974799332771018,1.4413669772944697,3.530948992155471,0.6588587066056364,5.309844723969343,4.891742026983662,,,83.38846521516152,,,,,
Opponent Total,Göztepe,NAN,0.5,0.25,0.75,NAN,False,False,Göztepe,,,,,MID,,,,,,,2.428226538421762,0.04952440818993503,0.0040973137558164225,3.422766753912427,3.9435775874923475,0.7322429188965798,6.074698642702696,6.236947754252023,,,80.8497426810271,,,,,
Andreas Gianniotis,kasimpasa,GK,0.0,0.0,0.0,GK,False,False,Kasımpaşa,Kaleci,Kaleci (Savunma),Kaleci,Savunma,GK,,,,,,,,,,,,,,,,,,60.84289297070436,2.1356818667316144,75.41934359909122,0.45044660188926744,0.9811700974576038
Nicholas Opoku,kasimpasa,DF,0.0,0.0,0.0,DF,False,True,Kasımpaşa,Stoper,Standart Stoper (Durdurucu),Standart Stoper,Durdurucu,CB,2.8152257846006865,1.0954402663417306,7.271623555314159,73.53662021941312,78.51821440812668,,,,,,,,1.3525787403313148,,,,85.44779904621116,,,,,
Andri Fannar Baldursson,kasimpasa,MF,0.0,0.0,0.0,MF,True,True,Kasımpaşa,Ön Libero,Defansif Oyun Kurucu (Destek),Defansif Oyun Kurucu,Destek,DM,,,,,,,1.3082455444932772,0.14133256364290248,0.14771199104467364,1.2886377723156224,3.3794286219902183,1.9171043881746195,5.8901262157232654,7.744338989033781,,,78.59537248006605,,,,,
Attila Szalai,kasimpasa,DF,0.0,0.09,0.09,DF,False,True,Kasımpaşa,Stoper,Pas Dağıtan Stoper (Sıkı Defans),Pas Dağıtan Stoper,Sıkı Defans,CB,2.7939463067330292,0.6057785249531165,6.311441032646913,51.272915414082476,56.89628346963811,,,,,,,,6.955708563957217,,,,82.18256101278973,,,,,
Cláudio Winck,kasimpasa,DF,0.29,0.0,0.29,DF,False,True,Kasımpaşa,Sağ Bek,Ofansif Bek (Hücum),Ofansif Bek,Hücum,FB,1.7045929249510365,,,44.67609371393809,,3.7457833409132686,,,,3.4437241606941464,,,,,,,78.01876503690862,,,,,
Godfried Frimpong,kasimpasa,"DF,MF",0.0,0.11,0.11,DF,False,True,Kasımpaşa,Sol Bek,Standart Bek (Hücum),Standart Bek,Hücum,FB,0.9821924192776194,,,48.09198091010609,,1.5996697093950951,,,,,,,,,,,79.58603785418182,,,,,
Pape Habib Guèye,kasimpasa,FW,0.33,0.0,0.33,FW,True,False,Kasımpaşa,Santrafor,Pivot Santrafor (Hücum),Pivot Santrafor,Hücum,FWD,,,,,,,5.402298112060464,,,,,,,1.8536241570308012,8.035043576041895,0.9430876398764525,,,,,,
Mortadha Ben Ouanes,kasimpasa,"MF,DF",0.11,0.45,0.56,MF,True,True,Kasımpaşa,Sol Kanat,Defansif Kanat Oyuncusu (Destek),Defansif Kanat Oyuncusu,Destek,WING,2.0945744085626528,,,55.28259930165578,,8.788065429585838,3.533997727270673,0.26468747305758267,0.025646924490607792,5.063979177682552,,,,,,,,,,,,
Mamadou Fall,kasimpasa,"MF,FW",0.0,0.0,0.0,MF,True,True,Kasımpaşa,Sağ Kanat,Kanat Oyuncusu (Hücum),Kanat Oyuncusu,Hücum,WING,,,,,,5.018637088540905,2.293905119023044,0.24097977678663512,0.24626769035714463,6.692410791070773,,,,,,,,,,,,
Haris Hajradinović,kasimpasa,MF,0.33,0.0,0.33,MF,True,True,Kasımpaşa,,,,,MID,,,,,,,1.0548138794790451,0.11598312167208405,0.10326424767895467,3.106839752097864,3.561354765114001,1.6048028425021887,5.8042566546539085,4.912515017592419,,,86.69517944217155,,,,,
Cafú,kasimpasa,MF,0.0,0.0,0.0,MF,True,True,Kasımpaşa,Merkez Orta Saha,İki Yönlü Orta Saha,İki Yönlü Orta Saha,,CM,1.3518226415225556,,,,,,1.4628979119645127,0.24300133240788427,0.17010017282916104,2.1291502124096944,1.6014235465852082,1.6117897407775197,6.68934759280765,6.755348258622055,,,,,,,,
Cem Üstündag,kasimpasa,MF,0.0,0.0,0.0,MF,True,True,Kasımpaşa,Merkez Orta Saha,Standart Orta Saha (Destek),Standart Orta Saha,Destek,CM,,,,,,,1.3229745461291114,0.15213181817411664,0.20201996035709277,1.467523900888578,1.725931390951136,1.8244907372446595,2.9386120284612605,8.315866489417122,,,79.33911599948696,,,,,
Ali Yavuz Kol,kasimpasa,MF,0.0,0.0,0.0,MF,True,True,Kasımpaşa,Sol Kanat,Kanat Oyuncusu (Destek),Kanat Oyuncusu,Destek,WING,,,,,,4.432631567196283,2.137121456149105,0.06520764552595448,0.22105351733986,5.308888662358193,,,,,,,,,,,,
Kubilay Kanatsızkuş,kasimpasa,FW,0.23,0.23,0.47,FW,True,False,Kasımpaşa,Santrafor,Çalışkan Forvet (Destek),Çalışkan Forvet,Destek,FWD,1.7954583389486132,,,,,,2.8061135120252514,,,,,,,2.2281076560144775,4.33947057101292,0.4655772037886764,,,,,,
Fousseni Diabaté,kasimpasa,"MF,FW",0.0,0.0,0.0,MF,True,True,Kasımpaşa,Sağ Kanat,İçe Kat Eden Oyuncu (Destek),İçe Kat Eden Oyuncu,Destek,WING,,,,,,2.3524466887854727,3.7451821975516673,0.09352513323722565,0.16720058949437433,2.384015241572108,,,,,,,,,,,,
Jhon Espinoza,kasimpasa,DF,0.0,0.0,0.0,DF,False,True,Kasımpaşa,Sağ Bek,Standart Bek (Destek),Standart Bek,Destek,FB,1.5606010235998728,,,50.63591096541042,,1.917005580930566,,,,,,,,,,,74.76666294350844,,,,,
Adam Arous,kasimpasa,DF,0.0,0.0,0.0,DF,False,True,Kasımpaşa,,,,,MID,,,,,,,0.6218958369496622,0.0873765930217047,0.015308675308131575,3.151024733435781,3.8818809265395995,0.8039489512030147,2.4419247349225937,6.695179129093828,,,85.29983400009326,,,,,
Yusuf Barasi,kasimpasa,MF,0.0,0.0,0.0,MF,True,True,Kasımpaşa,,,,,MID,,,,,,,1.745735260849433,0.028523946221983343,0.04305115329331097,2.002324188507197,1.5907771133602853,1.3813788066641028,5.494744142436928,4.397756848521802,,,81.37259700200266,,,,,
Atakan Müjde,kasimpasa,MF,0.0,,,MF,True,True,Kasımpaşa,Merkez Orta Saha,Savaşçı Orta Saha (Savunma),Savaşçı Orta Saha,Savunma,CM,1.9356102309527292,1.3717243836125501,,,,,0.8536801832701593,0.03781170718373364,0.19552483875764887,2.1900068556101635,,,,8.101053519174634,,,,,,,,
Emre Taşdemir,kasimpasa,DF,0.0,0.0,0.0,DF,False,True,Kasımpaşa,Sol Bek,Standart Bek (Destek),Standart Bek,Destek,FB,1.7054493529735395,,,52.690259467111375,,3.889010273572265,,,,,,,,,,,78.69276138304261,,,,,
Berk Yıldızlı,kasimpasa,FW,0.0,0.0,0.0,FW,True,False,Kasımpaşa,,,,,MID,,,,,,,1.7011347052854422,0.05632923248780877,0.12010857361043037,1.7699300973793675,3.8542894310854967,1.5517093916262104,3.8417360689717563,8.22059324340558,,,80.08195260426027,,,,,
Adnan Aktas,kasimpasa,DF,,,,DF,False,True,Kasımpaşa,,,,,MID,,,,,,,1.7654222940361222,0.0627416653350745,0.25521072064230677,2.4009672988743045,3.9844578818978533,1.520167828170459,4.161731132016737,3.1276164651023226,,,82.55701827503181,,,,,
Ege Albayrak,kasimpasa,GK,,,,GK,False,False,Kasımpaşa,Kaleci,Kaleci (Savunma),Kaleci,Savunma,GK,,,,,,,,,,,,,,,,,,62.327236865873836,2.975990992289793,69.87591192728782,0.3332646862824382,0.7797777655997813
Taylan Aydın,kasimpasa,DF,,,,DF,False,True,Kasımpaşa,,,,,MID,,,,,,,0.7192521915701611,0.21265401446028445,0.22830207700717886,1.2415144559795617,3.1351684172381464,1.1122275363000471,2.155745463966955,8.248210036105196,,,87.61734931467544,,,,,
Ali Emre Yanar,kasimpasa,GK,,,,GK,False,False,Kasımpaşa,Kaleci,Kaleci (Savunma),Kaleci,Savunma,GK,,,,,,,,,,,,,,,,,,64.12139968434072,3.166031869068446,70.45465658763987,0.2719192204002097,0.5611627123321459
Yasin Eratilla,kasimpasa,FW,,,,FW,True,False,Kasımpaşa,,,,,MID,,,,,,,0.5288342169324032,0.14030569707063123,0.2959615270464674,1.855920148959754,3.9434311953754655,0.5230923375369627,3.297882246375246,6.173622804163272,,,82.70512292285487,,,,,
Berkay Muratoğlu,kasimpasa,DF,,,,DF,False,True,Kasımpaşa,,,,,MID,,,,,,,2.039599330743724,0.1308477278435916,0.24237248933422884,3.4174132703052766,2.708619338701311,1.3743890852063947,2.16838201937232,8.634406191077378,,,87.00923579053267,,,,,
Loret Sadiku,kasimpasa,"DF,MF",,,,DF,False,True,Kasımpaşa,,,,,MID,,,,,,,1.3655808899155724,0.028692217967304368,0.15047587708655183,1.4969602682930443,1.7786253495282711,0.8796523087694131,6.3959288630062385,7.792699414641993,,,79.5058355615898,,,,,
Emirhan Yigit,kasimpasa,MF,,,,MF,True,True,Kasımpaşa,,,,,MID,,,,,,,0.5221439705614992,0.21503492333735874,0.23553831783805132,2.573188994261489,2.3109876569968626,1.1753813692143356,3.2169834160926523,8.987604663200024,,,87.27325703598095,,,,,
Oğuzhan Yılmaz,kasimpasa,MF,,,,MF,True,True,Kasımpaşa,,,,,MID,,,,,,,2.489219266056511,0.18070357580212093,0.09638341098939648,1.678013173406676,2.7806828061363578,1.936371522625726,4.786685847865041,5.104270892710261,,,80.84319989887979,,,,,
Opponent Total,kasimpasa,NAN,,,,NAN,False,False,Kasımpaşa,,,,,MID,,,,,,,0.52133917809237,0.016917090475000396,0.10720972457237443,2.888377439353822,1.219244686081045,1.0985529764636521,2.194896603305652,7.603129733586761,,,86.12871755866647,,,,,
Lionel Carole,kayserispor,DF,0.0,0.0,0.0,DF,False,True,Kayserispor,Sol Bek,Standart Bek (Destek),Standart Bek,Destek,FB,1.2121998561790406,,,46.060243310377004,,3.8801461461842974,,,,,,,,,,,85.23994828037216,,,,,
Miguel Filipe Nunes Cardoso,kayserispor,"MF,FW",0.2,0.1,0.3,MF,True,True,Kayserispor,,,,,MID,,,,,,,1.8595739806029616,0.17695877430744217,0.27614480597227764,1.1533588839395446,2.867029793851738,1.75970240999664,5.33423695652829,5.411585481655453,,,84.78937865809196,,,,,
Stefano Denswil,kayserispor,DF,0.1,0.0,0.1,DF,False,True,Kayserispor,Stoper,Standart Stoper (Sıkı Defans),Standart Stoper,Sıkı Defans,CB,2.6366172066709432,1.0229510286909427,5.386354560566766,59.652565945019354,67.20313664369858,,,,,,,,2.9476309063481905,,,,82.98291459227195,,,,,
Ramazan Civelek,kayserispor,"DF,MF",0.0,0.11,0.11,DF,False,True,Kayserispor,Sağ Bek,Standart Bek (Destek),Standart Bek,Destek,FB,1.2577134926139477,,,42.870920618480085,,3.564590531541189,,,,,,,,,,,74.06484832206444,,,,,
Bilal Bayazit,kayserispor,GK,0.0,0.0,0.0,GK,False,False,Kayserispor,,,,,MID,,,,,,,2.4657257430531687,0.13588455433566152,0.15624683074055376,3.418516821712071,3.9435335102868834,0.7828109086238767,3.6151367287704694,5.879253721823453,,,89.14973660654024,,,,,
László Bénes,kayserispor,MF,0.25,0.12,0.37,MF,True,True,Kayserispor,Merkez Orta Saha,Oyun Kurucu (Hücum),Oyun Kurucu,Hücum,CM,,,,,,,0.9022782188534438,0.020431336436694564,0.27943311918142333,2.025231761735826,1.570322949351183,1.5086907470375432,6.489595934788329,6.7650327793102205,,,82.64787021570376,,,,,
Aaron Opoku,kayserispor,"MF,FW",0.0,0.15,0.15,MF,True,True,Kayserispor,Sol Kanat,Kanat Oyuncusu (Hücum),Kanat Oyuncusu,Hücum,WING,,,,,,2.3693568050172185,1.753507802645204,0.009483101457807354,0.1972861576594619,3.7733310249254144,,,,,,,,,,,,
Dorukhan Toköz,kayserispor,MF,0.0,0.0,0.0,MF,True,True,Kayserispor,Ön Libero,Savaşçı Orta Saha (Destek),Savaşçı Orta Saha,Destek,DM,1.9968349554933396,1.0712347973791996,,,,,0.698723674243112,0.11457516038216412,0.2878478307838974,1.4373362510354528,,,,8.373487039525816,,,,,,,,
João Mendes,kayserispor,MF,0.0,0.48,0.48,MF,True,True,Kayserispor,On Numara,Serbest Oyuncu (Trequartista),Serbest Oyuncu,Trequartista,AM,,,,,,,0.6549083727871008,0.12117407178251174,0.3001468181814493,0.9984412177910342,3.37778534886515,1.9655104316584153,6.440590944670179,8.904500815195771,,,78.79398226601329,,,,,
German Onugkha,kayserispor,FW,0.48,0.0,0.48,FW,True,False,Kayserispor,Santrafor,Pivot Santrafor (Hücum),Pivot Santrafor,Hücum,FWD,,,,,,,5.737732155013766,,,,,,,2.3291011190128583,8.093150135530593,0.5722695471515888,,,,,,
Furkan Soyalp,kayserispor,MF,0.2,0.0,0.2,MF,True,True,Kayserispor,Merkez Orta Saha,Standart Orta Saha (Destek),Standart Orta Saha,Destek,CM,,,,,,,1.0368778098919507,0.04144363504081894,0.32082233254442255,1.25834634373636,3.723696381338858,0.6528396513094052,3.626453091808739,7.609640483187109,,,78.22986582661504,,,,,
Abdulsamet Burak,kayserispor,DF,0.0,0.0,0.0,DF,False,True,Kayserispor,Stoper,Standart Stoper (Durdurucu),Standart Stoper,Durdurucu,CB,1.687349535656185,1.590297271026365,5.251496341368688,74.02976409559786,68.95511636509397,,,,,,,,3.2381346377962696,,,,81.7475671552937,,,,,
Carlos Mané,kayserispor,MF,0.0,0.0,0.0,MF,True,True,Kayserispor,Sağ Kanat,Kanat Oyuncusu (Hücum),Kanat Oyuncusu,Hücum,WING,,,,,,6.844078791626583,3.5326369758584293,0.3339788822777615,0.26497029346511647,4.753316897204257,,,,,,,,,,,,
Gideon Jung,kayserispor,"MF,DF",0.0,0.0,0.0,MF,True,True,Kayserispor,Stoper,Çakılı Stoper,Çakılı Stoper,,CB,2.2354316061188673,1.5911247341470989,6.001943185316763,72.63376604890159,63.45336565934959,,,,,,,,2.750106295291479,,,,79.60067339919681,,,,,
Indrit Tuci,kayserispor,FW,0.5,0.0,0.5,FW,True,False,Kayserispor,Santrafor,Yaratıcı Forvet,Yaratıcı Forvet,,FWD,,,,,,,4.756350614992918,,,,,,,,1.8074576026246465,0.2109459318085449,,,,,,
Gökhan Sazdağı,kayserispor,DF,0.0,0.0,0.0,DF,False,True,Kayserispor,,,,,MID,,,,,,,0.6121962031223581,0.23642453675007058,0.15084482717965367,2.203389661101248,3.8311047784606624,0.512479913340788,6.504804478452339,5.506600693004002,,,87.92230273167304,,,,,
Arif Kocaman,kayserispor,DF,0.0,0.0,0.0,DF,False,True,Kayserispor,Stoper,Standart Stoper (Savunma),Standart Stoper,Savunma,CB,2.030404735363451,1.653779550438114,8.393813317648963,54.89477836973241,58.79632315094194,,,,,,,,3.8865176454236257,,,,85.26001331689415,,,,,
Yaw Ackah,kayserispor,MF,0.0,0.0,0.0,MF,True,True,Kayserispor,Ön Libero,Defansif Orta Saha (Savunma),Defansif Orta Saha,Savunma,DM,,,,,,,1.853538817557677,0.21249384287016548,0.11160338641239859,1.709908576364473,3.8804068132163416,1.1503741889489216,6.980788367493894,5.528142013662421,,,84.29682765193718,,,,,
Majid Hosseini,kayserispor,DF,0.0,0.0,0.0,DF,False,True,Kayserispor,Stoper,Pas Dağıtan Stoper (Sıkı Defans),Pas Dağıtan Stoper,Sıkı Defans,CB,1.9997770700847293,1.0045306159652712,6.365627829212317,48.349071976029165,63.662601006836205,,,,,,,,5.9725096617250495,,,,84.14800739988635,,,,,
Onurcan Piri,kayserispor,GK,0.0,0.0,0.0,GK,False,False,Kayserispor,Kaleci,Kaleci (Savunma),Kaleci,Savunma,GK,,,,,,,,,,,,,,,,,,70.70351922786027,2.814047095321688,68.55082036717099,0.40256910284217684,1.3863394147823627
Youssef Aït Bennasser,kayserispor,MF,0.0,0.0,0.0,MF,True,True,Kayserispor,Ön Libero,Defansif Oyun Kurucu (Destek),Defansif Oyun Kurucu,Destek,DM,,,,,,,0.5308127760731317,0.16725558433227708,0.20376956130793983,3.0379850878830457,2.564378916164416,0.6389382245770507,6.127078320619741,7.425493809533349,,,87.3029286220194,,,,,
Nurettin Korkmaz,kayserispor,DF,0.0,0.64,0.64,DF,False,True,Kayserispor,,,,,MID,,,,,,,1.4697864691145583,0.1155738902501518,0.12991034820316966,1.9633963138868762,3.931923723974511,1.622576524514347,6.2243567387761445,4.4326628746098145,,,80.81310720013818,,,,,
Kayra Cihan,kayserispor,DF,0.0,0.0,0.0,DF,False,True,Kayserispor,,,,,MID,,,,,,,2.4930633930912514,0.10294138539612713,0.21037595838008152,1.4715285359866008,3.2719306214033166,1.8718229957728383,3.2450436805454497,3.662844678788368,,,82.1410049461588,,,,,
Burak Kapacak,kayserispor,DF,0.0,0.42,0.42,DF,False,True,Kayserispor,Sağ Bek,Ofansif Bek (Hücum),Ofansif Bek,Hücum,FB,1.4413830772778584,,,55.265501061040816,,7.385204851221865,,,,2.9955916620886005,,,,,,,86.6944694525694,,,,,
Mehmet Eray Özbek,kayserispor,MF,0.0,0.0,0.0,MF,True,True,Kayserispor,,,,,MID,,,,,,,2.1093375659626394,0.16274336678773854,0.2469550519253386,2.4662914638308813,1.4850143087108858,1.1510314590631383,4.8835119942887815,5.127732945844659,,,78.36124646653583,,,,,
Ali Karimi,kayserispor,MF,0.0,0.0,0.0,MF,True,True,Kayserispor,Merkez Orta Saha,Standart Orta Saha (Destek),Standart Orta Saha,Destek,CM,,,,,,,1.6919608202851228,0.13635796735172637,0.2409417564722479,2.7082984855907037,2.43070031940391,0.8880674632331614,2.3362795698368393,4.72343394992449,,,89.53790789488934,,,,,
Talha Sarıarslan,kayserispor,FW,0.0,,,FW,True,False,Kayserispor,Santrafor,Fırsatçı Golcü,Fırsatçı Golcü,,FWD,,,,,,,4.519916315861579,,,,,,,,1.5665133859628857,0.7552828455252949,,,,,,
Yiğit Çeltik,kayserispor,MF,0.0,0.0,0.0,MF,True,True,Kayserispor,,,,,MID,,,,,,,1.0431326036518844,0.015568276470471404,0.13109351045704246,1.2510131513325646,3.154993526116012,1.1516049785099147,2.4745896841083486,4.777848722735941,,,86.01441488040976,,,,,
Deniz Donmezer,kayserispor,GK,,,,GK,False,False,Kayserispor,,,,,MID,,,,,,,1.710181256212441,0.12812566219258292,0.05840107059456348,1.2525718839784576,1.7420209474572501,1.5851717267750014,6.994463060166453,4.40164650629946,,,89.19846105311167,,,,,
Baran Gezek,kayserispor,MF,,,,MF,True,True,Kayserispor,,,,,MID,,,,,,,1.5067870742144684,0.20160090430820987,0.15068526846177263,0.8990128527205661,2.921845550646662,0.5135812423705565,3.633196247129555,3.2525591378181713,,,81.18595688914887,,,,,
Arda Kaya,kayserispor,MF,,,,MF,True,True,Kayserispor,,,,,MID,,,,,,,1.29477510616978,0.11480996939923951,0.04990795042866805,2.7882854406772295,2.999801437139858,1.3841809842270458,5.740919560244231,3.107243608400483,,,85.33756333470794,,,,,
Mustafa Obut,kayserispor,DF,,,,DF,False,True,Kayserispor,,,,,MID,,,,,,,0.6744917911544189,0.012989144388567103,0.3115339623143329,2.592272224578874,1.4880992314256978,1.4199375273310686,6.033325265134082,8.92633433841619,,,86.14199961951165,,,,,
Mehmet Öztürk,kayserispor,GK,,,,GK,False,False,Kayserispor,,,,,MID,,,,,,,2.26186885200498,0.19656954984600827,0.12105711125825008,2.0815033645244974,2.6952559373582687,1.4565323703439033,6.290116355036146,5.566638802415174,,,81.81059640309107,,,,,
Opponent Total,kayserispor,NAN,,,,NAN,False,False,Kayserispor,,,,,MID,,,,,,,1.3445477625247775,0.0503409455339936,0.05406091152816332,3.079260212216832,3.314880732935823,0.8630331199713158,6.9881414870107825,5.30595988295809,,,88.17731082018756,,,,,
Aleksandar Jovanović,kocaelispor,GK,0.0,0.0,0.0,GK,False,False,Kocaelispor,,,,,MID,,,,,,,0.8087072748236066,0.0646552087220097,0.008906715967012806,2.975309412965144,2.4966869936078258,1.57107908506719,3.207482426284339,7.077883696158419,,,89.36593755480297,,,,,
Anfernee Dijksteel,kocaelispor,DF,0.0,0.0,0.0,DF,False,True,Kocaelispor,,,,,MID,,,,,,,1.1722946368423082,0.04117658835807397,0.22603783520026946,2.3804567838712307,1.0363093503283223,0.6370872294976646,2.2017541342984988,4.3095233271903854,,,88.61826141235206,,,,,
Tayfur Bingöl,kocaelispor,"MF,DF",0.48,0.0,0.48,MF,True,True,Kocaelispor,Merkez Orta Saha,Savaşçı Orta Saha (Destek),Savaşçı Orta Saha,Destek,CM,2.88775786310812,1.5685712506110128,,,,,1.2696724803107469,0.08255376621787439,0.22291581110916012,3.144332457385799,,,,4.502430643585591,,,,,,,,
Show,kocaelispor,MF,0.0,0.0,0.0,MF,True,True,Kocaelispor,,,,,MID,,,,,,,2.137829580690436,0.18918787642215876,0.11921145830345208,1.3557712670992743,1.0271154072378765,0.7989055047002012,4.05595758997293,7.718070086493312,,,86.86880371127248,,,,,
Bruno Petković,kocaelispor,FW,0.5,0.0,0.5,FW,True,False,Kocaelispor,Santrafor,Pivot Santrafor (Destek),Pivot Santrafor,Destek,FWD,,,,,,,4.224762770520046,,,,,,,2.851317833285969,5.891436607896705,0.40687327290782727,,,,,,
Botond Balogh,kocaelispor,DF,0.0,0.0,0.0,DF,False,True,Kocaelispor,Stoper,Standart Stoper (Durdurucu),Standart Stoper,Durdurucu,CB,1.9879792867581672,1.7045646078121184,9.716767381600498,51.734032521879136,59.85993636109748,,,,,,,,2.124611738571112,,,,84.5267027845045,,,,,
Joseph Nonge,kocaelispor,MF,0.0,0.0,0.0,MF,True,True,Kocaelispor,,,,,MID,,,,,,,1.9405901991789443,0.12984646487598434,0.02509916109667785,1.1021829723738654,2.0710880319100364,1.816205069981723,2.6504033491447347,3.5364660138735573,,,81.32957615669945,,,,,
Hrvoje Smolčić,kocaelispor,DF,0.0,0.0,0.0,DF,False,True,Kocaelispor,Stoper,Standart Stoper (Sıkı Defans),Standart Stoper,Sıkı Defans,CB,3.4460211095048914,1.2624766387470316,9.281579013741851,52.519450034435664,70.17555368231115,,,,,,,,1.8571362588455822,,,,75.49740537116809,,,,,
Habib Keita,kocaelispor,MF,0.19,0.38,0.57,MF,True,True,Kocaelispor,,,,,MID,,,,,,,2.0155402766468136,0.05122031853767814,0.1433701132133312,1.5283239510958722,3.778582205295346,1.6080847260898494,2.1121294458102757,5.50548465470957,,,81.37939250526757,,,,,
Ahmet Oğuz,kocaelispor,DF,0.0,0.0,0.0,DF,False,True,Kocaelispor,Sağ Bek,Standart Bek (Destek),Standart Bek,Destek,FB,0.8341210362221348,,,47.21576383100639,,3.7757937778684,,,,,,,,,,,78.66898840367602,,,,,
Massadio Haïdara,kocaelispor,DF,0.0,0.0,0.0,DF,False,True,Kocaelispor,Sol Bek,Standart Bek (Savunma),Standart Bek,Savunma,FB,1.347534581491403,,,54.530955535565305,,3.1708977733903847,,,,,,,,,,,79.57436171027321,,,,,
Karol Linetty,kocaelispor,MF,0.0,0.22,0.22,MF,True,True,Kocaelispor,Merkez Orta Saha,İki Yönlü Orta Saha,İki Yönlü Orta Saha,,CM,2.002287228129802,,,,,,0.42316565530015915,0.2194575195380102,0.10892612327218774,0.9541345114411501,1.3277926309288643,1.5695454041519512,7.170722985003379,8.274709845372989,,,,,,,,
Can Keles,kocaelispor,"FW,MF",0.0,0.23,0.23,FW,True,False,Kocaelispor,,,,,MID,,,,,,,1.2739233961774992,0.2198954637378823,0.23699222390725325,2.2341577256027865,1.6860303388108262,0.5206183310170178,3.8021341357074308,8.668392133748462,,,89.56032384535246,,,,,
Oleksandr Syrota,kocaelispor,DF,0.0,0.0,0.0,DF,False,True,Kocaelispor,Stoper,Pas Dağıtan Stoper (Sıkı Defans),Pas Dağıtan Stoper,Sıkı Defans,CB,2.384177347324919,0.9563154164121063,8.25992161595007,56.41410141135833,70.87091126240236,,,,,,,,7.800405125900355,,,,90.76146091887215,,,,,
Aaron Appindangoyé,kocaelispor,DF,0.0,0.0,0.0,DF,False,True,Kocaelispor,,,,,MID,,,,,,,1.4108227184341797,0.21764460626150173,0.21202273730844162,3.328835369196396,2.9030910666150613,0.8725643905547003,5.918691255376182,5.804409067499218,,,78.1234139512283,,,,,
Ryan Mendes,kocaelispor,FW,0.0,0.0,0.0,FW,True,False,Kocaelispor,Sol Kanat,Kanat Oyuncusu (Hücum),Kanat Oyuncusu,Hücum,WING,,,,,,5.205502961038196,2.4520617175282124,0.3898762384194206,0.08068367919419156,4.0160387806662605,,,,,,,,,,,,
Dan Agyei,kocaelispor,MF,0.0,0.0,0.0,MF,True,True,Kocaelispor,Santrafor,Yaratıcı Forvet,Yaratıcı Forvet,,FWD,,,,,,,5.1180668056962535,,,,,,,,6.510385252489348,0.22228179265685954,,,,,,
Muharrem Cinan,kocaelispor,DF,0.0,0.0,0.0,DF,False,True,Kocaelispor,Sol Bek,Standart Bek (Destek),Standart Bek,Destek,FB,1.1594616118941259,,,43.859067881855054,,2.007196235627811,,,,,,,,,,,81.52353844113092,,,,,
Serdar Dursun,kocaelispor,FW,0.31,0.0,0.31,FW,True,False,Kocaelispor,Santrafor,Pivot Santrafor (Hücum),Pivot Santrafor,Hücum,FWD,,,,,,,2.064801589357869,,,,,,,3.549877991509616,4.799259544819773,0.7051002608386008,,,,,,
Rigoberto Rivas,kocaelispor,MF,0.0,0.4,0.4,MF,True,True,Kocaelispor,Sağ Kanat,Çalışkan Kanat Oyuncusu (Hücum),Çalışkan Kanat Oyuncusu,Hücum,WING,,,,,,3.58565138225274,2.542286327653779,0.054183814717876325,0.2859979391417964,6.168220052375862,,,,,,,,,,,,
Darko Churlinov,kocaelispor,"MF,FW",0.0,0.0,0.0,MF,True,True,Kocaelispor,Sol Kanat,Kanat Oyuncusu (Hücum),Kanat Oyuncusu,Hücum,WING,,,,,,6.297792144276628,1.925404844468452,0.09259008550611925,0.40271616464999316,6.073355023549946,,,,,,,,,,,,
Samet Yalçın,kocaelispor,MF,0.0,0.0,0.0,MF,True,True,Kocaelispor,,,,,MID,,,,,,,0.4403037813284191,0.05969905284538482,0.127607804869139,0.906227559804976,1.6662276120799617,0.8216097244897469,4.8309034561253545,6.680468335264246,,,86.59259967890573,,,,,
Oğulcan Çağlayan,kocaelispor,FW,0.0,0.0,0.0,FW,True,False,Kocaelispor,Santrafor,Çalışkan Forvet (Destek),Çalışkan Forvet,Destek,FWD,1.720336515542645,,,,,,5.273521699118141,,,,,,,2.4219337098441427,1.6206046891629002,0.541118685441298,,,,,,
Tarkan Serbest,kocaelispor,MF,0.0,0.0,0.0,MF,True,True,Kocaelispor,Ön Libero,Gizli Libero,Gizli Libero,,DM,,,,,,,0.9456077383645719,0.11280983604524703,0.07626239398924653,1.1296967678270724,1.965009968978646,0.9062094920554589,3.5638899460517703,4.002203676552451,,,86.47495395066315,,,,,
Mateusz Wieteska,kocaelispor,DF,0.0,0.0,0.0,DF,False,True,Kocaelispor,,,,,MID,,,,,,,1.9966086285564835,0.24624741403521877,0.34581258815445715,2.0209373763652754,3.544126268804452,0.8713396554198296,5.271710027463598,8.947011756821858,,,85.47227449139757,,,,,
Mesut Can Tunalı,kocaelispor,MF,0.0,0.0,0.0,MF,True,True,Kocaelispor,,,,,MID,,,,,,,0.6879303820308981,0.1930031190774976,0.1589005674186402,3.3214625473253436,3.1865843268098404,0.5937894436142686,3.1600909015440535,4.390030208300661,,,89.88130615304239,,,,,
Furkan Gedik,kocaelispor,MF,0.0,0.0,0.0,MF,True,True,Kocaelispor,,,,,MID,,,,,,,1.5241512760504428,0.0067918553063899545,0.24089598252308295,1.6536214834372265,1.2861978319396319,1.1884107748952304,2.0719072303604253,8.656390644810754,,,81.7425532291647,,,,,
Cihat Çelik,kocaelispor,MF,0.0,0.0,0.0,MF,True,True,Kocaelispor,,,,,MID,,,,,,,0.8519239312361988,0.016301147815123013,0.04919353865242627,2.1695339834586598,2.286106062959301,1.5991002121792477,5.821766932182137,6.897879893954211,,,82.07966236551897,,,,,
Gökhan Değirmenci,kocaelispor,GK,,,,GK,False,False,Kocaelispor,Kaleci,Kaleci (Savunma),Kaleci,Savunma,GK,,,,,,,,,,,,,,,,,,58.993475643167194,4.486212527455788,60.5083825348819,0.7657458223475115,1.5163465427634235
Ege Bilim,kocaelispor,NAN,,,,NAN,False,False,Kocaelispor,,,,,MID,,,,,,,0.4254536267521759,0.11598284420308319,0.16995639488078923,0.9122467194360587,1.0875092909357935,1.4100975870761547,5.118715424320046,6.6464207692731545,,,78.94727283535866,,,,,
Bünyamin Dalkılıç,kocaelispor,FW,,,,FW,True,False,Kocaelispor,,,,,MID,,,,,,,0.9065230609590371,0.22730505146539004,0.00963785195431292,1.20052664259764,2.442670439809027,1.5093075028971197,5.8115131225048,6.076131066099052,,,83.31357763852485,,,,,
Onur Öztonga,kocaelispor,DF,,,,DF,False,True,Kocaelispor,,,,,MID,,,,,,,2.4493348853111128,0.13467544948817856,0.17690929126865748,3.463901331988887,2.9873020351032045,0.6217237678043588,2.194690083438328,4.384018870306552,,,81.13258231481818,,,,,
Ahmet Sagat,kocaelispor,FW,,,,FW,True,False,Kocaelispor,,,,,MID,,,,,,,2.0832279349542784,0.12445312700857256,0.3374060924911958,3.405820480377323,1.3555078707944546,1.9272360652651808,6.185598139153261,4.05916819203305,,,82.12064042613173,,,,,
Umut Nayir,Konyaspor,FW,0.55,0.09,0.64,FW,True,False,Konyaspor,Santrafor,Pivot Santrafor (Destek),Pivot Santrafor,Destek,FWD,,,,,,,2.160555436341466,,,,,,,1.5887371501184968,7.794377538793052,0.6385161621824176,,,,,,
Guilherme Sityá,Konyaspor,"DF,MF",0.0,0.09,0.09,DF,False,True,Konyaspor,,,,,MID,,,,,,,2.41511095307417,0.026368424989157646,0.13447234954503007,0.813337948522906,1.866654816727497,1.7577377507645373,5.097631000181517,4.322917254421052,,,88.01486148306753,,,,,
Yhoan Andzouana,Konyaspor,"DF,MF",0.09,0.28,0.37,DF,False,True,Konyaspor,Sağ Bek,Standart Bek (Destek),Standart Bek,Destek,FB,1.356745498702455,,,52.02850254637043,,2.3827839740156778,,,,,,,,,,,86.87797862977865,,,,,
Melih Ibrahimoglu,Konyaspor,MF,0.0,0.11,0.11,MF,True,True,Konyaspor,,,,,MID,,,,,,,1.4244934922453614,0.1641950261810735,0.013648604401219054,3.3698918206427457,2.1935098765064707,1.7076354777434941,4.816976753563201,4.118629572865527,,,89.22581416232995,,,,,
Adil Demirbağ,Konyaspor,DF,0.1,0.2,0.3,DF,False,True,Konyaspor,Stoper,Standart Stoper (Savunma),Standart Stoper,Savunma,CB,2.286195449333521,1.2516679241559197,6.239471175567543,50.455545641288744,72.5712358831304,,,,,,,,3.6057973845683806,,,,75.29003671946977,,,,,
Alassane Ndao,Konyaspor,"MF,FW",0.25,0.37,0.62,MF,True,True,Konyaspor,Sağ Kanat,Kanat Oyuncusu (Hücum),Kanat Oyuncusu,Hücum,WING,,,,,,3.770006827750778,2.719126601857047,0.34736380957877366,0.3800804648950795,5.059155100516107,,,,,,,,,,,,
Enis Bardhi,Konyaspor,MF,0.35,0.0,0.35,MF,True,True,Konyaspor,On Numara,Ofansif Orta Saha (Hücum),Ofansif Orta Saha,Hücum,AM,,,,,,,0.6304460172227574,0.20552579015005637,0.010834526821770234,2.525623832101851,3.7585930739681492,1.7344757075626513,5.123070240572658,7.67750684140052,,,80.22879686406223,,,,,
Deniz Ertaş,Konyaspor,GK,0.0,0.12,0.12,GK,False,False,Konyaspor,Kaleci,Kaleci (Savunma),Kaleci,Savunma,GK,,,,,,,,,,,,,,,,,,65.28468876827223,3.0702599800807677,62.15782853986609,0.3939217592124532,0.5248817433917843
Jackson Muleka,Konyaspor,"MF,FW",0.14,0.14,0.28,MF,True,True,Konyaspor,Sol Kanat,Çalışkan Forvet (Destek),Çalışkan Forvet,Destek,WING,,,,,,6.043422280410958,1.975633588828634,0.37058551918247395,0.07694995234688684,3.867289725663526,,,,,,,,,,,,
Riechedly Bazoer,Konyaspor,DF,0.0,0.0,0.0,DF,False,True,Konyaspor,Stoper,Pas Dağıtan Stoper (Savunma),Pas Dağıtan Stoper,Savunma,CB,2.7005783137883705,0.7223464462295565,5.420897197274382,62.158024484511195,73.48561870972927,,,,,,,,5.440873712669158,,,,85.68753968315447,,,,,
Marko Jevtović,Konyaspor,"DF,MF",0.0,0.0,0.0,DF,False,True,Konyaspor,,,,,MID,,,,,,,1.5507149268447553,0.09510500187689058,0.13579536598140432,3.14337939520406,3.9797650462688923,1.899065762199142,6.322166234341821,5.100751555000381,,,82.4701071786416,,,,,
Uğurcan Yazgılı,Konyaspor,DF,0.0,0.0,0.0,DF,False,True,Konyaspor,,,,,MID,,,,,,,1.3541924025759178,0.19390296273133187,0.05600872776211791,2.0277976102114197,1.1347338969868477,1.3163809491705465,4.934682532794535,3.347056059380378,,,89.14356674538473,,,,,
Pedrinho,Konyaspor,MF,0.24,0.0,0.24,MF,True,True,Konyaspor,On Numara,Oyun Kurucu (Destek),Oyun Kurucu,Destek,AM,,,,,,,2.173149873753194,0.2411191634752029,0.008173233714865068,2.1921092771639756,3.283023770486176,0.8004230268014388,4.904751899440896,8.814615780844868,,,78.74170152827067,,,,,
Jo Jinho,Konyaspor,MF,0.0,0.0,0.0,MF,True,True,Konyaspor,,,,,MID,,,,,,,0.6059734196469136,0.05094161478192227,0.26467476488256186,2.1198857666936846,2.11517219920703,1.4251754117788118,6.953395785328829,8.302715309780554,,,79.10832633733654,,,,,
Bahadır Güngördü,Konyaspor,GK,0.0,0.0,0.0,GK,False,False,Konyaspor,Kaleci,Kaleci (Savunma),Kaleci,Savunma,GK,,,,,,,,,,,,,,,,,,66.84829137724086,2.8428035290621425,60.628583713734685,0.5112743730460196,1.2681395874489214
Danijel Aleksić,Konyaspor,MF,0.46,0.0,0.46,MF,True,True,Konyaspor,,,,,MID,,,,,,,1.4253063877457341,0.13083240779868532,0.16048305310866173,2.600533495374482,2.17737455868844,1.6143222405019084,5.78365083534284,8.566513699171278,,,79.95349187047475,,,,,
Morten Bjørlo,Konyaspor,MF,0.0,0.0,0.0,MF,True,True,Konyaspor,Merkez Orta Saha,İki Yönlü Orta Saha,İki Yönlü Orta Saha,,CM,1.455295627220024,,,,,,0.7151021958573669,0.07178448952114388,0.10123567019042908,1.1770583878420449,3.561885900866266,0.7882091811713705,6.702380659767596,8.969446935878612,,,,,,,,
Muhammet Tunahan Taşçı,Konyaspor,MF,0.67,0.67,,MF,True,True,Konyaspor,,,,,MID,,,,,,,1.081819446469126,0.19821360475845984,0.3150291140557682,0.8809286926562305,3.262794920041068,1.6068760900310382,4.211469027255676,4.043371495316924,,,85.1425540095225,,,,,
Josip Čalušić,Konyaspor,DF,0.0,0.0,0.0,DF,False,True,Konyaspor,,,,,MID,,,,,,,1.9484498625143796,0.14439834147028938,0.04064863607018396,1.6314108422962157,3.755279296436226,1.2821735362503202,5.536985000164639,5.377452113415952,,,79.80566725207197,,,,,
Marius Ştefănescu,Konyaspor,"DF,FW",0.0,0.0,0.0,DF,False,True,Konyaspor,,,,,MID,,,,,,,1.39963807167441,0.15864560438757594,0.3345715901343617,2.7026380593889465,3.8527857835076453,0.602688079000367,3.946152358458942,7.549430854224548,,,89.6169165774088,,,,,
Melih Bostan,Konyaspor,FW,0.0,0.0,0.0,FW,True,False,Konyaspor,Santrafor,Fırsatçı Golcü,Fırsatçı Golcü,,FWD,,,,,,,5.428541123534307,,,,,,,,5.373635200630943,0.8254974132040132,,,,,,
Kaan Akyazi,Konyaspor,FW,0.0,0.0,0.0,FW,True,False,Konyaspor,,,,,MID,,,,,,,1.1893653988061157,0.19947853990397352,0.10988835108207348,1.3450043207319606,2.7313677581149625,1.0566694076451917,3.144377312417495,7.176123708322754,,,83.36057432710224,,,,,
Ufuk Akyol,Konyaspor,MF,0.0,0.0,0.0,MF,True,True,Konyaspor,Ön Libero,Defansif Orta Saha (Destek),Defansif Orta Saha,Destek,DM,,,,,,,1.2284001849970743,0.09899261816561372,0.3109412853080384,2.618267569977277,2.0713634779015084,1.881149912695036,4.984259384438797,3.9233754380391304,,,84.01821552420199,,,,,
Mücahit Ibrahimoglu,Konyaspor,MF,0.0,0.0,0.0,MF,True,True,Konyaspor,,,,,MID,,,,,,,1.3648382136525719,0.2287725171017608,0.21103000676781153,3.4187625244896305,3.362647257576338,1.376673364636139,6.640910490569757,7.894998749943706,,,80.95990338966487,,,,,
Karahan Yasir Subaşı,Konyaspor,DF,0.0,0.0,0.0,DF,False,True,Konyaspor,,,,,MID,,,,,,,2.0485347420578197,0.133257216811535,0.2893475759095206,1.0535319326314296,1.753004149786901,1.3074979148835701,6.645697600077313,4.346643431019964,,,83.6515230292168,,,,,
Egemen Aydın,Konyaspor,GK,,,,GK,False,False,Konyaspor,Kaleci,Kaleci (Savunma),Kaleci,Savunma,GK,,,,,,,,,,,,,,,,,,55.92900825439995,3.6280882494747453,72.72820822527561,0.6218113753371068,0.8397436627969069
İsmail Buğa,Konyaspor,MF,,,,MF,True,True,Konyaspor,,,,,MID,,,,,,,2.2733778467744923,0.039488705708837,0.3444046071236625,2.6160257192078413,2.6922220865005535,0.9032802715732903,3.7095263905274516,4.342905688935739,,,85.94296359164414,,,,,
Muzaffer Eriş,Konyaspor,DF,,,,DF,False,True,Konyaspor,,,,,MID,,,,,,,2.4062028416582493,0.1739747795422006,0.10094190323656099,1.9981255921223422,2.0757353845746196,1.0526733798748684,4.638387331108475,6.221846537360482,,,87.01412564344851,,,,,
Opponent Total,Konyaspor,NAN,,,,NAN,False,False,Konyaspor,,,,,MID,,,,,,,2.0524971111361197,0.1983153376095636,0.33639741989265753,3.1439840868192643,2.969893221123628,1.843019133729754,3.0581794928493062,6.557639609050219,,,87.04641699251896,,,,,
Casper Højer Nielsen,Rizespor,DF,0.0,0.0,0.0,DF,False,True,Rizespor,,,,,MID,,,,,,,1.0623544810708268,0.07919041926688167,0.13631866321584712,1.2783044315079422,1.7211967386805207,1.4996945712902536,6.978155547494417,6.480517247026867,,,84.93469335232906,,,,,
Giannis Papanikolaou,Rizespor,MF,0.09,0.0,0.09,MF,True,True,Rizespor,Ön Libero,Savaşçı Orta Saha (Savunma),Savaşçı Orta Saha,Savunma,DM,2.597284333929447,1.9747773382097706,,,,,1.8450828827817385,0.21429481424968824,0.1349291666579228,2.6700900710106446,,,,8.778320548563816,,,,,,,,
Qazim Laçi,Rizespor,MF,0.0,0.19,0.19,MF,True,True,Rizespor,Merkez Orta Saha,İki Yönlü Orta Saha,İki Yönlü Orta Saha,,CM,3.058940983021211,,,,,,1.3189665605163232,0.2265358136914416,0.11913548648907699,3.062911282049898,2.317449449901245,1.0191538237203537,3.7142514365041928,8.264765175782282,,,,,,,,
Muhammet Taha Şahin,Rizespor,DF,0.0,0.0,0.0,DF,False,True,Rizespor,Sağ Bek,Standart Bek (Destek),Standart Bek,Destek,FB,1.003595624092727,,,53.314735813789646,,1.7263908672057027,,,,,,,,,,,78.84884392112346,,,,,
Samet Akaydın,Rizespor,DF,0.0,0.09,0.09,DF,False,True,Rizespor,Stoper,Çakılı Stoper,Çakılı Stoper,,CB,3.2840931103542266,1.5781246968634526,11.638922245305553,52.36107401889821,73.74737131177545,,,,,,,,1.670787515558358,,,,79.14109703565855,,,,,
Attila Mocsi,Rizespor,DF,0.11,0.0,0.11,DF,False,True,Rizespor,Stoper,Standart Stoper (Durdurucu),Standart Stoper,Durdurucu,CB,2.762277251994526,1.4149603238555417,9.903175333566148,67.07516933540893,73.68854428383662,,,,,,,,3.889667618321834,,,,83.91608663860016,,,,,
Ali Sowe,Rizespor,FW,0.12,0.36,0.48,FW,True,False,Rizespor,Santrafor,Pivot Santrafor (Destek),Pivot Santrafor,Destek,FWD,,,,,,,5.967850988954574,,,,,,,1.3766493696954312,4.769955173132587,0.4367456235492929,,,,,,
Yahia Fofana,Rizespor,GK,0.0,0.0,0.0,GK,False,False,Rizespor,Kaleci,Kaleci (Savunma),Kaleci,Savunma,GK,,,,,,,,,,,,,,,,,,67.15089703802877,2.422772674924288,66.28711962152653,0.41817776142757646,1.4677591856141747
Muhamed Buljubasic,Rizespor,MF,0.0,0.0,0.0,MF,True,True,Rizespor,Merkez Orta Saha,Standart Orta Saha (Destek),Standart Orta Saha,Destek,CM,,,,,,,0.9348083062967075,0.06922612184445223,0.1894926625716548,3.3504583925798626,1.5747788372044773,1.6810805401284994,6.905589539339679,4.593600255532237,,,88.85231729992628,,,,,
Jesurun Rak Sakyi,Rizespor,"MF,FW",0.84,0.0,0.84,MF,True,True,Rizespor,,,,,MID,,,,,,,2.1658303167944375,0.24588036817880551,0.05395076511247048,2.644769676382044,3.754717260026311,1.1815181346014827,5.247544648537237,3.777089527696825,,,87.80889416767332,,,,,
Erdem Canpolat,Rizespor,GK,0.0,0.0,0.0,GK,False,False,Rizespor,Kaleci,Kaleci (Savunma),Kaleci,Savunma,GK,,,,,,,,,,,,,,,,,,58.41048247374583,4.406590942262119,70.17141382329406,0.7830692496325764,0.7615496435074871
Mithat Pala,Rizespor,"MF,DF",0.0,0.0,0.0,MF,True,True,Rizespor,Merkez Orta Saha,Standart Orta Saha (Destek),Standart Orta Saha,Destek,CM,,,,,,,0.4806953328208825,0.035177882012189604,0.1937990198753039,2.142371862822754,1.3054110488486108,1.4453708291842369,6.022070298387367,8.332488479213863,,,87.0845773763835,,,,,
Ibrahim Olawoyin,Rizespor,MF,0.22,0.0,0.22,MF,True,True,Rizespor,On Numara,Ofansif Orta Saha (Hücum),Ofansif Orta Saha,Hücum,AM,,,,,,,2.2937001834843893,0.05050391710062249,0.18959668434350138,2.468187548543278,2.517873723204795,0.8725754131148113,5.5755008064185,8.73390898937852,,,78.66726626016553,,,,,
Emrecan Bulut,Rizespor,"MF,FW",0.22,0.44,0.67,MF,True,True,Rizespor,Sol Kanat,Kanat Oyuncusu (Hücum),Kanat Oyuncusu,Hücum,WING,,,,,,4.514461228878832,1.117808242724957,0.16785095312272413,0.07462473487073695,3.2766818688162207,,,,,,,,,,,,
Václav Jurečka,Rizespor,FW,0.23,0.0,0.23,FW,True,False,Rizespor,,,,,MID,,,,,,,1.3691026757119418,0.04605620980950653,0.2666656344117045,3.1460434580925396,1.6625583488890268,1.5581912454252294,4.965791095197341,8.172765703592704,,,78.0825355466358,,,,,
Loide Augusto,Rizespor,"MF,FW",0.0,0.33,0.33,MF,True,True,Rizespor,Sağ Kanat,Kanat Oyuncusu (Destek),Kanat Oyuncusu,Destek,WING,,,,,,7.764865586282733,1.8159958160330683,0.02024898890762965,0.13408718387245666,2.5293715910656465,,,,,,,,,,,,
Halil Dervişoğlu,Rizespor,FW,0.0,0.0,0.0,FW,True,False,Rizespor,Santrafor,Yardımcı Forvet (Hücum),Yardımcı Forvet,Hücum,FWD,,,,,,,3.1762698487071113,,,,,,,,1.7093117337465316,0.7310595798821802,,,,,,
Altin Zeqiri,Rizespor,"MF,FW",0.3,0.0,0.3,MF,True,True,Rizespor,Sol Kanat,Kanat Oyuncusu (Destek),Kanat Oyuncusu,Destek,WING,,,,,,7.744873125367455,1.019137130219772,0.01575673347712776,0.1805373631705186,3.77448841743277,,,,,,,,,,,,
Xusniddin Aliqulov,Rizespor,DF,0.0,0.0,0.0,DF,False,True,Rizespor,,,,,MID,,,,,,,1.738123101297389,0.2234974275019676,0.29177748667815495,2.3406463159248405,1.1167898899770023,1.141402000555006,2.2667399849444885,7.857096448349268,,,80.54936732634567,,,,,
Modibo Sagnan,Rizespor,DF,0.0,0.0,0.0,DF,False,True,Rizespor,Stoper,Standart Stoper (Sıkı Defans),Standart Stoper,Sıkı Defans,CB,3.089622607083297,1.4721635649834737,8.434832420091205,51.77971621150572,52.73618309146071,,,,,,,,1.036463424069449,,,,85.86003742246439,,,,,
Valentin Mihaila,Rizespor,MF,0.6,0.0,0.6,MF,True,True,Rizespor,,,,,MID,,,,,,,1.7846432366321436,0.16357313808124047,0.1541544726093484,0.8820450611814595,1.108056454874279,1.1638182722221184,4.273821712763305,6.93145188383413,,,85.96228312696142,,,,,
Taylan Antalyalı,Rizespor,MF,0.0,0.0,0.0,MF,True,True,Rizespor,Ön Libero,Defansif Oyun Kurucu (Savunma),Defansif Oyun Kurucu,Savunma,DM,,,,,,,2.2797472554837266,0.03802607080556822,0.1058166372730228,3.3135614778688405,1.525665316317482,1.4739834868653225,5.3739315108370524,6.305144223654835,,,82.93436986659054,,,,,
Dal Varesanovic,Rizespor,MF,,0.0,,MF,True,True,Rizespor,,,,,MID,,,,,,,1.7370063325511356,0.11008085459208725,0.09076721406098306,2.6617222277852153,3.6003110635180007,1.90442093220339,5.387658069418423,3.5219205594684606,,,82.82887511159174,,,,,
Seyfettin Anıl Yaşar,Rizespor,DF,,,,DF,False,True,Rizespor,,,,,MID,,,,,,,1.68926052799613,0.1538245062674505,0.06811834284670518,2.626586141598566,1.84743623193108,0.5960095199129314,3.865613092111918,5.4507192784241925,,,88.61504265875536,,,,,
Yakup Ayan,Rizespor,NAN,,,,NAN,False,False,Rizespor,,,,,MID,,,,,,,0.5399692851774489,0.020866021247345823,0.020176653769658708,1.3823229114738365,3.8513775117258873,1.7371148560205114,6.708459933290153,5.236131102073884,,,88.74675417758206,,,,,
Bayram Çapoğlu,Rizespor,MF,,,,MF,True,True,Rizespor,,,,,MID,,,,,,,1.4886568460849285,0.22060409210183468,0.11985679259214967,2.5789907696281746,2.7448668789675805,0.9385746656182896,2.8367851611839052,4.558522702561957,,,88.91010316864303,,,,,
Emir Çoban,Rizespor,DF,,,,DF,False,True,Rizespor,,,,,MID,,,,,,,0.7153549017157875,0.2009008838603838,0.09458669224577414,1.863433895266228,2.3098425693062983,1.1658791817595668,4.501797231077803,7.34052068213151,,,81.76653691818032,,,,,
Efe Doğan,Rizespor,GK,,,,GK,False,False,Rizespor,Kaleci,Kaleci (Savunma),Kaleci,Savunma,GK,,,,,,,,,,,,,,,,,,56.30103185970559,2.2236519310393126,78.15132947852186,0.7774683769652668,1.5364066071536988
Furkan Orak,Rizespor,DF,,,,DF,False,True,Rizespor,Sağ Bek,Standart Bek (Savunma),Standart Bek,Savunma,FB,2.313896377257821,,,41.29558842056067,,4.633802245334513,,,,,,,,,,,78.85734482654719,,,,,
Osman Topçu,Rizespor,GK,,,,GK,False,False,Rizespor,,,,,MID,,,,,,,1.94861091431512,0.12630169339415956,0.33824608505324255,2.5583290380120287,2.740266504008364,0.5328699931625134,5.454419882754114,5.975254410472624,,,86.29266975287115,,,,,
Deniz Yaşar,Rizespor,FW,,,,FW,True,False,Rizespor,Stoper,Standart Stoper (Savunma),Standart Stoper,Savunma,CB,2.505274186210384,1.5753719363797112,8.893765969874817,57.97439075734403,64.83260914107744,,,,,,,,3.9096364801229173,,,,76.65458580213881,,,,,
Opponent Total,Rizespor,NAN,,,,NAN,False,False,Rizespor,,,,,MID,,,,,,,1.4756660337066165,0.2417816538147926,0.19519808918751536,1.087801181831575,2.5500951556788034,0.9515691167514695,5.485679029459046,3.4862772954458876,,,81.25959817529244,,,,,
Rick van Drongelen,Samsunspor,DF,0.18,0.0,0.18,DF,False,True,Samsunspor,,,,,MID,,,,,,,1.8284783363375419,0.10444024481877492,0.12154696366067763,2.5761823224281972,3.2763287612719756,1.2539468639451958,5.2431947838440776,4.3210992116988685,,,80.28731799689339,,,,,
Okan Kocuk,Samsunspor,GK,0.0,0.0,0.0,GK,False,False,Samsunspor,Kaleci,Kaleci (Savunma),Kaleci,Savunma,GK,,,,,,,,,,,,,,,,,,73.97771074506667,4.960660809801552,64.9858445829775,0.3510693774952185,1.0801030194508061
Ľubomír Šatka,Samsunspor,DF,0.0,0.1,0.1,DF,False,True,Samsunspor,Stoper,Standart Stoper (Savunma),Standart Stoper,Savunma,CB,2.653807769252718,1.679005875999323,7.356800499422319,71.12188277423637,51.72676280049933,,,,,,,,1.1294797358517283,,,,81.53543786887349,,,,,
Logi Tómasson,Samsunspor,DF,0.0,0.2,0.2,DF,False,True,Samsunspor,,,,,MID,,,,,,,0.48751309126500697,0.24602757975912445,0.2031636603477936,3.4984170595807997,1.847488197918557,0.5842641160211586,3.376441067259301,7.0995525819575755,,,80.21558948816843,,,,,
Carlo Holse,Samsunspor,MF,0.53,0.11,0.63,MF,True,True,Samsunspor,On Numara,Serbest Oyuncu (Trequartista),Serbest Oyuncu,Trequartista,AM,,,,,,,0.5780632336961868,0.16697999970090677,0.04871884547099342,0.9301725049235013,2.059151174800907,1.2366435940747478,2.7810328434331097,3.456785156941801,,,82.10529145036313,,,,,
Zeki Yavru,Samsunspor,DF,0.0,0.0,0.0,DF,False,True,Samsunspor,Sağ Bek,Standart Bek (Destek),Standart Bek,Destek,FB,1.8091071710418827,,,48.415106954848014,,3.333567179064482,,,,,,,,,,,84.32501747353648,,,,,
Anthony Musaba,Samsunspor,MF,0.23,0.23,0.47,MF,True,True,Samsunspor,Sağ Kanat,Kanat Oyuncusu (Hücum),Kanat Oyuncusu,Hücum,WING,,,,,,5.341452786856809,3.93506436117057,0.22957994642760418,0.2042277907042413,4.065862586038598,,,,,,,,,,,,
Olivier Ntcham,Samsunspor,MF,0.0,0.0,0.0,MF,True,True,Samsunspor,Merkez Orta Saha,İki Yönlü Orta Saha,İki Yönlü Orta Saha,,CM,3.379682459718283,,,,,,1.904279114931633,0.15866781831348536,0.155415312220771,3.438370297397557,3.5409065626211813,1.1022017355838187,6.767139611284845,8.107241484292611,,,,,,,,
Marius Mouandilmadji,Samsunspor,FW,0.25,0.0,0.25,FW,True,False,Samsunspor,Santrafor,Pivot Santrafor (Destek),Pivot Santrafor,Destek,FWD,,,,,,,2.8412742251431746,,,,,,,3.8904398424229827,7.470955049375981,0.9722421789043199,,,,,,
Antoine Makoumbou,Samsunspor,MF,0.0,0.0,0.0,MF,True,True,Samsunspor,Ön Libero,Defansif Oyun Kurucu (Destek),Defansif Oyun Kurucu,Destek,DM,,,,,,,0.5513771055972141,0.04148872382394625,0.21918201249737232,1.8986514939517507,3.682282907599752,1.890665943287641,5.179701634133554,5.970879162083846,,,83.15949143735786,,,,,
Celil Yüksel,Samsunspor,MF,0.0,0.19,0.19,MF,True,True,Samsunspor,Merkez Orta Saha,Standart Orta Saha (Destek),Standart Orta Saha,Destek,CM,,,,,,,0.5496391283070431,0.220481939576161,0.17111424112735799,3.1510343159106,3.8393695394512166,0.6580898271617078,4.996510580697189,5.883519463959888,,,87.97139005266082,,,,,
Emre Kılınç,Samsunspor,"MF,FW",0.0,0.23,0.23,MF,True,True,Samsunspor,Sol Kanat,Çalışkan Kanat Oyuncusu (Destek),Çalışkan Kanat Oyuncusu,Destek,WING,,,,,,4.455733765345109,3.8972416294592422,0.15715804355727162,0.33984860841667264,5.3791146255203675,,,,,,,,,,,,
Tanguy Coulibaly,Samsunspor,MF,0.0,0.0,0.0,MF,True,True,Samsunspor,Sağ Kanat,Kanat Oyuncusu (Hücum),Kanat Oyuncusu,Hücum,WING,,,,,,4.537918575913662,2.1854658924169152,0.011460971031061806,0.028340216082917702,5.290799121487868,,,,,,,,,,,,
Cherif Ndiaye,Samsunspor,FW,,0.0,,FW,True,False,Samsunspor,Santrafor,Pivot Santrafor (Hücum),Pivot Santrafor,Hücum,FWD,,,,,,,5.061453455432163,,,,,,,1.3241336781292214,8.160532768337854,0.24033341888176737,,,,,,
Yunus Emre Çift,Samsunspor,MF,0.0,0.0,0.0,MF,True,True,Samsunspor,Stoper,Standart Stoper (Savunma),Standart Stoper,Savunma,CB,2.485035387637728,1.0717946725366894,5.98184791600926,50.581798393395644,66.48586646971206,,,,,,,,3.6734293410942134,,,,79.18979942294123,,,,,
Landry Dimata,Samsunspor,"MF,FW",0.0,0.0,0.0,MF,True,True,Samsunspor,,,,,MID,,,,,,,0.4254277979932637,0.10687242198015379,0.14062258022901347,2.9124408069573384,3.6776746824594237,1.6466610921132565,2.8967800514462048,6.554446707957106,,,79.43869312167254,,,,,
Joe Mendes,Samsunspor,MF,0.0,0.0,0.0,MF,True,True,Samsunspor,Sağ Bek,Standart Bek (Hücum),Standart Bek,Hücum,FB,1.9544739425456323,,,43.36036692347436,,2.6034056670545596,,,,,,,,,,,80.33105117245731,,,,,
Toni Borevkovic,Samsunspor,DF,0.0,0.0,0.0,DF,False,True,Samsunspor,,,,,MID,,,,,,,2.408652936428908,0.04055835144561984,0.34784693611489437,2.3309439046640033,2.2583439818719406,1.1145065800639888,5.525695727852817,7.948085795550895,,,86.81911016873873,,,,,
Afonso Sousa,Samsunspor,MF,0.0,0.0,0.0,MF,True,True,Samsunspor,On Numara,Ofansif Orta Saha (Hücum),Ofansif Orta Saha,Hücum,AM,,,,,,,1.9487675548639145,0.00315187999393976,0.30811016675212444,2.793812864978582,3.341096509020645,1.482760571786507,4.275859958668282,5.086855247413158,,,84.37745897027166,,,,,
Soner Gönül,Samsunspor,DF,0.0,0.0,0.0,DF,False,True,Samsunspor,Sol Bek,Standart Bek (Savunma),Standart Bek,Savunma,FB,2.1415911056324752,,,41.58437426181919,,2.8480232145765307,,,,,,,,,,,77.14446752115975,,,,,
Soner Aydoğdu,Samsunspor,MF,0.0,0.0,0.0,MF,True,True,Samsunspor,Merkez Orta Saha,Oyun Kurucu (Destek),Oyun Kurucu,Destek,CM,,,,,,,1.1418279578543347,0.13993892090959564,0.21819208535580403,3.1719920155136396,2.4290071999032965,0.8903548969778441,5.338802958015765,7.068096915354381,,,81.45534411211192,,,,,
Arbnor Muja,Samsunspor,"FW,MF",0.0,0.0,0.0,FW,True,False,Samsunspor,,,,,MID,,,,,,,1.0227247207040762,0.13184990553066908,0.19928207641379897,1.891178868457789,2.4926195564383065,0.7392383938120375,6.186835398850754,6.394391783974746,,,83.9138350143939,,,,,
Polat Yaldır,Samsunspor,FW,0.0,0.0,0.0,FW,True,False,Samsunspor,Sağ Kanat,Kanat Oyuncusu (Destek),Kanat Oyuncusu,Destek,WING,,,,,,7.640001679677525,3.185112563018938,0.23330095692502273,0.017336352113033193,2.350540698206285,,,,,,,,,,,,
Ebrima Ceesay,Samsunspor,FW,0.0,0.0,0.0,FW,True,False,Samsunspor,Sol Kanat,Kanat Oyuncusu (Destek),Kanat Oyuncusu,Destek,WING,,,,,,4.297256379583284,2.0374182952312747,0.0045210146356089885,0.1959552814719545,3.976296577155789,,,,,,,,,,,,
Tahsin Bülbül,Samsunspor,MF,0.0,0.0,0.0,MF,True,True,Samsunspor,,,,,MID,,,,,,,1.1343767824662843,0.17983840559228964,0.21723116793860442,1.6829895362207445,1.614040327171852,0.7406939214068397,2.848642142884616,4.602169621016528,,,81.59930483732427,,,,,
Eyüp Aydın,Samsunspor,MF,,,,MF,True,True,Samsunspor,Ön Libero,Defansif Oyun Kurucu (Savunma),Defansif Oyun Kurucu,Savunma,DM,,,,,,,2.026772415480482,0.22256451325445054,0.07045923773785163,2.602502141021679,2.773390909775549,0.6057379184647169,2.0957243399841836,8.271779918130948,,,85.15298346285967,,,,,
Bedirhan Çetin,Samsunspor,DF,,,,DF,False,True,Samsunspor,Stoper,Standart Stoper (Savunma),Standart Stoper,Savunma,CB,1.890485975596089,1.1131412479039384,6.847781429210093,70.36171206472339,63.245915041201314,,,,,,,,2.5831033272588995,,,,85.66905837596063,,,,,
Albert Posiadala,Samsunspor,GK,,,,GK,False,False,Samsunspor,Kaleci,Kaleci (Savunma),Kaleci,Savunma,GK,,,,,,,,,,,,,,,,,,74.31264066149119,4.3167343078899725,68.2076584607126,0.4983491035354313,1.9050949831051018
Efe Töruz,Samsunspor,GK,,,,GK,False,False,Samsunspor,,,,,MID,,,,,,,1.7888782832478705,0.01985164616075738,0.1382982101425115,2.9811840432413987,1.558407693260044,0.7784700573518646,5.895512931978934,7.784556129641569,,,83.20612707426292,,,,,
Efe Üstün,Samsunspor,GK,,,,GK,False,False,Samsunspor,,,,,MID,,,,,,,0.7889106925216827,0.1828741225850906,0.01381083651181476,2.8581698638968627,1.9946940972015814,1.4963290774834523,5.04848712576308,6.950711007950553,,,79.97286634894654,,,,,
Opponent Total,Samsunspor,NAN,0.91,0.73,,NAN,False,False,Samsunspor,,,,,MID,,,,,,,0.7656296042015771,0.046852986024395554,0.1664411131203893,2.9540968519183135,3.5650906048598054,1.822535917765262,5.498197848110609,8.103490374565451,,,79.39899689466836,,,,,
Tim Jabol-Folcarelli,Trabzonspor,MF,0.0,0.26,0.26,MF,True,True,Trabzonspor,Merkez Orta Saha,Standart Orta Saha (Destek),Standart Orta Saha,Destek,CM,,,,,,,0.6066308643981344,0.214544263289291,0.1900586043851821,1.9760749499949193,1.6212274276325656,1.7211885283867427,6.190774874943212,8.203765205758813,,,84.56034818486556,,,,,
Paul Onuachu,Trabzonspor,FW,0.7,0.09,0.79,FW,True,False,Trabzonspor,Santrafor,Pivot Santrafor (Hücum),Pivot Santrafor,Hücum,FWD,,,,,,,3.012105363681013,,,,,,,2.4354732103215673,8.20366897836671,0.9123074566842129,,,,,,
Stefan Savić,Trabzonspor,DF,0.09,0.09,0.19,DF,False,True,Trabzonspor,Stoper,Standart Stoper (Sıkı Defans),Standart Stoper,Sıkı Defans,CB,2.9449042305230106,0.8033801338249559,10.062768883714952,57.046369369335,76.63112548274898,,,,,,,,3.978894388357901,,,,84.26330815449279,,,,,
Arsenii Batahov,Trabzonspor,DF,0.0,0.0,0.0,DF,False,True,Trabzonspor,,,,,MID,,,,,,,1.78663571137281,0.20476587846541403,0.07971240763612335,3.0081523836725585,1.2134748555202983,1.5277014648117262,6.0140546741225025,7.250177860290209,,,88.82895639943324,,,,,
Mustafa Eskihellaç,Trabzonspor,DF,0.0,0.1,0.1,DF,False,True,Trabzonspor,Sol Bek,Standart Bek (Destek),Standart Bek,Destek,FB,1.6473517381793974,,,64.74900580974864,,4.789133358447261,,,,,,,,,,,80.3341532258577,,,,,
Wagner Pina,Trabzonspor,DF,0.0,0.19,0.19,DF,False,True,Trabzonspor,Sağ Bek,Ofansif Bek (Hücum),Ofansif Bek,Hücum,FB,0.9477644897486204,,,48.058846124368074,,8.630042740926227,,,,2.569196274307358,,,,,,,79.99058587785174,,,,,
Oleksandr Zubkov,Trabzonspor,MF,0.11,0.11,0.22,MF,True,True,Trabzonspor,Sağ Kanat,Kanat Oyuncusu (Destek),Kanat Oyuncusu,Destek,WING,,,,,,3.4634156159479224,3.013279471257928,0.3149487832597092,0.34858184606899023,2.9088943360868096,,,,,,,,,,,,
Felipe Augusto,Trabzonspor,"MF,FW",0.6,0.0,0.6,MF,True,True,Trabzonspor,Santrafor,Yaratıcı Forvet,Yaratıcı Forvet,,FWD,,,,,,,5.462249532688814,,,,,,,,2.5268879897095617,0.6615049610489667,,,,,,
Kazeem Olaigbe,Trabzonspor,MF,0.0,0.0,0.0,MF,True,True,Trabzonspor,Sol Kanat,Kanat Oyuncusu (Hücum),Kanat Oyuncusu,Hücum,WING,,,,,,2.592818393127148,3.4162901291379373,0.12257312908134864,0.09671767147824128,2.7840635265840286,,,,,,,,,,,,
André Onana,Trabzonspor,GK,0.0,0.12,0.12,GK,False,False,Trabzonspor,Kaleci,Libero Kaleci (Destek),Libero Kaleci,Destek,GK,,,,,,,,,,,,,,,,,,57.60989098853355,5.509357413523924,81.87971282861523,1.3328012173991934,0.6627784363506775
Okay Yokuşlu,Trabzonspor,"MF,DF",0.15,0.0,0.15,MF,True,True,Trabzonspor,Ön Libero,Ön Libero (Çapa),Ön Libero,Çapa,DM,2.6050019348157782,,,,,,2.0051825906656457,0.1351984387463861,0.3374100965079298,1.1245644495006428,,,4.483477114089733,8.022079970182032,,,,,,,,
Christ Inao Oulaï,Trabzonspor,MF,0.18,0.37,0.55,MF,True,True,Trabzonspor,Ön Libero,Defansif Orta Saha (Savunma),Defansif Orta Saha,Savunma,DM,,,,,,,0.9565974994825085,0.17756069965582788,0.3183091138280347,2.270120564494294,1.207022777838449,0.665647795116654,6.804600734644123,7.184828770015702,,,82.12749223869223,,,,,
Uğurcan Çakır,Trabzonspor,GK,0.0,0.0,0.0,GK,False,False,Trabzonspor,,,,,MID,,,,,,,0.4439844181649169,0.0785875282959371,0.25275013240956706,0.8155483833449283,3.8223535615093236,0.9337811694439248,4.679675394260591,7.080844630561803,,,86.79600128667148,,,,,
Ernest Muçi,Trabzonspor,"MF,FW",0.0,0.0,0.0,MF,True,True,Trabzonspor,On Numara,Serbest Oyuncu (Trequartista),Serbest Oyuncu,Trequartista,AM,,,,,,,0.5725605017004974,0.11779197473320366,0.1866853200678769,1.6763817407307298,2.5207613138855036,0.9647103129837035,4.442478163299526,6.711668269291106,,,85.9039362592772,,,,,
Ozan Tufan,Trabzonspor,"MF,DF",0.0,0.0,0.0,MF,True,True,Trabzonspor,Merkez Orta Saha,İki Yönlü Orta Saha,İki Yönlü Orta Saha,,CM,1.3663278930932587,,,,,,2.432506073174564,0.20540922442761791,0.3044892058766897,1.7894461441527745,3.679270615586245,1.7262120907513068,6.844613910538205,7.516299837345848,,,,,,,,
Arif Boşluk,Trabzonspor,DF,0.0,0.0,0.0,DF,False,True,Trabzonspor,Sol Bek,Standart Bek (Destek),Standart Bek,Destek,FB,1.7130811210915313,,,60.24686114636587,,1.6134056124643208,,,,,,,,,,,75.9719982853172,,,,,
Rayyan Baniya,Trabzonspor,DF,0.0,0.0,0.0,DF,False,True,Trabzonspor,Stoper,Standart Stoper (Savunma),Standart Stoper,Savunma,CB,2.0615447248817116,1.3361081550957914,4.115147909038047,52.95412069054141,60.527450376562356,,,,,,,,1.2213896942061966,,,,84.22161575182251,,,,,
Edin Višća,Trabzonspor,MF,0.0,0.0,0.0,MF,True,True,Trabzonspor,Sağ Kanat,Çalışkan Kanat Oyuncusu (Destek),Çalışkan Kanat Oyuncusu,Destek,WING,,,,,,5.266851846190859,3.840268734076722,0.01610320120369284,0.32075224062812585,6.13651074868623,,,,,,,,,,,,
Anthony Nwakaeme,Trabzonspor,MF,0.0,0.0,0.0,MF,True,True,Trabzonspor,Sol Kanat,İçe Kat Eden Oyuncu (Destek),İçe Kat Eden Oyuncu,Destek,WING,,,,,,5.374924692438893,2.2006368275490162,0.23534088839326134,0.12991406897014973,2.209576083581288,,,,,,,,,,,,
Danylo Sikan,Trabzonspor,FW,0.76,0.0,0.76,FW,True,False,Trabzonspor,Santrafor,Çalışkan Forvet (Destek),Çalışkan Forvet,Destek,FWD,0.9462546669560035,,,,,,2.411370368629907,,,,,,,4.3423507354904505,1.0773848187371526,0.651135653404499,,,,,,
Benjamin Bouchouari,Trabzonspor,MF,0.0,0.0,0.0,MF,True,True,Trabzonspor,Merkez Orta Saha,Defansif Oyun Kurucu (Destek),Defansif Oyun Kurucu,Destek,CM,,,,,,,1.0204340327025827,0.11481629929330348,0.04572832033821202,1.8696662673449898,2.228236215451055,0.8749354195964318,4.00943599945365,3.951630631758442,,,89.17865897171377,,,,,
Batista Mendy,Trabzonspor,"DF,MF",0.0,0.0,0.0,DF,False,True,Trabzonspor,,,,,MID,,,,,,,2.0153686104600808,0.08944956633136045,0.27667842799620973,2.677761458062628,3.4326357430237553,1.2725084895645846,2.7684552142210226,8.28522455519357,,,87.85177220758969,,,,,
Salih Malkoçoglu,Trabzonspor,MF,0.0,0.0,0.0,MF,True,True,Trabzonspor,,,,,MID,,,,,,,1.711793494593954,0.12355311181257497,0.043687284888396904,1.8491068734299336,3.507477783731548,1.303330722319509,4.863036164410112,8.231061166471392,,,84.79926310686555,,,,,
Cihan Çanak,Trabzonspor,MF,0.0,0.0,0.0,MF,True,True,Trabzonspor,Sol Kanat,İçe Kat Eden Oyuncu (Destek),İçe Kat Eden Oyuncu,Destek,WING,,,,,,7.88636097282035,3.349893948868143,0.15907376577322188,0.4430430544067582,4.0959143795106066,,,,,,,,,,,,
Muhammed Cham,Trabzonspor,MF,0.0,0.0,0.0,MF,True,True,Trabzonspor,,,,,MID,,,,,,,1.2020732432710814,0.2070623131093046,0.27797373189229185,2.011472781080833,1.9965730993468138,1.0353289627566653,3.385062621629894,3.175483698207355,,,85.88436597880929,,,,,
Boran Başkan,Trabzonspor,MF,0.0,0.0,0.0,MF,True,True,Trabzonspor,,,,,MID,,,,,,,0.8319432506106658,0.08380201184271818,0.09651864888797493,1.4413691533606843,3.0808541724213856,1.030683738104654,6.6065375610648776,7.954900503388576,,,88.78063759900841,,,,,
Onuralp Çevikkan,Trabzonspor,GK,,,,GK,False,False,Trabzonspor,Kaleci,Kaleci (Savunma),Kaleci,Savunma,GK,,,,,,,,,,,,,,,,,,71.16794696232922,2.5961470446025174,75.11102277086097,0.38052698589006184,0.7062814162189899
Ahmet Doğan Yıldırım,Trabzonspor,GK,,,,GK,False,False,Trabzonspor,,,,,MID,,,,,,,0.6549114781347536,0.04344039828393595,0.3069817033563661,1.8077798373992182,3.3133684475556597,1.742833396859122,4.915954021385488,3.773219204840671,,,82.79422541504321,,,,,
Taha Emre İnce,Trabzonspor,DF,,,,DF,False,True,Trabzonspor,,,,,MID,,,,,,,1.69152723288162,0.1780035050826952,0.3304147328388892,1.413627993610509,2.9639520605978635,1.6839392724795283,4.964200902540551,5.010713125554851,,,81.92153647029333,,,,,
Serdar Saatçı,Trabzonspor,DF,,,,DF,False,True,Trabzonspor,Stoper,Standart Stoper (Durdurucu),Standart Stoper,Durdurucu,CB,1.5486319328629077,0.7395365011764162,4.92858112405533,67.41842913410377,53.512010492828175,,,,,,,,2.6615628532039626,,,,80.15562475774468,,,,,
